1.4084594063255e-11,1.9963267078306e-11,1.49143313932517e-11,1.56733833955536e-11,1.77877000689001e-11,1.84761451799286e-11,1.94322454032854e-11,1.84791228517847e-11,1.68284137887386e-11,1.30736239389871e-11,1.01198341631683e-11,5.63053188059557e-12,5.40115491072361e-12,2.34242779219216e-12,1.59946758452027e-12,-3.48045849405261e-13,-4.78823992528559e-12,-9.59666161318504e-12,-1.32982687914037e-11,-1.64633087141998e-11,-1.89640467437877e-11,-2.14359347017397e-11,-1.98733437043219e-11,-1.90037041427632e-11,-1.97891962424217e-11,-2.17021131731139e-11,-2.40412273438675e-11,-2.63733796280458e-11,-2.67520979325184e-11,-2.8840362920246e-11,-3.01270339856585e-11,-3.38201601213812e-11,-3.74892967357441e-11,-3.66073586256651e-11,-3.49592185386261e-11,-3.09090870892907e-11,-2.71591218233857e-11,-2.43103333610664e-11,-2.18394280886222e-11,-1.7593187666642e-11,-1.37014314197502e-11,-6.84670956452935e-12,-3.53165132106683e-12,5.29201564963233e-13,2.30881817411273e-12,3.42186030288673e-12,3.68676559749997e-12,5.615529969642e-12,7.31059204800486e-12,9.40312603197399e-12,1.53084038636097e-11,1.97458413501757e-11,2.26069075891741e-11,2.52552403096077e-11,2.64353920100908e-11,2.89943670523848e-11,3.13429577204781e-11,3.16193557623718e-11,3.24405397876531e-11,2.97175044818841e-11,3.2575142902448e-11,3.28957286026271e-11,3.31224346013806e-11,2.95437852754318e-11,2.6035638855877e-11,2.30742217411245e-11,1.74956888540153e-11,1.44930798489544e-11,6.5914072306363e-12,-1.69524993712997e-13,-9.11024927068823e-12,-1.46203189177297e-11,-1.84745732333462e-11,-2.09634949452759e-11,-2.17424874163289e-11,-2.23395738956135e-11,-2.30861861508554e-11,-2.09806697719754e-11,-1.80783836030643e-11,-1.5591330876488e-11,-9.09890828012554e-12,-5.28163571355747e-12,7.09586702112078e-13,4.15165352935464e-12,6.70682914023739e-12,6.69929791486164e-12,4.26848952142047e-12,3.86126150128539e-12,1.03055996839557e-12,-2.17630348833884e-12,-4.96520852779702e-12,-9.25121283762947e-12,-1.4895810011265e-11,-2.11805021616911e-11,-2.62114807351956e-11,-3.02405107763294e-11,-2.96714783726156e-11,-2.75739111640383e-11,-2.27131185341307e-11,-1.60930720914878e-11,-1.04372789258709e-11,-5.33301167658078e-12,-1.11417458176061e-12,-1.30558202734401e-12,-2.30591456301341e-12,-2.78084450529065e-12,-4.08350586069469e-12,2.32311314689436e-13,5.8404073434014e-12,1.22800517850923e-11,1.60275148199988e-11,1.85328551615807e-11,1.93471196266457e-11,2.09316416370397e-11,2.29567908101774e-11,2.57645182258389e-11,2.63944615072127e-11,2.58597652906357e-11,2.3795102168574e-11,1.9243859249531e-11
4.6908378087073e-06,4.95247270331012e-06,5.19988706505416e-06,5.43281259570578e-06,5.65183971257642e-06,5.8544615183844e-06,6.04160611015845e-06,6.21144210726933e-06,6.36508119319744e-06,6.50203450797025e-06,6.62002257242014e-06,6.71969918777407e-06,6.80149744309027e-06,6.86464931057835e-06,6.90870696020171e-06,6.93404213957175e-06,6.93975590379124e-06,6.92758322280294e-06,6.89549529420368e-06,6.84408406141564e-06,6.77473788908421e-06,6.68729309909868e-06,6.58067397365319e-06,6.45644496042248e-06,6.31432765789669e-06,6.15531357154059e-06,5.97910722713584e-06,5.78661598981083e-06,5.57786361062084e-06,5.35348774375626e-06,5.11546270992115e-06,4.8633882753219e-06,4.59735007839132e-06,4.31942614346946e-06,4.02919805543793e-06,3.72717588853802e-06,3.4158404345535e-06,3.09477363197333e-06,2.76564616996579e-06,2.42931885927754e-06,2.08552934469415e-06,1.73618028615205e-06,1.38235911369001e-06,1.0245193949847e-06,6.63626675804439e-07,3.00975539726943e-07,-6.22295815675744e-08,-4.25485430404979e-07,-7.8747007064304e-07,-1.14722188342435e-06,-1.50373490805394e-06,-1.85696981848901e-06,-2.20445238325634e-06,-2.54573749125418e-06,-2.8802503106633e-06,-3.20655344377627e-06,-3.52395873600233e-06,-3.83212522665494e-06,-4.12986161207029e-06,-4.41597703962022e-06,-4.69057264987268e-06,-4.95170394941204e-06,-5.19948734257941e-06,-5.43308899648821e-06,-5.65178795064752e-06,-5.85532488467049e-06,-6.04192859568681e-06,-6.21231582445511e-06,-6.36582414552056e-06,-6.50228631620669e-06,-6.62069154825644e-06,-6.72037128641789e-06,-6.80224851037021e-06,-6.86529076934212e-06,-6.90915132431547e-06,-6.93449235022463e-06,-6.94089883979162e-06,-6.92780388514935e-06,-6.89650323961385e-06,-6.8460446643903e-06,-6.77629325986161e-06,-6.688206505279e-06,-6.58181472289718e-06,-6.45755708100882e-06,-6.31539374827529e-06,-6.15589542494219e-06,-5.97975771328888e-06,-5.78655354231947e-06,-5.57828551097152e-06,-5.35427601666922e-06,-5.11549708112011e-06,-4.86332355715336e-06,-4.59738548940958e-06,-4.31822313000929e-06,-4.02888904963412e-06,-3.72702253182607e-06,-3.41541499301908e-06,-3.09439920566129e-06,-2.76591800442909e-06,-2.42850273498684e-06,-2.08509328160371e-06,-1.73550605571829e-06,-1.38052141142595e-06,-1.02282876749443e-06,-6.62611503737092e-07,-3.00251364141997e-07,6.29839626711037e-08,4.26542220986344e-07,7.88685794166268e-07,1.14792249678122e-06,1.50443843896123e-06,1.85761964943257e-06,2.20481721317144e-06,2.54536405598403e-06,2.87977251918177e-06,3.20631324127948e-06,3.52474096568901e-06,3.83268940796273e-06,4.13041253041365e-06,4.41686521601619e-06
1.87789637179194e-05,1.98102521769362e-05,2.07845083302734e-05,2.17013688581282e-05,2.25621069248616e-05,2.33573566416881e-05,2.40909642034392e-05,2.47558947295666e-05,2.5355596049156e-05,2.5889460767537e-05,2.63477748620142e-05,2.67330703441577e-05,2.70468493839107e-05,2.72867478175048e-05,2.74507648498474e-05,2.75404937578713e-05,2.75523861264153e-05,2.74928162415138e-05,2.73544860757287e-05,2.71395674551368e-05,2.68536011071804e-05,2.64956642591848e-05,2.60619081032915e-05,2.55582337236469e-05,2.49842984303016e-05,2.43427840738028e-05,2.36336126548684e-05,2.28600837800049e-05,2.20222235275505e-05,2.11227224145538e-05,2.01692766723913e-05,1.91606650650652e-05,1.80968590725665e-05,1.69863729435245e-05,1.58272967122761e-05,1.46220134108731e-05,1.33803764513046e-05,1.21004482325727e-05,1.0789017786016e-05,9.4492538675021e-06,8.08081634473822e-06,6.69059757448076e-06,5.28322501437745e-06,3.86062656918024e-06,2.42641840428529e-06,9.85880441272543e-07,-4.5665761348509e-07,-1.89840728449234e-06,-3.3346705297584e-06,-4.76156065261322e-06,-6.17506382878309e-06,-7.57519416495074e-06,-8.95152876155014e-06,-1.03026013641757e-05,-1.16265520515635e-05,-1.29172635226832e-05,-1.4172371157178e-05,-1.53898212799901e-05,-1.6565834220563e-05,-1.76949337950704e-05,-1.87781013818353e-05,-1.9807571944334e-05,-2.07830704249565e-05,-2.17020388410079e-05,-2.25620891329871e-05,-2.33607349583173e-05,-2.40924800777733e-05,-2.47592284749224e-05,-2.53587876558057e-05,-2.58905222104146e-05,-2.6350135420771e-05,-2.67356460972403e-05,-2.70494164025415e-05,-2.72892750812383e-05,-2.74526619378801e-05,-2.75420428202762e-05,-2.75567769828711e-05,-2.7493789608009e-05,-2.7358532523748e-05,-2.71475259096236e-05,-2.6860004099574e-05,-2.64994859422556e-05,-2.60663068415959e-05,-2.55628631051337e-05,-2.49882253199479e-05,-2.43452481470948e-05,-2.363612871391e-05,-2.28599854386016e-05,-2.20236135617387e-05,-2.11256601167424e-05,-2.01696582371623e-05,-1.91604543015137e-05,-1.80968647205126e-05,-1.69814789005833e-05,-1.58257819878609e-05,-1.46213891664619e-05,-1.33785662260202e-05,-1.20987626393081e-05,-1.07898922908376e-05,-9.44611680748833e-06,-8.07881946113298e-06,-6.68785713315254e-06,-5.27606800282534e-06,-3.85425454011877e-06,-2.42259615784989e-06,-9.82785977290648e-07,4.59502036259938e-07,1.90242185240921e-06,3.33941668413578e-06,4.76465636925025e-06,6.17780144062395e-06,7.57734613731623e-06,8.95246069246507e-06,1.03010289361666e-05,1.16244970522666e-05,1.29163911148123e-05,1.41751154233031e-05,1.53920056221253e-05,1.65678103388511e-05,1.76985632166659e-05
4.22993972170222e-05,4.45630489319927e-05,4.6697746113958e-05,4.8704863044177e-05,5.0585294730676e-05,5.23186961900822e-05,5.39144049400053e-05,5.53564536993578e-05,5.66516269509177e-05,5.78008278049602e-05,5.87812905704519e-05,5.95985123926635e-05,6.02559206399284e-05,6.07487932065305e-05,6.10740835675318e-05,6.12321791307613e-05,6.12186365916879e-05,6.10449622334214e-05,6.06976413858162e-05,6.01808186161737e-05,5.95060416271655e-05,5.86700410847808e-05,5.7668036597312e-05,5.65107397755126e-05,5.51985499813649e-05,5.37363206849188e-05,5.21249995996925e-05,5.03718415278441e-05,4.84766112307224e-05,4.6446441380904e-05,4.42974355236185e-05,4.20267131612947e-05,3.9634915857363e-05,3.71410183030138e-05,3.45408769510683e-05,3.18404563817172e-05,2.90602674052468e-05,2.6198042110309e-05,2.32660942351726e-05,2.02733587381169e-05,1.72191389139504e-05,1.41197521095292e-05,1.09824230759693e-05,7.81401084036282e-06,4.62276186110213e-06,1.41843701923432e-06,-1.78843984571502e-06,-4.9903219066993e-06,-8.17843088711084e-06,-1.13435000562117e-05,-1.44772608115371e-05,-1.75784818420771e-05,-2.06246569923789e-05,-2.36130101537391e-05,-2.6539642447817e-05,-2.93897689382067e-05,-3.21591677961783e-05,-3.48431198247115e-05,-3.74332121431857e-05,-3.99173965001616e-05,-4.22975665190837e-05,-4.4557684309329e-05,-4.6694888842145e-05,-4.8706096627693e-05,-5.05856031629155e-05,-5.23258232382439e-05,-5.39174754811536e-05,-5.53638604606331e-05,-5.66595820301665e-05,-5.78040675728525e-05,-5.87863464529502e-05,-5.9604733039572e-05,-6.02613648302071e-05,-6.07546203728348e-05,-6.10780936016577e-05,-6.12359968061956e-05,-6.12285850268721e-05,-6.10482867732529e-05,-6.07070992033324e-05,-6.01986390427427e-05,-5.9520361029057e-05,-5.86792610702238e-05,-5.76776099072622e-05,-5.652134654181e-05,-5.52075340473009e-05,-5.3742264910696e-05,-5.21304781136799e-05,-5.0371464128087e-05,-4.84792623931775e-05,-4.64520880672831e-05,-4.42979027042824e-05,-4.20258195879141e-05,-3.96343229938276e-05,-3.7130424781055e-05,-3.45375512820752e-05,-3.18384602642622e-05,-2.90564251840104e-05,-2.61932995121843e-05,-2.32672574249255e-05,-2.02662797482543e-05,-1.72143696551231e-05,-1.41129162464899e-05,-1.09665004787509e-05,-7.80046420281414e-06,-4.61398738662542e-06,-1.4111649229327e-06,1.794201636755e-06,4.99880613854485e-06,8.1883741962063e-06,1.13504837110495e-05,1.44829128454023e-05,1.75826672615345e-05,2.06266617182908e-05,2.36106796254869e-05,2.65350497846702e-05,2.93879592016353e-05,3.21649413887295e-05,3.48476589813507e-05,3.74371320066402e-05,3.99258349739048e-05
7.52713273956178e-05,7.91554120787338e-05,8.28111267967981e-05,8.62428229912283e-05,8.94483048022836e-05,9.23941551540208e-05,9.5096700447131e-05,9.75289079755274e-05,9.97018650144295e-05,0.000101616700339687,0.000103236798166186,0.000104569140722012,0.000105621351061552,0.000106385794727158,0.000106857111281608,0.000107033259316701,0.000106912419926185,0.000106508332965663,0.000105804893936724,0.000104806411387457,0.000103531236934843,0.0001019725214789,0.000100129226802455,9.80158114472884e-05,9.56327459026534e-05,9.29908469659127e-05,9.00895274512562e-05,8.69437763319143e-05,8.35528205771344e-05,7.9929409532437e-05,7.61018600024979e-05,7.20640629490541e-05,6.78196593321861e-05,6.33988784476277e-05,5.8799403823772e-05,5.40285640556526e-05,4.91205118044969e-05,4.40762116350649e-05,3.89139222920541e-05,3.36471431497723e-05,2.82809305366518e-05,2.28417532592812e-05,1.73382667429375e-05,1.17864823971895e-05,6.20095056682169e-06,5.96897567424358e-07,-5.00598144356986e-06,-1.05954963298102e-05,-1.61561551508831e-05,-2.16693708734482e-05,-2.71250561032846e-05,-3.25163748646852e-05,-3.78077309276428e-05,-4.29954176577299e-05,-4.80681604124345e-05,-5.30044602253084e-05,-5.77936176055305e-05,-6.24294314604533e-05,-6.68970035624752e-05,-7.11758203469743e-05,-7.52684450818552e-05,-7.91471415365082e-05,-8.28061901555081e-05,-8.62449873649237e-05,-8.94492048351706e-05,-9.2406580159596e-05,-9.51029260011007e-05,-9.75420535353626e-05,-9.97165497352813e-05,-0.00010162408539919,-0.000103245783261483,-0.000104581771960884,-0.000105631764885527,-0.000106396217496442,-0.000106863367015775,-0.000107041600063291,-0.000106929434846584,-0.000106516010735091,-0.000105821527032315,-0.000104835473336457,-0.000103556301510537,-0.000101990781734409,-0.000100146805674038,-9.80348972970102e-05,-9.56504336737221e-05,-9.30011758546436e-05,-9.0099398155901e-05,-8.69439893831332e-05,-8.35569515258467e-05,-7.99389160253009e-05,-7.61028391802222e-05,-7.20627972791565e-05,-6.78169414658865e-05,-6.3381955694785e-05,-5.87933222549666e-05,-5.40237004491648e-05,-4.91139782624821e-05,-4.40673194222308e-05,-3.89135164698025e-05,-3.36361743212816e-05,-2.82718174439779e-05,-2.28272516128032e-05,-1.73108015038652e-05,-1.17628711531203e-05,-6.18548000546358e-06,-5.84449110193439e-07,5.01617855669071e-06,1.06095976563564e-05,1.61715925392515e-05,2.16810557436814e-05,2.71347154540991e-05,3.25239236894353e-05,3.78128351695301e-05,4.29928538563619e-05,4.80605337821427e-05,5.29995928431439e-05,5.78019347465759e-05,6.24365278487979e-05,6.69038669103732e-05,7.1189632060948e-05
0.000117640593734094,0.000123435273442107,0.00012887804584622,0.000133972473615118,0.000138710769375884,0.000143051542810012,0.000147011509132315,0.000150555686371775,0.000153698577377815,0.00015644308459786,0.000158735967847332,0.000160585427910862,0.000162004624362668,0.000162982016537849,0.000163511420023602,0.000163587391311325,0.000163212623734023,0.000162399539110295,0.000161135827366594,0.000159424104676342,0.000157286038387003,0.000154716471320446,0.0001517218046493,0.00014831406270435,0.00014449731640959,0.000140288454527547,0.000135689753207644,0.000130724606880831,0.000125388756935506,0.000119706966734374,0.000113715856018987,0.000107412894110636,0.000100802176123561,9.39251966366703e-05,8.67874452236396e-05,7.93977243950826e-05,7.18032440154414e-05,6.40123339726765e-05,5.60494727128524e-05,4.79323267611266e-05,3.96781211903599e-05,3.13190524440542e-05,2.28711254277143e-05,1.43611904415096e-05,5.80888934322732e-06,-2.76157330846585e-06,-1.13202906470124e-05,-1.98472941813812e-05,-2.83210728844361e-05,-3.67111083272989e-05,-4.50066332960195e-05,-5.31897293753702e-05,-6.12126195015801e-05,-6.90690679829285e-05,-7.67375180713634e-05,-8.41929872365857e-05,-9.1412021038535e-05,-9.83869841976837e-05,-0.00010509969067626,-0.000111515500780562,-0.00011763654953095,-0.000123423880653982,-0.000128870527312518,-0.000133974515078951,-0.000138712826800152,-0.000143070556395076,-0.000147021906064102,-0.000150575510491075,-0.00015372383780634,-0.000156455904029411,-0.000158750475859001,-0.000160606061695992,-0.000162021425506731,-0.000162998977996884,-0.000163521316854848,-0.000163601995917977,-0.000163238327732329,-0.000162413137769376,-0.000161161440470386,-0.00015946550387629,-0.000157324156121364,-0.00015474679835704,-0.000151746757130529,-0.000148342741919039,-0.000144524047955612,-0.000140305409569187,-0.000135706662626233,-0.000130726682684784,-0.000125395173887121,-0.000119719448064889,-0.000113718890612141,-0.000107410867089931,-0.000100795450415552,-9.39028253038271e-05,-8.67785498464455e-05,-7.93882281680859e-05,-7.17929644211126e-05,-6.39981640852467e-05,-5.60436334598996e-05,-4.79166482596318e-05,-3.9661374606406e-05,-3.1295656549829e-05,-2.28320262918133e-05,-1.4325774940457e-05,-5.78608128758743e-06,2.77939347162593e-06,1.13360003262073e-05,1.98676721291978e-05,2.83434058523435e-05,3.67283954600649e-05,4.50210736932542e-05,5.32011793570187e-05,6.12220185083777e-05,6.90668884437151e-05,7.67285543239633e-05,8.4183748092651e-05,9.14221811944901e-05,9.83986951049992e-05,0.00010511011563631,0.000111533802018452
0.000169220764292829,0.000177098142899337,0.00018447802721648,0.000191359214946688,0.000197722025209345,0.000203528541248024,0.000208787502583936,0.000213458365446932,0.000217560952009187,0.000221094146621388,0.000223994098088732,0.000226270558710609,0.000227936415674354,0.000228979810238552,0.000229397172489715,0.000229174344969193,0.0002283258063465,0.000226859580446456,0.000224765143384061,0.000222048968863443,0.000218733820006338,0.000214818321072303,0.000210319480913931,0.000205242345690908,0.000199602002980477,0.000193413646577225,0.000186693884512787,0.000179468729494439,0.000171734907617916,0.00016352969962259,0.000154896452945438,0.000145841934796726,0.000136369832179243,0.000126532942474962,0.000116350014238613,0.000105829641738373,9.50327569688596e-05,8.39791809679745e-05,7.26987533999972e-05,6.12146812957684e-05,4.95604198130708e-05,3.77718386161955e-05,2.58760339775539e-05,1.3910860145399e-05,1.90486601790865e-06,-1.01110280135457e-05,-2.20927669394174e-05,-3.40127056251037e-05,-4.58409522882852e-05,-5.75345302789828e-05,-6.9082716015673e-05,-8.04500722630924e-05,-9.15820255366656e-05,-0.000102464003877038,-0.000113063132560871,-0.000123352829124452,-0.000133296351642231,-0.000142884022312658,-0.00015209061989068,-0.000160868206170856,-0.000169215505033419,-0.000177085500908647,-0.000184469933255631,-0.000191358264806647,-0.000197729706124918,-0.00020355516349644,-0.000208802856297742,-0.000213485885019071,-0.000217599121052648,-0.000221113425733285,-0.000224015163613722,-0.000226297641224673,-0.000227960738027644,-0.000229005115256533,-0.00022941142286048,-0.000229199032223967,-0.000228362815191921,-0.000226879433636164,-0.000224800831620447,-0.000222103380798542,-0.000218785768312954,-0.00021486173976753,-0.000210350295111164,-0.000205280944085937,-0.000199635774709465,-0.000193438726598843,-0.000186718630449313,-0.000179474874644158,-0.000171742295605215,-0.000163544706023941,-0.000154901657985558,-0.000145837239541233,-0.000136355484813422,-0.000126506024863085,-0.00011633651712701,-0.000105812938168439,-9.50166975161268e-05,-8.39577397620039e-05,-7.26844573102969e-05,-6.1191216253514e-05,-4.95325804134052e-05,-3.77384714368161e-05,-2.5825439076402e-05,-1.38642712245457e-05,-1.87336281903429e-06,1.01356917646786e-05,2.21173418061901e-05,3.40395092451111e-05,4.58711777092474e-05,5.75591184477074e-05,6.91021093933923e-05,8.04673524286757e-05,9.15956640647919e-05,0.000102460912034285,0.000113054289249583,0.000123342290692159,0.000133309738414043,0.000142901456052355,0.000152103473835866,0.000160887370105253
0.00022962505343091,0.000239630012533864,0.000248965048526238,0.000257628481142927,0.000265585842321541,0.000272802738183099,0.000279283487569508,0.000284979501254048,0.000289918683038635,0.000294088251121519,0.000297423316547226,0.000299934796050588,0.000301629995443691,0.000302503765275143,0.00030254943466656,0.000301751661108688,0.000300129687538895,0.00029769748314804,0.000294437628438239,0.000290368886970724,0.000285513954989023,0.000279871356976982,0.000273473491605594,0.00026632028176862,0.000258439218063081,0.000249848445734528,0.000240569629270415,0.000230637361007,0.000220056756545138,0.000208873540569195,0.000197137138755316,0.000184866620075893,0.000172068102894424,0.000158803164219754,0.000145115740382887,0.000131000922808909,0.000116542858487795,0.000101770017178933,8.67270069493813e-05,7.14338794202963e-05,5.5944829467858e-05,4.03081350461315e-05,2.45502580325574e-05,8.72856694203817e-06,-7.11596431195163e-06,-2.29521049962441e-05,-3.87153605362256e-05,-5.43705721600932e-05,-6.98799102854245e-05,-8.51846095877003e-05,-0.000100275033080576,-0.000115096052664571,-0.000129584117960558,-0.000143720956223731,-0.00015745484993392,-0.000170761700705735,-0.000183594271070813,-0.000195932109662001,-0.000207749361224037,-0.000218979544829338,-0.000229620024063321,-0.000239618537692079,-0.000248957770977021,-0.000257625570511545,-0.000265602049774259,-0.000272837699275928,-0.000279304797099224,-0.000285016944736385,-0.000289967838192102,-0.000294116606251244,-0.000297453491279574,-0.000299969875050529,-0.000301664946414395,-0.000302537931008511,-0.000302567922368451,-0.000301787761706897,-0.000300178682724315,-0.000297724382999118,-0.00029448480476562,-0.000290436580298703,-0.000285575578204127,-0.000279926323643933,-0.000273511294958272,-0.000266369167469397,-0.000258481947090712,-0.000249880462843061,-0.000240599312223422,-0.000230650423530385,-0.000220065096635477,-0.00020888787838891,-0.000197142680724055,-0.000184856495381161,-0.000172042910864592,-0.000158776103771047,-0.000145091877097089,-0.000130977899020952,-0.000116519290245508,-0.000101742056437351,-8.67023596209573e-05,-7.14038611672727e-05,-5.59062202325785e-05,-4.02585205263376e-05,-2.44865234614916e-05,-8.66990428096115e-06,7.15939792544344e-06,2.29862828384181e-05,3.87507188304135e-05,5.44061274253878e-05,6.99151311848443e-05,8.52127760264273e-05,0.00010029785438286,0.000115116287545473,0.000129602723939479,0.00014371650286426,0.000157447785363607,0.000170751701992823,0.000183609282237226,0.000195956848053622,0.000207765787475417,0.000218997920349739
0.000298220104746268,0.000310259498560175,0.00032143282193604,0.000331741538771906,0.000341135138110229,0.000349580163465992,0.000357083184726096,0.000363584769801665,0.000369119446802945,0.000373664030913597,0.000377154892378129,0.000379611103236754,0.000381024590916643,0.000381401214401779,0.000380732237621259,0.000379004675704655,0.000376240842777645,0.000372463462295017,0.000367646171667872,0.000361826709256943,0.000355022605624227,0.000347238965018355,0.000338517506722021,0.000328859524154369,0.000318308433306869,0.000306879661778782,0.000294604941622096,0.000281526815397184,0.000267666525229191,0.000253072366704609,0.000237804370042485,0.000221884338021237,0.000205343891997759,0.000188233817450925,0.000170634641478029,0.000152529475341541,0.000134020390366062,0.000115154682812972,9.59797403339183e-05,7.65287744701427e-05,5.68668030101362e-05,3.70588195282167e-05,1.71322130554036e-05,-2.83647837702735e-06,-2.27901489115222e-05,-4.26980296032416e-05,-6.24814934659153e-05,-8.20860063988974e-05,-0.00010147517572294,-0.000120569092886765,-0.000139354044535736,-0.000157760994719328,-0.000175713831919129,-0.000193190756552384,-0.000210126370905393,-0.000226493366490178,-0.000242234887294383,-0.000257319787506823,-0.000271719182976775,-0.000285356371007184,-0.000298215643578998,-0.00031025154412156,-0.000321427964759784,-0.000331738022682758,-0.000341158211690215,-0.000349621926958267,-0.000357112159586288,-0.000363634739087342,-0.00036917929952631,-0.000373704213264075,-0.000377197560710309,-0.000379654558907377,-0.000381070400054387,-0.000381446173579203,-0.000380759557537382,-0.000379053201008163,-0.000376301659170712,-0.000372499203112792,-0.00036770830072044,-0.000361908349022237,-0.000355094438922441,-0.000347304666994544,-0.00033856678109954,-0.000328917619239697,-0.00031835909603333,-0.000306920642526679,-0.000294637753894293,-0.000281546195103665,-0.000267674579570173,-0.000253082933566763,-0.000237805120951602,-0.000221864776902872,-0.000205306200045504,-0.000188204556264776,-0.000170594296243239,-0.00015249785183284,-0.000133989097892821,-0.000115116756871836,-9.59445419918648e-05,-7.64898138646185e-05,-5.68144450843601e-05,-3.69913853464898e-05,-1.70549132850405e-05,2.90810152131057e-06,2.28494488883169e-05,4.27429212726955e-05,6.25300871149323e-05,8.21320378646084e-05,0.000101511667814474,0.0001205964708358,0.000139377357980003,0.00015777782031289,0.000175732655739492,0.000193186367227679,0.00021012056140659,0.00022648627012147,0.000242251509342096,0.000257349246290084,0.000271738630278087,0.000285369795401702
0.000374095395052625,0.000387939755631519,0.000400703727434535,0.000412389385460716,0.000422932549816409,0.000432305124206314,0.000440506410848908,0.000447484487050841,0.000453267007310123,0.000457821929623512,0.000461093953437074,0.00046310940216804,0.000463845501081928,0.000463316681485873,0.000461516327386176,0.000458441127491194,0.000454105325092282,0.000448552465878216,0.000441741935547813,0.000433732016391056,0.00042453769459415,0.000414176101076507,0.00040269045874296,0.000390095593550082,0.000376440695083018,0.000361741761187749,0.0003460490880942,0.000329412047846513,0.000311866022649964,0.000293464528031045,0.000274278527540366,0.000254333400501051,0.000233685359840988,0.00021238744223174,0.00019053300620248,0.00016812146822004,0.00014526072503379,0.000122014489559708,9.8439942254516e-05,7.45790178064337e-05,5.05170557018355e-05,2.63243655069311e-05,2.0419015697785e-06,-2.2243580710055e-05,-4.64531912180361e-05,-7.05574132144304e-05,-9.44624924298525e-05,-0.000118102107945487,-0.000141423835864586,-0.000164347410869631,-0.000186838695051896,-0.000208820881917045,-0.000230201010968638,-0.000250960197734459,-0.000271018524467348,-0.000290343224554701,-0.000308873866910659,-0.000326558469639952,-0.000343368943490238,-0.00035922459159126,-0.000374097173936648,-0.000387939831114952,-0.000400704217967495,-0.000412392108830329,-0.000422964098087119,-0.00043235450092032,-0.00044054850888221,-0.000447551544696176,-0.000453336793032735,-0.000457877645034512,-0.000461149118698383,-0.000463161186296961,-0.000463901860059676,-0.000463374210815981,-0.000461559475997518,-0.00045850223952487,-0.000454180071235369,-0.000448599129553227,-0.000441813723757868,-0.000433826950079173,-0.000424622105922041,-0.000414254861983685,-0.000402750152709116,-0.000390159704553946,-0.000376498319963868,-0.000361793137082956,-0.000346090271547386,-0.000329440092128153,-0.00031187306657776,-0.000293472571971386,-0.000274274910522756,-0.000254304185577648,-0.000233641511141502,-0.000212351167006218,-0.00019047967542676,-0.000168082800170314,-0.000145220049576606,-0.000121967150908784,-9.83936350477041e-05,-7.45321598058506e-05,-5.04489833331772e-05,-2.62402210336471e-05,-1.95356754996162e-06,2.23251668233347e-05,4.65308611747918e-05,7.06122051332676e-05,9.45241590427619e-05,0.000118156253121597,0.000141462936374837,0.00016437413499499,0.000186857794643475,0.000208830314455395,0.000230217420457241,0.00025095590444694,0.000271012459625721,0.000290343402894138,0.000308890219076904,0.000326590679025644,0.000343386654128785,0.000359230897341201
0.00045606889160685,0.000471360862370625,0.000485346823975825,0.000498017323965023,0.000509311560908291,0.000519201259719885,0.000527675106534448,0.000534700362216153,0.000540288632374464,0.000544398854942126,0.000547002687188315,0.000548109520510228,0.000547702606126499,0.000545797505538214,0.000542395419371387,0.000537502617055241,0.000531128885219524,0.000523324586666493,0.000514065973410352,0.000503396770527236,0.000491361459478993,0.000477977266162185,0.000463287090965072,0.000447326388720117,0.000430149933981019,0.000411776129144678,0.000392275692877076,0.000371706046434491,0.000350105933776911,0.000327558030659276,0.000304122241055547,0.000279845044744244,0.000254799111587919,0.000229039834430508,0.000202674832661385,0.00017573355196073,0.000148316318831665,0.000120500426450323,9.23603890172893e-05,6.39555681182879e-05,3.53797116266125e-05,6.70808362137516e-06,-2.1993722894022e-05,-5.06377024394374e-05,-7.91234636646045e-05,-0.00010741676840196,-0.000135411650385441,-0.000163029431078785,-0.000190202199844086,-0.000216850231973808,-0.000242921168510064,-0.000268320612887219,-0.000292956544633289,-0.000316798542801072,-0.000339758949321785,-0.000361800421201552,-0.000382857100130079,-0.000402859906321261,-0.000421777441841608,-0.000439528846183328,-0.000456077110503087,-0.000471367062503903,-0.000485349851974479,-0.000498033923006136,-0.000509358411836418,-0.000519262716884006,-0.000527735826293182,-0.000534786629669031,-0.000540369877425377,-0.000544473865776432,-0.000547069739042724,-0.00054816966969264,-0.000547771653179891,-0.000545869157712636,-0.000542451230070571,-0.000537571360741286,-0.000531211259739424,-0.000523385982022381,-0.000514141600051304,-0.000503502454060471,-0.00049145764129905,-0.000478067333904905,-0.000463357803686712,-0.000447396378093161,-0.000430214128539176,-0.000411835646458503,-0.000392323098267172,-0.000371736202972259,-0.000350118123118009,-0.000327561516929214,-0.000304114184601981,-0.000279807526930758,-0.000254747608830016,-0.00022899717127836,-0.000202615055043135,-0.000175685467712345,-0.000148264372205665,-0.000120444171297516,-9.23069800308349e-05,-6.38969181300335e-05,-3.52965781151593e-05,-6.61210077256018e-06,2.20918246065245e-05,5.07316624782243e-05,7.92161697636841e-05,0.000107484331806062,0.000135482547409015,0.000163089269956966,0.000190243682370323,0.000216874266050643,0.000242931013225747,0.000268321542323224,0.000292968381228729,0.000316793043056662,0.00033975205994902,0.000361803300059623,0.000382870535288044,0.000402891661280148,0.000421790098156957,0.000439529828621401
0.000542719057740776,0.000558996387361492,0.000573733201911812,0.00058690068459917,0.00059845068785174,0.000608358479404254,0.000616597052794405,0.000623158773175641,0.000628034394056495,0.000631178827507,0.000632597736094156,0.000632277524405134,0.000630218073315183,0.000626421383544009,0.000620918820368624,0.000613706825356721,0.000604803351890026,0.000594262372936928,0.000582081221358681,0.00056829441441093,0.000552973403010746,0.000536131066713242,0.000517819300500217,0.000498088604648766,0.000477009289754504,0.000454593200284282,0.000430940909597249,0.000406114700387109,0.000380164455336901,0.000353186469635914,0.00032524417815425,0.000296404660565416,0.00026674939374182,0.000236346095796917,0.000205311387991291,0.000173711049499999,0.00014163139454007,0.000109166673854958,7.64099823357537e-05,4.34372004266422e-05,1.03490551675668e-05,-2.2774421553426e-05,-5.58380911547299e-05,-8.87513081268411e-05,-0.000121406356820706,-0.000153750447226022,-0.000185672707312412,-0.00021708021653424,-0.000247892687955631,-0.000278027066064278,-0.000307415092835201,-0.00033594564448844,-0.000363531860249298,-0.000390130438577721,-0.000415647333353439,-0.000440032522156027,-0.000463229707090757,-0.000485150854961791,-0.000505751996478974,-0.000524964987067296,-0.000542735934125276,-0.000559008514291098,-0.000573738648184954,-0.000586933472812711,-0.000598512466756598,-0.000608430395958505,-0.000616679482848802,-0.000623265180567556,-0.000628131573795108,-0.000631278364264806,-0.000632678311748123,-0.000632350118248941,-0.000630298512496062,-0.00062650688722605,-0.000620981234626498,-0.000613778489561276,-0.000604890526594894,-0.000594341282209092,-0.000582167104707838,-0.000568410781693602,-0.000553079033873474,-0.000536230847844037,-0.000517899645209744,-0.00049816807908942,-0.000477075821261676,-0.000454662270704955,-0.000430993408051566,-0.00040614590829337,-0.000380175340415867,-0.00035318189848626,-0.000325224511928206,-0.000296356071996539,-0.00026668678614026,-0.000236295710541382,-0.00020525120315787,-0.00017365324485461,-0.000141568004849092,-0.000109103588889021,-7.63469808401497e-05,-4.33637514117982e-05,-1.0252589051799e-05,2.28731074880071e-05,5.59407112992613e-05,8.88554380477058e-05,0.000121510262138945,0.00015383404964351,0.000185755656136784,0.000217148476715251,0.000247936593695214,0.000278048845138958,0.000307418800629633,0.000335936968663898,0.0003635368689535,0.000390119887873696,0.000415638507507827,0.000440041896197758,0.000463241384696209,0.000485174543004063,0.000505760749965117,0.000524959808938024
0.000632471201025506,0.000649185312378411,0.000664121967524183,0.000677234336795415,0.000688476161296815,0.000697837581367455,0.000705286991338221,0.000710817024063211,0.000714418608129469,0.000716040433277003,0.000715716799983846,0.000713420455570561,0.000709177206939505,0.000702966230087073,0.00069483913758904,0.000684803384807051,0.000672881795668328,0.000659128008284238,0.000643567118477979,0.000626228228685611,0.000607200495808752,0.000586498862428695,0.000564186682716612,0.000540326083010817,0.00051500569085271,0.000488246898137732,0.000460160365472909,0.000430813626659616,0.000400291000586587,0.000368671733596746,0.000336042590677082,0.000302495850668897,0.00026810839826103,0.000232972365367117,0.000197212337155784,0.000160919835737153,0.00012417174457077,8.70844421655936e-05,4.97679302967188e-05,1.23150561029099e-05,-2.51714633030481e-05,-6.26026480109479e-05,-9.98529195904967e-05,-0.000136836543756697,-0.00017343458989262,-0.000209576114497317,-0.000245146375881677,-0.000280039717748227,-0.000314160908870429,-0.000347422412385762,-0.000379753112187004,-0.000411017457930532,-0.000441139264604393,-0.000470055067261864,-0.00049767549594786,-0.0005239378402945,-0.00054878082293928,-0.000572121777999472,-0.000593891847794667,-0.000614039042862389,-0.00063249878058234,-0.000649209561458345,-0.000664137049895773,-0.000677282819975759,-0.000688552838836812,-0.000697929455752553,-0.00070538886160196,-0.00071093761034347,-0.000714527458748338,-0.000716162134749806,-0.00071581378914506,-0.000713510387919768,-0.000709263062109298,-0.000703051861172204,-0.000694912575861168,-0.00068487805037326,-0.000672973204189261,-0.000659228637501264,-0.00064366835462674,-0.00062634952534332,-0.000607309918095961,-0.000586601082504412,-0.000564274041151685,-0.000540417338874707,-0.000515076758657567,-0.000488320397585621,-0.000460211889499324,-0.00043084580252754,-0.000400292617047904,-0.000368651678685366,-0.000336010311804322,-0.000302438696411065,-0.00026803864187447,-0.000232912001964287,-0.000197148665802308,-0.000160844958844443,-0.000124098414665898,-8.70149559866622e-05,-4.96891954247371e-05,-1.22228467704395e-05,2.52767499008422e-05,6.27071955047873e-05,9.9960556734884e-05,0.000136948414356445,0.00017355110134032,0.00020967428696624,0.000245236358726821,0.000280113589786567,0.000314210910353741,0.000347445989131373,0.000379752912874768,0.000411002956771984,0.000441134113510761,0.000470042468349927,0.000497669257093836,0.000523950626436734,0.000548791810754818,0.000572136523827186,0.000593897109503812,0.000614024770803662
0.000723707657179733,0.000740263282398404,0.000754797866697736,0.000767266214561344,0.000777607709950617,0.000785824359558104,0.000791897898705856,0.000795812030119702,0.000797566075072849,0.000797106618675087,0.000794478218414326,0.000789658534391857,0.00078269673606511,0.000773560305492037,0.000762303422383549,0.000748958882129792,0.000733564591141025,0.000716154378792785,0.000696794109232515,0.000675507851090242,0.000652392548826993,0.000627480339054667,0.000600844018628421,0.00057255761778578,0.000542718885468943,0.000511385211332513,0.000478649579080217,0.000444599147923216,0.000409345219049586,0.000372960247706362,0.00033555136105503,0.000297233854428795,0.000258083408145925,0.000218217725096465,0.000177769192885077,0.000136840228232025,9.55172516351162e-05,5.39356041694949e-05,1.22093850621648e-05,-2.9540355488663e-05,-7.12071105620385e-05,-0.000112695822457524,-0.000153870089079158,-0.000194625340287746,-0.000234846087067446,-0.000274437815612008,-0.000313280258806625,-0.000351261707684689,-0.000388261015085543,-0.000424210231793957,-0.000459015200345612,-0.000492535154196511,-0.000524690824560466,-0.00055540903342815,-0.000584604148245452,-0.000612201680705122,-0.000638132645369218,-0.000662320561359476,-0.000684687777881449,-0.00070518512617326,-0.000723744659170599,-0.000740305992777125,-0.000754834946462018,-0.000767331580154655,-0.000777696971022273,-0.00078594414146773,-0.000792021163243292,-0.000795948054268245,-0.000797686310093652,-0.000797242134688723,-0.000794591852954551,-0.000789769157632615,-0.000782785077542393,-0.000773645038591934,-0.000762394766575438,-0.000749042414745585,-0.000733657721303077,-0.000716273152191011,-0.00069690680988128,-0.000675626203836275,-0.00065250290147388,-0.000627587218701741,-0.000600943872392935,-0.000572658306741245,-0.000542795264795201,-0.000511451022954612,-0.000478693744652,-0.000444626133287858,-0.000409336868479268,-0.000372925320854244,-0.000335504659729283,-0.000297169961818304,-0.000258009222407215,-0.000218144254125289,-0.000177691425262836,-0.000136751746923061,-9.54332036657607e-05,-5.38533290182088e-05,-1.2115663686974e-05,2.96448436338528e-05,7.13225813402691e-05,0.000112820542710203,0.000153989042700999,0.000194751967816109,0.000234973641070993,0.000274543797459622,0.000313369597984955,0.000351329751614576,0.00038831734052205,0.000424238474875172,0.000459013908477678,0.000492516118527066,0.000524675060135016,0.000555389368618047,0.000584597739425499,0.000612212069751239,0.000638140223848674,0.000662322173621415,0.000684681562990964,0.000705158612417448
0.000814895830077736,0.000830692105925558,0.00084422619905729,0.000855450298901082,0.000864305117204989,0.000870792980872421,0.000874912010878483,0.000876644393336077,0.00087599230092488,0.000872911666893148,0.000867444840774926,0.000859597647223281,0.000849413298836,0.000836874095508869,0.00082203727095067,0.0008049453499683,0.000785667300176439,0.000764215290233109,0.000740686441550235,0.000715114465517599,0.000687593015176849,0.000658185718864879,0.00062696859776483,0.000594032081293326,0.000559476213073242,0.000523392981161391,0.00048586886990888,0.000447014139431582,0.000406946132500364,0.000365752730800577,0.000323555186367637,0.000280472469118928,0.000236614274818291,0.000192102544088572,0.000147074282454379,0.000101650832710293,5.59319138395934e-05,1.00584841559519e-05,-3.58430252624033e-05,-8.16316833183587e-05,-0.000127190869023571,-0.000172424697267828,-0.000217180423597446,-0.000261338736487167,-0.000304787100164513,-0.000347408899149014,-0.000389085033912646,-0.000429694344585826,-0.000469095929896733,-0.00050723785602999,-0.000543988783403685,-0.00057923168104541,-0.000612887377632374,-0.00064485144837827,-0.000675052590301606,-0.00070340610706265,-0.000729837282933295,-0.000754278927780845,-0.000776643465844244,-0.000796893230243786,-0.000814947480557459,-0.000830764631120746,-0.000844291079740129,-0.000855536343553043,-0.000864407483513402,-0.000870934154939369,-0.000875060039395806,-0.000876792655982267,-0.0008761273460893,-0.000873051609329568,-0.000867573382673252,-0.000859725883837188,-0.000849510150802971,-0.000836964782247288,-0.000822138760061823,-0.000805042420448002,-0.00078575682400439,-0.0007643428112623,-0.000740796033725687,-0.000715226052049737,-0.000687703583236418,-0.000658291337399914,-0.000627076702350263,-0.000594133209825127,-0.000559547190943812,-0.000523446070533133,-0.00048590526162172,-0.000447030524433588,-0.000406920058377068,-0.000365700083754137,-0.000323486076731779,-0.000280401787645186,-0.000236530294656328,-0.00019200865608493,-0.000146978440319731,-0.000101551312047924,-5.58323779406479e-05,-9.95702461659743e-06,3.59554520981339e-05,8.17522940497478e-05,0.000127318000863331,0.000172564166495574,0.000217308606780708,0.00026146787647263,0.000304920824914458,0.00034752200059046,0.000389176929227368,0.000429755786497174,0.000469146603216216,0.00050725976802135,0.00054398870819222,0.000579217987369712,0.000612858917257232,0.000644825424108205,0.000675041714211711,0.000703409590785534,0.000729839749472831,0.000754262819725485,0.000776624267374751,0.000796851455368988
0.000904758730702785,0.000919229060497332,0.000931201151105453,0.000940610392932516,0.000947444167378147,0.000951667885342668,0.000953297278142845,0.000952335567463173,0.000948767834489829,0.000942581031020412,0.00093381756002702,0.000922499582103132,0.00090865434977776,0.000892298787759656,0.000873493725516559,0.000852292098877601,0.000828780348805097,0.000802978938329751,0.000774982291996802,0.000744855283930651,0.000712689669051152,0.000678573175551177,0.000642598101301374,0.000604859669579702,0.000565462476602955,0.00052452898305069,0.000482151499944099,0.000438450845932886,0.000393562964054592,0.00034758981418953,0.00030065555051584,0.000252889491495227,0.000204441549378796,0.000155427408491902,0.000105987937747648,5.62728590845457e-05,6.38438025221788e-06,-4.35250274281188e-05,-9.33125579337846e-05,-0.000142839806319842,-0.000191961908059297,-0.000240584071828512,-0.000288534691074548,-0.000335699958827574,-0.000381947822425206,-0.000427159153959629,-0.000471208497210847,-0.000513957874343941,-0.000555277472447418,-0.000595091704724963,-0.000633263863234066,-0.000669694861335137,-0.000704308777803226,-0.000736969299448427,-0.000767609105873292,-0.00079615583369792,-0.00082251755462187,-0.000846642509897196,-0.000868426068379341,-0.000887851277244424,-0.000904826620439375,-0.000919327051787129,-0.000931293336597592,-0.000940723938660531,-0.000947558100063278,-0.000951822862985702,-0.000953473800832215,-0.000952501200503006,-0.000948925535997106,-0.000942731255323547,-0.000933955397081662,-0.000922627440639073,-0.000908760084985817,-0.000892396068716275,-0.000873598840632086,-0.000852396918563107,-0.000828865095889653,-0.000803102183881036,-0.000775088076846963,-0.000744957971681115,-0.000712793123935493,-0.000678673874555139,-0.000642700096309935,-0.000604942905396919,-0.000565521234390856,-0.000524571676228261,-0.000482171357560038,-0.00043845261174697,-0.000393520559994534,-0.000347515599568491,-0.000300566979952812,-0.000252801196028865,-0.000204336114432098,-0.000155313565811995,-0.000105874489758696,-5.6157449206738e-05,-6.26759808713928e-06,4.36455457944671e-05,9.34447800950413e-05,0.00014296833463577,0.000192095627354871,0.000240717053327627,0.000288669044631193,0.00033582448297785,0.000382079068016939,0.000427271086579417,0.0004712920176397,0.000514005525678634,0.000555310880502783,0.000595100512584276,0.0006332649006947,0.00066968987296439,0.000704268041643328,0.000736934828689243,0.000767589802450792,0.000796140978065054,0.000822503197838473,0.00084660123268551,0.000868387013571942,0.000887789196989784
0.00099240390389885,0.00100506617357738,0.0010149840075848,0.00102210476596417,0.00102645324345067,0.00102797153861036,0.00102667885139818,0.00102259254827223,0.00101569113544397,0.00100600356261389,0.000993569889495055,0.000978415562225095,0.000960572161546279,0.000940081883497382,0.000917013548797566,0.000891424382026426,0.00086342336411327,0.000833032608704629,0.000800371170193011,0.00076550653669042,0.000728538734752795,0.00068957824913022,0.000648741230812966,0.000606108105051904,0.00056182159519609,0.00051600692258491,0.000468775033170789,0.00042025013303258,0.000370600928613666,0.000319921841302768,0.000268352993815049,0.000216035756225058,0.000163148937695926,0.00010980334337224,5.61604293474723e-05,2.3827329468608e-06,-5.14198116488063e-05,-0.000105091785615634,-0.000158472965009661,-0.00021141931735287,-0.000263777996318339,-0.000315427394255164,-0.000366197907443897,-0.000415973408237376,-0.000464618508471784,-0.000511997769474247,-0.000557978154011891,-0.000602410033298476,-0.000645196741355146,-0.000686206723760241,-0.000725320717751213,-0.000762462795257556,-0.000797523397511423,-0.000830387704657578,-0.000860970575197625,-0.000889201336406762,-0.000914994672693458,-0.000938291436568257,-0.000958992152902376,-0.000977092731222748,-0.000992493322671473,-0.00100518128031766,-0.00101511251918777,-0.00102225447300459,-0.00102659313345322,-0.00102814015013265,-0.00102687306668209,-0.00102277815556188,-0.00101586910590368,-0.00100617108224857,-0.000993712403985983,-0.000978547096029199,-0.000960679780319082,-0.000940185362759099,-0.000917119484828237,-0.000891534734182247,-0.000863506477574952,-0.000833145757679328,-0.000800474035530532,-0.000765596132917274,-0.000728632969976369,-0.0006896683864873,-0.000648824845478086,-0.000606173597313332,-0.000561872268742799,-0.000516038349344792,-0.000468779332345774,-0.000420238032179858,-0.000370539873904216,-0.000319829515710733,-0.000268243702406018,-0.000215929629136596,-0.000163023991702379,-0.000109682634548945,-5.60350191864481e-05,-2.24864558311832e-06,5.15600801790203e-05,0.000105229491280077,0.000158622943493566,0.000211550242217921,0.000263909846661558,0.000315549607214186,0.000366330290381186,0.000416093325757745,0.000464740267926141,0.000512095958823066,0.000558043482354625,0.000602447417063499,0.000645208789399325,0.000686203246409777,0.000725320911381779,0.000762448541967515,0.000797484554918075,0.000830346190438703,0.000860940584358536,0.000889161706552404,0.000914949575392941,0.000938221568523407,0.000958924002959236,0.000977005430981131
0.00107744248795372,0.00108793661839297,0.00109544743847695,0.00109994269182181,0.00110145897565089,0.00109995784764105,0.00109543595649647,0.00108792205044025,0.00107740379420757,0.00106394319105699,0.00104757512331542,0.00102834099069028,0.00100628426343184,0.000981446000196692,0.000953926781965084,0.000923788599175086,0.000891144397003773,0.000856025336218317,0.000818584035510358,0.000778886285290355,0.000737050235521859,0.000693195696023649,0.000647446700745949,0.000599915591145322,0.000550740720113818,0.000500071000577619,0.000448029257799248,0.000394756223420043,0.000340425237382355,0.000285144048152633,0.000229070369084127,0.00017235434345111,0.000115186090894923,5.76907298983006e-05,5.09731616440332e-08,-5.75837315163485e-05,-0.000115061099476975,-0.000172240122146607,-0.000228946234595449,-0.000285032719693281,-0.00034034440907562,-0.000394711016454524,-0.000447986571300204,-0.00050004195067326,-0.000550745499448513,-0.000599929708820849,-0.000647479437070172,-0.000693243660827805,-0.00073711146843684,-0.000778941410269958,-0.000818619760624868,-0.000856084965994454,-0.000891201536632626,-0.00092387792470639,-0.00095401769324621,-0.000981545187088472,-0.00100637915286825,-0.00102846113941248,-0.00104770668863593,-0.00106409972473633,-0.00107755256535645,-0.00108807220866301,-0.00109561609944572,-0.00110012998215441,-0.00110163497042643,-0.00110013895275237,-0.00109563643485573,-0.00108811340808344,-0.0010775911071683,-0.00106412058400781,-0.00104772457729367,-0.00102847351136496,-0.0010063874781541,-0.000981554554247966,-0.000954031141543819,-0.000923891973667722,-0.000891222287289373,-0.000856122981169026,-0.000818671408921654,-0.000778962994465439,-0.000737122127282201,-0.000693258107863572,-0.000647503660496056,-0.000599956352107552,-0.000550774691768187,-0.000500081838165538,-0.000448014016487212,-0.0003947205717395,-0.000340344504635215,-0.000285037147720656,-0.000228940542698552,-0.00017223263075918,-0.000115049280033075,-5.75626797394812e-05,9.65954723212379e-08,5.77384918285794e-05,0.000115229532581356,0.000172404859316953,0.000229125697517826,0.000285182304811777,0.000340474902078604,0.000394831086784948,0.000448116832844803,0.000500157923149389,0.000550846063616488,0.000600016787331549,0.000647527867306275,0.00069326588170605,0.000737107215917517,0.000778928743762421,0.000818618170200856,0.000856056812239865,0.000891162064158637,0.000923827063315433,0.000953968520442421,0.000981470850845859,0.00100629850594385,0.00102836319671499,0.00104760693700456,0.00106398524149613
0.00116006941887946,0.00116820898490509,0.00117313834799245,0.00117484014443717,0.00117336583179281,0.00116868205168858,0.00116078053246806,0.0011496976067474,0.00113544661393166,0.00111809287081456,0.00109768279023967,0.00107427004285101,0.00104791015837327,0.00101865988805114,0.000986626528896745,0.000951893195924329,0.000914553279763264,0.000874697205806935,0.000832448880393739,0.000787918400647832,0.000741226794496719,0.000692497511239456,0.000641870497465003,0.000589484288224662,0.000535477310895311,0.000480020881734736,0.00042324794020129,0.000365318820895948,0.000306395204041142,0.000246626809526834,0.000186163614849185,0.000125182336220587,6.38711607562511e-05,2.38295135654887e-06,-5.91001100694226e-05,-0.000120425645289211,-0.000181414993764928,-0.000241911161699171,-0.000301753621460649,-0.000360788660499105,-0.000418837623659019,-0.000475726630070795,-0.00053129912957479,-0.000585423442929208,-0.00063795671433134,-0.000688727950309731,-0.000737621339403254,-0.000784492859910927,-0.000829206745486512,-0.00087162217752162,-0.000911654897917013,-0.000949214108708687,-0.000984157825807081,-0.0010164232381764,-0.00104589722835082,-0.00107250082698674,-0.00109615855944264,-0.00111681938850825,-0.00113440865015996,-0.00114888706976502,-0.00116021260336008,-0.00116837036316541,-0.00117334247126908,-0.00117505816059902,-0.00117357405948302,-0.00116887594743509,-0.00116098028168841,-0.00114988839601546,-0.00113563369077421,-0.00111827349688776,-0.00109784544477096,-0.00107440888274352,-0.00104801252710838,-0.00101876734872554,-0.000986723073457507,-0.000951979353909583,-0.000914631561377291,-0.000874772803448648,-0.000832508555514633,-0.000787963027407322,-0.000741255302881195,-0.000692518850715226,-0.000641880225554366,-0.00058948943188279,-0.000535477479832137,-0.000479994595886918,-0.000423199807478774,-0.000365239544565741,-0.000306287980142775,-0.000246491320043131,-0.000186013366643078,-0.000125038724479686,-6.37231904282698e-05,-2.23735788583453e-06,5.92693339350629e-05,0.000120601510121594,0.000181597386442675,0.000242104844986763,0.000301952889265254,0.000360951274562214,0.000418972617101945,0.000475842828354992,0.000531420247572387,0.000585523462257799,0.000638037670824534,0.000688785770035925,0.000737646216083226,0.000784493965179003,0.000829183162455418,0.000871607484792752,0.000911645552852156,0.000949176243379167,0.000984111208628395,0.00101636027990077,0.00104581925510228,0.00107239549350799,0.00109604938309647,0.00111669070779786,0.00113427334637621,0.00114874562565018
0.00124106202845908,0.00124687898239764,0.00124927364994815,0.00124824294389507,0.0012438240446847,0.00123599681252035,0.00122476661144993,0.00121018594886588,0.00119227510709507,0.00117109140240414,0.00114670670177218,0.00111919002743477,0.00108860327677454,0.00105502739166667,0.0010185630028402,0.000979308250925739,0.00093736632930338,0.000892859125505185,0.000845892104473232,0.000796619912302521,0.000745158432956084,0.000691645017895556,0.000636237556734653,0.00057908781820916,0.000520352086854227,0.000460198852366705,0.000398789570359501,0.000336285243024688,0.000272858845880689,0.000208683647489891,0.000143916221396185,7.87623961470103e-05,1.33935470208757e-05,-5.20088962121651e-05,-0.000117262560584318,-0.000182193528615464,-0.000246628303157363,-0.000310383895341223,-0.000373294636570881,-0.000435210765009684,-0.000495933829593178,-0.000555287494361217,-0.000613109291494828,-0.000669256668964418,-0.000723571679721009,-0.000775902709414955,-0.000826102774935913,-0.00087404777467322,-0.000919584418580456,-0.000962581295985542,-0.00100295063320571,-0.00104058500603079,-0.0010753596728897,-0.00110720282151471,-0.00113601735538025,-0.00116169886790875,-0.00118419948913085,-0.00120345916829309,-0.00121941319371948,-0.00123201270614465,-0.00124123787014622,-0.00124707177938585,-0.00124950310363472,-0.00124847285549799,-0.00124404395901723,-0.00123620186782587,-0.00122497253875266,-0.00121037260851997,-0.00119244742911393,-0.00117126751633733,-0.0011468761348322,-0.00111933485454245,-0.00108871226230225,-0.00105513463577218,-0.00101865112838077,-0.000979376757409684,-0.000937426101676957,-0.000892905926202951,-0.000845919719291302,-0.000796627670027573,-0.000745141593306114,-0.000691622636775509,-0.00063620346776597,-0.000579053773828144,-0.000520309369661882,-0.000460126041635812,-0.000398697291672088,-0.000336162299903036,-0.000272723551689817,-0.000208527775931976,-0.000143751284503335,-7.85993722672104e-05,-1.32262054127564e-05,5.2178617043684e-05,0.000117453531680304,0.000182389110943666,0.000246824645560378,0.00031059071276207,0.000373501449518403,0.000435383801189441,0.000496073111084885,0.000555397193746544,0.000613212635830622,0.000669343206168223,0.000723631411355141,0.000775928190035022,0.000826106100926648,0.000874029259114483,0.000919546236092991,0.000962554217711294,0.00100292054738767,0.00104053501193552,0.00107529512389368,0.00110711218809181,0.00113590592103954,0.00116156955162454,0.00118405696971863,0.0012032892247515,0.00121924153696684,0.00123183655061331
0.00132168006858884,0.00132549113908948,0.00132565812851029,0.0013222063108304,0.00131514105090296,0.00130446796221496,0.00129021196713572,0.00127243350445225,0.00125115223645521,0.00122642814385393,0.0011983524981542,0.00116700291732539,0.00113245019419369,0.00109480398939399,0.00105416148087576,0.00101061764365732,0.000964295853674262,0.000915346725225463,0.000863873966440532,0.000810038353576043,0.000753984247992775,0.000695855930557525,0.000635820999293245,0.000574049434264685,0.00051069793484034,0.000445960543274628,0.000379995920434383,0.000312984642294221,0.0002451195634594,0.000176586595100173,0.00010755413590037,3.82220431456308e-05,-3.12039172272606e-05,-0.000100533793062938,-0.000169599452379427,-0.000238197028603492,-0.000306144501540909,-0.000373249044502623,-0.000439330715214177,-0.000504230939057596,-0.000567754887263423,-0.00062971581053201,-0.000689951236070169,-0.000748290769512952,-0.000804574812187548,-0.000858664461358085,-0.000910378407252481,-0.000959609377751937,-0.00100620942119568,-0.001050039022566,-0.00109099097273043,-0.00112895681332476,-0.00116383234233966,-0.00119553129540674,-0.00122396693495111,-0.0012490197654208,-0.00127065499494784,-0.00128880897732781,-0.00130342266474905,-0.00131445266609802,-0.00132188542723084,-0.00132570905795674,-0.00132590760937959,-0.00132244395099988,-0.00131537242337786,-0.00130467510267794,-0.00129041968581843,-0.00127261656359642,-0.00125131790134565,-0.0012265938721953,-0.00119851363370717,-0.00116713723776565,-0.00113256866571007,-0.00109490103808848,-0.00105423538303078,-0.0010106675374318,-0.000964333709139854,-0.000915361094887531,-0.000863868701436251,-0.000810014359237652,-0.000753930496603771,-0.000695787059469541,-0.000635742134820708,-0.000573968198254639,-0.000510602122623957,-0.000445830928322393,-0.000379852869106477,-0.000312828093787347,-0.000244959154377591,-0.000176415937188918,-0.000107364004859617,-3.80385456010918e-05,3.13940136112866e-05,0.000100734726530446,0.000169813175977605,0.000238406666088975,0.000306355884150574,0.000373462176410374,0.000439537772654785,0.000504409521512656,0.000567896817274803,0.000629825630775847,0.000690030111036149,0.000748354823592623,0.000804599148264039,0.000858651923877476,0.000910354322483172,0.000959571131824433,0.00100615985205772,0.00104998935254705,0.00109093451203164,0.00112889366228921,0.00116374036873845,0.00119541060951881,0.00122382344752083,0.0012488677776568,0.00127047711877146,0.00128860348581936,0.00130321589060061,0.00131424668928246
0.00140349205805708,0.0014059198399715,0.00140448619008707,0.00139921074010769,0.00139010325613166,0.00137718825297288,0.00136050059370661,0.00134007708036281,0.00131597386514705,0.00128826490493426,0.00125702365187785,0.00122233455599221,0.00118430390006925,0.00114304300623407,0.00109864978416804,0.00105123692181458,0.00100092944053348,0.000947890141112144,0.00089224853939194,0.000834151666755137,0.000773771624444143,0.000711276423157652,0.000646834712207139,0.000580620843658018,0.000512803725934556,0.000443587718425154,0.000373165437561235,0.00030170471864839,0.00022941847994308,0.000156512102709996,8.31687189210923e-05,9.58362724128122e-06,-6.40159509349592e-05,-0.000137418954552766,-0.000210477061294113,-0.000282947861995724,-0.000354637515737964,-0.000425367542994748,-0.000494927821998322,-0.000563136169243226,-0.000629799320787283,-0.000694748097293147,-0.000757803332618995,-0.000818766562655977,-0.000877484937177633,-0.000933796453810645,-0.000987520932179082,-0.00103856064602432,-0.00108675979383285,-0.00113197592763413,-0.00117407706910024,-0.00121296069058675,-0.00124853186808919,-0.00128069545424296,-0.00130934744399471,-0.00133440233396146,-0.00135579252008901,-0.00137346361877576,-0.00138736736725439,-0.00139745999675855,-0.00140373139703247,-0.00140616902128007,-0.00140474836549731,-0.00139945970754665,-0.00139034675731694,-0.00137740253522226,-0.00136069872064619,-0.00134026383571322,-0.00131614872016636,-0.00128841797941018,-0.00125716596068952,-0.00122245707014534,-0.00118441899519875,-0.00114312769408118,-0.00109870396336225,-0.00105126655715602,-0.00100094500244443,-0.000947867430290947,-0.000892205253915344,-0.000834089294226143,-0.000773682752955316,-0.000711165880951754,-0.000646707308523835,-0.000580480242482811,-0.000512648310969639,-0.000443416218449198,-0.000372963188362017,-0.000301500363482001,-0.000229220369448568,-0.00015630909764311,-8.29489435854136e-05,-9.36583715568479e-06,6.42281860949859e-05,0.000137658885872175,0.00021070830691592,0.000283174911084763,0.000354869226305991,0.000425575317618597,0.000495119229250324,0.00056331165387957,0.000629955182100268,0.000694857502694181,0.000757861353214977,0.00081879590055391,0.000877475070515933,0.000933758489862462,0.000987481681375602,0.00103849873067048,0.00108668810303976,0.00113189310068314,0.00117398964398509,0.00121286246503333,0.00124840601748999,0.00128053715975722,0.00130917427676814,0.00133420510499152,0.00135556856359997,0.00137322373351473,0.0013871230984087,0.00139722411724444
0.00148804212795677,0.00149006677847503,0.00148801194300745,0.00148187641722815,0.00147167439978071,0.00145745045383705,0.00143923283426944,0.00141705394437496,0.00139099114131406,0.00136112573970644,0.00132752535027684,0.00129027063730373,0.00124949412666836,0.00120531385505867,0.00115782237893043,0.00110715792521848,0.00105344923879105,0.000996859490638644,0.000937532039743143,0.000875623539067204,0.000811319956751904,0.000744804367934024,0.000676246347854027,0.000605832394985039,0.000533749954023645,0.00046019621135267,0.000385405294604534,0.000309541492186751,0.000232817622801673,0.000155471564938124,7.76956549271002e-05,-3.03449492719261e-07,-7.82913543719613e-05,-0.000156057134230161,-0.000233423714245496,-0.000310132910700896,-0.000385990622764334,-0.000460802717414565,-0.000534356726800619,-0.000606420943048802,-0.000676835562659998,-0.000745404428262079,-0.000811952523066024,-0.000876261146978251,-0.00093815115164347,-0.000997476379714964,-0.00105403870175311,-0.00110773060752324,-0.00115839832522169,-0.00120589626997709,-0.00125007615201441,-0.00129082113666999,-0.00132804609622258,-0.00136163697253852,-0.00139149419712148,-0.00141753051281686,-0.00143966750377404,-0.00145785765626987,-0.00147205260973847,-0.00148221336700527,-0.00148831311962324,-0.0014903380861969,-0.00148827966191522,-0.00148213687431528,-0.00147192113382148,-0.00145766213744108,-0.00143942030538784,-0.0014172416033032,-0.00139117038594205,-0.00136127513850041,-0.0013276542754119,-0.00129038788616465,-0.00124960520527735,-0.00120538562665336,-0.00115785942880666,-0.00110717230448882,-0.00105344193800048,-0.000996809242668245,-0.000937459713590571,-0.000875527016415466,-0.000811196157153954,-0.000744650578507267,-0.000676070455460892,-0.000605632018973546,-0.000533534427374933,-0.000459979708036342,-0.000385159163030638,-0.00030929402440607,-0.000232576920081101,-0.000155227704190702,-7.74475020013017e-05,5.49653975199847e-07,7.85283058619331e-05,0.000156317906752223,0.000233668340111987,0.000310377976515033,0.00038623026828315,0.000461011084843476,0.000534535375461571,0.000606604332598858,0.000677000244029492,0.000745509546652507,0.000812002225129444,0.000876257495782087,0.000938127456103831,0.000997422154969414,0.00105398348907305,0.00110765523266208,0.00115830822935569,0.00120578819884024,0.00124994568501619,0.00129067818429101,0.0013278802263057,0.00136144885991236,0.00139127803952614,0.00141728181302399,0.00143940500966118,0.00145758855568557,0.00147177328277329,0.00148193724085707
0.00157640180891406,0.00157941781556575,0.00157811557751085,0.00157247290042455,0.00156251347014586,0.00154829036107119,0.00152981504339672,0.00150714065757826,0.00148033630273146,0.00144947462173623,0.00141463512142775,0.00137591599734093,0.0013334327626194,0.00128731644302694,0.00123765643610639,0.00118461157042755,0.00112831586427297,0.00106891388628058,0.00100658448178751,0.000941506710503203,0.000873843003894745,0.000803789859833602,0.000731533298991718,0.000657262975390155,0.000581194420702449,0.000503524179927051,0.000424486375642519,0.000344267370312467,0.000263099820143861,0.000181221738952283,9.88525666229977e-05,1.62090511562288e-05,-6.64839571359949e-05,-0.00014899154506782,-0.000231106286367382,-0.000312581807612834,-0.000393199533602274,-0.000472741743580323,-0.000550989584404953,-0.000627720575185913,-0.000702729523196619,-0.000775810961950801,-0.000846789805131833,-0.000915449023488591,-0.000981574619961753,-0.00104501215556817,-0.001105576621269,-0.00116311773731016,-0.00121747979135442,-0.00126851214342961,-0.00131605847818694,-0.00135999394346005,-0.00140021411822923,-0.00143659144971234,-0.0014690338610078,-0.00149744413534843,-0.00152173452967278,-0.00154185536500769,-0.00155775332824988,-0.00156937789805681,-0.00157670632495576,-0.00157971211699336,-0.0015783830619212,-0.00157273890101926,-0.0015627567547124,-0.00154850135852584,-0.00153000597465299,-0.00150732721404134,-0.0014805040322988,-0.00144961532278285,-0.00141476085416339,-0.00137603248440927,-0.00133353051825931,-0.00128737038519447,-0.00123768243994836,-0.00118460576946985,-0.00112828394619062,-0.00106885538601912,-0.00100649992588769,-0.000941382094130897,-0.000873687178665564,-0.00080360185060366,-0.000731307995701581,-0.000657015767611386,-0.000580930547642187,-0.000503261248823176,-0.000424205026232269,-0.000343983780055966,-0.000262824620606629,-0.000180947294981524,-9.85811940457514e-05,-1.59309444169314e-05,6.67502041233934e-05,0.000149265573011921,0.000231365597094886,0.000312830137688678,0.000393434676750674,0.000472942571280939,0.000551170166918727,0.000627885386708987,0.000702867913943795,0.000775911187565226,0.000846833230929018,0.000915436235808085,0.000981535333099435,0.00104494897266022,0.00110549582539728,0.00116301832598712,0.00121735879614647,0.00126836946462943,0.00131588724995804,0.00135980355439234,0.00140000294360803,0.00143636254046804,0.00146877097382209,0.00149715279732282,0.00152143437749711,0.00154154502877601,0.0015574352644465,0.00156906682108322
0.00166860440702864,0.00167443216972872,0.00167567457786873,0.00167232165429083,0.00166437998848083,0.00165188272763331,0.00163485646935736,0.00161334648252649,0.00158741101429766,0.00155711913228268,0.0015225527398773,0.00148383069383335,0.00144104159043463,0.00139430822346674,0.00134374732287724,0.00128950865735268,0.00123173287780362,0.00117056255870236,0.00110619434481901,0.00103880894588947,0.000968570312122621,0.000895677919617368,0.000820325646702159,0.000742719726614016,0.000663078088420507,0.000581628943237266,0.000498572057606428,0.00041413584378884,0.000328569130915685,0.000242101508770767,0.000154987547702211,6.7443279817577e-05,-2.02970456968215e-05,-0.000107980580031261,-0.000195369272756385,-0.000282241751651825,-0.000368319978455694,-0.000453388721837856,-0.00053722001519819,-0.000619587354982577,-0.000700246434254108,-0.000778977517035428,-0.000855588412505532,-0.000929866421711352,-0.00100158186126029,-0.00107053607685427,-0.0011365752761629,-0.00119948207972333,-0.00125910699571295,-0.0013152960509538,-0.00136786900800182,-0.00141670340724848,-0.00146165714174721,-0.00150258838892308,-0.00153940291961252,-0.00157200148535731,-0.00160028038237335,-0.00162417189815996,-0.00164361602133378,-0.00165854715049194,-0.00166893854219464,-0.00167474784346385,-0.00167596069668491,-0.00167259701254863,-0.00166462159912623,-0.00165210898379863,-0.00163505353005429,-0.00161352495460856,-0.00158756384894507,-0.00155725857809397,-0.00152268624962048,-0.00148393921024186,-0.00144112143545848,-0.00139435070044169,-0.00134376081207299,-0.00128948524555204,-0.0012316823215936,-0.00117048636062983,-0.00110609139496197,-0.00103866578194517,-0.000968387799712008,-0.000895461859252967,-0.00082007159179862,-0.000742439229543441,-0.00066278969143962,-0.000581324662935997,-0.000498255527610664,-0.000413815555049629,-0.000328255777824924,-0.00024179436049985,-0.000154684398920002,-6.71359406622711e-05,2.05968248621205e-05,0.000108258773756013,0.000195645068020058,0.000282488177842365,0.000368551088177418,0.000453592921026365,0.000537402024157496,0.00061973632054819,0.000700358877537238,0.000779064211431507,0.000855628656673733,0.00092985746111583,0.00100153274471924,0.00107047046873136,0.00113646178127793,0.0011993544811385,0.0012589612682054,0.00131511386161377,0.0013676692425208,0.00141647073352291,0.00146140271669456,0.00150232202214804,0.00153910611966803,0.0015716798734524,0.00159993930829669,0.00162381864845716,0.00164326204434183,0.00165820449921197
0.00176289389912915,0.00177381578829069,0.00177988280558757,0.0017810707961418,0.00177737400684463,0.00176879910887788,0.00175538961848479,0.00173716160852088,0.00171416879597658,0.00168647014932412,0.00165414586508261,0.0016173013742074,0.0015760245254922,0.00153042490440206,0.00148063083871402,0.00142678634566868,0.00136902890388409,0.00130750237961058,0.0012424037300915,0.00117390675473396,0.00110219435073494,0.00102745735905549,0.000949893792426839,0.000869733130701426,0.000787184478861744,0.000702482829546622,0.00061583870578536,0.000527505370409064,0.000437730372631589,0.000346745394281991,0.000254818718718904,0.000162203253406349,6.91417494677505e-05,-2.41273700767639e-05,-0.000117324228459085,-0.000210214484280159,-0.000302511049710706,-0.000393976763117117,-0.000484376521840266,-0.000573443775717084,-0.000660940992242605,-0.000746629248874361,-0.000830263001903693,-0.000911630745482664,-0.00099049465625702,-0.00106663993512553,-0.0011398650563786,-0.0012099567734921,-0.00127673641900562,-0.00134002281326165,-0.00139963538373999,-0.0014554267390758,-0.00150722286763757,-0.00155487324604732,-0.0015982488707057,-0.001637264430814,-0.00167178620233054,-0.00170170723365508,-0.00172697203109339,-0.00174751323636986,-0.00176325534549503,-0.00177415660410186,-0.00178019251267613,-0.00178135956997929,-0.00177763277360765,-0.00176904544287225,-0.00175560534969082,-0.00173734908653465,-0.00171432583547378,-0.00168660620444451,-0.00165427341888053,-0.00161740569380189,-0.00157609821015538,-0.00153045998280801,-0.00148063848379951,-0.00142676281529969,-0.0013689597309617,-0.00130740845301131,-0.00124227468128775,-0.00117373852852499,-0.00110198782235763,-0.00102722103961823,-0.00094962246434622,-0.000869421318036124,-0.000786862114402751,-0.000702140206500544,-0.000615495825223105,-0.000527152478199709,-0.000437381882143366,-0.000346405533219321,-0.000254490397070238,-0.000161877450892582,-6.8811039579584e-05,2.44288802818995e-05,0.000117609721593531,0.000210470646066144,0.000302751552531809,0.000394195058929191,0.000484554771720976,0.000573587840203169,0.000661046949412364,0.000746698003106312,0.000830295610555028,0.000911621370099237,0.000990448190021625,0.00106655866762485,0.00113973957113842,0.00120981328434892,0.00127657118574257,0.00133982220788993,0.00139940740232676,0.001455156048233,0.00150693608149892,0.00155457011206653,0.00159792441564102,0.00163691279528334,0.00167140582954801,0.00170132705048658,0.00172659894730456,0.00174714665975793
0.00185495287667059,0.00187371081768859,0.00188734904906704,0.00189581060076197,0.00189907622099236,0.00189714025479392,0.00189000285272799,0.00187767574615539,0.00186021140913556,0.00183764223288535,0.00181003657642573,0.00177746256288494,0.00174002886073195,0.00169781433602907,0.00165095812278011,0.00159957172416538,0.00154380888968261,0.00148380361630556,0.00141973555989999,0.00135178365695536,0.00128012332235718,0.0012049422986689,0.00112646944690805,0.0010449039993201,0.000960474167692446,0.000873409128968243,0.000783939090294005,0.000692325005978208,0.000598811631108558,0.000503645670005851,0.00040710708136725,0.000309456112018129,0.000210971021240983,0.000111887071014579,1.24940379848477e-05,-8.69465324720848e-05,-0.000186131831713091,-0.000284804071997619,-0.000382706470206799,-0.000479562187429589,-0.000575098952314069,-0.000669071295180317,-0.00076118751205202,-0.000851220039361843,-0.000938939245767377,-0.00102406855233441,-0.00110639701851848,-0.00118568984100037,-0.0012617223070573,-0.00133431454578387,-0.00140325245438794,-0.0014683437460071,-0.00152940125551141,-0.00158626127298891,-0.00163876246919161,-0.00168679496607491,-0.00173019810024647,-0.00176883829896982,-0.00180262758350702,-0.00183150122627182,-0.00185532865799918,-0.0018740690673444,-0.00188768553640392,-0.00189611730435846,-0.00189936320269203,-0.00189739839758159,-0.00189023370737114,-0.00187787702207035,-0.00186036699026427,-0.00183777087716604,-0.00181013747324307,-0.00177755207638461,-0.00174008320487772,-0.00169784412093991,-0.00165094846863555,-0.00159953877819175,-0.00154371400263289,-0.00148368103610025,-0.00141957249366484,-0.00135157933081952,-0.00127988466438788,-0.00120467967466017,-0.00112616832676467,-0.0010445739781342,-0.000960117795337993,-0.000873026567586694,-0.000783566897035704,-0.000691956464767376,-0.000598443710354749,-0.000503288890310375,-0.000406748845274967,-0.000309115344099989,-0.000210625036927921,-0.000111560432222654,-1.21906966925152e-05,8.72179566881566e-05,0.000186384304158355,0.000285032347224048,0.00038288898823568,0.000479692441057722,0.000575199935985559,0.000669125535133721,0.000761211769980768,0.000851213123465169,0.000938887496730261,0.00102398262247278,0.00110627787031305,0.00118553535954428,0.00126154844392074,0.00133410413105885,0.00140299015218459,0.0014680442456149,0.00152908996615334,0.00158592804451775,0.00163841082020612,0.00168641679355167,0.00172979203249151,0.001768433415189,0.00180223901248117,0.00183110633128633
0.00193696999556218,0.0019667504381941,0.00199116358176621,0.00201011174503132,0.0020235588716383,0.00203146397581733,0.00203379444139453,0.00203054408859021,0.00202173605711898,0.00200737323845965,0.0019875256321968,0.00196221804751659,0.00193153537379901,0.00189555001265228,0.00185437481198779,0.00180812164446456,0.00175691241486384,0.00170088998290734,0.00164021255970577,0.00157503341196647,0.00150552391052707,0.00143189120104739,0.00135434130751464,0.001273070304528,0.00118831146644503,0.00110028523796633,0.00100924523544948,0.000915443545794465,0.000819135470304802,0.0007205594844871,0.000620028506621666,0.000517799253026623,0.000414145904577265,0.000309348478070135,0.00020370275203839,9.74972780978202e-05,-8.98311527964347e-06,-0.000115439592621486,-0.000221569364370301,-0.000327090057920991,-0.00043171589683835,-0.000535177283326475,-0.000637154866282184,-0.000737388000016162,-0.00083560611387574,-0.000931523014793665,-0.0010248920641177,-0.00111546000593012,-0.0012029501126929,-0.00128717046010707,-0.00136785225472001,-0.0014447821558409,-0.00151773557040437,-0.0015865383922432,-0.00165099361792424,-0.00171092201340491,-0.0017661615942981,-0.00181655045124081,-0.00186195368066181,-0.00190226234508899,-0.00193734659979085,-0.00196712390383293,-0.00199151253948952,-0.00201043741121817,-0.00202385856400894,-0.00203173077733151,-0.00203403248949618,-0.00203073848053436,-0.00202188313227673,-0.0020075021396263,-0.00198761632236023,-0.00196228403769049,-0.00193156463944701,-0.00189556254321724,-0.00185435264174008,-0.0018080597702274,-0.00175680253451588,-0.00170073854335909,-0.00164000843170031,-0.00157479336865474,-0.00150526617151418,-0.00143160251904396,-0.00135401431692917,-0.00127272293826626,-0.0011879260410972,-0.00109989855038945,-0.00100885043688173,-0.000915066721631616,-0.000818745609348843,-0.000720193025747537,-0.000619649565192292,-0.000517425911683109,-0.000413783696683331,-0.000309011056702383,-0.000203385543141935,-9.72062796533423e-05,9.23385515087542e-06,0.000115653416502381,0.000221751759355304,0.000327230161457561,0.000431828439394725,0.000535233053495316,0.000637176494556144,0.000737368074548917,0.000835550879494042,0.000931433378263605,0.00102477632928723,0.00111529652274993,0.00120276015326458,0.00128693237065133,0.00136756083833576,0.00144445839745751,0.00151739819375141,0.00158617615249529,0.00165060299829835,0.00171050893103752,0.0017657424320301,0.00181613535547616,0.00186155703437081,0.00190186319498627
0.00199671603607376,0.00204109017601926,0.00207987268659338,0.00211297235226915,0.00214028834514004,0.0021617293644411,0.00217725407378634,0.00218680547150637,0.00219035155330934,0.00218788555981143,0.00217944208264951,0.00216503392127732,0.00214466716732448,0.00211842178611436,0.00208638785799426,0.00204862093159858,0.00200524653324794,0.001956380986306,0.00190216106816676,0.0018427185280872,0.00177820827170945,0.00170883492290439,0.00163476657356313,0.00155622187983683,0.00147341616955391,0.00138655462590091,0.00129590582968844,0.00120169769373408,0.00110419976994395,0.00100367142778496,0.000900394467345183,0.000794657119583857,0.000686729773973,0.00057691451981474,0.000465528383696105,0.000352850370904507,0.000239205166264029,0.000124887467884364,1.02465626037975e-05,-0.000104415662078864,-0.000218801775523102,-0.000332584584244192,-0.000445459023902067,-0.000557115328854134,-0.000667240321562868,-0.000775533267611233,-0.000881696883807083,-0.000985458869876676,-0.00108651671458489,-0.00118460256476791,-0.00127943197663597,-0.00137074847846389,-0.00145830307112619,-0.00154185428392929,-0.00162118521061229,-0.00169607529531662,-0.00176631176144289,-0.0018317065139825,-0.00189206745057247,-0.00194725066898893,-0.00199710492936369,-0.00204147263494754,-0.00208023818910888,-0.00211331025933847,-0.00214059067644587,-0.00216200918878937,-0.00217748163909082,-0.00218698363371356,-0.00219049847305506,-0.0021880143221305,-0.00217952888176128,-0.00216507286347575,-0.00214467573730991,-0.00211840599866219,-0.00208633009151205,-0.00204853110183508,-0.00200511569404807,-0.00195619877196584,-0.00190193292389316,-0.00184244984901322,-0.00177792249194069,-0.00170851564388116,-0.00163442698600378,-0.00155585955958102,-0.00147302784433967,-0.00138616758790315,-0.00129550525146359,-0.00120131549168616,-0.00110381422650306,-0.00100328954166607,-0.000900012893920168,-0.000794278844344604,-0.000686366538198716,-0.000576573137061975,-0.000465197367386682,-0.00035255239964308,-0.000238946095211806,-0.000124683357104534,-1.00721638657529e-05,0.00010455766255333,0.0002188942791893,0.000332641743394896,0.000445468523296369,0.000557085760252307,0.000667182415287006,0.000775437921500621,0.000881576051009797,0.000985290755448881,0.00108630585686731,0.00118433626245843,0.00127912887004115,0.00137040944449401,0.00145793270295132,0.00154146724730494,0.00162078754778066,0.00169565653724388,0.0017658973828221,0.0018312913159995,0.0018916651790994,0.00194685073045492
0.00201668964807372,0.0020794812765143,0.00213656339976468,0.00218781115172382,0.00223306527407865,0.00227219414117246,0.00230509902188795,0.00233168047744374,0.00235186551965849,0.00236561091524817,0.00237288182347394,0.00237363488080081,0.00236788500873079,0.00235564156993759,0.00233694296718866,0.00231183528601574,0.00228039625968019,0.00224271792561634,0.00219888181605747,0.00214902159685227,0.00209326385229433,0.00203176122282981,0.00196469180429011,0.00189223672142876,0.00181459586077845,0.00173197212798677,0.0016446061044479,0.00155273564495183,0.00145660791809741,0.00135648945756539,0.00125264689029208,0.00114537115152299,0.0010349553285061,0.000921695396991655,0.000805913334321792,0.000687920108760266,0.000568033799113933,0.00044658180727686,0.000323908184692643,0.00020034583125526,7.62423474040468e-05,-4.80593764144791e-05,-0.000172230117853046,-0.000295946917827791,-0.000418839057596185,-0.000540586654394316,-0.000660850018197459,-0.000779317116373777,-0.000895644894026654,-0.00100951951698532,-0.00112061741584222,-0.00122863638484951,-0.00133329349407066,-0.00143427975411213,-0.00153134700815983,-0.00162420477525578,-0.00171261816847652,-0.00179634128088306,-0.00187512605918162,-0.00194876876441124,-0.00201708726548478,-0.00207987218047968,-0.00213693931873108,-0.00218815596327406,-0.00223337469042465,-0.00227247298135193,-0.00230532355259587,-0.00233186617629824,-0.00235202626656998,-0.00236572392145581,-0.00237294452824927,-0.00237366726248782,-0.00236787871169023,-0.00235559055138162,-0.00233685176380268,-0.00231171632740693,-0.00228023650362529,-0.00224251127832624,-0.00219863824704894,-0.00214874127358788,-0.00209295152621393,-0.00203143020763859,-0.00196434688779728,-0.00189186997601429,-0.00181421721039779,-0.00173158705954562,-0.00164421819942059,-0.00155234850407587,-0.0014562188893005,-0.00135609960426608,-0.00125226990429472,-0.00114499818729264,-0.00103459724317566,-0.000921358774114702,-0.000805603709420195,-0.000687631248830254,-0.000567783160908786,-0.000446374872763143,-0.000323745329783478,-0.000200228331573537,-7.61705383437532e-05,4.8101875399812e-05,0.0001722380411493,0.000295915171602513,0.000418778319226974,0.000540481866915322,0.000660715002312905,0.000779134663981425,0.000895419504448472,0.00100923701837805,0.00112030334198457,0.00122828301446264,0.00133290784838302,0.00143388600993964,0.00153094199511504,0.00162379893271533,0.00171220957219988,0.00179592734521089,0.00187471018201035,0.00194836008873105
0.00197342297445401,0.00205852174737432,0.00213796553165533,0.00221156054974223,0.00227908875911643,0.00234037283878152,0.00239524449907302,0.00244354570983436,0.0024851438478767,0.00251995919877187,0.00254786040497031,0.00256877112768154,0.00258263878408928,0.00258942948871786,0.00258910990685496,0.00258169690568035,0.00256721090033725,0.00254569459033724,0.00251719119907302,0.00248180226175712,0.00243959987383254,0.00239070393755911,0.00233525808173735,0.00227340309020957,0.00220532307849173,0.00213119630692235,0.00205122234725703,0.00196563392583648,0.00187465310361674,0.0017785366343241,0.00167753062507541,0.00157193380825456,0.00146202820978249,0.00134811554362289,0.00123049884341611,0.00110952320169806,0.00098548245693735,0.000858746894877969,0.000729658321819999,0.00059856285445406,0.000465833017558791,0.000331841421162002,0.000196921132962176,6.14706345359039e-05,-7.4152723937241e-05,-0.000209563193470553,-0.000344411719948083,-0.000478309207247296,-0.000610909131832511,-0.000741824721959844,-0.000870702030427016,-0.000997186919734821,-0.0011209433305768,-0.00124162934927817,-0.00135890463469653,-0.00147244645183479,-0.00158195488218114,-0.00168713045510768,-0.00178768769857786,-0.00188333329905289,-0.00197381909255608,-0.00205889915195102,-0.00213833318495579,-0.00221190023505464,-0.00227940053701581,-0.00234064632708118,-0.00239547923921986,-0.00244374526244869,-0.00248531526771729,-0.00252007384739938,-0.00254792464943061,-0.00256878924334963,-0.00258261765071219,-0.00258935799001649,-0.00258900850669485,-0.00258155940278573,-0.00256703305262831,-0.00254547645836025,-0.00251694586902781,-0.00248151611984661,-0.00243928071814927,-0.00239037005501814,-0.00233491015875626,-0.00227304917442946,-0.00220495784167159,-0.00213081261932386,-0.00205083405172511,-0.00196523840899721,-0.00187426954627561,-0.0017781529864958,-0.00167716617699883,-0.001571586567593,-0.00146169250329506,-0.00134779076751146,-0.00123020348216864,-0.00110924481871976,-0.00098525219076929,-0.000858553185644715,-0.000729503976117151,-0.000598452267955399,-0.000465764945807466,-0.000331794892097473,-0.000196923569534632,-6.15143479002113e-05,7.40663052118669e-05,0.000209459477141909,0.000344249718438111,0.000478113109975555,0.000610660077391711,0.000741539353227267,0.00087038234541601,0.000996839969034346,0.00112057426037535,0.00124124101793677,0.00135850771516358,0.00147205057419856,0.00158155441605314,0.00168673637168286,0.00178728356064927,0.00188293276451343
0.0018370408315704,0.00194813394528803,0.0020538917210943,0.00215400795777377,0.00224821007298179,0.00233626281599741,0.00241790479012597,0.00249293181846419,0.00256112307026799,0.00262231161489511,0.00267630182468956,0.00272296113752388,0.00276214299275706,0.00279376373331892,0.00281772014483217,0.00283396491474927,0.00284242083749675,0.00284309334149549,0.00283596893799426,0.00282107821071735,0.0027984594772979,0.0027681690562117,0.00273027988734462,0.00268490814045255,0.00263217606771556,0.00257223171908001,0.00250523061755074,0.00243136241736216,0.00235082978749101,0.00226385134720514,0.00217065931076659,0.00207152125555753,0.0019667066104325,0.0018565041221051,0.00174120663723528,0.0016211431980219,0.00149662322642792,0.00136799995477924,0.00123562456792816,0.00109986976092155,0.000961093109928349,0.000819682953245664,0.000676027086355619,0.000530532314471083,0.000383578145480303,0.000235568947429253,8.69118735428496e-05,-6.19801483775885e-05,-0.000210701435045056,-0.000358842237705523,-0.000506011366289839,-0.000651774816760122,-0.000795755513558551,-0.000937557983451155,-0.0010767909708704,-0.00121306352255035,-0.00134600790536293,-0.00147526235726972,-0.00160048760477453,-0.00172131747869361,-0.0018374263068014,-0.00194849515345747,-0.00205422699532183,-0.00215431887540654,-0.00224850555117727,-0.00233652239127065,-0.00241814193431272,-0.00249313451168226,-0.00256128541672716,-0.00262242475006894,-0.00267636932087972,-0.00272298153347201,-0.00276212904663419,-0.00279370254702744,-0.00281762533195812,-0.00283380868226185,-0.00284223744268044,-0.00284287765769847,-0.00283572902461335,-0.00282080490042935,-0.00279816125753255,-0.00276783864444472,-0.00272993340637614,-0.00268454670369831,-0.0026318045354545,-0.00257184429845848,-0.00250483722862457,-0.0024309643582124,-0.00235044438421181,-0.00226347540914852,-0.00217030761787718,-0.00207118762859691,-0.00196639115440275,-0.00185619872335969,-0.00174092475750169,-0.00162087824075727,-0.00149639843245721,-0.00136781783775271,-0.00123548460832836,-0.00109976029161133,-0.00096102623965815,-0.000819653055892224,-0.000676040364605009,-0.000530576762809328,-0.000383659967129602,-0.00023568485466409,-8.70817979170787e-05,6.17742952216985e-05,0.000210458876399365,0.000358571020668095,0.000505702137253788,0.000651451330342807,0.000795406170730588,0.000937196232900758,0.00107641363842173,0.00121268975898017,0.00134562251391667,0.00147487967072021,0.00160010284237914,0.00172093933692417
0.00157118996744042,0.00171143561897819,0.00184700578108591,0.00197749671159377,0.00210255864345329,0.00222186823984873,0.00233508603088934,0.00244191161867178,0.00254204993172768,0.00263521807917994,0.00272116341563782,0.00279965163123364,0.00287045804598838,0.00293340379195881,0.00298830703238231,0.00303502371178384,0.00307341559339953,0.00310337690423078,0.00312483835287372,0.00313773035710795,0.00314202171028868,0.00313771727141714,0.00312479529285848,0.00310331007943005,0.00307331501927461,0.00303488955693883,0.00298814761310038,0.0029332173848988,0.00287023479946947,0.00279939650398963,0.00272088196585892,0.00263490285915147,0.00254170167957023,0.00244154175556887,0.00233467805637721,0.00222141969464986,0.00210206694143337,0.0019769537925941,0.00184642236284561,0.00171082760124931,0.00157053837842949,0.00142594923360924,0.00127745683849035,0.0011254625179564,0.000970381039157449,0.00081263816183618,0.000652665074036743,0.00049091648548742,0.000327808710901006,0.000163814477272172,-6.31539542351077e-07,-0.000165065272643807,-0.000329060035589479,-0.000492152780807433,-0.000653889854339789,-0.000813827692585595,-0.000971543456696629,-0.00112658471885026,-0.00127854476550491,-0.00142699638616194,-0.00157154379822749,-0.00171177145460093,-0.00184731072186177,-0.00197777742794222,-0.00210282834350677,-0.00222210521024768,-0.00233529844947494,-0.00244208681125769,-0.00254219047818489,-0.00263531361015402,-0.00272122822925209,-0.00279967212190111,-0.00287044450642107,-0.00293335039868109,-0.00298821612137589,-0.00303487610113172,-0.0030732353291436,-0.00310316127498437,-0.00312459272100982,-0.00313746483745691,-0.00314173523601041,-0.00313739454660892,-0.00312445904580321,-0.00310294563200614,-0.00307293405278273,-0.00303451255532337,-0.00298777174805539,-0.00293283569396572,-0.00286986840808181,-0.00279903961243471,-0.0027205413729437,-0.00263458106851957,-0.00254140342841897,-0.00244125631277018,-0.00233442146990166,-0.00222118821761794,-0.00210187029798496,-0.00197678607967725,-0.00184629382107622,-0.001710725107393,-0.00157047390819982,-0.00142592265483723,-0.00127746305084302,-0.00112550096359037,-0.000970462510516563,-0.000812767035859788,-0.000652836218500772,-0.000491112095007233,-0.000328048330421872,-0.000164073534893613,3.47302877120041e-07,0.000164767104984643,0.000328729891013614,0.000491805529089318,0.000653530527267485,0.0008134686426914,0.000971174873795003,0.00112622196149185,0.00127818703771149,0.00142665157385091
0.00113353582357493,0.0013051440617584,0.00147317532230293,0.00163717341049753,0.00179668306688955,0.0019512785195684,0.00210052000643153,0.00224400404823955,0.00238133870115251,0.0025121421632359,0.00263607145308374,0.00275276688985277,0.00286191893162423,0.00296322458411991,0.00305641000526963,0.00314123560994942,0.0032174300751866,0.00328480126844252,0.00334317948511742,0.0033923937274525,0.00343230012252898,0.0034628035627544,0.00348382472733296,0.00349529070602948,0.00349717285665675,0.00348945281924332,0.00347217312373474,0.00344539569168885,0.00340915101403977,0.00336356666303031,0.00330876192478094,0.00324488040110727,0.00317210823757526,0.00309064940329196,0.00300071272878771,0.00290254029737802,0.00279642156856956,0.0026826369869456,0.00256149871456668,0.00243333973298438,0.00229850685276185,0.00215738319984841,0.00201033729882991,0.00185777896723493,0.00170012993159334,0.0015378235107929,0.00137130025834578,0.00120102681089749,0.00102745282369502,0.000851071537893745,0.000672363224676694,0.000491806114044444,0.00030989507712694,0.000127137997324005,-5.59543333104205e-05,-0.000238896541623127,-0.000421194977495182,-0.00060232842301617,-0.000781805012115742,-0.000959138337172675,-0.00113384929342455,-0.00130545078553497,-0.00147347012907457,-0.00163744274260641,-0.00179693348841706,-0.00195149188371933,-0.00210070852168125,-0.00224415789889148,-0.00238146435754407,-0.0025122355763077,-0.00263612779779319,-0.00275278555516008,-0.00286189971411274,-0.00296317772918844,-0.0030563206264552,-0.00314108836342996,-0.00321725708394645,-0.0032845969319816,-0.00334295013200593,-0.0033921310918622,-0.0034320203508082,-0.00346250181744249,-0.00348349839540687,-0.00349494575562128,-0.00349681100497123,-0.00348909730045859,-0.00347182641428064,-0.00344503678455566,-0.0034088079723929,-0.0033632338425808,-0.00330844719976183,-0.00324457868891734,-0.00317181917570358,-0.00309037941415563,-0.00300046788814359,-0.00290232654926102,-0.00279624179804134,-0.00268248225319115,-0.00256137224281346,-0.0024332420825686,-0.00229844584689286,-0.00215734728351857,-0.00201033823797866,-0.00185781859926225,-0.00170021241221541,-0.00153794635339283,-0.0013714589495325,-0.00120121335188944,-0.00102767389455931,-0.000851310089277681,-0.000672621270255917,-0.000492085870859906,-0.000310199227660803,-0.000127456853712201,5.56271826768409e-05,0.00023856606651313,0.000420851081744891,0.00060198618098583,0.000781472063545358,0.00095882236458474
0.000476896525854323,0.000680618559627825,0.000882486595024669,0.00108193595237255,0.00127842047079586,0.00147139790692687,0.00166034169515443,0.00184473879830839,0.00202407199538715,0.00219786897709701,0.00236564192587226,0.00252692235922338,0.00268128226444214,0.0028282941557641,0.00296755555747329,0.00309867905550013,0.00322130813670865,0.00333511561473267,0.00343977908389344,0.00353500553164652,0.0036205482212116,0.00369616462266341,0.00376164537644929,0.00381682543256374,0.00386153212456951,0.00389566281732674,0.00391910751715012,0.00393180652051152,0.00393372529792057,0.00392486321657236,0.00390524248208473,0.0038749189579874,0.00383396853391546,0.00378251249163182,0.00372068274068816,0.00364865028920565,0.00356661806695135,0.00347482251888358,0.00337349403662382,0.00326292855755291,0.00314341746281604,0.00301528606455108,0.00287888822025846,0.00273460427095658,0.00258281306271399,0.00242394070509267,0.0022584302782994,0.00208673529847738,0.00190932064572754,0.00172667052663357,0.00153929326268197,0.00134769751697353,0.00115240174823273,0.000953958128942998,0.000752891354059313,0.000549764391309957,0.000345134919104246,0.000139554658258345,-6.63954988292971e-05,-0.000272164644210616,-0.00047717852636713,-0.000680898296722839,-0.000882746992707136,-0.00108217644768402,-0.00127863643671562,-0.0014715941132463,-0.00166051871193225,-0.00184488114512148,-0.00202419225005332,-0.00219795964833385,-0.00236569383272442,-0.00252693625914693,-0.00268126346728907,-0.00282824223553816,-0.00296746388753888,-0.00309856139186807,-0.00322115453040853,-0.00333492477876192,-0.00343955021630408,-0.00353475609908685,-0.00362027526058092,-0.00369587424050612,-0.00376134616461649,-0.00381650867079073,-0.00386120871078754,-0.00389533309970978,-0.00391878056586627,-0.00393148473383036,-0.00393340969858707,-0.00392455578123935,-0.00390494281761386,-0.0038746310693032,-0.0038337027440688,-0.00378226083210032,-0.00372045992199883,-0.00364845707708019,-0.00356645517998053,-0.00347468204700082,-0.00337337777735819,-0.00326283665559951,-0.0031433550924114,-0.00301525058874044,-0.00287888034764466,-0.00273463071211949,-0.00258288838998676,-0.00242405720463349,-0.00225857556327003,-0.00208691087260296,-0.00190951767181676,-0.00172688996180399,-0.00153953462488931,-0.00134795981129155,-0.00115268272996136,-0.000954248144229599,-0.000753197554387687,-0.000550077272500867,-0.000345446286594844,-0.000139879892490147,6.60773290077261e-05,0.000271861408475868
-0.00044894209511903,-0.000214344490262459,2.08441295804552e-05,0.000255983521127394,0.000490414254843035,0.000723490462417271,0.000954590511046772,0.00118307039779976,0.00140831108134041,0.00162970558158718,0.00184661600393829,0.00205847195356552,0.00226468937764961,0.00246469859187618,0.00265795171436493,0.00284390990999201,0.00302208145547125,0.00319198437003083,0.00335313075323863,0.00350507766897171,0.0036474178203631,0.0037797551541636,0.00390172877890069,0.00401301899880458,0.0041132919531278,0.00420231393902594,0.0042798070016411,0.0043455574084323,0.00439939362282855,0.00444117872687797,0.00447079364838825,0.00448815132728373,0.00449319823335016,0.00448593319548717,0.00446636538706537,0.0044345588998426,0.00439059645936357,0.00433460278781168,0.00426673536892839,0.0041871720607553,0.00409613223639547,0.00399385531148422,0.00388063805043803,0.0037567836562649,0.00362262266631887,0.00347853518373814,0.00332491249658452,0.00316217688667571,0.0029907863180994,0.00281119200868437,0.00262389062145938,0.00242940256879461,0.0022282488470092,0.00202099002127178,0.00180818717712947,0.00159044028817496,0.00136833820039423,0.00114248437437783,0.000913493976543046,0.000682016339789185,0.000448665735500208,0.000214089277511953,-2.10834146352217e-05,-0.000256191912996135,-0.000490604611587754,-0.000723668407415491,-0.000954745812512165,-0.00118320909623195,-0.00140843175592099,-0.00162978320595609,-0.00184667679429976,-0.00205849044361646,-0.00226467195710068,-0.00246464616642075,-0.00265787646896089,-0.00284381294809748,-0.0030219540698691,-0.00319181330125339,-0.00335291440024592,-0.0035048328463065,-0.00364715559009885,-0.00377948869753295,-0.00390146508770666,-0.00401273979585857,-0.00411301597232782,-0.00420202091200986,-0.00427951154625011,-0.0043452669686102,-0.00439911131387785,-0.00444090380670957,-0.00447051957535989,-0.00448788432210328,-0.00449295583271288,-0.00448569976569701,-0.00446616555022124,-0.00443438983286833,-0.00439044748870558,-0.00433446499403219,-0.00426662278048485,-0.00418707810992865,-0.00409606487744823,-0.00399382256912573,-0.00388063278951922,-0.00375680894863691,-0.00362269556347401,-0.00347863045634968,-0.00332504188719905,-0.00316233407035445,-0.00299095112045167,-0.00281137811715978,-0.0026241071639943,-0.00242963437493236,-0.00222851032531443,-0.00202126852139184,-0.00180848039876344,-0.00159073667717344,-0.00136862869844272,-0.00114277314638243,-0.00091379357031985,-0.000682300833776119
-0.00169470464208575,-0.00143304290937516,-0.00116745634773419,-0.000898662217630327,-0.000627409892419114,-0.000354442456206223,-8.05003040935177e-05,0.000193667773338272,0.000467305649090746,0.000739655671428544,0.00100997244743186,0.00127753833883196,0.00154158834896635,0.00180142233682975,0.00205631828558032,0.00230558193332745,0.00254851925244791,0.0027844736479283,0.00301279827996553,0.00323286814766718,0.00344406134364372,0.00364581544822174,0.00383757925837822,0.00401882688516393,0.00418905735070789,0.00434780603510359,0.00449463620229588,0.0046291451913867,0.00475096145696264,0.00485975572721266,0.00495522718800417,0.0050371208888169,0.00510520047398191,0.00515928489394229,0.00519922735284422,0.0052249261803476,0.00523630360302656,0.00523333215306964,0.00521600438706926,0.00518438780905178,0.00513855885469957,0.00507865184888764,0.00500482257624735,0.00491726869716951,0.00481623513445847,0.00470200954821728,0.00457489225245755,0.00443522481698477,0.00428340469007194,0.00411985490257493,0.0039450003746066,0.00375933867380117,0.00356337615643154,0.00335764502289931,0.00314271295440329,0.00291916451156376,0.00268762268510018,0.00244872095597356,0.00220309321364145,0.00195144128489004,0.00169443682186204,0.00143279871947664,0.00116722940466996,0.000898464036540105,0.00062722370687412,0.000354279825493158,8.0353682388868e-05,-0.000193796893850585,-0.000467410397695512,-0.000739736319226052,-0.00101003054430976,-0.00127755610173982,-0.0015415880557769,-0.00180138571662135,-0.00205625306544174,-0.00230548541957244,-0.0025484110320915,-0.00278433684567689,-0.00301262761631939,-0.00323266384912863,-0.00344385418843974,-0.00364560158071339,-0.00383735336275588,-0.00401858871171693,-0.00418881773701116,-0.00434755183669816,-0.00449438473789097,-0.00462889511964389,-0.0047507166285468,-0.00485951554829937,-0.00495500229306654,-0.00503689431391544,-0.00510498630137922,-0.00515909646358588,-0.00519905318245428,-0.00522477688842462,-0.00523616543485443,-0.00523319896657533,-0.00521590008582443,-0.00518431436454522,-0.00513850779054412,-0.005078625137375,-0.00500482447469308,-0.00491729613661358,-0.00481628983777929,-0.00470207596689691,-0.00457498382713924,-0.00443534385327683,-0.0042835464520563,-0.00412001208053884,-0.00394518721210541,-0.0037595415605526,-0.00356359927886017,-0.00335788536345947,-0.00314296902124395,-0.00291943312316692,-0.00268789492257641,-0.00244898505184188,-0.00220337223614207,-0.00195171557106126
-0.00330857406929624,-0.00302673622966586,-0.00273660584017908,-0.00243897240470124,-0.00213465372238859,-0.00182447115487346,-0.00150930254522081,-0.00118998657209349,-0.00086741648903002,-0.000542475934830187,-0.000216046264357282,0.000110981772475303,0.000437704864875017,0.000763226878394053,0.00108666006525707,0.00140711726123823,0.00172371357271474,0.00203559146971129,0.00234188047413641,0.00264174672987432,0.00293437359032646,0.00321896478953149,0.00349472800806076,0.00376091560076183,0.00401678444315923,0.00426164886729033,0.00449483143598515,0.00471569640886304,0.00492362820422852,0.00511806398205887,0.00529847068003013,0.00546436283540635,0.00561526845909394,0.00575078252847617,0.00587053848122274,0.00597420497463009,0.0060614873796843,0.00613216481191287,0.00618602752221686,0.00622293176735765,0.00624277374558496,0.00624551786773941,0.0062311402351441,0.00619969067821989,0.00615123824161578,0.00608593262226768,0.00600393833646237,0.00590549076372881,0.0057908472080043,0.00566033359608396,0.00551430286267307,0.00535316529138112,0.0051773650487564,0.00498737481151411,0.00478370600295595,0.00456692612433764,0.0043376186912725,0.00409643687386112,0.00384402603915443,0.00358108706992532,0.00330833159211364,0.00302650927574088,0.00273639309448419,0.00243877277048823,0.00213447841152077,0.00182432807204651,0.00150916846489395,0.00118987868670834,0.000867323366503286,0.0005423994554341,0.000215992285382838,-0.000111014784924713,-0.000437716403088335,-0.000763207998777215,-0.00108661490610118,-0.00140704509099847,-0.0017236286123419,-0.00203548271312359,-0.00234175204473924,-0.00264161136914363,-0.00293422868086089,-0.00321879497340955,-0.00349454345079758,-0.00376071119634367,-0.00401658474922903,-0.00426144181649059,-0.00449462246820844,-0.00471548525368061,-0.00492342361691356,-0.00511785969752683,-0.00529827772378384,-0.00546417796958963,-0.00561510178440907,-0.00575062467936894,-0.00587039088900454,-0.00597406121577351,-0.00606136418243865,-0.00613205219856461,-0.00618593230144228,-0.00622286124439864,-0.00624273682345428,-0.00624548948258428,-0.00623114059441518,-0.00619970249462886,-0.00615126768349035,-0.00608597358466882,-0.00600400439172566,-0.00590556364041514,-0.00579095905168888,-0.00566047770486887,-0.00551446915388128,-0.00535334017155006,-0.00517754645477727,-0.00498756335958927,-0.00478391263919437,-0.0045671446825634,-0.00433785682334112,-0.00409667669418747,-0.00384426702249653,-0.00358133516894205
-0.00533259753929466,-0.00504096956524438,-0.00473554515569289,-0.00441713246368726,-0.00408661229559037,-0.0037448767232068,-0.00339289149528894,-0.00303159508174512,-0.00266199604368057,-0.0022851082755314,-0.00190194728803296,-0.00151357445890207,-0.0011210541852941,-0.000725447923616571,-0.000327874856958639,7.06086067128748e-05,0.000468904504084514,0.000865900770190739,0.00126051824697391,0.001651690211071,0.00203833172888871,0.00241939078931708,0.00279381297092556,0.0031605768442683,0.00351868355462772,0.00386713725693118,0.00420499292409797,0.00453132746758811,0.00484523483524693,0.00514586634379772,0.0054323935514122,0.00570402804304711,0.00596002655635543,0.00619968889332419,0.00642235535159828,0.00662742210198881,0.00681431920485789,0.00698254157740588,0.00713162125511019,0.00726115880096271,0.00737078923996782,0.00746021692446555,0.00752919942317548,0.00757753981231599,0.0076051126805556,0.00761185125241331,0.0075977157731882,0.00756275906769859,0.00750705944392122,0.00743079606936855,0.00733415904425184,0.0072174249481308,0.00708090866524587,0.00692499371760853,0.00675009149162307,0.00655668961891109,0.00634530801287588,0.00611653307127034,0.00587100712412554,0.00560938825618379,0.00533239271573828,0.00504078488406634,0.00473536079442166,0.00441695674416787,0.00408645313736999,0.00374474190042803,0.00339276351322978,0.00303150152395944,0.00266191361407201,0.00228503373906018,0.00190189352288501,0.00151353680587226,0.00112103298900364,0.000725461605690517,0.000327897508236477,-7.05644884437759e-05,-0.000468828258036931,-0.000865818334499482,-0.00126043752938369,-0.00165158847240996,-0.00203821408069203,-0.00241925183439476,-0.0027936590879053,-0.00316041297065565,-0.00351851934903405,-0.00386697212267835,-0.00420482463393534,-0.00453115590880443,-0.00484506476773708,-0.00514568596400835,-0.00543222040965505,-0.00570386859646991,-0.0059598823660743,-0.00619955149103293,-0.00642223404933804,-0.00662729898354331,-0.00681421505072655,-0.00698244636037027,-0.00713155237446538,-0.00726109448729354,-0.00737074447651505,-0.00746018786396176,-0.00752918397651092,-0.00757753817216961,-0.0076051300942947,-0.00761187463818205,-0.00759775161732436,-0.00756281388977907,-0.0075071521461455,-0.00743089694332994,-0.00733428467828002,-0.0072175636758872,-0.00708106187685157,-0.00692515006943549,-0.00675025810543983,-0.00655686009663123,-0.00634549721307258,-0.00611672740987725,-0.00587120329136219,-0.00560959441533163
-0.00779899747465647,-0.00751177419215145,-0.00720397417371547,-0.00687642368011558,-0.00653002386168315,-0.00616573040573385,-0.00578452648490024,-0.00538747315831481,-0.00497565158221679,-0.00455018559723106,-0.00411225544261673,-0.00366305016343529,-0.00320380382655948,-0.00273576992129318,-0.00226025080107052,-0.00177853403014669,-0.00129193927722751,-0.000801806422337752,-0.000309480305913593,0.000183704624482094,0.000676378749655471,0.00116719579976399,0.00165480918074936,0.00213789321335394,0.00261511780668214,0.00308517374314444,0.00354676678285142,0.00399864229802417,0.00443956077208127,0.00486831390830776,0.00528372012237821,0.00568464299289491,0.00606997682351317,0.00643867894169071,0.00678973290159326,0.00712217303946843,0.00743509254602302,0.0077276338185577,0.00799899514273352,0.00824843464701949,0.00847526224747237,0.00867885784992673,0.00885865631541397,0.00901417981123828,0.0091449930242687,0.00925074777384454,0.00933114716249339,0.00938597624180375,0.00941506896762378,0.00941835453607274,0.00939583469225101,0.00934755678892855,0.00927365856006276,0.00917433751565933,0.0090498707270143,0.00890060716885298,0.00872694339905423,0.00852935949831776,0.0083083948001322,0.00806466120779466,0.00779883262733169,0.00751161835186644,0.00720381439687722,0.00687627420499594,0.00652987708790058,0.00616559646009606,0.00578441413279757,0.00538737149101281,0.0049755695121133,0.0045501285816813,0.00411220260482651,0.00366300796262227,0.00320377226028751,0.002735761401143,0.00226024919540758,0.00177855499933083,0.0012919800389924,0.000801866668392327,0.000309541871276633,-0.000183615771296355,-0.000676276733415347,-0.00116708243637689,-0.00165469219334754,-0.00213776514851532,-0.00261498185908305,-0.0030850387630422,-0.0035466425779878,-0.00399851223160034,-0.00443942872098118,-0.00486816697475089,-0.00528357267277218,-0.0056844990361184,-0.00606985395182319,-0.00643856170174387,-0.00678961815194503,-0.00712206926296358,-0.00743500019593582,-0.00772755510938739,-0.00799893039066236,-0.00824837012117264,-0.00847520916226741,-0.00867881436955855,-0.00885863886890512,-0.00901417221101405,-0.00914500523365648,-0.00925076962301615,-0.00933118532655607,-0.00938602689386179,-0.00941513661801975,-0.00941843614448189,-0.00939593343449113,-0.00934766599375406,-0.00927377215010777,-0.00917446699034572,-0.00905001884699319,-0.00890075992940144,-0.00872710490872331,-0.00852952279408106,-0.00830857513983295,-0.00806484129565718
-0.0107266025401735,-0.0104618338142714,-0.0101683900723149,-0.00984707169511623,-0.00949876530681878,-0.00912442062513078,-0.00872506898971303,-0.00830179511888046,-0.00785576807502537,-0.00738821540510463,-0.0069004093679804,-0.00639368821247852,-0.00586944245672147,-0.00532911122924064,-0.0047741718407109,-0.00420614543672244,-0.00362659071257258,-0.00303709701208375,-0.00243927955485706,-0.00183477568977886,-0.00122524475318293,-0.000612363572549211,2.20120992086621e-06,0.000616766240339751,0.00122963362263309,0.00183912845091359,0.00244358086516864,0.00304134121362659,0.00363077197740277,0.0042102468609231,0.00477817022878867,0.0053330003468627,0.00587321533785004,0.00639734252683761,0.00690391948497865,0.00739158322768102,0.00785898728533127,0.00830484144764372,0.00872793138468451,0.00912710626164254,0.00950126111608627,0.00984936877433237,0.0101704700774081,0.0104637072254788,0.0107282731532031,0.0109634261601384,0.0111685276298651,0.0113430247041876,0.0114864307184306,0.0115983533841016,0.0116784824126521,0.0117266028118538,0.0117425758040234,0.0117263631592791,0.0116780116337597,0.0115976516444649,0.0114854988428141,0.0113418736592763,0.0111671555094534,0.0109618400801011,0.01072646790377,0.0104617020672512,0.0101682560853263,0.00984694238475949,0.00949864659399289,0.00912431188165765,0.0087249675605691,0.00830171050878572,0.00785569958729879,0.00738815856060941,0.00690035691544306,0.00639365262273003,0.00586942179433698,0.00532908869244542,0.00477415764719181,0.00420614668448205,0.0036266043530951,0.00303713230909604,0.00243933043549202,0.00183484357134456,0.00122531782400083,0.000612444072016106,-2.1200593525257e-06,-0.000616676528998034,-0.0012295306006182,-0.00183902550468758,-0.00244348222860107,-0.00304123800564908,-0.00363065687902272,-0.00421012783122343,-0.00477805630437292,-0.00533288689614846,-0.00587310826586059,-0.00639723841978578,-0.00690382829321397,-0.00739148756044885,-0.00785889941048727,-0.00830477298616905,-0.00872787135888558,-0.0091270547989262,-0.00950122015622631,-0.00984934203389742,-0.0101704680950785,-0.0104637162374462,-0.0107282915723137,-0.0109634612792471,-0.0111685765751305,-0.0113430771447701,-0.0114864930293239,-0.0115984219844166,-0.0116785571531836,-0.0117266831150437,-0.011742667378598,-0.0117264700308611,-0.0116781333736694,-0.0115977816416966,-0.0114856384855729,-0.0113420133912781,-0.0111673046649806,-0.0109619748652852
-0.0141178098506565,-0.0138972089300241,-0.0136385168666292,-0.0133424431289609,-0.0130097980134295,-0.0126414981172766,-0.0122385398565185,-0.0118020389088208,-0.0113331959751228,-0.0108332786376021,-0.010303677694032,-0.00974583192188891,-0.00916127517388568,-0.00855160180265017,-0.00791849012579674,-0.00726367657663383,-0.0065889560707427,-0.0058961672376866,-0.00518722340974481,-0.00446406433254515,-0.00372867328682302,-0.00298305644090399,-0.00222926927184769,-0.00146936778175015,-0.000705445473705366,6.04139913317442e-05,0.000826105037890298,0.0015895396935477,0.00234861035955813,0.0031012470880973,0.00384537476524772,0.00457897051614568,0.00530001537174241,0.00600653344357377,0.00669658664512478,0.00736829089689819,0.00801979383076014,0.00864931361840859,0.00925512022630312,0.00983555269958725,0.0103890365618868,0.0109140444456186,0.0114091349581901,0.0118729611347747,0.0123042399233928,0.0127017969307152,0.0130645434013131,0.0133914800250277,0.0136817148062891,0.0139344520160102,0.0141489875848993,0.0143247376361046,0.0144612202227267,0.0145580721568019,0.0146150188354862,0.0146319077245819,0.0146086973630096,0.0145454423555982,0.0144423165050525,0.0142996044851213,0.0141176983179377,0.0138971029470861,0.0136384135004691,0.0133423488376231,0.0130097022759341,0.0126414128697181,0.0122384678300147,0.0118019831900351,0.0113331405908436,0.0108332334377806,0.0103036353337498,0.00974580142667931,0.0091612461207131,0.00855158428844421,0.00791848153836218,0.00726367677374273,0.00658896349533313,0.00589619483299934,0.00518726039584534,0.00446410936977608,0.00372872549525913,0.0029831244075112,0.00222933764933119,0.00146944227212026,0.000705515713387334,-6.0332361376419e-05,-0.000826027486209047,-0.00158945222394499,-0.00234852290580798,-0.00310115432407784,-0.00384528644792849,-0.00457888072122696,-0.0052999296859963,-0.00600645484144296,-0.00669651617026683,-0.00736821524713062,-0.00801972419032223,-0.00864924982995331,-0.00925507191117558,-0.00983553094840206,-0.0103890278762946,-0.0109140474674965,-0.011409149082829,-0.0118729841832251,-0.0123042789363412,-0.0127018413907999,-0.0130645871246572,-0.0133915274991373,-0.0136817631496476,-0.0139345013046372,-0.0141490390295803,-0.0143247964451972,-0.0144613014939659,-0.0145581615535253,-0.0146151225648519,-0.0146320145276201,-0.014608803133147,-0.0145455510993869,-0.014442431162078,-0.0142997130941895
-0.0179564174025033,-0.0178049238684934,-0.0176046292774113,-0.0173560763393113,-0.0170599614117112,-0.0167170852514316,-0.0163283874465695,-0.0158949373580168,-0.015417918351126,-0.0148986308495253,-0.0143385166895949,-0.0137391008186792,-0.0131020318972282,-0.0124290441527553,-0.011721992134816,-0.0109828054986031,-0.0102135238562613,-0.00941623720558136,-0.00859314463769124,-0.00774650449780858,-0.00687863261688821,-0.00599189732108399,-0.00508874213274569,-0.00417164853137543,-0.00324311991864085,-0.0023056975975822,-0.00136195575145755,-0.000414483823828299,0.000534121290154128,0.00148126093482887,0.00242434450599031,0.00336078752526578,0.00428801495909774,0.00520349334924049,0.00610471000014444,0.00698919111687452,0.00785451444569638,0.00869831158901449,0.00951826049209738,0.0103121200576658,0.0110777031899505,0.0118129329971512,0.0125157913524037,0.0131843439328903,0.0138167483069567,0.0144112922373283,0.0149663347254883,0.0154803613925022,0.0159519623397555,0.0163798429471201,0.0167628193072612,0.017099845987724,0.0173899945644288,0.017632483377619,0.0178266395196749,0.0179719364253782,0.0180679848191526,0.0181145156286249,0.0181113756402308,0.0180585973096307,0.0179563179995944,0.0178048289810694,0.0176045409962853,0.0173560021620399,0.017059891189723,0.0167170258447514,0.0163283423781076,0.0158948994051372,0.0154178838417859,0.0148986098028256,0.0143384982851014,0.0137390861939228,0.0131020166379322,0.0124290402161382,0.0117219880488571,0.0109828155561314,0.0102135349340239,0.00941625712955087,0.00859317169266178,0.00774653715158918,0.00687867568589305,0.00599195251495709,0.00508880729097831,0.00417171140077637,0.00324317965172974,0.00230576086238986,0.00136202234474027,0.000414557509980155,-0.000534055229057925,-0.00148119658825479,-0.00242428136362969,-0.00336072183696337,-0.0042879494534628,-0.00520342701646515,-0.00610464896354982,-0.00698913916701919,-0.00785446668958666,-0.00869826053686923,-0.00951822156733761,-0.0103120859389096,-0.0110776951575906,-0.011812947110821,-0.01251581111293,-0.0131843686407679,-0.0138167830956253,-0.0144113262777637,-0.014966380732985,-0.0154804174619915,-0.0159520133000651,-0.0163798832750997,-0.0167628622753403,-0.0170998968531451,-0.0173900589281967,-0.0176325532213778,-0.0178267178606807,-0.0179720228557026,-0.0180680686465394,-0.0181145897196168,-0.01811146584786,-0.0180586857641649
-0.0222066509225518,-0.0221516660056064,-0.0220359635293596,-0.0218598608925756,-0.0216238464792863,-0.0213285613145359,-0.0209748253650217,-0.0205635928557871,-0.0200959917163226,-0.0195733115648657,-0.018996982263856,-0.018368582081958,-0.017689844848799,-0.0169626230502674,-0.0161888994046646,-0.0153707975075041,-0.0145105689785134,-0.0136105707164337,-0.0126732708363834,-0.0117012242222949,-0.0106971048805617,-0.00966367710486752,-0.00860375776570598,-0.00752025181768703,-0.00641614134224138,-0.00529443469002041,-0.00415821805423003,-0.00301061245555439,-0.00185475831439262,-0.000693812189751476,0.00046902859562911,0.00163058729841221,0.002787679565898,0.00393713206297487,0.00507579134341168,0.00620053708083747,0.0073082860234179,0.00839601272575001,0.00946070927028385,0.0104994819048132,0.0115094767720079,0.0124879253800377,0.0134321479598117,0.0143395519606878,0.0152076476131145,0.0160340611931247,0.0168165346867961,0.0175529165347248,0.0182411779100962,0.0188794444601328,0.0194659653422229,0.0199991370357123,0.0204774852395431,0.0208997111616492,0.0212646448607663,0.0215712914927397,0.0218188175086713,0.0220065422877145,0.0221339477555542,0.0222006821998394,0.0222065696199382,0.0221515924869086,0.0220358918660391,0.0218598005306269,0.0216238004005764,0.0213285179464268,0.0209747886519686,0.0205635643682974,0.0200959739184664,0.0195732998571734,0.0189969779434776,0.0183685870230284,0.017689843033831,0.016962621531773,0.0161889035508856,0.0153708112669715,0.0145105858318539,0.0136105913191838,0.0126732846241232,0.011701250842594,0.0106971421337496,0.0096637164306756,0.00860379912488739,0.00752029888384253,0.00641618927843748,0.00529448899137053,0.00415828816384645,0.00301067252045902,0.00185481063960925,0.000693860413753402,-0.000468987086441115,-0.00163054988452502,-0.00278764557392608,-0.00393708828022281,-0.00507574927314702,-0.00620049530557844,-0.00730825680902866,-0.00839597766458559,-0.00946068947801493,-0.0104994681392832,-0.0115094699414136,-0.0124879307235002,-0.0134321549754306,-0.014339564715686,-0.0152076676999284,-0.0160340897170566,-0.0168165705292092,-0.0175529484199788,-0.018241215228976,-0.018879486138243,-0.0194660133629707,-0.0199991806038707,-0.0204775346372494,-0.0208997493689148,-0.0212646864739347,-0.0215713411090448,-0.021818881193288,-0.0220066099476592,-0.0221340148114033,-0.0222007579278078
-0.0268135682412708,-0.0268839249595504,-0.0268805938949744,-0.0268035899565046,-0.0266531261775729,-0.0264295996362558,-0.0261336340816295,-0.0257660332796774,-0.0253278178480246,-0.0248201800647595,-0.0242445082886189,-0.0236023825683221,-0.0228955676873775,-0.0221259963130679,-0.0212957746835888,-0.0204071787095638,-0.0194626636457149,-0.0184647905067846,-0.0174163106117041,-0.0163200947397434,-0.0151791474775612,-0.0139965957653545,-0.0127756833130836,-0.0115197471980354,-0.0102322400496276,-0.00891667976750476,-0.00757668705513822,-0.00621592766995263,-0.0048381293317856,-0.00344707351164001,-0.00204656275740311,-0.000640447769126944,0.000767416804784467,0.00217318724085658,0.00357299766026819,0.00496301698016501,0.00633943337639299,0.00769846874721535,0.00903639851595492,0.0103495674073913,0.0116343702939676,0.0128872904938818,0.0141048819548263,0.0152838126398412,0.0164208489660967,0.0175128735836907,0.0185568985389497,0.0195500619989846,0.0204896347320678,0.0213730509797134,0.0221978853004769,0.0229618809442367,0.0236629343353263,0.024299137800843,0.0248687376962834,0.0253701706188104,0.0258020582238364,0.0261632202951274,0.0264526806578292,0.0266696450115619,0.0268135043954866,0.0268838689423183,0.0268805485800174,0.0268035506481077,0.0266530841648729,0.0264295629462061,0.0261335942572605,0.0257660023152347,0.0253277896338549,0.0248201578994181,0.0242444920055257,0.0236023740726619,0.0228955650383143,0.0221259967344764,0.0212957841224627,0.0204072008670596,0.0194626807670868,0.0184648187932765,0.0174163372550354,0.0163201187936894,0.0151791681788288,0.0139966236347688,0.0127757100196604,0.0115197839488365,0.0102322785981002,0.0089167320874272,0.00757674210874359,0.0062159867296159,0.00483818360240984,0.00344712242758473,0.00204660619663412,0.000640493507539956,-0.000767380074844054,-0.00217315237826075,-0.00357296789642556,-0.0049629817718044,-0.00633939461651717,-0.00769843927627823,-0.00903637952294313,-0.01034955065043,-0.0116343574465973,-0.0128872722518275,-0.0141048733963287,-0.0152838083543606,-0.0164208544204075,-0.0175128862478964,-0.0185569172569964,-0.0195500841193008,-0.0204896751182029,-0.0213730892367595,-0.0221979219273587,-0.0229619158589429,-0.0236629728707323,-0.0242991750184485,-0.0248687760966348,-0.0253702095558094,-0.0258021042652622,-0.0261632813792493,-0.026452741411932,-0.026669710168915
-0.0317048774248572,-0.0319296147252461,-0.0320668330684812,-0.0321161608349263,-0.0320774603363312,-0.0319508360281131,-0.0317366309007325,-0.0314354427529819,-0.0310480931901311,-0.0305756408511613,-0.0300193893337649,-0.029380849986887,-0.0286617730977861,-0.0278641382268111,-0.0269901346440217,-0.0260421501296463,-0.0250227864459158,-0.0239348391954269,-0.0227812882212519,-0.0215652869780513,-0.0202901887885996,-0.0189594705550278,-0.0175767927513071,-0.0161459370837071,-0.0146708192697566,-0.0131554916752925,-0.0116041090576383,-0.010020913196764,-0.00841025702476522,-0.00677655048025876,-0.00512427329788821,-0.00345794087396389,-0.00178213765712312,-0.000101456626500869,0.00157950965789767,0.00325614822313217,0.00492385877384386,0.00657807575552589,0.0082142667382678,0.00982794085143741,0.0114146777252672,0.012970127885299,0.0144900222167037,0.0159702039847769,0.0174066155119797,0.0187953168693213,0.0201324920365344,0.0214144824060012,0.0226377841272939,0.0237990369703288,0.0248950602658421,0.0259228458609853,0.0268795847460677,0.0277626447664804,0.0285696054709864,0.0292982686582798,0.0299466168440705,0.0305128836202683,0.0309955200166521,0.0313932064446209,0.0317048394672377,0.0319295773490501,0.0320667979180544,0.0321161324140417,0.0320774275966431,0.0319508026776642,0.0317365983014096,0.0314354163098059,0.0310480659762841,0.0305756158584108,0.0300193620732477,0.0293808334243321,0.0286617695203089,0.0278641403264785,0.0269901437049214,0.0260421663897064,0.0250228122947492,0.0239348631764743,0.0227813099955878,0.0215653172923508,0.0202902179162143,0.0189595004815212,0.0175768227502912,0.0161459698595317,0.0146708555646733,0.0131555385057355,0.0116041639207961,0.0100209802208245,0.00841032164745822,0.00677660693519599,0.00512431995152179,0.00345799112830821,0.00178218469833496,0.000101494995386328,-0.0015794764626369,-0.00325611348560092,-0.00492382241163777,-0.00657804012678439,-0.00821424012942244,-0.00982791146993761,-0.0114146444367152,-0.0129700900808019,-0.0144899969290156,-0.015970186838345,-0.0174066026095915,-0.0187953027633062,-0.0201324895170315,-0.0214144951431421,-0.0226378059574035,-0.0237990584556277,-0.024895084084676,-0.0259228725756649,-0.0268796143084275,-0.027762681616571,-0.0285696498948413,-0.0292983044762423,-0.0299466597706838,-0.0305129313222346,-0.0309955701817367,-0.0313932477236032
-0.0367941120247346,-0.0372010574968863,-0.0375060412356373,-0.0377082209635361,-0.0378070491171321,-0.0378022459756286,-0.0376938341127957,-0.0374820952863946,-0.0371676254353561,-0.0367512769391968,-0.0362342023334996,-0.0356178102839287,-0.0349037895383425,-0.0340940992198937,-0.0331909592309284,-0.0321968537648638,-0.0311144918224758,-0.0299468511159084,-0.028697123386618,-0.0273687375612123,-0.0259653405242307,-0.0244907715921212,-0.0229490713635787,-0.0213444727191791,-0.0196813743361349,-0.0179643304626278,-0.0161980456234323,-0.0143873540747891,-0.0125372427585559,-0.0106527646423294,-0.00873908783127855,-0.00680145773082719,-0.00484518657301132,-0.00287563491078898,-0.000898201721489287,0.00108169463226575,0.00305862567221933,0.00502717225437853,0.00698195063273227,0.00891758719495926,0.0108287753549928,0.012710282636659,0.0145569528989669,0.0163637297145744,0.0181256578611489,0.0198378952370055,0.0214957503577447,0.0230946916461573,0.0246303355393166,0.0260984699585628,0.0274950681246674,0.0288163075820453,0.0300585616093614,0.0312184323205167,0.0322927242430317,0.0332785149850568,0.0341730894089265,0.0349740026157388,0.035679051927492,0.0362863027710502,0.0367940954548693,0.0372010431150333,0.0375060245433193,0.0377082024346155,0.0378070258595646,0.0378022237528588,0.0376938072314416,0.0374820668803139,0.0371675974410928,0.0367512557521612,0.0362341838490408,0.0356177951215053,0.0349037759717492,0.0340940937987856,0.03319096091096,0.0321968569346054,0.0311145055047751,0.0299468660565647,0.0286971482095583,0.0273687730225902,0.0259653710729808,0.0244908043099191,0.0229491109453755,0.0213445177196546,0.0196814240268658,0.0179643835288696,0.0161980996600768,0.0143874220149678,0.0125372991830065,0.0106528204059497,0.00873914274007592,0.00680151961972182,0.00484524236652481,0.0028756853847484,0.000898246057477584,-0.00108165608039399,-0.00305859279120006,-0.00502714081047822,-0.00698191034329093,-0.00891754924759386,-0.0108287456335614,-0.0127102552219236,-0.0145569291751277,-0.0163637059628364,-0.0181256283564194,-0.0198378745099407,-0.0214957485676057,-0.0230946997913041,-0.0246303456312691,-0.0260984851387726,-0.0274950881790569,-0.0288163289185637,-0.0300585894402355,-0.0312184603547394,-0.0322927577032529,-0.0332785483733446,-0.0341731296884129,-0.0349740379877788,-0.0356790814360439,-0.0362863219074506
-0.0419847356545061,-0.0425991078033331,-0.0430967122588811,-0.0434761943602225,-0.0437365079674177,-0.0438769496337221,-0.0438971220552366,-0.0437969793317293,-0.0435767868991495,-0.0432371544995721,-0.0427790066234019,-0.0422036131079772,-0.0415125426984235,-0.0407076774274445,-0.0397912436569594,-0.038765746815911,-0.0376339909327493,-0.0363990923403496,-0.0350644209322285,-0.0336336459975827,-0.0321106708111195,-0.0304996838287123,-0.0288051017480047,-0.027031567840399,-0.0251839421974996,-0.0232672920256043,-0.0212868686081054,-0.0192480944703821,-0.0171565612512536,-0.0150180084811327,-0.0128382866436587,-0.0106233855415847,-0.00837936617287221,-0.00611237628615888,-0.00382862925246381,-0.00153439490021879,0.000764042730636311,0.00306039048480615,0.00534835685492744,0.00762166031732246,0.00987406047435208,0.0120994011976305,0.014291587566545,0.016444603331167,0.0185525469884428,0.020609634161417,0.0226102264179094,0.0245488486650465,0.0264201824036975,0.0282190988083149,0.0299406772195606,0.0315801843480677,0.0331331362643308,0.03459526804693,0.0359625824329058,0.0372313193258205,0.0383980227378391,0.0394594733212155,0.0404127686383925,0.0412552869256878,0.0419847294997356,0.0425990904510584,0.0430966989642628,0.0434761801612027,0.0437364977778059,0.0438769346123969,0.0438971071006471,0.0437969620205804,0.0435767718535247,0.0432371403329791,0.0427790016982847,0.0422036019936609,0.0415125282634133,0.0407076718795027,0.0397912430704192,0.0387657521698478,0.0376340085067464,0.0363991124108113,0.0350644493160872,0.033633674210581,0.0321107130949124,0.0304997260337432,0.0288051435833185,0.0270316088759498,0.0251839870542998,0.0232673399455119,0.0212869172409237,0.0192481479604556,0.0171566267178753,0.0150180708582958,0.0128383612942267,0.0106234499499305,0.00837942843734823,0.006112434401182,0.00382868787557769,0.001534441462015,-0.000764004922327483,-0.00306035680454341,-0.00534831535174965,-0.00762162316488435,-0.00987404170752404,-0.0120993926392389,-0.014291572506984,-0.0164445928226048,-0.018552526839846,-0.0206096249546473,-0.0226102273123272,-0.0245488533699862,-0.0264201903049418,-0.028219118522084,-0.0299406963241518,-0.0315802076260085,-0.0331331524737112,-0.0345952873755368,-0.0359625983059053,-0.0372313477937206,-0.0383980388686542,-0.0394594909764211,-0.0404127847187604,-0.0412552997852842
-0.0471750483104293,-0.048018036192264,-0.0487294070766427,-0.0493072210321422,-0.0497498762727232,-0.0500561756717873,-0.05022526895428,-0.050256713554291,-0.0501503936863329,-0.0499066223160829,-0.0495260550333784,-0.0490097425061128,-0.0483590901012356,-0.0475759002620475,-0.0466623070370116,-0.0456208199273901,-0.04445427859409,-0.0431658958590319,-0.0417591980696369,-0.0402380467191758,-0.0386065996982489,-0.0368693332182744,-0.0350310061347503,-0.0330966700142564,-0.0310716077242066,-0.0289613875682942,-0.0267717856052805,-0.0245088175227552,-0.0221786544586917,-0.0197877111555495,-0.0173425219749715,-0.0148498052734649,-0.0123163820022759,-0.00974920368729614,-0.00715529918663623,-0.00454179755954357,-0.00191583455518021,0.000715376492473391,0.00334463061052787,0.00596470692778555,0.00856843943374861,0.0111486832314018,0.0136983781475863,0.0162105193663018,0.0186782312837326,0.0210947453508955,0.0234534528404872,0.0257478636364615,0.027971709945131,0.0301188769258355,0.0321834984770685,0.0341599049609456,0.0360426931470069,0.03782667521935,0.0395069828199397,0.0410790010961829,0.0425384326846451,0.0438812653242016,0.0451038245897837,0.0462027471936686,0.0471750385716345,0.0480180229804911,0.0487293974516881,0.0493072120985251,0.0497498810526093,0.0500561701949279,0.0502252692005448,0.0502567023146887,0.0501503891188289,0.049906613863664,0.0495260545504049,0.0490097417798013,0.0483591059763842,0.0475759121222127,0.0466623212791119,0.045620830828702,0.0444542993233353,0.0431659119388623,0.0417592225867069,0.0402380722435132,0.0386066323379004,0.0368693695584227,0.0350310536030118,0.0330967096999206,0.0310716575944315,0.0289614352074248,0.0267718395412213,0.0245088538811768,0.0221787042918382,0.0197877523441031,0.0173425689430544,0.0148498451970752,0.0123164271789993,0.00974924969006594,0.00715535542989697,0.00454183100440288,0.00191587123973731,-0.000715350198960741,-0.00334459927941849,-0.00596468479092367,-0.00856842221753379,-0.0111486749135993,-0.0136983677327883,-0.0162105157401461,-0.0186782375814337,-0.021094758810476,-0.0234534534999534,-0.02574787268893,-0.0279717138291666,-0.030118895082082,-0.032183515952924,-0.034159924718033,-0.0360426942954207,-0.0378266833455033,-0.0395069900749983,-0.0410790134429147,-0.0425384401024076,-0.0438812758379062,-0.0451038274654662,-0.0462027591537097
-0.0522632084759653,-0.0533507628732589,-0.0542920763300419,-0.0550845761567492,-0.05572609281728,-0.0562148797633002,-0.0565495770937744,-0.0567292793145502,-0.0567534881320889,-0.0566221447492935,-0.056335590637343,-0.0558946347872333,-0.0553004712849524,-0.0545547441045802,-0.0536594746328272,-0.0526171381040641,-0.0514305757886116,-0.0501030450273631,-0.0486381826005445,-0.0470400119621451,-0.0453129032571373,-0.0434616036662772,-0.0414911720724409,-0.0394070170847327,-0.0372148436439396,-0.0349206768982079,-0.0325307959251361,-0.0300517519839913,-0.0274903303732438,-0.0248535581776619,-0.0221486698700932,-0.0193830777204476,-0.0165643435330164,-0.013700212859996,-0.0107985361272453,-0.00786726439698293,-0.00491442265873466,-0.00194811850066434,0.0010235303545086,0.00399237481623127,0.00695028603519368,0.00988913361999252,0.012800874010717,0.0156775256508174,0.0185112139982382,0.0212941616845139,0.0240187522939959,0.0266775049950728,0.0292631375276947,0.0317685602366586,0.0341869084113731,0.0365115507476647,0.0387361183893333,0.0408545087713168,0.0428609318273041,0.0447498733428808,0.0465161575714504,0.0481549365544063,0.049661730178881,0.051032404577827,0.0522632074808835,0.0533507566665769,0.0542920793956186,0.0550845796997124,0.055726094201754,0.0562148747701657,0.0565495782116495,0.0567292787512678,0.0567535000907999,0.0566221490329387,0.0563356093413479,0.0558946564839136,0.0553004995047681,0.0545547632412996,0.0536595010317883,0.0526171553951394,0.0514305958774539,0.0501030709705451,0.0486382150391531,0.0470400439116092,0.0453129456982465,0.0434616361529118,0.041491210802173,0.0394070573990484,0.0372148906651598,0.0349207132525072,0.0325308271521326,0.0300517729749397,0.0274903516504459,0.0248535800761839,0.0221486877089424,0.0193830861590655,0.0165643662286563,0.0137002361354449,0.010798561660799,0.00786728187505443,0.00491443883417166,0.00194812077193318,-0.00102353114446156,-0.00399238267410272,-0.00695027840711326,-0.0098891268146128,-0.0128008727454244,-0.0156775326637551,-0.0185112252717019,-0.0212941771106517,-0.0240187557255747,-0.0266775108410529,-0.0292631424807419,-0.0317685665243,-0.0341869104030157,-0.0365115584596968,-0.0387361268759385,-0.0408545169444906,-0.0428609328321599,-0.0447498774915319,-0.0465161582062549,-0.0481549402575168,-0.049661730016578,-0.0510324109348773
-0.0571519929344564,-0.0584937720007874,-0.0596752222841298,-0.0606931104956279,-0.0615446416514175,-0.0622274777221717,-0.0627397630465868,-0.0630800807910032,-0.0632474921384347,-0.06324154493817,-0.0630622594455769,-0.0627101286536061,-0.0621861157771877,-0.0614916581699888,-0.0606286427724618,-0.0595994583471662,-0.058406915768222,-0.0570542837572295,-0.0555452713415482,-0.053884018653924,-0.0520750628640202,-0.0501233835900649,-0.0480343113150643,-0.0458135781155409,-0.0434672776202512,-0.0410018408505792,-0.0384240077931016,-0.0357408657355462,-0.0329597626167097,-0.0300883142896579,-0.0271343959377243,-0.0241061102221761,-0.0210117489643714,-0.0178597964046449,-0.0146588910996337,-0.0114177993036042,-0.00814540920964952,-0.00485070654367982,-0.00154270764670155,0.00176952270841625,0.00507690698500522,0.00837036729753608,0.0116408927744395,0.0148795078738711,0.0180773418812526,0.0212256284409659,0.02431573066075,0.0273391836077955,0.0302877143207134,0.0331532219298197,0.0359278651020624,0.0386040232765928,0.0411743777485782,0.0436318722442829,0.0459697793921015,0.048181681814386,0.0502615253426087,0.0522035969138135,0.0540025906607878,0.0556535702957407,0.0571520046608893,0.0584937895440106,0.0596752458921733,0.0606931242005008,0.0615446556175071,0.0622274954135408,0.0627397787889939,0.0630800853227857,0.0632475015197664,0.06324156584844,0.063062294905556,0.0627101647309168,0.0621861504976546,0.0614916904018277,0.0606286840477583,0.0595994962997197,0.0584069572212771,0.057054323350644,0.0555453096542037,0.0538840440283055,0.0520750905932896,0.0501234067368944,0.048034336310016,0.0458136086480068,0.0434673106089665,0.0410018629124889,0.0384240349106983,0.0357408841126661,0.0329597752116857,0.0300883222274707,0.0271344023082731,0.0241061101026235,0.021011749780832,0.0178597933761519,0.0146588823957804,0.0114177925431547,0.00814541064278028,0.00485069752965213,0.0015426893935989,-0.0017695452321648,-0.0050769247437404,-0.00837039243409342,-0.011640911794368,-0.0148795268473705,-0.0180773529152843,-0.0212256416257428,-0.0243157440308942,-0.0273391989841384,-0.0302877246116745,-0.0331532329043485,-0.0359278696168283,-0.0386040302581946,-0.0411743758076008,-0.0436318721719325,-0.0459697794242184,-0.048181683852154,-0.0502615173995956,-0.0522035958243066,-0.054002590682986,-0.0556535684142245
-0.0617528238279153,-0.0633515148354306,-0.0647765591983229,-0.0660240682708443,-0.067090606553239,-0.0679732637815275,-0.0686695975671203,-0.0691777162633332,-0.0694962218107363,-0.069624247779222,-0.0695614335770868,-0.0693079583965214,-0.0688645141184919,-0.0682323264036878,-0.0674131152851164,-0.066409124936163,-0.0652231100248358,-0.0638583298259558,-0.0623185128939906,-0.0606078907469206,-0.0587311437168332,-0.0566934208066518,-0.054500303656316,-0.0521578097871262,-0.0496723463544472,-0.0470507414830645,-0.0443001636649515,-0.0414281710052033,-0.0384426213751444,-0.0353517095067428,-0.0321638966682067,-0.0288879265368171,-0.0255327725016797,-0.0221076470840879,-0.0186219142962481,-0.0150851447622693,-0.0115070215124476,-0.00789736310665944,-0.00426605740676814,-0.000623068181102689,0.00302164210537173,0.00665806794882384,0.0102762478050653,0.0138662555784677,0.0174182603821883,0.0209225110496678,0.0243694269866393,0.0277495460665219,0.0310536088640775,0.0342725526136297,0.0373975564057008,0.0404200534546853,0.043331769853436,0.0461247132921805,0.0487912338203394,0.0513240081341887,0.0537161169526259,0.0559609909104911,0.0580524906442697,0.0599848597207595,0.0617528243464992,0.0633515243457127,0.0647765857604913,0.0660240868724014,0.0670906365658899,0.0679732836762042,0.0686696247398759,0.0691777429854888,0.0694962524866858,0.0696242773704711,0.0695614669779897,0.0693079925784456,0.0688645631654278,0.06823236787158,0.067413157269655,0.0664091623538688,0.0652231530128518,0.0638583681665346,0.062318554511214,0.0606079205442739,0.0587311728068849,0.0566934479796571,0.0545003327222974,0.0521578316982027,0.0496723765803801,0.0470507625215481,0.0443001891796432,0.0414281847738688,0.0384426300019048,0.0353517074406979,0.0321638958552772,0.0288879196524036,0.0255327644163856,0.022107619937694,0.0186218909464639,0.0150851122358542,0.011506997680418,0.00789733352487225,0.00426602911587829,0.000623028014736885,-0.00302167419070932,-0.0066581004534682,-0.0102762672420649,-0.0138662781763953,-0.0174182750154557,-0.0209225319345348,-0.0243694405254582,-0.0277495578507163,-0.0310536059334919,-0.0342725538745117,-0.0373975600641315,-0.0404200602474018,-0.0433317675358887,-0.0461247183870869,-0.0487912265946936,-0.0513240096278974,-0.0537161157124004,-0.0559609994107689,-0.0580524838502227,-0.0599848611167799
-0.0659886789531262,-0.0678396054891464,-0.0695045829554111,-0.070979060828204,-0.0722589859508679,-0.0733408592773895,-0.0742217059899807,-0.0748991174545598,-0.0753712367792766,-0.0756367654065169,-0.0756949826569798,-0.0755457296666181,-0.0751894047883467,-0.0746269931043213,-0.0738600255453286,-0.0728906190557757,-0.0717214265828249,-0.0703556505473382,-0.0687970303356506,-0.0670498451087229,-0.06511888083529,-0.0630094348883711,-0.0607272822878402,-0.0582786787451797,-0.0556703386722223,-0.0529094118517191,-0.0500034674855528,-0.0469604645583243,-0.0437887367926517,-0.0404969971257405,-0.0370942474901176,-0.0335898289130568,-0.0299933470346637,-0.0263146608299196,-0.0225638371079219,-0.0187511682765452,-0.0148871091925211,-0.0109822444247049,-0.00704727263112851,-0.00309299094539926,0.000869772364636275,0.00483015317663693,0.00877729634063677,0.0127003796764438,0.0165886475550999,0.0204314532368438,0.0242182619865121,0.0279386806629033,0.0315825236166568,0.0351397965207949,0.0386007543257147,0.0419559094244794,0.0451960686419197,0.0483123527691497,0.0512962203731566,0.0541394844326607,0.0568343529682683,0.0593734479316695,0.0617498017237824,0.0639569005512859,0.0659886979699264,0.0678396220318799,0.0695046061542712,0.0709790818353525,0.0722590061699984,0.0733408790913439,0.0742217354134775,0.0748991500479699,0.0753712683855572,0.0756368021957718,0.0756950181329317,0.0755457573320594,0.0751894362714981,0.0746270253392226,0.0738600656175426,0.0728906545958843,0.0717214585222982,0.0703556836810366,0.068797069254435,0.0670498832420537,0.0651189210735826,0.0630094598983285,0.0607273056082392,0.0582786984667629,0.0556703539355458,0.0529094209160059,0.0500034627268561,0.0469604524356641,0.0437887306542609,0.0404969857127472,0.0370942427222904,0.0335898175994053,0.0299933265568341,0.0263146287763164,0.0225638070352438,0.0187511385492918,0.0148870737832395,0.0109822064922809,0.00704724032495851,0.00309295846632162,-0.000869803422623347,-0.00483018112850965,-0.00877731909099653,-0.0127004013523501,-0.0165886687528232,-0.0204314734326845,-0.0242182713941082,-0.0279386837287714,-0.0315825226966266,-0.0351398049930251,-0.0386007623272303,-0.0419559227590236,-0.0451960847619531,-0.0483123653528526,-0.0512962188174221,-0.0541394793688344,-0.0568343490929871,-0.0593734313123244,-0.0617497781977914,-0.0639568835348008
-0.069795882514728,-0.0718869252161401,-0.0737809375449954,-0.0754727136302031,-0.0769576311704349,-0.0782316065907278,-0.079291157852146,-0.0801333771435338,-0.080755958900003,-0.0811571937479209,-0.0813359817277766,-0.081291832872138,-0.081024872175098,-0.0805358163093037,-0.0798260250309276,-0.0788974364718804,-0.0777525895169182,-0.076394633274175,-0.0748272860493247,-0.0730548387654774,-0.071082155518841,-0.068914642380975,-0.0665582338565593,-0.0640194004066816,-0.0613050976827328,-0.0584227576933776,-0.0553802876600418,-0.0521860180485458,-0.0488487114036592,-0.0453775085441323,-0.0417819383534798,-0.038071843667326,-0.0342573998669815,-0.0303490579420927,-0.0263575299836186,-0.0222937537576884,-0.0181688740097204,-0.0139941956963767,-0.00978115620559555,-0.00554130849056427,-0.0012862766146553,0.00297228980268029,0.00722270430843301,0.0114533201822127,0.0156525435306963,0.0198088675730881,0.023910897247328,0.0279473915822566,0.0319072773083063,0.0357797090197601,0.0395540631969707,0.0432200098809737,0.046767492584582,0.0501867894895646,0.0534685274064856,0.0566037186675067,0.0595837606975999,0.0624004849504291,0.0650461724729679,0.0675135756723817,0.0697959269597258,0.071886965488414,0.0737809641443058,0.0754727440832139,0.0769576618864033,0.0782316399373211,0.0792911871738592,0.0801334089116676,0.0807559906412527,0.0811572250763926,0.0813360095715336,0.0812918600212841,0.0810248944769112,0.0805358439800366,0.0798260482026379,0.0788974618889785,0.0777526185130221,0.0763946639741863,0.0748273164849835,0.0730548711434804,0.0710821836660791,0.0689146681623517,0.0665582566190905,0.0640194136799534,0.0613051027245502,0.0584227591453011,0.0553802801356,0.0521860101227159,0.0488487038065215,0.0453775075200361,0.0417819296958121,0.0380718339480789,0.0342573780704249,0.0303490260770685,0.0263574866985995,0.0222937142411438,0.0181688298668985,0.0139941550145697,0.00978111997496049,0.00554127329268554,0.00128624694093477,-0.00297231953559651,-0.00722273995453895,-0.0114533533557449,-0.0156525762647418,-0.0198088953542752,-0.0239109124322185,-0.0279474009156753,-0.0319072858208799,-0.0357797089625956,-0.0395540626159393,-0.0432200095652486,-0.0467674969205817,-0.0501867853851198,-0.0534685233842182,-0.0566037054843985,-0.0595837373781269,-0.0624004513176427,-0.0650461361049934,-0.0675135327748358
-0.073124461387564,-0.0754363608050183,-0.0775414955414908,-0.0794340958385013,-0.0811089700850312,-0.08256153026935,-0.0837877924474254,-0.0847843999690348,-0.0855486192423617,-0.0860783620267813,-0.086372165230767,-0.0864292222809477,-0.0862493854314434,-0.0858331454664318,-0.0851816473134735,-0.0842966708706976,-0.0831806443962879,-0.0818366228635974,-0.0802682878312007,-0.0784799467740848,-0.0764764975833437,-0.0742634334067038,-0.0718468176086271,-0.0692332818183862,-0.0664299787486971,-0.0634445940531079,-0.0602853061895255,-0.056960783436269,-0.0534801326496648,-0.0498528981813157,-0.0460890260035097,-0.0421988356588725,-0.0381929735314286,-0.0340824125599623,-0.0298784428153634,-0.0255925786908002,-0.0212365641483686,-0.0168223404681234,-0.0123620191456275,-0.0078678097531526,-0.00335202592759985,0.0011729387827461,0.00569469524692654,0.0102008361882366,0.0146790224552056,0.0191169764491541,0.0235025294131431,0.0278236609593976,0.0320685283114735,0.036225501176409,0.0402831812311161,0.0442304457148609,0.0480564772149033,0.051750790715404,0.0553032593923955,0.0587041470301919,0.0619441295767273,0.0650143286228256,0.0679063236979,0.0706121901676501,0.0731245203380661,0.0754364079169095,0.0775415392176618,0.079434136558495,0.0811090078567885,0.082561572894903,0.0837878372053005,0.0847844461559801,0.0855486686679961,0.0860784011603331,0.0863721994905603,0.0864292627356077,0.0862494312436903,0.0858331853517529,0.0851816756065092,0.0842966923797277,0.0831806665183583,0.0818366458641869,0.0802683164717042,0.0784799743977016,0.0764765223640444,0.0742634577229248,0.0718468407381702,0.0692332941701571,0.0664299773991977,0.0634445818923103,0.0602852963639981,0.0569607749933066,0.0534801284933249,0.0498528888314565,0.0460890061517761,0.0421988003437587,0.038192935375689,0.0340823774324954,0.0298784035697878,0.0255925326372293,0.0212365196090464,0.0168222997840536,0.0123619670745846,0.00786775517962539,0.00335197426535114,-0.00117298635061835,-0.00569473175987868,-0.0102008749635598,-0.0146790531746858,-0.0191169977823493,-0.0235025450797306,-0.0278236753261662,-0.0320685401559132,-0.0362255043071096,-0.0402831819309033,-0.0442304364502007,-0.0480564623728555,-0.0517507739543218,-0.0553032408028353,-0.0587041179286696,-0.0619440880020809,-0.0650142790088014,-0.0679062690015501,-0.0706121305183626
-0.0759374552887901,-0.0784443582438702,-0.0807362453124547,-0.0828068409566741,-0.0846504651277675,-0.0862620592488478,-0.0876372244706453,-0.0887721838054377,-0.0896638235452306,-0.0903096990963539,-0.0907080478185886,-0.0908577711397927,-0.0907584563697837,-0.0904103836467157,-0.0898144997372422,-0.0889724396164145,-0.0878865152081164,-0.0865596956085541,-0.0849956226042971,-0.083198579536051,-0.0811734972577999,-0.078925919813229,-0.0764620242918927,-0.0737885424144167,-0.0709128133370869,-0.067842717204736,-0.0645866735929544,-0.0611535973436085,-0.0575529051513258,-0.0537944639169486,-0.0498885748086602,-0.0458459377371251,-0.0416776495956927,-0.037395121707876,-0.0330100992648857,-0.0285345957080259,-0.0239808823455644,-0.0193614387658215,-0.0146889318472351,-0.00997615425838915,-0.00523603720799423,-0.000481563227982202,0.00427423189133838,0.00901831335629024,0.0137376755174405,0.0184193852046403,0.0230506063632599,0.0276186471819414,0.0321109818845549,0.0365153006248018,0.040819538406036,0.0450118963331496,0.0490808716863651,0.0530153234861885,0.056804466892804,0.060437908556254,0.0639056914562905,0.0671983143897354,0.0703067563439964,0.0732224869597879,0.0759375143872182,0.0784444082354832,0.0807362916466462,0.0828068922042392,0.084650514155851,0.0862621164669325,0.0876372820729943,0.0887722443114172,0.0896638861482157,0.0903097582891829,0.0907081002729368,0.0908578188384382,0.0907585004123382,0.090410426997397,0.0898145375587767,0.088972474753487,0.0878865424156115,0.0865597210811153,0.084995643289866,0.0831986022535783,0.081173512921547,0.0789259379860079,0.0764620330129485,0.0737885491779884,0.070912812925018,0.0678427095228055,0.0645866573763534,0.0611535816262565,0.0575528813664956,0.0537944407449184,0.0498885459244857,0.0458459097068619,0.0416776146988041,0.0373950810011979,0.0330100510285726,0.0285345521538914,0.0239808355376049,0.0193613858249627,0.0146888726174362,0.0099760988188395,0.00523597829331651,0.00048151211011402,-0.00427427713642909,-0.00901834811963616,-0.0137377043231262,-0.0184194048586725,-0.023050623349133,-0.0276186479530799,-0.0321109807744874,-0.0365153035177166,-0.0408195385356358,-0.0450118871744186,-0.0490808596321739,-0.0530153021107135,-0.0568044366416584,-0.060437871409353,-0.0639056500219935,-0.0671982713545403,-0.0703067075901673,-0.0732224314445488
-0.0782092749248466,-0.0808795071443181,-0.0833280623705498,-0.0855482118338641,-0.0875338767186516,-0.0892796239121586,-0.0907806659480551,-0.092032891571304,-0.0930328572253878,-0.093777817813912,-0.0942657425896615,-0.0944952951743545,-0.0944658504856572,-0.094177470029101,-0.093630961044379,-0.0928278135627439,-0.0917702323233142,-0.0904611162527518,-0.0889040549160981,-0.0871033096030312,-0.0850638237382055,-0.082791176105163,-0.0802916075191335,-0.0775719668259557,-0.0746397068338577,-0.0715028595220907,-0.0681700354323657,-0.0646503643609217,-0.0609534862174108,-0.0570895375286536,-0.0530691122109305,-0.0489032209354645,-0.0446032937676073,-0.0401811150861646,-0.0356488039844683,-0.0310187827098289,-0.0263037484805573,-0.0215166147472991,-0.0166704905236894,-0.0117786690114767,-0.00685457209245961,-0.00191168845907362,0.00303643695694025,0.0079762473363687,0.0128941882177405,0.017776790853849,0.0226106572018437,0.0273825602143795,0.0320794098600267,0.0366883322012138,0.041196693386152,0.0455921387897442,0.0498626136654845,0.0539964162687717,0.0579822170289199,0.0618090963105392,0.0654665577387077,0.0689445761694365,0.0722336218986321,0.0753246933422946,0.0782092993603357,0.0808795482325154,0.0833281009691928,0.0855482597683329,0.087533937273358,0.0892796833715986,0.0907807262838511,0.0920329508722431,0.0930329087160407,0.0937778760364297,0.0942657985828066,0.0944953514939443,0.0944658949067401,0.0941775175717715,0.0936310044148928,0.0928278566003769,0.0917702707771691,0.0904611493827034,0.0889040819099312,0.0871033333531641,0.0850638437922183,0.0827911986359127,0.0802916210271117,0.0775719764949632,0.0746397119434973,0.071502873325367,0.0681700413875915,0.0646503584330946,0.0609534723712246,0.0570895194908354,0.0530690923070198,0.0489031983461888,0.0446032621426594,0.0401810822756058,0.03564876337854,0.0310187363724611,0.026303686190578,0.0215165420159673,0.0166704216243587,0.011778609454299,0.00685451908881559,0.00191163863573248,-0.00303648569976152,-0.00797627669068354,-0.0128942109169563,-0.0177768034311587,-0.0226106757399333,-0.0273825726403827,-0.0320794197845138,-0.0366883356263546,-0.0411966916979387,-0.0455921299485751,-0.0498626018273464,-0.0539964037289061,-0.0579822001756282,-0.0618090741820121,-0.0654665422593723,-0.0689445637739655,-0.0722336087277005,-0.0753246707671471
-0.0799234016755471,-0.0827204992410497,-0.0852908759827166,-0.0876274720321603,-0.0897238928513266,-0.0915743792421558,-0.093173875626584,-0.0945179780672778,-0.0956030245282879,-0.0964260286322094,-0.096984736437813,-0.0972776054632908,-0.0973038517573105,-0.0970633940501134,-0.0965568926775319,-0.0957857301828483,-0.0947520311396218,-0.0934586188806012,-0.0919090497302626,-0.0901075577814217,-0.0880591005475945,-0.085769270270652,-0.0832443549451155,-0.0804912644065626,-0.0775175564293375,-0.0743313756562898,-0.0709414617667138,-0.0673571003865249,-0.0635881229483652,-0.0596448531503931,-0.055538100780005,-0.0512791207315684,-0.046879584683793,-0.0423515555503517,-0.0377074548641045,-0.0329599979467379,-0.0281222005812954,-0.0232073133360729,-0.0182288227850196,-0.0132003609760194,-0.00813571760179515,-0.00304877227485743,0.00204651808050428,0.00713620695987004,0.0122063343873208,0.0172430052009874,0.0222324097324384,0.0271608860421759,0.0320149135392073,0.0367811947121356,0.0414466556424292,0.0459985143799354,0.0504242898093727,0.0547118611520634,0.058849468723656,0.0628257791648558,0.0666298804341521,0.0702513594716738,0.0736802771017503,0.0769072467373578,0.0799234174764727,0.0827205278530205,0.0852909038962932,0.0876275073643346,0.0897239259557578,0.0915744272545183,0.0931739148186559,0.0945180213667657,0.0956030635643102,0.0964260657630865,0.0969847708562454,0.0972776501927769,0.0973038864808591,0.0970634303962974,0.0965569274682113,0.0957857698528755,0.0947520658438142,0.0934586572055819,0.0919090742345915,0.0901075827840668,0.0880591159123146,0.0857692889353992,0.0832443654034367,0.0804912816994477,0.0775175700967695,0.0743313939348074,0.0709414720501153,0.0673571106298384,0.0635881202099716,0.0596448489267455,0.0555380859106238,0.0512791053669213,0.0468795715960166,0.0423515493359464,0.0377074319683345,0.0329599659893893,0.028122156264724,0.0232072714800169,0.0182287745974359,0.0132003182888148,0.00813567304796062,0.0030487407392185,-0.00204655868278553,-0.00713623998663621,-0.0122063645438183,-0.0172430298909555,-0.0222324342165824,-0.0271609057521509,-0.0320149319517866,-0.0367812026811667,-0.0414466631623673,-0.0459985111263625,-0.0504242907296935,-0.0547118542494481,-0.0588494597158269,-0.0628257630364978,-0.0666298737094598,-0.0702513455937558,-0.0736802652991359,-0.0769072311604306
-0.0810702033196095,-0.0839539861087032,-0.0866076573766773,-0.0890239442204923,-0.0911962278641488,-0.0931185495146646,-0.094785634864929,-0.0961929157641895,-0.0973365447187377,-0.0982133871519689,-0.0988210329437209,-0.0991578090810459,-0.0992227962494535,-0.0990158249668285,-0.0985374616369162,-0.0977890089619426,-0.0967725283491359,-0.0954908030671613,-0.0939473451867515,-0.0921463793446692,-0.0900928428168808,-0.0877923751157675,-0.0852512748020838,-0.0824765006205273,-0.0794756624571967,-0.0762569913089453,-0.0728293042890603,-0.0692019926098385,-0.0653850158325662,-0.0613888162003699,-0.0572243566537884,-0.0529030412133404,-0.0484367234031566,-0.0438376499964081,-0.0391184222897892,-0.0342919711711971,-0.029371529064898,-0.0243705754690867,-0.0193028264272659,-0.0141821735486774,-0.0090226496426815,-0.00383839723362857,0.00135638070853295,0.00654744167244912,0.0117205574169119,0.0168615467468214,0.0219563232440679,0.0269909168297633,0.0319515317650504,0.0368245686456571,0.0415966758572303,0.046254767385683,0.0507860784818449,0.0551781863118983,0.0594190499348147,0.0634970577410707,0.0674010187495211,0.0711202407395417,0.0746445250558151,0.0779642109441149,0.081070206845753,0.0839539955269254,0.0866076772899651,0.0890239672291287,0.0911962474283797,0.0931185675703453,0.0947856528302239,0.0961929350164805,0.0973365630382875,0.0982134056991885,0.0988210434051882,0.0991578204362241,0.0992228129130046,0.099015847358596,0.0985374846822505,0.0977890415333638,0.0967725557361822,0.0954908277864475,0.0939473639702023,0.0921463965873429,0.0900928608430536,0.087792391351303,0.0852512889358781,0.0824765209547064,0.0794756834619321,0.0762570039399162,0.0728293166640679,0.0692020136427744,0.0653850241180323,0.0613888205546755,0.0572243520911425,0.0529030442718361,0.0484367272230104,0.0438376479377035,0.0391184143180257,0.0342919565659209,0.0293715114136147,0.0243705635307921,0.0193028117384906,0.0141821523079697,0.0090226199121509,0.00383835932920033,-0.00135641554834448,-0.00654747997834852,-0.0117205984829074,-0.0168615790811291,-0.0219563523828775,-0.0269909415693909,-0.0319515504212897,-0.0368245805748457,-0.0415966823539852,-0.046254770684854,-0.0507860784777567,-0.0551781829741673,-0.059419055226246,-0.0634970586987426,-0.0674010165808968,-0.0711202359592619,-0.074644523098967,-0.0779642110844739
-0.081644648288179,-0.0845724076884949,-0.0872683611930076,-0.0897251168796924,-0.0919359387671302,-0.0938947779055314,-0.0955962633912166,-0.0970357183908609,-0.0982092114382862,-0.0991135118837448,-0.0997461505255473,-0.100105390607017,-0.10019025137887,-0.100000494674175,-0.0995366460931635,-0.0987999764821565,-0.0977925097112541,-0.0965169940320636,-0.0949769343578197,-0.0931765513720077,-0.0911207665208132,-0.0888152215586747,-0.0862662507223756,-0.0834808303253751,-0.0804665969154982,-0.0772318065464871,-0.0737853362811876,-0.0701366230644308,-0.0662956670923381,-0.0622729966065727,-0.0580796453353851,-0.0537271014383166,-0.0492272943183959,-0.0445925525944375,-0.0398355826722631,-0.0349694279929504,-0.030007431770608,-0.0249631861119087,-0.0198505233676278,-0.0146834489384032,-0.00947613426943131,-0.0042428431826524,0.0010020747723602,0.00624426082131885,0.0114693211471006,0.0166629515662592,0.0218109093655987,0.0268990831014796,0.0319135266563448,0.0368404980419165,0.0416664915229356,0.0463782842548284,0.050962960733502,0.0554079508413431,0.059701066355725,0.0638305453724619,0.0677850683998561,0.0715537997137021,0.0751264054175667,0.0784930929784873,0.0816446343768221,0.0845724011416873,0.0872683579124986,0.0897251138865028,0.0919359384558245,0.0938947778992919,0.0955962624445651,0.097035725295727,0.0982092102596012,0.0991135172252387,0.0997461606907153,0.100105406124728,0.100190270738844,0.100000520415792,0.0995366760678287,0.0988000043185924,0.0977925335215529,0.0965170198284395,0.0949769603445448,0.0931765751189126,0.091120795123842,0.0888152564771917,0.0862662838413322,0.0834808590126045,0.0804666175537861,0.0772318276044188,0.0737853490185722,0.0701366320094049,0.0662956770635918,0.062273003066458,0.0580796485773275,0.0537271048574534,0.0492272906434117,0.0445925495294905,0.0398355816995563,0.0349694330438841,0.0300074322807216,0.0249631836196977,0.019850511242215,0.0146834341604025,0.00947610595694518,0.00424280711324202,-0.00100211971910751,-0.00624429936460062,-0.0114693670821503,-0.0166629945771748,-0.0218109490047027,-0.0268991188037815,-0.0319135641755382,-0.0368405318320059,-0.0416665253264562,-0.0463783113873645,-0.0509629775065734,-0.0554079628553436,-0.0597010830732909,-0.0638305659809665,-0.067785086325933,-0.0715538115726406,-0.0751264163703456,-0.0784931004198399
-0.0816446529931348,-0.0845724122191168,-0.0872683677960292,-0.0897251235927564,-0.0919359511336075,-0.0938947871310529,-0.0955962660297052,-0.0970357216554292,-0.0982092057994837,-0.0991135043368476,-0.0997461418372338,-0.100105384816165,-0.100190247152077,-0.100000490898467,-0.0995366448262467,-0.098799973915521,-0.0977924943900567,-0.0965169752433995,-0.094976918377694,-0.0931765278276651,-0.091120748783487,-0.0888152131165131,-0.0862662433975616,-0.0834808239146139,-0.0804665963134186,-0.0772318106389983,-0.0737853370071531,-0.0701366194998533,-0.0662956625494988,-0.0622729941842855,-0.0580796404466051,-0.0537270945769249,-0.0492272910753998,-0.0445925498116339,-0.0398355828522963,-0.0349694328880562,-0.0300074384618505,-0.0249631939271287,-0.019850527207643,-0.0146834528709465,-0.00947613152250598,-0.00424282888742035,0.00100209424388564,0.00624426752145582,0.0114693293515907,0.0166629562646705,0.0218109115423363,0.0268990817637886,0.0319135185067954,0.0368404923884876,0.0416664876631609,0.0463782832062871,0.0509629501889924,0.0554079369388598,0.0597010511732575,0.0638305294297018,0.0677850522122343,0.0715537851864854,0.0751263896538869,0.0784930834184717,0.0816446249862355,0.0845723916904882,0.0872683450064709,0.089725110237408,0.0919359341299048,0.0938947684110476,0.0955962478307956,0.0970357076986883,0.0982092019779213,0.0991135105731211,0.0997461510315445,0.100105401045895,0.100190267304272,0.100000517607318,0.0995366706518173,0.0988000086979349,0.097792537290305,0.0965170235290992,0.0949769567765934,0.0931765640981741,0.0911207848285179,0.0888152488328672,0.0862662787345794,0.0834808541729051,0.0804666111179883,0.0772318246373865,0.0737853448884952,0.0701366250202659,0.0662956683290567,0.0622729970972003,0.0580796392700446,0.0537270918287833,0.0492272844119636,0.0445925497072537,0.0398355852641896,0.0349694340624209,0.0300074242002955,0.0249631726048858,0.0198505004592869,0.0146834245257376,0.00947610042972553,0.00424279825462052,-0.00100213490789646,-0.0062443119888085,-0.0114693755591013,-0.0166630078184927,-0.0218109666328948,-0.026899138198626,-0.03191357683244,-0.0368405451336832,-0.0416665377292852,-0.0463783196013598,-0.0509629887618793,-0.0554079696813124,-0.0597010851877228,-0.0638305614258729,-0.0677850899304883,-0.0715538123761305,-0.0751264166780102,-0.0784931057741407
-0.081070218190689,-0.0839540034229418,-0.0866076822312496,-0.0890239695521102,-0.0911962480021131,-0.0931185575025933,-0.0947856391939949,-0.0961929218125131,-0.0973365494368218,-0.0982133817795495,-0.0988210146491088,-0.0991577886300854,-0.0992227775927554,-0.0990158060698,-0.0985374403396424,-0.0977889883643529,-0.0967725044817786,-0.0954907701325521,-0.0939473019309871,-0.0921463329486841,-0.0900928046228309,-0.0877923424370482,-0.0852512393137078,-0.0824764717363214,-0.0794756387903825,-0.0762569716414693,-0.072829284189979,-0.0692019760994937,-0.0653849972088395,-0.0613887986937393,-0.0572243373439094,-0.0529030265280079,-0.0484367100306534,-0.0438376425282143,-0.0391184167549854,-0.0342919703901574,-0.0293715263249638,-0.0243705735027604,-0.0193028213978256,-0.0141821659409067,-0.00902263772019497,-0.00383837995748268,0.00135639653073103,0.00654745363385054,0.0117205685088153,0.0168615582436878,0.0219563252170236,0.0269909107375237,0.0319515192354022,0.0368245623148015,0.0415966656610577,0.0462547492398566,0.0507860522495299,0.0551781539374741,0.0594190172891425,0.0634970168315887,0.0674009836368715,0.071120209164101,0.074644497255236,0.0779641885292163,0.0810701865053888,0.0839539707501473,0.086607642347344,0.0890239331617971,0.0911962170575996,0.0931185400582237,0.0947856282830235,0.0961929136453062,0.0973365419531973,0.0982133825129951,0.0988210254617866,0.0991578083090613,0.0992228077282139,0.0990158423735516,0.098537480107111,0.0977890323731592,0.096772550049874,0.0954908157252324,0.0939473500934472,0.0921463858289498,0.0900928492760358,0.0877923776298939,0.0852512750783178,0.0824765045769065,0.0794756744538503,0.076257001749199,0.0728293114891937,0.0692019968623319,0.0653850077851063,0.061388808284671,0.0572243419560576,0.0529030289570806,0.0484367182316398,0.0438376401767475,0.0391184083012528,0.0342919526761698,0.0293715019104886,0.0243705497208294,0.0193027944278412,0.0141821365365238,0.00902260138060267,0.00383833853472575,-0.0013564408674823,-0.00654750661850508,-0.0117206221572899,-0.0168616067165698,-0.0219563847057145,-0.0269909764729181,-0.0319515874046346,-0.036824618645794,-0.0415967091132356,-0.0462547999017209,-0.0507861054589449,-0.0551782080212554,-0.0594190663384747,-0.0634970635538231,-0.0674010245079604,-0.0711202445283369,-0.0746445337952431,-0.0779642231906133
-0.07992342628159,-0.0827205313938631,-0.0852908981121797,-0.0876274943045072,-0.0897239169775631,-0.0915744044177635,-0.0931738854786062,-0.0945179904951725,-0.0956030286956876,-0.0964260260737302,-0.0969847297330767,-0.0972775990201762,-0.0973038340136986,-0.0970633709243792,-0.0965568717341508,-0.0957857098995695,-0.0947519998061362,-0.09345858837854,-0.09190900827071,-0.0901075173686436,-0.0880590536135374,-0.0857692260810655,-0.0832443058436962,-0.0804912190917168,-0.0775175137981767,-0.0743313402907015,-0.0709414272637714,-0.0673570645330803,-0.0635880840600437,-0.0596448141204352,-0.0555380602485806,-0.0512790785883797,-0.0468795457980796,-0.0423515247208441,-0.0377074245677982,-0.0329599660297953,-0.0281221681372161,-0.0232072852886201,-0.0182287910545689,-0.0132003318380284,-0.00813569050905556,-0.00304875722003518,0.0020465354247591,0.00713621725297963,0.0122063392758824,0.0172430102648167,0.0222324089237967,0.0271608694323617,0.03201489253259,0.036781167750269,0.0414466245833938,0.0459984800417481,0.0504242571446267,0.0547118258631553,0.058849430013435,0.0628257344262632,0.0666298368223358,0.0702513136454158,0.0736802388619206,0.0769072063230566,0.0799233761135367,0.0827204814055384,0.0852908588851501,0.087627455150525,0.0897238770711192,0.0915743728004999,0.0931738708756151,0.0945179847441199,0.0956030327474083,0.0964260330102217,0.0969847414966349,0.0972776168576407,0.0973038626538856,0.0970634053500097,0.0965569009897245,0.0957857474739894,0.0947520515673953,0.0934586399866048,0.0919090652876091,0.0901075766514453,0.0880591084662244,0.085769276356202,0.0832443537140304,0.080491268583463,0.0775175608498003,0.0743313859776538,0.0709414688992179,0.0673571043964808,0.0635881207871736,0.0596448428330352,0.0555380823075477,0.0512791011197002,0.046879559118361,0.0423515294062755,0.0377074203205405,0.0329599531788532,0.0281221523443406,0.0232072664002625,0.0182287725708064,0.0132003083760471,0.00813566348132451,0.00304871695201145,-0.00204658402138288,-0.00713626967738761,-0.0122063915792811,-0.0172430559635248,-0.0222324641341244,-0.0271609386274629,-0.0320149670299467,-0.0367812368889318,-0.0414466945446627,-0.0459985422952148,-0.0504243197533374,-0.0547118861930061,-0.0588494877900045,-0.0628257885948398,-0.066629886197034,-0.0702513623287794,-0.0736802802362216,-0.0769072525630158
-0.0782092999258852,-0.0808795385768942,-0.0833280845163567,-0.0855482368905841,-0.0875339096342332,-0.0892796572215761,-0.0907806966976015,-0.0920329165431179,-0.0930328743671039,-0.0937778300822874,-0.0942657550926822,-0.0944953024032219,-0.0944658466761701,-0.0941774634588092,-0.0936309477642074,-0.0928277919675576,-0.0917702047599856,-0.0904610787568478,-0.0889040122395405,-0.0871032676824726,-0.0850637747414236,-0.0827911252104596,-0.0802915581222689,-0.0775719127233667,-0.0746396539818593,-0.071502809011606,-0.068169981861852,-0.064650306162016,-0.0609534307418595,-0.0570894811220097,-0.0530690546887627,-0.0489031688289996,-0.0446032482505766,-0.0401810652665819,-0.0356487548759848,-0.0310187324439015,-0.0263036902611855,-0.0215165541738784,-0.0166704402806001,-0.0117786261612783,-0.00685453609029971,-0.00191165754840328,0.00303646262704156,0.00797625905390355,0.0128941901593588,0.0177767778993667,0.0226106432689767,0.0273825411037243,0.032079377600613,0.0366882847391176,0.0411966370383272,0.0455920771637222,0.0498625496097669,0.0539963536626495,0.0579821573670629,0.061809041196796,0.0654665042384451,0.0689445303141478,0.0722335811855944,0.0753246532584539,0.0782092575108049,0.0808794953421212,0.0833280471560927,0.0855482080863924,0.0875338877686417,0.0892796418053693,0.0907806819233097,0.0920329030729432,0.0930328675960767,0.0937778369589942,0.0942657631087212,0.0944953184851379,0.0944658595911699,0.0941774854189526,0.093630973895894,0.0928278290997961,0.0917702436471007,0.090461131253104,0.0889040654515667,0.0871033205732043,0.0850638289854279,0.0827911866344145,0.0802916166078774,0.0775719770010337,0.0746397193867064,0.0715028735157616,0.0681700413879767,0.0646503633702629,0.0609534763775706,0.0570895265172888,0.0530690940137928,0.0489032015530608,0.0446032655089559,0.040181081366962,0.03564876475627,0.0310187382249768,0.0263036872271509,0.0215165445644544,0.0166704280868229,0.0117786115503544,0.0068545149461582,0.00191163405504963,-0.00303649391066334,-0.00797629646547201,-0.012894236798832,-0.0177768312432159,-0.0226107041303995,-0.0273826087817351,-0.0320794546026456,-0.0366883724086146,-0.0411967259020556,-0.0455921627405682,-0.0498626281375302,-0.0539964284683778,-0.0579822329484895,-0.0618091065583747,-0.065466567134921,-0.0689445899187139,-0.0722336406750832,-0.0753246981025908
-0.0759375163924136,-0.0784444044481662,-0.0807362834344036,-0.082806868248582,-0.0846504910134429,-0.0862620954316998,-0.0876372610546117,-0.088772213382105,-0.0896638483518449,-0.0903097173973015,-0.0907080556802011,-0.0908577759043533,-0.0907584566368212,-0.0904103777849797,-0.0898144836946429,-0.0889724094214747,-0.0878864795569242,-0.0865596573336008,-0.0849955822552176,-0.0831985359327556,-0.0811734482657449,-0.078925869963725,-0.0764619653289144,-0.0737884815445917,-0.0709127535403152,-0.0678426540363771,-0.0645866045966609,-0.061153529009688,-0.0575528375912932,-0.053794395673169,-0.0498885097244629,-0.0458458785636954,-0.0416775890039668,-0.0373950622299921,-0.0330100412598083,-0.0285345386426701,-0.0239808237000701,-0.019361382190154,-0.0146888753575045,-0.00997610496374033,-0.00523599084405443,-0.00048152260523641,0.00427426000324316,0.00901832744322505,0.0137376815039664,0.0184193739825331,0.0230505888318583,0.0276186225911269,0.0321109451796163,0.0365152627726899,0.0408194918938576,0.045011844547233,0.0490808158008158,0.0530152727806267,0.0568044128567919,0.0604378477041555,0.0639056294963376,0.0671982603524934,0.0703067020692117,0.0732224394764531,0.0759374790465567,0.0784443753935316,0.080736259116724,0.0828068562698423,0.0846504792234126,0.0862620850117073,0.0876372518203969,0.0887722117435835,0.0896638486715822,0.0903097283700037,0.090708075068767,0.0908577916975399,0.0907584783404374,0.0904103987092395,0.0898145185010919,0.0889724526731926,0.0878865203198083,0.0865597023665702,0.0849956300096316,0.0831985894153146,0.0811735029262005,0.0789259297269501,0.0764620287986871,0.0737885519416358,0.0709128140975947,0.0678427110899556,0.064586660793421,0.0611535853250961,0.0575528866860224,0.0537944428714073,0.0498885487983244,0.0458459140995626,0.0416776227918764,0.0373950936207635,0.0330100604429093,0.0285345513210967,0.0239808354981842,0.0193613950046367,0.0146888758167718,0.00997610073906879,0.0052359746763035,0.000481498944811073,-0.00427429272858107,-0.00901836488658375,-0.0137377243572872,-0.0184194330164407,-0.023050649492495,-0.0276186810977154,-0.0321110157558285,-0.0365153357593717,-0.0408195713200732,-0.0450119232250515,-0.04908089771271,-0.053015338722493,-0.0568044735713725,-0.0604379120989398,-0.063905700941841,-0.067198321089828,-0.0703067592671687,-0.0732224884218888
-0.0731245126953042,-0.0754364030778026,-0.0775415364388909,-0.0794341277787629,-0.0811090000718568,-0.082561555691403,-0.0837878156999652,-0.0847844183356082,-0.0855486285567791,-0.0860783611121887,-0.0863721583674393,-0.0864292102387885,-0.086249374560052,-0.0858331266989748,-0.0851816227563941,-0.0842966500622213,-0.0831806136792096,-0.0818365907197748,-0.080268259488768,-0.0784799156093736,-0.0764764649092447,-0.0742633908299163,-0.0718467706925733,-0.0692332283949324,-0.0664299202790079,-0.0634445239460136,-0.060285238392381,-0.056960718408643,-0.0534800741285118,-0.049852849223054,-0.0460889750715174,-0.0421987727047015,-0.0381929042492715,-0.0340823528806562,-0.0298783836128822,-0.0255925209119496,-0.0212365122818042,-0.0168222930095724,-0.0123619712995581,-0.00786776242793687,-0.00335199008809888,0.00117297292784921,0.00569471668258329,0.0102008554516678,0.0146790267700442,0.0191169698582439,0.0235025168104942,0.0278236458878576,0.0320685084600559,0.0362254740030161,0.0402831529735591,0.0442304155051037,0.0480564457035776,0.0517507531293986,0.055303219527077,0.0587041022987113,0.0619440853201507,0.0650142780206693,0.0679062687537585,0.0706121440148054,0.0731244795266082,0.0754363834743215,0.077541517431057,0.0794341141197639,0.0811089886049373,0.0825615505936445,0.0837878141001528,0.0847844213649547,0.0855486416249642,0.08607837490061,0.0863721805025709,0.0864292437931189,0.0862494115051963,0.0858331736645261,0.0851816688387216,0.0842966905927625,0.0831806640325057,0.0818366424929969,0.0802683113076944,0.0784799650610609,0.0764765153390636,0.0742634501740312,0.0718468294403552,0.0692332792170192,0.0664299669913381,0.0634445737716823,0.0602852900525696,0.0569607648476133,0.0534801186095128,0.0498528833721591,0.046089006316726,0.0421987996565821,0.0381929313417204,0.0340823781730029,0.029878402556777,0.0255925300505015,0.0212365214833908,0.0168223002292893,0.0123619693468784,0.00786775674174956,0.00335197065709409,-0.0011730034330289,-0.00569475789088909,-0.0102009027212497,-0.0146790876803494,-0.0191170368587188,-0.0235025799673181,-0.0278237072614272,-0.0320685704721805,-0.0362255294890364,-0.0402832068856758,-0.0442304691339962,-0.0480565026644038,-0.0517508146359201,-0.0553032777350105,-0.0587041551630361,-0.0619441318982975,-0.0650143246118244,-0.0679063167407123,-0.0706121869698821
-0.0697959064220962,-0.0718869504076884,-0.0737809573176257,-0.0754727377471899,-0.0769576449328966,-0.0782316199235364,-0.0792911685825018,-0.0801333843652958,-0.0807559588109651,-0.0811571866161187,-0.0813359676438456,-0.0812918191540353,-0.0810248489848756,-0.080535796249387,-0.0798259950229911,-0.0788974040739343,-0.0777525652075127,-0.0763946105296827,-0.0748272547015588,-0.0730548111098609,-0.0710821285071696,-0.0689146100049382,-0.0665582038952455,-0.0640193731487361,-0.0613050642211236,-0.0584227235448013,-0.0553802444756589,-0.0521859752154384,-0.0488486701123377,-0.0453774738891485,-0.0417819064004542,-0.0380718142098633,-0.0342573635472646,-0.030349016399827,-0.0263574905969994,-0.0222937144999849,-0.0181688333319826,-0.0139941590535289,-0.00978112384659386,-0.00554128410006095,-0.00128625610181368,0.00297230214003455,0.00722272148118997,0.0114533345140357,0.0156525554964028,0.0198088669503593,0.0239108878709398,0.0279473716876586,0.0319072617057658,0.0357796913318637,0.0395540543213648,0.0432199941529874,0.0467674793353939,0.0501867705318909,0.053468508921145,0.0566036974228127,0.0595837404758619,0.0624004584115492,0.0650461405522915,0.0675135347745837,0.0697958896179394,0.071886939955777,0.0737809558948681,0.0754727363426424,0.0769576512042719,0.0782316257230649,0.07929118050237,0.0801334052037849,0.0807559856731914,0.0811572135951566,0.0813360023441615,0.0812918572114289,0.0810248881627817,0.0805358397848397,0.079826053549106,0.0788974633200841,0.0777526215397473,0.0763946640572957,0.0748273162342651,0.0730548729959423,0.0710821856730509,0.0689146679137998,0.0665582561650808,0.0640194061841807,0.0613051014304813,0.0584227593144137,0.0553802803146991,0.0521860068971692,0.0488486962470065,0.0453774967364331,0.0417819179539079,0.0380718184193463,0.0342573647907084,0.0303490195534613,0.026357490461654,0.0222937179113774,0.0181688339741873,0.0139941440704576,0.0097811019792633,0.00554125290309063,0.00128621749216499,-0.00297234440191701,-0.00722276132656948,-0.0114533785326541,-0.0156526032799708,-0.0198089232583288,-0.0239109485734808,-0.027947435811876,-0.0319073103289623,-0.0357797388437184,-0.0395541002158709,-0.0432200478796301,-0.0467675271948947,-0.0501868225596929,-0.0534685477294547,-0.0566037213260714,-0.0595837518940695,-0.0624004755637279,-0.0650461615662744,-0.0675135587698995
-0.0659886872835232,-0.0678396172365985,-0.0695045956209721,-0.0709790734812438,-0.0722589967639085,-0.0733408648342678,-0.0742217099640117,-0.0748991203698886,-0.0753712359099266,-0.0756367719912511,-0.0756949861138626,-0.0755457243321871,-0.075189395400603,-0.0746269818420093,-0.0738600161343034,-0.0728906071855018,-0.0717214089842013,-0.0703556295043652,-0.0687970130479584,-0.0670498300685388,-0.0651188703944954,-0.0630094243775146,-0.0607272660181734,-0.0582786713292401,-0.0556703300093553,-0.0529094020165078,-0.0500034490178341,-0.0469604449096832,-0.0437887140837473,-0.0404969708626119,-0.0370942307442236,-0.0335898171749515,-0.029993329844947,-0.0263146338199398,-0.0225638097190231,-0.0187511472594512,-0.014887083316681,-0.0109822174466061,-0.00704724902556562,-0.00309297346802993,0.000869789534564204,0.00483016661333864,0.00877730586683129,0.0127003843259938,0.0165886586253277,0.0204314552332444,0.0242182488228868,0.0279386653411775,0.0315825143577935,0.0351397944137067,0.038600752965955,0.041955913043843,0.0451960810674795,0.048312360982573,0.0512962243340605,0.0541394867470353,0.0568343564140112,0.0593734408563503,0.0617497896519464,0.0639568866053243,0.0659886835760878,0.0678396189387233,0.0695046111879701,0.0709790905154432,0.0722590202943197,0.073340892431815,0.074221748772129,0.0748991576803979,0.0753712769456489,0.0756368130921823,0.0756950312822189,0.0755457709782778,0.075189449556237,0.0746270337605203,0.0738600698339277,0.0728906624831906,0.0717214664600217,0.070355685804478,0.068797074327293,0.0670498871889576,0.0651189292060625,0.0630094724178474,0.0607273101668286,0.0582786976101606,0.0556703554606367,0.052909428330328,0.0500034760041659,0.0469604629967704,0.0437887340522447,0.0404969828571627,0.037094233536074,0.0335898100629686,0.0299933284988848,0.0263146302040071,0.0225638110598617,0.0187511438405917,0.0148870760124504,0.0109822018850301,0.00704722448743453,0.00309292958549375,-0.000869832139520027,-0.00483020966714448,-0.00877734805015873,-0.0127004338896173,-0.0165887030599712,-0.0204315069254734,-0.0242183050901738,-0.0279387224975913,-0.0315825627748248,-0.035139842091116,-0.0386008038819975,-0.0419559674692474,-0.0451961150105869,-0.0483123852150386,-0.0512962399930673,-0.0541395006913409,-0.0568343595758458,-0.0593734498097021,-0.0617497976830691,-0.0639568903580591
-0.0617528201039875,-0.0633515116606592,-0.0647765687677721,-0.066024078234782,-0.0670906117257023,-0.0679732538685534,-0.0686695906916891,-0.0691777173997916,-0.0694962257715254,-0.0696242521591488,-0.069561442007195,-0.0693079657867552,-0.0688645194510878,-0.0682323273982605,-0.0674131111846002,-0.0664091206597555,-0.0652231116895785,-0.0638583279850179,-0.0623185116825377,-0.0606078896357935,-0.0587311343385679,-0.0566934140010236,-0.0545002984479468,-0.0521577983763668,-0.049672338412925,-0.0470507317262963,-0.0443001595728218,-0.0414281658047931,-0.0384426194613628,-0.0353517075362749,-0.0321638891731237,-0.0288879236165719,-0.0255327731866577,-0.0221076409457309,-0.018621901503141,-0.015085129294408,-0.011507013432686,-0.00789735553542115,-0.00426605056293773,-0.000623055511522482,0.00302165456470918,0.00665807474763705,0.0102762435655437,0.0138662522206777,0.0174182554174883,0.0209225195103808,0.0243694334015541,0.0277495469471384,0.0310536098380269,0.0342725528801265,0.0373975597760754,0.0404200604570557,0.0433317739845782,0.0461247216296488,0.048791244891891,0.0513240319431223,0.0537161393316533,0.055961013899256,0.0580525050889065,0.059984875858787,0.0617528388139757,0.0633515368173561,0.064776595201746,0.0660241003334484,0.0670906522869249,0.0679733063090783,0.0686696475327681,0.069177762644522,0.0694962757928474,0.0696243075718709,0.0695615008124297,0.0693080231982092,0.068864578317758,0.0682323777048281,0.0674131586889642,0.0664091651684004,0.0652231587424908,0.0638583717037619,0.0623185512158925,0.060607928014219,0.0587311800168277,0.0566934469484971,0.0545003239160359,0.052157820743314,0.0496723592800436,0.0470507500599339,0.0443001740464248,0.0414281760254637,0.0384426288942326,0.0353517071155069,0.0321638927990661,0.0288879150702308,0.0255327610214503,0.022107621824658,0.0186218865723339,0.0150851130311532,0.011506994510186,0.00789732545770064,0.00426601643907228,0.000623013378630502,-0.00302168986302259,-0.00665811291576192,-0.0102762873493163,-0.0138663026519542,-0.0174183043442679,-0.0209225631058016,-0.0243694704235509,-0.0277495874207032,-0.0310536513664166,-0.0342725968530065,-0.0373975975811852,-0.0404200909662542,-0.0433318004893492,-0.0461247400360882,-0.0487912533965566,-0.0513240362954483,-0.0537161408045427,-0.0559610201130154,-0.0580525015234866,-0.0599848689536397
-0.0571519947302346,-0.0584937714966306,-0.0596752182907184,-0.0606930992135891,-0.0615446221647391,-0.0622274670942893,-0.0627397453801685,-0.0630800558323273,-0.0632474740758796,-0.0632415349530944,-0.0630622522379044,-0.0627101237956632,-0.0621861110757908,-0.0614916561285718,-0.0606286511991461,-0.0595994671765584,-0.0584069259352251,-0.057054295343762,-0.0555452778787828,-0.0538840148177832,-0.052075063235411,-0.0501233847463724,-0.0480343126728213,-0.0458135847590146,-0.0434672826513902,-0.0410018480866639,-0.0384240236528278,-0.0357408773069797,-0.032959772719494,-0.0300883293204656,-0.0271344115295515,-0.0241061197257094,-0.0210117582991825,-0.0178598029377287,-0.0146589004455777,-0.0114178141469574,-0.00814542670170344,-0.00485072308118024,-0.00154271573846203,0.00176951963531963,0.00507690280192427,0.00837036758552519,0.0116408910487304,0.0148795088162142,0.0180773384713879,0.0212256232328708,0.0243157354069619,0.0273391996251783,0.0302877321677418,0.0331532403125561,0.0359278818983931,0.038604047780698,0.0411744031836403,0.0436318973828439,0.0459698049990252,0.0481817122279906,0.0502615568907716,0.0522036347055859,0.0540026224617053,0.0556535887521119,0.0571520228056602,0.0584938032575926,0.0596752538939271,0.0606931410843469,0.0615446766413917,0.0622275200896849,0.0627397993899533,0.0630801218638041,0.063247544102743,0.0632416040220073,0.0630623212271031,0.0627101816325566,0.062186167588577,0.0614916973451969,0.0606286922513462,0.0595995045739543,0.05840696396816,0.057054328643982,0.0555453125422459,0.0538840442934857,0.0520750812491985,0.0501233924192899,0.048034325088638,0.0458135913653394,0.043467287504984,0.0410018408515666,0.0384240112306376,0.0357408680750444,0.0329597620692738,0.0300883071392088,0.0271343887997107,0.0241060997799019,0.0210117338006444,0.0178597719265216,0.0146588627534296,0.0114177767930816,0.0081453897195488,0.00485068029421819,0.00154268180742584,-0.00176955147893137,-0.00507693031827346,-0.00837040510092554,-0.0116409256256854,-0.0148795466802152,-0.0180773815026403,-0.0212256708428423,-0.0243157796308951,-0.0273392347735642,-0.0302877643302684,-0.0331532716197152,-0.0359278989367605,-0.0386040546536858,-0.0411744014235662,-0.0436318979624571,-0.0459697990331881,-0.0481817017765666,-0.0502615401752632,-0.052203615006491,-0.0540026018344157,-0.0556535747060154
-0.0522631993866445,-0.0533507537126217,-0.0542920691129784,-0.055084567763962,-0.0557260843989081,-0.0562148644836406,-0.0565495601134164,-0.0567292610516224,-0.0567534711442093,-0.0566221236950544,-0.0563355783796671,-0.0558946291569893,-0.0553004722036134,-0.0545547415589581,-0.0536594752107853,-0.0526171432463931,-0.0514305761165583,-0.0501030518962105,-0.0486381946046585,-0.0470400239181858,-0.0453129203399039,-0.0434616236683124,-0.0414911983782418,-0.0394070392679428,-0.0372148693843022,-0.0349207030962453,-0.032530821051452,-0.0300517746289115,-0.0274903516964472,-0.0248535852309878,-0.0221486988378709,-0.0193831003419241,-0.0165643704727981,-0.0137002508453029,-0.0107985721597125,-0.00786729379896749,-0.00491444586097853,-0.00194813162238735,0.00102351570505664,0.00399236016400415,0.00695026533095151,0.00988912030393835,0.0128008763061282,0.0156775324444981,0.0185112267217387,0.021294173882066,0.0240187705903935,0.0266775360222803,0.0292631735549955,0.0317685961010917,0.0341869505428538,0.03651159551533,0.0387361703740056,0.0408545671360224,0.0428609859006249,0.0447499176972352,0.0465161985637852,0.0481549826268846,0.0496617801898361,0.0510324514514455,0.0522632475089127,0.0533507924589998,0.0542921130628176,0.0550846193436474,0.0557261426067826,0.0562149263900723,0.0565496248617738,0.0567293241015749,0.0567535393243967,0.0566221888657636,0.0563356418976537,0.0558946821614917,0.0553005207897514,0.0545547878578274,0.0536595241942633,0.0526171768308339,0.0514306050418723,0.0501030727777123,0.0486382135096855,0.0470400334871087,0.045312926520947,0.0434616166881121,0.0414911863560646,0.0394070349599555,0.0372148693186224,0.0349206908696976,0.0325308037789319,0.0300517490877664,0.0274903310798567,0.0248535560858325,0.0221486612092739,0.0193830548019246,0.0165643264705803,0.0137001942417167,0.0107985150675437,0.00786723817826384,0.00491440201244383,0.00194809169007934,-0.0010235541894449,-0.00399240083706132,-0.00695030108501913,-0.00988915102305126,-0.0128008975249257,-0.0156775610198494,-0.0185112549888243,-0.0212942121782028,-0.024018796288786,-0.0266775496669227,-0.0292631690455635,-0.031768591735247,-0.0341869377551331,-0.0365115817143262,-0.0387361489476633,-0.0408545393562234,-0.0428609520939885,-0.0447498908950441,-0.0465161649783703,-0.04815493822584,-0.0496617318069667,-0.0510324059567231
-0.0471750413174661,-0.0480180270865575,-0.0487293994442131,-0.0493072091042989,-0.0497498707005997,-0.0500561715635611,-0.0502252649091315,-0.0502566950554571,-0.0501503786707286,-0.0499066105025663,-0.0495260472879659,-0.0490097402748773,-0.0483590962779578,-0.0475759013270701,-0.0466623083608225,-0.045620819466185,-0.0444542848196766,-0.0431659032837034,-0.0417592045182179,-0.0402380526399299,-0.0386066150044588,-0.0368693562373499,-0.0350310386999009,-0.0330967015337193,-0.0310716516798608,-0.0289614322679629,-0.0267718343975738,-0.0245088595145735,-0.0221787023806585,-0.0197877576460646,-0.0173425735835374,-0.0148498594830747,-0.0123164357404776,-0.00974925449567568,-0.0071553478560905,-0.00454183583117484,-0.00191586934099611,0.000715351123505308,0.00334460531784013,0.00596468521298078,0.00856842321759795,0.0111486746343129,0.0136983761206372,0.0162105259216529,0.0186782482265617,0.0210947713510772,0.0234534794316068,0.0257479019741291,0.0279717472301095,0.0301189330075832,0.0321835613866874,0.0341599732243353,0.0360427498016305,0.0378267359575727,0.039507049607003,0.0410790644884016,0.0425384860231695,0.0438813195102587,0.0451038846671946,0.046202820474352,0.0471751064252398,0.0480180885531667,0.0487294642079757,0.049307275872252,0.0497499347577646,0.0500562345118138,0.0502253382153826,0.0502567646900844,0.0501504445143333,0.0499066638614267,0.0495260979020934,0.0490097903344508,0.0483591475520966,0.0475759508166425,0.0466623558261066,0.0456208549116958,0.0444543126742286,0.0431659220697782,0.0417592178785305,0.0402380621036726,0.0386066200684275,0.036869351921472,0.0350310232557466,0.0330966798427959,0.0310716247620286,0.0289614010051846,0.0267717981713143,0.0245088136097993,0.0221786577372093,0.0197877109737992,0.0173425210558873,0.0148497924276666,0.0123163684160931,0.00974919389459161,0.0071552947398778,0.00454177485501177,0.00191581471137792,-0.00071539497938886,-0.0033446467206292,-0.0059647267499366,-0.00856847024468386,-0.0111487230736233,-0.0136984148222138,-0.0162105546316495,-0.0186782662162674,-0.0210947838628234,-0.0234534838172901,-0.0257479006203651,-0.0279717354597122,-0.0301189067613879,-0.0321835248157168,-0.0341599297090477,-0.0360427082742006,-0.0378266930866729,-0.0395069946273365,-0.0410790184622738,-0.042538442183782,-0.0438812653717038,-0.045103820265333,-0.0462027506381646
-0.0419847289225168,-0.0425991020520336,-0.0430967030345968,-0.0434761877403657,-0.0437365041186714,-0.0438769413480511,-0.0438971111465259,-0.0437969657822102,-0.0435767742506935,-0.0432371460727027,-0.0427790011905875,-0.0422035994590279,-0.0415125200392066,-0.0407076674946115,-0.0397912427604719,-0.0387657483991089,-0.0376339979077962,-0.0363990976705573,-0.0350644288632405,-0.033633659118554,-0.0321106969787543,-0.0304997201248049,-0.0288051377283078,-0.0270316110484605,-0.0251839907365215,-0.023267342485305,-0.0212869167456215,-0.0192481513181131,-0.0171566270620791,-0.0150180789805813,-0.0128383552166135,-0.0106234479944542,-0.00837942712547744,-0.00611243623548899,-0.00382868485493246,-0.00153444176791223,0.000764004113023997,0.00306035627324145,0.00534833000018097,0.00762163662389145,0.00987405298295867,0.0120994041306129,0.0142915917497254,0.0164446099280184,0.0185525547719276,0.020609647349365,0.0226102506086517,0.0245488799272441,0.0264202244755752,0.0282191477810367,0.0299407295383889,0.0315802405360737,0.0331331965032997,0.034595338156049,0.0359626513793214,0.0372313896347459,0.0383980862721407,0.0394595369595883,0.0404128343780328,0.0412553565966015,0.0419848057819146,0.0425991750312307,0.0430967829518095,0.0434762611962907,0.0437365777545796,0.0438770112031203,0.0438971818298355,0.0437970348387538,0.043576837381174,0.0432371984996539,0.0427790512183041,0.0422036508401915,0.0415125814827941,0.040707723464422,0.039791286249076,0.0387657840801916,0.0376340277490282,0.0363991217439859,0.0350644440799971,0.0336336544417244,0.0321106818342563,0.0304996931362373,0.0288051144312448,0.0270315790858072,0.0251839521185891,0.023267295217648,0.0212868718458769,0.01924809907859,0.0171565667409517,0.0150180082912394,0.0128382966767469,0.0106233889559614,0.0083793665222973,0.00611236498699798,0.00382862233811299,0.00153438647224741,-0.000764060818872479,-0.00306042203038387,-0.00534838763647183,-0.00762168887217571,-0.00987409521135187,-0.0120994475485843,-0.0142916282048209,-0.0164446369558003,-0.0185525627950525,-0.0206096487100193,-0.0226102496740863,-0.0245488742630903,-0.0264202051568095,-0.0282191269433844,-0.0299406968991261,-0.0315802042528665,-0.033133151782738,-0.0345952876005786,-0.0359626001495407,-0.0372313409213035,-0.038398032956957,-0.0394594797024435,-0.0404127624647373,-0.0412552844744585
-0.0367941049240883,-0.0372010503114601,-0.0375060254559843,-0.0377082042139774,-0.0378070313229164,-0.0378022291393695,-0.0376938128570136,-0.037482084387325,-0.0371676146863661,-0.0367512675134088,-0.0362341854256811,-0.0356177914386494,-0.0349037721658043,-0.0340940910692921,-0.03319095630161,-0.0321968502237722,-0.0311144982685948,-0.0299468626080364,-0.0286971383856007,-0.0273687654711559,-0.0259653679295229,-0.0244908020913483,-0.0229491099016062,-0.0213445239902092,-0.019681421734302,-0.0179643781630265,-0.0161981028966016,-0.0143874212548328,-0.0125373051144949,-0.0106528224979623,-0.00873914462859764,-0.00680151604748241,-0.00484523891559348,-0.00287568515697205,-0.000898244634372694,0.00108165666848807,0.00305858717775786,0.00502713978872244,0.00698192109707937,0.00891756114998269,0.0108287581332419,0.0127102673656285,0.0145569422268227,0.0163637217514748,0.0181256522450017,0.0198379006268855,0.0214957748366387,0.0230947240066061,0.0246303727212795,0.0260985046830883,0.0274951108897765,0.0288163560417132,0.0300586228269163,0.0312184924226062,0.0322927952844217,0.0332785888766306,0.0341731707399201,0.0349740788930893,0.0356791285374899,0.0362863820277612,0.0367941851944242,0.0372011359929328,0.0375061133594823,0.0377082886690949,0.0378071143869981,0.0378022995112601,0.0376938825805874,0.0374821485454913,0.0371676757180712,0.0367513218211996,0.0362342447259064,0.0356178449035399,0.0349038249821496,0.034094137288405,0.033190992540622,0.0321968804428328,0.031114518316877,0.029946866068721,0.0286971410946288,0.0273687525057597,0.0259653480446346,0.0244907730106626,0.0229490768401153,0.021344477620138,0.019681383735414,0.0179643352155288,0.0161980473109716,0.0143873566016648,0.0125372442574971,0.0106527641462568,0.00873908304536901,0.00680145487763158,0.00484518299180922,0.00287562339749718,0.000898177893289663,-0.00108172251669371,-0.00305865685930821,-0.00502720670936717,-0.00698198101138491,-0.00891761686749826,-0.0108288066337039,-0.0127103138124007,-0.0145569816709819,-0.0163637492881785,-0.0181256685650875,-0.0198379079957982,-0.0214957713207201,-0.0230947201283736,-0.0246303641925394,-0.0260984965460817,-0.0274950954877542,-0.0288163357966957,-0.0300585888064677,-0.0312184587516908,-0.0322927590755477,-0.0332785392012497,-0.0341731130795014,-0.0349740216309246,-0.0356790611243014,-0.0362863124640005
-0.0317048667270289,-0.0319295988855159,-0.0320668149313534,-0.0321161406904507,-0.032077438458887,-0.031950818409294,-0.0317366243766811,-0.0314354322298953,-0.0310480758545795,-0.0305756246790356,-0.0300193670242904,-0.0293808314358828,-0.0286617730873163,-0.0278641468973263,-0.0269901448907961,-0.0260421686839824,-0.0250228110233863,-0.0239348638383159,-0.0227813179061727,-0.0215653198820454,-0.0202902146291503,-0.0189595027484378,-0.017576826482472,-0.0161459725768864,-0.0146708639697861,-0.0131555484005785,-0.0116041608158828,-0.010020974299122,-0.00841031456831061,-0.0067766069159693,-0.00512433203767015,-0.00345801008041645,-0.0017822009820345,-0.00010150305796714,0.00157947105092315,0.00325611096567075,0.00492382655411271,0.00657804628045501,0.00821423231711008,0.00982790852151594,0.011414643958733,0.0129700988543223,0.0144899995052295,0.0159701838455358,0.0174066041617451,0.0187953133429968,0.0201325047374691,0.0214145074874162,0.0226378187580587,0.0237990741074554,0.0248951003612221,0.0259228995722729,0.0268796459529897,0.0277627079547637,0.0285696771883569,0.0292983464662323,0.0299467014736016,0.0305129772979564,0.0309956190865061,0.0313933095021153,0.0317049496866788,0.0319296800755461,0.0320668898937485,0.0321162169199694,0.0320775152518674,0.0319508902152911,0.0317366826953693,0.0314354933103152,0.031048141005339,0.0305756866098403,0.0300194299644065,0.029380886982241,0.0286618054125089,0.0278641729076024,0.0269901741675726,0.026042186736998,0.0250228181017782,0.0239348672237092,0.0227813124166709,0.0215653131521131,0.0202902034150425,0.0189594842037979,0.0175768023812701,0.0161459434724918,0.0146708272952402,0.0131554992926273,0.0116041097096838,0.0100209184784115,0.00841025710825153,0.00677654211767796,0.00512426088146336,0.0034579374870173,0.00178213195888748,0.000101439153680193,-0.00157952965815316,-0.00325617376693842,-0.00492389195416414,-0.00657810710429871,-0.0082142906007401,-0.00982796435885078,-0.0114147004648812,-0.0129701522527716,-0.0144900454023104,-0.0159702298041437,-0.0174066423865179,-0.0187953427967798,-0.0201325166075512,-0.0214145105202054,-0.022637822625268,-0.0237990779945944,-0.0248950974012138,-0.0259228853549446,-0.0268796205483669,-0.0277626816513761,-0.0285696422767073,-0.0292983001866987,-0.029946650367779,-0.0305129225973525,-0.0309955572505657,-0.0313932342641829
-0.0268135279300206,-0.0268838847044941,-0.0268805625292304,-0.026803572289499,-0.0266531044681872,-0.0264295828531959,-0.0261336182983895,-0.0257660236889942,-0.0253277990911149,-0.0248201614625939,-0.0242444935508012,-0.0236023780354038,-0.0228955656689319,-0.0221259920606381,-0.0212957779968637,-0.0204071980086734,-0.0194626792065129,-0.018464820333559,-0.017416347838876,-0.0163201304232115,-0.0151791857735349,-0.0139966380899689,-0.0127757252320125,-0.0115197929003932,-0.0102322851236359,-0.00891673371948591,-0.00757674191470922,-0.00621597896554718,-0.00483818319857149,-0.00344713123654584,-0.00204662356195768,-0.000640511460751142,0.000767363184829996,0.00217313711511371,0.00357295156239925,0.00496297091723405,0.00633939418026448,0.00769843312291394,0.0090363697008227,0.0103495423471169,0.0116343489771893,0.0128872627264408,0.0141048566786386,0.0152837930011612,0.0164208327683432,0.0175128699344316,0.0185569046619431,0.0195500797313477,0.0204896653636356,0.0213730910555041,0.022197936437975,0.0229619352633036,0.0236629977527786,0.0242992087821081,0.0248688130940304,0.0253702498735502,0.0258021531396797,0.0261633306620957,0.0264527961081006,0.0266697551249058,0.0268136126784574,0.0268839703473836,0.0268806480843154,0.0268036438953884,0.0266531732100635,0.02642964355637,0.0261336836552383,0.0257660875031911,0.0253278714096065,0.0248202341883906,0.0242445622716839,0.0236024400088327,0.0228956161079765,0.0221260377504825,0.0212958196600662,0.0204072232692731,0.0194626934885978,0.018464821107211,0.0174163378546703,0.0163201206864276,0.0151791739833927,0.0139966172769988,0.0127757021568501,0.0115197668207467,0.0102322492326982,0.00891669188188919,0.00757669153870923,0.00621592735275787,0.00483812426104958,0.00344705955013708,0.00204654750211292,0.000640430730337599,-0.000767445593358887,-0.00217321312453339,-0.00357301548150542,-0.0049630366057983,-0.00633945183729489,-0.00769849273168189,-0.00903642996697897,-0.0103496026814559,-0.0116344079277351,-0.0128873218273201,-0.0141049158523858,-0.0152838482109964,-0.0164208895564439,-0.0175129181951441,-0.0185569361782499,-0.0195501007629933,-0.02048968071614,-0.0213731075096868,-0.0221979399473884,-0.0229619298478228,-0.02366298409779,-0.0242991786699547,-0.0248687686917088,-0.025370199162314,-0.0258020865660748,-0.0261632554623581,-0.0264527165177971,-0.0266696728600276
-0.0222065792440805,-0.0221515981069556,-0.0220359083962714,-0.0218598111554516,-0.0216238089797983,-0.021328531235087,-0.0209747899392798,-0.0205635568744712,-0.0200959652098095,-0.0195732927774081,-0.0189969760662831,-0.0183685835549772,-0.0176898447123841,-0.0169626182342834,-0.0161888997648422,-0.0153708046267248,-0.0145105857885656,-0.0136105887515134,-0.0126732955729601,-0.0117012618747297,-0.0106971562706319,-0.00966373000000154,-0.0086038183474862,-0.0075203151213493,-0.00641620117642174,-0.00529450179914912,-0.00415829484265767,-0.0030106780865107,-0.00185482013164174,-0.000693876918264502,0.000468970641481077,0.00163053428194387,0.00278761389882881,0.0039370684592625,0.00507572972105639,0.0062004779293983,0.007308232549372,0.00839595806333755,0.00946066856840703,0.010499445923904,0.0115094432846594,0.0124878993919067,0.0134321267612188,0.0143395361282368,0.0152076423478569,0.0160340666970412,0.0168165465379339,0.017552928050184,0.0182412055134547,0.0188794846285059,0.0194660088040108,0.0199991820002533,0.0204775391271386,0.0208997689451218,0.0212647185978845,0.0215713790293258,0.0218189143661238,0.0220066396637498,0.0221340527103842,0.0222007911667244,0.0222066769524993,0.0221516994344113,0.0220360078177398,0.021859906842104,0.021623889796318,0.0213286154493102,0.0209748770089417,0.0205636495950076,0.0200960547986906,0.0195733797648029,0.0189970461728948,0.0183686428660213,0.0176898976451968,0.0169626662003896,0.0161889411323083,0.0153708429303997,0.0145106133173561,0.0136106092717556,0.0126733010563493,0.011701259358268,0.0106971438265928,0.00966371207360941,0.00860378305654082,0.00752027192119868,0.00641614779690516,0.00529444244707466,0.00415823135578962,0.00301061554539768,0.00185474560165437,0.000693803283164088,-0.000469042337958566,-0.00163060796170849,-0.00278770680346774,-0.00393715387105827,-0.00507581158639883,-0.00620055790473084,-0.00730830956284452,-0.00839602897968549,-0.00946073827115449,-0.0104995173602994,-0.0115095171322704,-0.0124879652480826,-0.0134321926604107,-0.0143396003313008,-0.0152077011383109,-0.0160341090185254,-0.0168165848442248,-0.0175529584713104,-0.0182412232299435,-0.0188794928873526,-0.0194660163256887,-0.0199991797757456,-0.0204775236591491,-0.0208997395326733,-0.0212646690965159,-0.0215713186252525,-0.0218188428479861,-0.0220065638086802,-0.0221339587610773,-0.0222006913416547
-0.0179563181032061,-0.0178048311428887,-0.0176045379616941,-0.0173559941590605,-0.0170598917677134,-0.0167170173500283,-0.0163283247697442,-0.0158948766424187,-0.0154178656299731,-0.0148985951778337,-0.0143384920820835,-0.013739082532774,-0.0131020182291172,-0.0124290434857285,-0.011722000975593,-0.0109828180823728,-0.0102135386642564,-0.00941626807376428,-0.00859318357944142,-0.00774655569382255,-0.00687868919477387,-0.0059919644868185,-0.00508882202656671,-0.00417172685645917,-0.00324319966760465,-0.00230577937433194,-0.00136204201161171,-0.000414574671895901,0.000534025877859403,0.00148116932763485,0.00242426154950724,0.00336070388410245,0.00428793141461238,0.00520340450560473,0.00610461982597094,0.00698911146267845,0.00785443991495778,0.00869823801362177,0.00951819378113047,0.0103120646162587,0.0110776738132587,0.0118129199319857,0.0125157844182283,0.0131843408055958,0.0138167601337952,0.0144113195242561,0.0149663647358079,0.0154803935051468,0.0159519930489102,0.0163798694920762,0.016762845675462,0.0170998761203963,0.0173900438067678,0.017632545576581,0.0178267208299521,0.0179720347146319,0.0180680769690074,0.0181145969660744,0.0181114672211955,0.0180586988910369,0.0179564333538566,0.0178049525236907,0.0176046610469274,0.0173561132561591,0.0170599994958985,0.0167171345505814,0.0163284363693924,0.0158949874027006,0.0154179688168838,0.0148986890890507,0.0143385748981109,0.0137391556606613,0.0131020780550957,0.0124290902893681,0.0117220335962747,0.010982854966151,0.0102135695598986,0.00941628786704244,0.00859319484971714,0.00774654997675605,0.00687867315295364,0.00599194230736654,0.00508878373030043,0.00417167576497478,0.0032431366881064,0.00230571135514177,0.00136196368121084,0.000414490469739544,-0.000534131432964965,-0.00148127557610938,-0.0024243573294177,-0.00336080009903555,-0.00428803034201868,-0.00520350473560938,-0.00610472467108158,-0.00698920833320567,-0.00785453501352667,-0.00869833216067386,-0.0095182873072092,-0.0103121481161522,-0.0110777421592011,-0.0118129833843084,-0.0125158428935137,-0.013184390793397,-0.0138168036977448,-0.014411349430257,-0.0149663921698143,-0.0154804078376736,-0.0159519996145438,-0.0163798601723979,-0.0167628384304502,-0.0170998617613872,-0.0173900137689628,-0.017632502697912,-0.0178266624832164,-0.0179719552709681,-0.0180679914056585,-0.0181145087572135,-0.0181113761287889,-0.0180585936309181
-0.0141176956752849,-0.0138970894901908,-0.013638402062343,-0.0133423344997265,-0.0130096971682087,-0.0126413947647498,-0.0122384495281302,-0.0118019584595302,-0.0113331278290109,-0.0108332236136298,-0.010303631759409,-0.00974579614539016,-0.00916125372384577,-0.00855159844187631,-0.00791850476387701,-0.00726370165008601,-0.00658898792672587,-0.00589621031704869,-0.00518728159996043,-0.00446412836617526,-0.00372874797364446,-0.00298313341744368,-0.0022293522940399,-0.00146945909590626,-0.000705534950673426,6.0319803206951e-05,0.000826009018154157,0.00158943088504174,0.00234848912343375,0.00310112689846611,0.0038452594768373,0.00457886644460949,0.0052999154671688,0.00600643231474383,0.00669648755453603,0.00736819973840614,0.00801970660347491,0.00864923934065208,0.00925506078605469,0.00983551554266559,0.0103890135637473,0.0109140373123366,0.0114091400188423,0.011872974456072,0.0123042580761013,0.0127018307046986,0.0130645844672125,0.013391525205889,0.0136817504110041,0.0139344835771589,0.0141490233126881,0.0143247856076883,0.0144612731420253,0.0145581425018932,0.0146150972500061,0.0146320021954841,0.0146087938224046,0.014545541006866,0.0144424179937231,0.0142997204134849,0.0141178230876974,0.0138972256900339,0.0136385322413217,0.0133424695315525,0.0130098259089758,0.0126415321048418,0.0122385826818172,0.0118020883201285,0.0113332379031338,0.0108333310318433,0.0103037190484116,0.00974587774167738,0.00916131370343343,0.00855164227228202,0.00791852828489895,0.00726372042749175,0.00658899596124334,0.00589621742171756,0.00518727651758661,0.00446411732856432,0.00372871493993043,0.00298310019971906,0.00222929980408142,0.00146940037472461,0.000705466190055199,-6.03983824779048e-05,-0.000826096720597755,-0.00158953392572338,-0.00234860890680072,-0.0031012404727189,-0.00384538394588022,-0.00457898011078815,-0.00530002617375009,-0.00600654477654653,-0.00669660724617807,-0.00736830551071975,-0.00801981500952661,-0.00864933820752584,-0.00925515148461521,-0.00983558925331622,-0.010389076548267,-0.0109140852968849,-0.0114091832231128,-0.0118730040627354,-0.0123042915879871,-0.0127018459082754,-0.0130645848232617,-0.0133915115109287,-0.0136817300713685,-0.0139344526842645,-0.0141489902251169,-0.0143247395534022,-0.0144612299950871,-0.0145580747205046,-0.0146150229082243,-0.0146319076041679,-0.0146086960708096,-0.0145454288797068,-0.0144423079448574,-0.0142995981598193
-0.0107264562611769,-0.0104616855855381,-0.0101682480146464,-0.00984693284373606,-0.0094986345492089,-0.00912429711827157,-0.00872495119753933,-0.00830168939162734,-0.00785569245182552,-0.00738814704466778,-0.0069003599190557,-0.00639365290628398,-0.00586942583932912,-0.00532910228490466,-0.00477418240907634,-0.00420617002625319,-0.00362662849253235,-0.00303714722684803,-0.00243934589788215,-0.00183484757963293,-0.00122533024891865,-0.000612448670039771,2.10795175423901e-06,0.000616665132420457,0.00122952256813316,0.00183900973604092,0.00244345622072579,0.00304120676682619,0.00363062550534847,0.00421010586467798,0.00477803486226673,0.00533287318726344,0.00587308708551711,0.00639721940331616,0.00690380376866497,0.00739147461206142,0.00785888314394638,0.00830475740015531,0.00872786139335179,0.00912704952709749,0.00950120697818694,0.00984933878580023,0.0101704681139438,0.0104637180643459,0.0107282887349354,0.0109634584907383,0.0111685723502617,0.0113430719640074,0.0114864772504176,0.0115984128977077,0.0116785489929544,0.0117266780772811,0.0117426570951627,0.0117264595224306,0.011678111724279,0.0115977582507037,0.0114856158328444,0.0113420069998677,0.0111672920526662,0.0109619776676489,0.0107266022394042,0.0104618411667905,0.0101683897250651,0.0098470843718578,0.00949878140176394,0.00912443774096273,0.00872508315915471,0.008301821323977,0.00785580081844444,0.00738825405418093,0.00690044245862623,0.00639372322192783,0.00586948088192706,0.00532915064297129,0.00477421296378064,0.00420618263359039,0.00362662453609294,0.00303713695468039,0.00243931802628449,0.0018348178772472,0.00122528078084298,0.000612390243186686,-2.18344641193078e-06,-0.000616740496443457,-0.0012296160703108,-0.00183911526828026,-0.00244357958894547,-0.00304133202520962,-0.00363075447384832,-0.00421022588069396,-0.00477816476784063,-0.00533300220056244,-0.00587322051293183,-0.00639734100736436,-0.00690392916849401,-0.00739159175526924,-0.00785899176979875,-0.00830484954547355,-0.00872795191275518,-0.00912711969027021,-0.00950127560291942,-0.00984937536438413,-0.010170495081673,-0.0104637399556053,-0.0107283033908106,-0.0109634573951568,-0.0111685622865801,-0.0113430425737383,-0.0114864457409777,-0.011598352013786,-0.0116784794300648,-0.0117265894580602,-0.0117425680110669,-0.0117263542587508,-0.0116780124337868,-0.011597642962625,-0.0114854938888915,-0.0113418604473302,-0.0111671453561319,-0.0109618192541556
-0.00779882338559137,-0.00751161137092226,-0.00720381245899953,-0.00687626934940192,-0.00652987891267634,-0.00616559123952592,-0.00578440554957545,-0.00538736614802441,-0.00497555956986361,-0.00455012135820755,-0.0041122091955174,-0.00366301808129474,-0.00320378667282341,-0.00273576787714709,-0.00226027128774517,-0.00177857056711415,-0.00129199693588449,-0.000801876281003142,-0.000309559118048306,0.000183610098244446,0.00067626307101372,0.0011670761492104,0.00165469011256287,0.00213776492323846,0.00261497111238631,0.00308502791180683,0.00354661129801689,0.00399848347974699,0.00443940389450603,0.00486815121359693,0.00528355665096256,0.00568448418604327,0.00606982795582418,0.00643853966359678,0.00678960174809569,0.00712205246125367,0.00743498262328183,0.00772753671623443,0.00799890788337474,0.00824836113180774,0.00847519602579481,0.00867880581516363,0.00885862332994121,0.00901417212210763,0.00914500511604805,0.0092507762884558,0.00933118679326129,0.00938602322859595,0.0094151331352147,0.00941844257469782,0.00939592572431188,0.00934766010609397,0.00927377013265631,0.00917446090262363,0.00904999927167566,0.00890073863589857,0.00872707944773833,0.00852951220911506,0.00830855474799289,0.00806482114877833,0.00779897684721255,0.00751175742476611,0.0072039608062277,0.00687641777051318,0.00653001714009293,0.00616572151289839,0.00578452155627524,0.0053874707028932,0.00497565482367104,0.00455019986336062,0.00411226498733457,0.00366306734096051,0.00320383253566829,0.00273581787498082,0.002260290748887,0.00177857069723299,0.00129197347316503,0.000801840749007225,0.000309503685427244,-0.000183672435604954,-0.000676350375227137,-0.00116717650371225,-0.00165479830657401,-0.00213788572703143,-0.00261510781310529,-0.00308516066619153,-0.00354676154264903,-0.00399863142845162,-0.00443954774839628,-0.00486829450184708,-0.00528370032593585,-0.00568461853922366,-0.00606996200592433,-0.00643865663466929,-0.00678971105009807,-0.00712215710389622,-0.00743508026004297,-0.00772762529849114,-0.0079989884006461,-0.00824843009218971,-0.00847526184360789,-0.00867885418481871,-0.00885866675299569,-0.00901419378605463,-0.00914502120611981,-0.00925076623799189,-0.00933116218527213,-0.00938598020809079,-0.00941507197030039,-0.00941835131170124,-0.00939581689904922,-0.00934753844812632,-0.0092736462112448,-0.00917432675119052,-0.00904986536121295,-0.00890059572754946,-0.00872693756715586,-0.00852934994217849,-0.00830838936592677,-0.0080646532331244
-0.00533239901975723,-0.00504078852501525,-0.00473536121441196,-0.00441694970703714,-0.00408644357787467,-0.00374472707554915,-0.00339276775452617,-0.00303150697504871,-0.00266192862188825,-0.00228504587587067,-0.00190190558829935,-0.00151354733796805,-0.00112104205803192,-0.000725463098100814,-0.000327902601721628,7.05584595099264e-05,0.000468825992182626,0.000865812518403929,0.00126041949033804,0.00165157060574334,0.00203820234876571,0.00241924579618367,0.00279366461072718,0.00316042469325357,0.00351851614541606,0.00386697039028034,0.00420481611690718,0.0045311443500119,0.00484505398194358,0.00514568804559785,0.0054322084406799,0.00570385247911565,0.00595985568629402,0.00619952276158968,0.00642220041126891,0.00662727872479965,0.00681419533689924,0.0069824339656104,0.00713152070660758,0.00726107365525034,0.00737072289420224,0.00746016508653017,0.00752916340719757,0.00757753090701715,0.00760511816970652,0.00761186391999546,0.00759774011678911,0.00756280922758989,0.00750714024709641,0.00743089484894053,0.00733427573132222,0.00721755580651243,0.00708105038627137,0.00692514101008016,0.00675024600625096,0.00655685068063665,0.00634547982488388,0.00611671695118199,0.00587119008233064,0.0056095717946665,0.00533256887323787,0.00504095078836536,0.00473552089243532,0.00441711029927058,0.00408658308034181,0.00374486450931495,0.00339286985440668,0.00303158126003516,0.00266198419564944,0.00228510007838576,0.00190194528874743,0.00151358249799145,0.00112106791278264,0.000725478912461529,0.000327891683172362,-7.05864994608719e-05,-0.000468875288077162,-0.000865878250082146,-0.00126050806222892,-0.00165167580046635,-0.00203832404757135,-0.00241938106974489,-0.00279380806116337,-0.00316057085617415,-0.00351867522835015,-0.00386712558120708,-0.00420498228514343,-0.00453130894863445,-0.0048452131161073,-0.00514584277887929,-0.00543236079146061,-0.00570399134198735,-0.00595999678869936,-0.00619965263484022,-0.00642231522882582,-0.00662738194539616,-0.00681429095727972,-0.0069825136368172,-0.00713159950443171,-0.00726113922265168,-0.00737078064368507,-0.00746021363051105,-0.00752919547802185,-0.00757753782521545,-0.00760511555652817,-0.00761183999770256,-0.00759770514607414,-0.0075627462818134,-0.00750705174012859,-0.00743078484896125,-0.0073341494433028,-0.00721741462367039,-0.00708089889349789,-0.00692498262641439,-0.00675008683827855,-0.00655668452748576,-0.00634531657610459,-0.0061165459979424,-0.00587101962670044,-0.00560939250642493
-0.00330835449535542,-0.00302653113055938,-0.00273640674333743,-0.0024387834262599,-0.00213448367896048,-0.00182432865897853,-0.00150918785179151,-0.00118990655137247,-0.000867363755226736,-0.000542434495297354,-0.000216019824131702,0.000110998787292424,0.000437703793609804,0.000763205812552997,0.00108661321264291,0.00140705352431161,0.00172363729291093,0.00203548894563911,0.00234175146567652,0.00264160921642373,0.00293422840000281,0.00321880471307393,0.00349454924547028,0.00376073031253246,0.00401659341676432,0.00426145854049031,0.00449463288279016,0.00471548769011179,0.00492342713370282,0.00511787008190815,0.00529828588912659,0.00546417891197564,0.0056150950433565,0.00575062037583774,0.00587037885255462,0.00597405639960593,0.00606135487977024,0.00613204479348912,0.00618593399595002,0.00622286557396423,0.00624272951976413,0.00624549405915005,0.00623113199788344,0.00619969182115932,0.00615126033080611,0.0060859650791032,0.00600398611814152,0.00590556345066518,0.0057909489496237,0.00566046011417667,0.00551445136249492,0.00535332924399983,0.00517753007630377,0.00498754493762412,0.00478389160171306,0.00456712537176349,0.00433783389233854,0.00409665288043166,0.00384424143124086,0.00358129942660727,0.00330853354151159,0.00302670656260138,0.00273657031749531,0.0024389398950395,0.00213462083163255,0.00182444234911263,0.00150927600260176,0.00118996791042647,0.000867398378176823,0.000542458192329218,0.000216030618314695,-0.000110990938207766,-0.000437710386893975,-0.000763228333490759,-0.00108666370640796,-0.00140711428630096,-0.00172371042886021,-0.00203558252047925,-0.0023418720746284,-0.00264173879711879,-0.00293437209266243,-0.00321895551548585,-0.00349472098327205,-0.00376089713148795,-0.00401677503470392,-0.00426164087868912,-0.0044948202529694,-0.00471567592578752,-0.00492360638879846,-0.00511803539729091,-0.00529843761645494,-0.00546431968846065,-0.00561522441801888,-0.00575074230853904,-0.0058705015138759,-0.00597416063362133,-0.00606145152601051,-0.00613211780178833,-0.00618599416410429,-0.0062228975076532,-0.0062427522190463,-0.00624548967488609,-0.0062311133989802,-0.00619965765508415,-0.00615121238304458,-0.00608590543159824,-0.00600391667935353,-0.00590546339471188,-0.0057908356059361,-0.00566032756466748,-0.00551431487326526,-0.00535318749209901,-0.00517737564045289,-0.00498737925367283,-0.00478372531823396,-0.00456695166432134,-0.00433765244384664,-0.00409647168430831,-0.0038440703907634,-0.0035811205958293
-0.00169447647571676,-0.00143282543913115,-0.00116725708198884,-0.000898481501529095,-0.000627242164459092,-0.000354296451600515,-8.03770974798119e-05,0.000193763851089416,0.000467377492877302,0.000739710533845674,0.00101000989121934,0.00127754311755613,0.00154157585020819,0.00180138654295121,0.00205626871843691,0.00230550436651214,0.00254841390116855,0.00278434190981214,0.00301264397578502,0.00323269138028205,0.00344387372167992,0.0036456187114178,0.00383736521237618,0.0040185993881393,0.00418882282102502,0.00434756892516879,0.00449440451466567,0.00462891372335348,0.00475072752256262,0.00485953295816258,0.00495501490579261,0.00503691205609044,0.00510500750762687,0.00515911643928871,0.00519907678842678,0.0052247928730157,0.00523617930398252,0.00523322238490536,0.00521593107785203,0.00518433931603346,0.0051385246360511,0.00507863544251758,0.00500482239866664,0.0049172926234024,0.00481628440811737,0.00470207365039282,0.0045749816517129,0.00443534166831718,0.00428354067246835,0.00412000338102544,0.00394516444825951,0.00375952081324861,0.00356356482680781,0.00335784543568424,0.00314292680148943,0.00291938802330093,0.00268784953509592,0.00244894339001433,0.00220332053685524,0.00195166173506157,0.00169464997058651,0.00143299589954668,0.00116740930474217,0.000898623194845765,0.000627377792105898,0.000354404363192601,8.04659411694913e-05,-0.000193697339291342,-0.00046733396826069,-0.000739690399780983,-0.00101001337407917,-0.00127756935733343,-0.00154161862867563,-0.00180144669859649,-0.00205633611633158,-0.00230558223542136,-0.0025485244258552,-0.00278447228047886,-0.00301278898411383,-0.00323284549288127,-0.00344405032128178,-0.00364580632067328,-0.00383756744946044,-0.00401881043154255,-0.00418903898842031,-0.00434778178796929,-0.0044946140004687,-0.00462911675492629,-0.00475093379008965,-0.0048597200299624,-0.00495518991379793,-0.00503707260583546,-0.00510514829358294,-0.00515923993200813,-0.00519919426625918,-0.0052248843491293,-0.0052362651729187,-0.00523329284485286,-0.00521597149108509,-0.00518434362275883,-0.00513851318818576,-0.00507859739219229,-0.00500477379291874,-0.00491723074106598,-0.00481620497772735,-0.00470197424943842,-0.00457485326881049,-0.00443520020299608,-0.00428340050132802,-0.0041198542863419,-0.00394501336828981,-0.00375936136260211,-0.00356341243005562,-0.00335768584477124,-0.00314275237323781,-0.00291920600256224,-0.00268766059632269,-0.00244875447372596,-0.00220314120167055,-0.00195148399520047
-0.000448701933131005,-0.000214109305630891,2.10517513694225e-05,0.000256170167102913,0.000490580841568097,0.000723639469819275,0.000954716943449066,0.00118317922010169,0.00140839670462704,0.00162976553268192,0.00184665978944566,0.00205847695527835,0.00226465692757461,0.00246464673062885,0.00265788052514976,0.00284382247654411,0.00302195699668019,0.00319181846084821,0.00335293997865349,0.00350486369020438,0.00364718451135611,0.00377951400392503,0.0039014803697727,0.0040127510773837,0.00411303274578418,0.00420204173939447,0.00427953357264276,0.00434530102347015,0.0043991434349684,0.00444093404321862,0.00447055222216062,0.00448791810196495,0.00449298295860836,0.00448574214748453,0.00446620093015277,0.00443441460857618,0.00439047484905831,0.00433450989738013,0.00426665341397457,0.00418711343677278,0.00409610389345873,0.00399385429578318,0.00388065307081724,0.0037568284135677,0.00362269726929128,0.00347863448515331,0.00332503810034093,0.00316232803866999,0.00299094094465403,0.00281136463027847,0.00262408222054176,0.00242959802235271,0.00222845607827868,0.00202121115275301,0.0018084232459991,0.00159067981467654,0.0013685701545427,0.0011427181838032,0.000913730231373089,0.00068224006571252,0.000448880394604862,0.000214284536805746,-2.09035153729539e-05,-0.000256028670278914,-0.000490459420612394,-0.000723538082680933,-0.000954644127365354,-0.00118312123230401,-0.00140837068229345,-0.00162975592218864,-0.00184666890412773,-0.00205852536085834,-0.00226474394859144,-0.00246473873904491,-0.00265798267343681,-0.00284394157876949,-0.00302211133979104,-0.0031919899558786,-0.00335312506681939,-0.00350507326642525,-0.00364740969475965,-0.00377974213966163,-0.00390171409334107,-0.00401300143065941,-0.00411327996097286,-0.00420227467701676,-0.00427975801338091,-0.00434551032952431,-0.00439935926718835,-0.00444114611278588,-0.00447075906028008,-0.00448810299567297,-0.00449314863217865,-0.00448588173911771,-0.00446632004165668,-0.00443451087053692,-0.00439055993071307,-0.00433456930866705,-0.0042666904638732,-0.00418712045461297,-0.00409607231183254,-0.00399379650493971,-0.00388058619898379,-0.00375673470903968,-0.00362257905918002,-0.00347850009507216,-0.00332488809762847,-0.00316217368342019,-0.00299078645087813,-0.00281120208123832,-0.00262390785962878,-0.00242942393529984,-0.00222828312709263,-0.00202102803358813,-0.00180823794099027,-0.00159049266876779,-0.00136838726021101,-0.00114253149055764,-0.00091354520655285,-0.000682059390256969
0.000477137526248722,0.000680848463650181,0.000882698549451011,0.00108212702217986,0.00127859259530523,0.00147154771021542,0.00166046334079736,0.00184483540392916,0.00202415438657947,0.0021979282121057,0.00236566701336759,0.00252692157984354,0.00268124829370177,0.00282823123936554,0.00296746540418879,0.00309856001919605,0.00322115428710046,0.00333492916018701,0.00343956083099905,0.0035347677236985,0.00362029556546492,0.00369590022010819,0.00376137306179528,0.00381653971634643,0.00386123455881258,0.00389535375695137,0.0039188042815657,0.0039315162140856,0.00393344578832794,0.00392459205258407,0.00390497505552377,0.00387466727166755,0.00383373634411413,0.00378230036036323,0.00372049752649233,0.0036484949712258,0.00356649504060423,0.00347472190030367,0.00337342430999197,0.00326288239835647,0.003143403178308,0.00301529868914483,0.0028789219190469,0.00273465842420492,0.00258290970088495,0.00242406871072302,0.00225857214894946,0.00208689595543069,0.00190949988799965,0.00172686575206415,0.00153950650174988,0.00134792799540409,0.00115264115357827,0.000954203511620196,0.00075313684460803,0.000550015553268628,0.000345385991026854,0.000139816437883904,-6.6145120246907e-05,-0.000271921685703986,-0.000476953728607656,-0.000680686493150393,-0.000882550329926886,-0.00108199882480445,-0.00127849184800278,-0.00147146070080621,-0.00166040893032898,-0.00184480379934035,-0.00202414329478166,-0.0021979355405749,-0.00236570353528666,-0.00252697585929395,-0.0026813306278636,-0.00282833525465178,-0.00296759213744667,-0.00309871137950191,-0.00322133710361864,-0.00333513413715752,-0.00343978903756352,-0.00353502255693191,-0.00362056002215223,-0.00369616655947207,-0.00376164019267393,-0.00381680540203471,-0.00386151065944124,-0.00389562216454172,-0.00391905649651133,-0.00393174975141083,-0.00393367247990536,-0.00392481636337001,-0.00390519883605129,-0.00387486964659348,-0.00383391315470828,-0.00378245224377407,-0.00372062054587648,-0.00364859445504099,-0.00356657444778153,-0.00347477621252163,-0.00337344754366733,-0.00326287815318486,-0.00314336315332095,-0.00301523891109079,-0.00287884680549561,-0.00273455700922465,-0.00258276979364745,-0.00242391310451064,-0.00225842870582404,-0.00208673533024245,-0.00190932697994095,-0.00172668258498902,-0.00153932045467049,-0.00134772601320224,-0.00115243604322464,-0.000953989396829227,-0.000752922737653112,-0.000549813039922068,-0.000345189278896268,-0.000139617347068882,6.63401159388574e-05,0.000272107590260732
0.00113378206703895,0.00130537842907595,0.00147339467922363,0.00163737358123629,0.00179687341989025,0.00195143769891976,0.00210065529951142,0.00224411598247895,0.00238141930986851,0.00251219903305734,0.00263608599178032,0.00275275028094843,0.00286187499751527,0.00296314955858274,0.00305630386094839,0.00314108595419545,0.00321724455217185,0.00328460099093996,0.00334294971173833,0.00339214540848602,0.00343203800750724,0.00346253261836001,0.00348352632307197,0.00349497249791539,0.00349683437498946,0.0034891151782747,0.00347184956468317,0.00344506820780721,0.00340884758730082,0.00336327293577298,0.00330847682033832,0.00324461485674832,0.00317186922374818,0.00309041435779194,0.00300050295444504,0.00290237216781333,0.0027962837182424,0.00268253370917689,0.00256142557452513,0.00243328982035517,0.00229849233272379,0.00215739510725764,0.00201038158562025,0.00185785622831112,0.00170023649560181,0.00153795620265876,0.00137145672189795,0.00120120432135147,0.00102765951409561,0.000851289949153785,0.000672596410027269,0.000492062789529059,0.000310172893455578,0.00012741814719124,-5.56851867708744e-05,-0.000238629450162892,-0.000420917178919474,-0.000602059448257368,-0.000781549884901622,-0.000958896251641487,-0.00113361192802759,-0.00130522072800983,-0.00147326380955076,-0.00163726255386156,-0.00179678199789046,-0.00195136707942785,-0.00210060078210077,-0.00224407962884807,-0.00238141672914612,-0.00251222221356452,-0.00263614007510096,-0.00275281849294365,-0.00286196512730533,-0.00296327148780702,-0.00305645749860101,-0.00314126180581974,-0.00321745314578176,-0.00328483064488758,-0.0033432044897234,-0.00339240916110297,-0.00343231134125122,-0.00346281083848112,-0.0034838167685568,-0.00349526732416525,-0.0034971419750625,-0.00348942424731229,-0.00347213888809938,-0.00344533550335668,-0.00340909362797313,-0.00336350210747511,-0.00330869960666605,-0.00324482859753317,-0.00317205239690184,-0.00309057408038769,-0.0030006375194522,-0.00290247468507415,-0.0027963596827749,-0.0026825743198337,-0.00256143610644386,-0.00243327969518037,-0.00229846592756127,-0.00215735159777908,-0.00201031185957442,-0.00185775575844459,-0.00170011398644737,-0.00153781253072007,-0.00137130284080163,-0.00120103200709821,-0.00102747044140315,-0.000851087036145845,-0.000672373917851474,-0.00049182170763996,-0.000309926326528127,-0.000127174325874048,5.59223194215314e-05,0.000238866004350105,0.000421148253687028,0.000602277278338254,0.000781752041710162,0.000959083481278902
0.00157147032251089,0.00171169859245201,0.00184722500262632,0.00197769720560473,0.00210274676449154,0.00222204444248398,0.0023352477386064,0.0024420439151012,0.0025421385381925,0.00263527092906364,0.00272117561800673,0.00279962744343358,0.00287039725909388,0.00293330108286546,0.00298816442678534,0.00303484635439657,0.00307321062849732,0.00310315900331513,0.00312459886749534,0.003137480910101,0.0031417549453173,0.0031374174840881,0.00312448481735616,0.00310297917312216,0.00307296372320042,0.00303453689630255,0.00298780334565267,0.00293288431760149,0.00286991970596974,0.00279908782109536,0.00272058401631788,0.00263462847820897,0.00254143850810692,0.00244129158939421,0.00233445467802852,0.00222122906515628,0.0021019148411104,0.00197684313424964,0.0018463397661485,0.0017107706660268,0.00157051942413025,0.0014259680624277,0.00127750992400056,0.00112554236962047,0.000970477176015454,0.000812766248820493,0.000652825454924606,0.0004911001577881,0.0003280175314368,0.000164040522561002,-3.79505429576786e-07,-0.000164805397595298,-0.000328779825630428,-0.000491855046483673,-0.000653584515357287,-0.000813531714561714,-0.000971254123593055,-0.00112630728484493,-0.0012782773971464,-0.00142673958297412,-0.00157128727883636,-0.00171153230007865,-0.00184709300935969,-0.00197759147652799,-0.00210266966728606,-0.00222197320548424,-0.00233519777251428,-0.00244201275166168,-0.00254214057934325,-0.00263530514582503,-0.0027212425411142,-0.0027997154267494,-0.00287051905468001,-0.0029334545697441,-0.00298835424356049,-0.00303505502009763,-0.00307344538978706,-0.0031034041696293,-0.00312486283080425,-0.00313774357835838,-0.00314203242494098,-0.00313770881201919,-0.0031247776340179,-0.00310328144145382,-0.00307328197573051,-0.00303484992411732,-0.00298809943169287,-0.00293316004107178,-0.00287017525095819,-0.00279932423157998,-0.00272081408398576,-0.00263483977926584,-0.00254164364948232,-0.00244147034052368,-0.00233460895530418,-0.00222134914981239,-0.00210199849946086,-0.00197688936166569,-0.00184636377093361,-0.00171077692539479,-0.00157050004209829,-0.0014259197945616,-0.00127743290453023,-0.00112543319071704,-0.00097036113781103,-0.000812625064675794,-0.000652664064032059,-0.000490918324850936,-0.000327828454207736,-0.000163832951466142,6.22036459688078e-07,0.000165066067352453,0.000329040833374006,0.000492121705428215,0.000653851008706471,0.000813800035026798,0.000971499487912251,0.00112654325320075,0.00127849955486828,0.00142693926152849
0.00183735072407087,0.00194841073012163,0.00205413515486549,0.0021542270057181,0.00224841620593084,0.00233645302223092,0.00241807004986414,0.00249306326053349,0.002561221542731,0.00262235197911728,0.00267630732656372,0.00272293022446263,0.00276207409625131,0.00279364880402871,0.00281756237454925,0.00283376315749822,0.002842209601128,0.00284286199417451,0.00283572846072528,0.00282081965648282,0.00279818331656859,0.00276786451855248,0.00272995735480967,0.0026845720490927,0.00263182992012448,0.00257187534854029,0.00250486718731776,0.00243100880034212,0.00235048457372394,0.00226352038393509,0.00217034543363148,0.00207122759516936,0.00196643124868732,0.0018562457820586,0.00174097041429058,0.0016209296248371,0.00149645204748084,0.00136786420565167,0.00123553251626349,0.00109981433429547,0.000961071755957636,0.000819706280234392,0.000676088974520119,0.000530611730866841,0.000383680364405352,0.000235698346237457,8.70724850643083e-05,-6.17903493493854e-05,-0.000210496398176103,-0.000358614022049735,-0.000505753236901014,-0.000651494420097153,-0.000795469845283951,-0.000937259164812937,-0.00107647333018607,-0.00121274688279616,-0.00134570078879598,-0.00147496975287817,-0.00160019273171335,-0.00172103026000244,-0.00183715843994075,-0.00194824717170038,-0.00205399581222418,-0.00215411609196173,-0.00224832704094807,-0.0023363815067286,-0.00241803116177899,-0.00249305671415852,-0.00256123970380408,-0.00262240393077476,-0.00267637809393486,-0.00272302834378841,-0.0027622086094547,-0.00279381479634993,-0.0028177661768865,-0.0028339947042175,-0.00284244943601718,-0.00284311970185035,-0.00283599054844217,-0.00282109127655697,-0.0027984595683518,-0.00276815006531298,-0.00273025867858059,-0.00268487708902982,-0.00263213035588497,-0.00257217939035755,-0.0025051682150071,-0.00243129610412352,-0.00235075309121031,-0.00226376554981281,-0.00217057809365703,-0.00207144504749262,-0.00196663851509835,-0.00185642863157976,-0.00174112840540382,-0.00162105966471573,-0.00149654604446171,-0.00136793084645492,-0.00123557616536301,-0.00109982957887436,-0.000961053498058443,-0.000819642164172563,-0.000675995243195607,-0.00053049380960624,-0.000383546451969475,-0.000235546572718396,-8.69042064547658e-05,6.19800726603796e-05,0.000210695092869737,0.000358827130899149,0.000505982375926825,0.000651754334556726,0.00079572994593144,0.000937518994279008,0.00107673942528432,0.00121301860556485,0.00134596799584352,0.00147522051149071,0.00160042759128301,0.00172125313479618
0.00197372903489038,0.00205879680618516,0.00213822151247016,0.00221179286338423,0.00227930572934793,0.00234056033945855,0.00239539270441567,0.00244366822646755,0.00248523600745306,0.00251998973197609,0.00254784773665965,0.00256872790674767,0.00258255917079013,0.00258930741089583,0.0025889609958075,0.00258151172618437,0.00256700317398289,0.00254546682312401,0.00251694838290814,0.00248152668173521,0.00243930713952043,0.00239039729480579,0.00233492865118423,0.0022730607688543,0.00220497644673201,0.0021308441659555,0.00205087023489727,0.00196527304199377,0.00187430205457628,0.00177819534700573,0.00167721789452707,0.0015716342778177,0.0014617494963434,0.00134785844936875,0.00123026689778838,0.00110930881455665,0.000985313520061035,0.000858609082754047,0.000729560888029398,0.000598510661024518,0.000465815078685173,0.000331850216720971,0.000196974500506134,6.15442999233048e-05,-7.40498690923367e-05,-0.000209432086528149,-0.000344248647946552,-0.000478128062221986,-0.0006106912018175,-0.00074157441048457,-0.000870430673733197,-0.000996897422921701,-0.00112064627195357,-0.00124131575008723,-0.00135858404265132,-0.00147212261919622,-0.00158163541805218,-0.00168682219502975,-0.00178737407255966,-0.00188303606421843,-0.00197355516680783,-0.0020586497047492,-0.00213809335220836,-0.00221168360228381,-0.00227920755329467,-0.0023404923657802,-0.00239535622385611,-0.00244366584548373,-0.00248527082684616,-0.0025200527251547,-0.00254793578138469,-0.0025688460256503,-0.0025827056153007,-0.0025894865671544,-0.00258916890027884,-0.00258175057850944,-0.0025672469904767,-0.00254571632739311,-0.00251719836484977,-0.00248179350679645,-0.00243957832543887,-0.00239067291757,-0.00233522529063917,-0.00227337376676205,-0.00220528219176358,-0.00213114349795399,-0.00205116506226353,-0.0019655624527727,-0.00187458040638751,-0.00177845031525718,-0.00167744498586348,-0.00157185233602643,-0.00146194997151006,-0.00134803213087733,-0.00123041035372836,-0.00110942465938105,-0.000985405040085959,-0.000858683979038165,-0.000729601564842694,-0.000598525036289261,-0.000465793191755472,-0.000331791841157221,-0.000196871523540808,-6.14203596351672e-05,7.41976074154073e-05,0.000209603562950941,0.000344435722429124,0.000478322707688949,0.000610899474697406,0.000741791225849656,0.000870654676810097,0.000997142024299459,0.00112089719964765,0.00124157106569509,0.00135883976964672,0.00147238525788053,0.00158189935530804,0.00168706791044435,0.00178761022615584,0.00188325436643783
0.00201698525941699,0.00207975546747838,0.00213683635927316,0.00218805760655382,0.00223327440110293,0.00227236629821541,0.00230523724076726,0.00233177703850709,0.00235193127958584,0.00236563557355703,0.00237286745206332,0.0023735882614398,0.00236780860689547,0.00235553410075613,0.00233681241653611,0.00231167944370956,0.00228021035675587,0.00224250052234151,0.0021986363891949,0.00214874163841047,0.00209295855106928,0.0020314400162018,0.00196436509505383,0.00189189946069459,0.00181425289153047,0.00173162774647713,0.00164425674636555,0.00155238156866002,0.00145626270053293,0.00135614849088646,0.00125232935602614,0.00114507009180739,0.00103467301811109,0.00092144104384201,0.000805682050036491,0.000687717449033624,0.000567868262987014,0.000446463532570741,0.000323821531325279,0.00020029579485346,7.62280631575258e-05,-4.8051682353279e-05,-0.000172192706532983,-0.000295875410326304,-0.0004187477141581,-0.000540462941827423,-0.000660705327039791,-0.000779139161420009,-0.000895422176126092,-0.00100925953365376,-0.00112033273286381,-0.00122834003515355,-0.00133296826659171,-0.0014339598600712,-0.00153102140396285,-0.00162388198110437,-0.00171229258345906,-0.00179601065870974,-0.00187481714000174,-0.00194848740795624,-0.00201681241571664,-0.00207960940535662,-0.00213670756949514,-0.00218794624832515,-0.00223318127291674,-0.00227230909591635,-0.00230519542491172,-0.00233177608121808,-0.0023519631917755,-0.00236570176206919,-0.00237296764013233,-0.00237371947194473,-0.00236796143872232,-0.00235572281623385,-0.00233701865886003,-0.00231189654212987,-0.00228044217027594,-0.00224272753948632,-0.00219888271237095,-0.00214900787605339,-0.00209322733807765,-0.00203172481669831,-0.00196465675336219,-0.0018921916785301,-0.00181454981176078,-0.00173191904209846,-0.0016445581961172,-0.00155267587043673,-0.00145654317776024,-0.00135641817869385,-0.00125256200428083,-0.00114528022559828,-0.00103485804525398,-0.000921598308189541,-0.000805809159002516,-0.000687812610059752,-0.000567937395787615,-0.000446507996773766,-0.000323844601531423,-0.000200290310620715,-7.61921926096176e-05,4.81125777678812e-05,0.000172294132586545,0.000295995999148392,0.000418890479577059,0.000540629635166563,0.000660885413900618,0.000779333665700319,0.000895638414187375,0.00100948243906033,0.00112055613416598,0.00122857099193355,0.0013332303501428,0.00143422235389197,0.00153128077589773,0.00162413473029095,0.00171254386378211,0.0017962501884636,0.00187503744471291,0.0019486860345199
0.00199700352737611,0.00204137960174019,0.00208015752722767,0.00211322589428038,0.00214049744546735,0.00216190625754125,0.00217739172843149,0.00218689425465791,0.00219041407852519,0.00218791584287786,0.00217943772528499,0.00216498743565958,0.00214459686142184,0.00211833755935853,0.00208627384465846,0.00204848101467141,0.00200507966020895,0.00195618100328237,0.00190192612784686,0.00184245234850155,0.00177791448421498,0.00170851558538766,0.00163444352628924,0.00155589254401231,0.00147307730684326,0.0013862215640266,0.00129556750754949,0.00120135092490032,0.00110386353874545,0.00100334151142813,0.000900084100551308,0.000794358052042683,0.000686448839206861,0.000576668576679277,0.000465305676832936,0.000352656003577928,0.000239045818113222,0.000124783811290575,1.01628472785637e-05,-0.000104478614076777,-0.000218835664682722,-0.000332583751306947,-0.000445417665028809,-0.000557043014256336,-0.000667145094811884,-0.000775416583405193,-0.000881553091918924,-0.000985279696047222,-0.00108629765936904,-0.00118434276463922,-0.00127914997649694,-0.00137045487021406,-0.001457990642109,-0.0015415388626443,-0.00162087580248553,-0.00169576585187875,-0.00176599502536296,-0.00183138595598847,-0.00189176337214092,-0.00194697230206729,-0.00199683316498168,-0.00204121300698988,-0.00208001042096262,-0.00211310464380916,-0.00214040009247871,-0.00216183319116956,-0.00217733885629305,-0.0021868862031881,-0.00219043723016449,-0.00218798680568777,-0.00217953363589325,-0.00216511161802246,-0.00214475494346233,-0.00211852119044084,-0.00208646388919024,-0.0020486913015899,-0.0020052926327623,-0.00195639276426327,-0.00190215521332198,-0.00184269333353535,-0.00177817155282712,-0.00170878535950105,-0.00163472451617024,-0.0015561746062384,-0.00147336010346463,-0.00138650288292655,-0.00129584695491553,-0.0012016456589989,-0.00110414266921403,-0.00100360979278349,-0.000900317934233441,-0.000794555396017739,-0.000686618414720002,-0.000576816430882881,-0.000465419108594834,-0.000352740423101979,-0.000239097853220964,-0.000124803845569916,-1.01673292837912e-05,0.000104505096632793,0.000218871245797803,0.000332649233389718,0.000445516196615254,0.000557157846278455,0.000667278209432146,0.000775564769916596,0.000881729760019142,0.000985475970541446,0.00108651705485653,0.00118457964304935,0.00127938165453301,0.00137068984622677,0.00145824406147776,0.00154179886103147,0.00162112685129324,0.00169598961475295,0.00176622363184782,0.0018316162616724,0.00189198270619059,0.00194716353779978
0.00193726539813591,0.00196704937662959,0.00199143763326936,0.00201036109381512,0.00202377440948915,0.00203163287955578,0.00203393588368548,0.00203064946460767,0.00202180094899702,0.00200741026929456,0.00198752106067219,0.00196218970075005,0.00193147872024251,0.00189547603078871,0.00185427815617835,0.00180799811885841,0.00175676933849907,0.00170070868066719,0.00164000376435149,0.00157478660851272,0.00150525663899181,0.00143160186315158,0.00135403520522388,0.00127274989169616,0.00118798328819042,0.00109996610805877,0.00100892915175492,0.000915105836152838,0.000818791972480954,0.000720252451730038,0.000619730594528882,0.000517509087913116,0.000413874748659631,0.000309110573165898,0.00020350293718089,9.73194006720531e-05,-9.11808593138883e-06,-0.000115544116450102,-0.000221639067955887,-0.000327148545339129,-0.000431752086636202,-0.000535175263236033,-0.000637123907357046,-0.000737325642277711,-0.000835509791524013,-0.000931418152528292,-0.00102475147699144,-0.00111528160360605,-0.00120275485078014,-0.00128693620135506,-0.00136759546992819,-0.00144451171485742,-0.0015174531960088,-0.00158624492779275,-0.00165069566710824,-0.00171062612278785,-0.00176584620450271,-0.00181623519116449,-0.00186164788452229,-0.00190197405497232,-0.00193708301255084,-0.00196686825216044,-0.00199127281060665,-0.00201023240350524,-0.00202367028087943,-0.00203155934247459,-0.0020338828404469,-0.00203063703348103,-0.00202181582477649,-0.00200746899054857,-0.00198761010138756,-0.00196231139930876,-0.00193162900816179,-0.00189564401234594,-0.00185444981834675,-0.00180819074331978,-0.00175694715886547,-0.0017009105506832,-0.00164021426193622,-0.00157500692412781,-0.00150548661235282,-0.00143185476350677,-0.0013542896859531,-0.00127301958079335,-0.0011882526279378,-0.00110023352486488,-0.0010091911023802,-0.000915386098987389,-0.000819069426218625,-0.000720507231865964,-0.000619958715152505,-0.000517705159938342,-0.000414035942287201,-0.000309250774151623,-0.000203605716798152,-9.73999074577477e-05,9.0770131964047e-06,0.000115530931179115,0.000221659874943918,0.000327181287351471,0.000431802203971241,0.000535240208697342,0.000637210022442589,0.000737425446422529,0.000835638993138405,0.000931552713264416,0.0010249167547816,0.00111547643977479,0.00120297377737615,0.00128716829187455,0.00136783477001784,0.00144474958092722,0.00151769602403336,0.00158648852075318,0.00165092966732227,0.001710837314947,0.00176606597255426,0.00181645900246171,0.00186186725100958,0.00190216460902662
0.0018552456065304,0.00187399283237078,0.00188760460897375,0.00189604037039399,0.00189927681649831,0.00189730200445774,0.00189012665010229,0.00187777702235865,0.00186027652486815,0.00183768253433938,0.00181005746288681,0.00177746182197113,0.00173999312906861,0.00169775397152984,0.00165086724350935,0.00159946817869764,0.00154368062137802,0.00148364191878906,0.00141954884548991,0.00135155810335822,0.00127987852637431,0.00120468840345798,0.00112618670044834,0.00104461181393251,0.000960167649909562,0.000873093683477102,0.000783622893269293,0.000692000278300567,0.000598487919043911,0.000503351899842064,0.000406826768569264,0.000309185441457117,0.000210713942081035,0.00011165005391729,1.22960643097292e-05,-8.71025678519129e-05,-0.000186260149362014,-0.00028492116499879,-0.000382787392414798,-0.000479617427323658,-0.000575120507674305,-0.000669060680181877,-0.000761159837418221,-0.000851173116390856,-0.000938852815255316,-0.00102397357845697,-0.00110627398301354,-0.00118553779796311,-0.00126155764531357,-0.00133412327236406,-0.00140302997596467,-0.00146809415483773,-0.00152912734587341,-0.00158598486038766,-0.00163848823688385,-0.00168650450529972,-0.00172988756121633,-0.00176853786431776,-0.00180234027381759,-0.00183121436393828,-0.00185506155297761,-0.00187381913704946,-0.00188744134385163,-0.00189591461992239,-0.00189917697420309,-0.00189723783765044,-0.00189009146111728,-0.0018777616953436,-0.00186029089101015,-0.00183772884236646,-0.00181012384838456,-0.0017775600230505,-0.00174011663958684,-0.00169790225776184,-0.00165102356445022,-0.00159962876820797,-0.00154383051662163,-0.00148382007146218,-0.00141973649410144,-0.00135176335452874,-0.00128009152870512,-0.00120490715419479,-0.00112641890755577,-0.0010448513422473,-0.000960412742872281,-0.000873349282513994,-0.000783885850184585,-0.000692268323752901,-0.000598750298566178,-0.000503597667359272,-0.000407058075872957,-0.000309394554019234,-0.000210873784553207,-0.000111794504639826,-1.24066118244753e-05,8.70166358365932e-05,0.000186213620612056,0.000284893097328937,0.000382786180422412,0.000479630182155073,0.000575174086083716,0.000669121063372241,0.000761233281097796,0.000851256919930037,0.000938970633687989,0.00102409910614101,0.00110642282546172,0.00118571459069767,0.00126175780615133,0.00133433558081474,0.00140326428057418,0.00146832668035043,0.00152936152025143,0.00158621019416218,0.00163870740880324,0.00168672470515194,0.00173009532461827,0.00176874616242698,0.00180254384691786,0.00183140048681845
0.00176317163602211,0.00177406814479959,0.00178011848919845,0.00178126811189091,0.00177754958222941,0.00176895990927593,0.00175551120628846,0.00173726143059017,0.00171424615305181,0.00168653033312257,0.00165419389192411,0.00161731747129515,0.0015760052204924,0.00153038216320428,0.00148056511218049,0.00142669212588987,0.00136890800908951,0.00130736719210759,0.00124223356466368,0.0011737056161158,0.00110197901341547,0.00102722187750276,0.000949640540417338,0.000869466638100396,0.000786909836112258,0.000702185740695348,0.000615540118955627,0.000527205057875723,0.000437432868433209,0.000346470506418878,0.000254548046520606,0.00016194403947796,6.88945047769122e-05,-2.43553698058239e-05,-0.000117520721005492,-0.000210367408018886,-0.000302649050997979,-0.000394095802346107,-0.000484480308435489,-0.000573518890756703,-0.000660977491846456,-0.000746636845730045,-0.00083025246257198,-0.000911586954036345,-0.000990426102921292,-0.00106655372740232,-0.00113976144590358,-0.00120982754250236,-0.0012765940004413,-0.00133985815241866,-0.00139944673895294,-0.00145520547818892,-0.00150696036966129,-0.0015546086831264,-0.00159798882672439,-0.00163698282000191,-0.0016714903802902,-0.00170142552168084,-0.0017266897340685,-0.00174723638110054,-0.00176298471451661,-0.00177391064050668,-0.00177996989450374,-0.00178115800562775,-0.00177745698315131,-0.00176888685391783,-0.00175547756866026,-0.00173724070628301,-0.00171423997738492,-0.0016865558971229,-0.0016542492961093,-0.00161739476099107,-0.00157610415974857,-0.00153049606076684,-0.00148069167944846,-0.00142681925450166,-0.00136904753636898,-0.00130752420126794,-0.0012424052213614,-0.00117389477222601,-0.0011021720180623,-0.00102742410509679,-0.0009498580492331,-0.000869695253718349,-0.000787127182701997,-0.00070242369499588,-0.000615790989988183,-0.000527466019332734,-0.000437675218063851,-0.00034670246513297,-0.000254783698521054,-0.000162145871126901,-6.90691928939363e-05,2.42020077442518e-05,0.000117395773041597,0.000210277616754838,0.000302584679741193,0.000394047104912973,0.000484441330213635,0.000573502385358137,0.000661003859764055,0.000746686676468378,0.000830306732157026,0.00091166681117962,0.000990529994249751,0.00106667204659671,0.00113990012210549,0.00120999336420152,0.0012767733759096,0.00134004826245743,0.00139966196827473,0.00145541399441796,0.00150717861471953,0.00155481695878466,0.00159820440192506,0.00163720297615466,0.00167171123787426,0.00170163399775434,0.00172688893590492,0.00174742651198683
0.00166885887848722,0.00167466241692454,0.00167588096697365,0.00167249736768534,0.0016645498253448,0.00165202981971466,0.00163498420329772,0.00161346148231653,0.00158751171876485,0.00155718886182403,0.00152260818937804,0.00148385138602829,0.00144103152390518,0.00139427131118411,0.00134369739713279,0.0012894249334672,0.00123162231997337,0.0011704454705318,0.00110604319770136,0.00103863282554439,0.00096838324451681,0.00089546566668484,0.000820092578744512,0.000742483120129687,0.000662836823984645,0.000581363118546188,0.000498300552054779,0.000413864433245945,0.000328313478196032,0.000241853970153505,0.000154730844885857,6.71941024990491e-05,-2.05250478242383e-05,-0.000108196033641948,-0.000195571620043648,-0.000282398186425774,-0.000368465886759586,-0.000453524343403137,-0.000537350353883042,-0.000619679365311546,-0.000700305739176605,-0.000779020350118222,-0.000855607233589402,-0.000929838297154034,-0.00100152028364358,-0.0010704664428715,-0.00113648687620962,-0.00119939019840374,-0.00125900072113408,-0.00131515870028099,-0.00136770366252064,-0.00141650680792039,-0.00146142456753258,-0.00150234167994937,-0.00153915343712881,-0.00157173075862545,-0.00160000498473922,-0.0016238962524374,-0.00164334139319832,-0.00165828135307407,-0.00166867085329293,-0.0016745133537389,-0.00167575009217861,-0.00167239509456506,-0.00166445487117571,-0.00165194970271537,-0.00163492343876008,-0.0016134132319723,-0.00158746857164024,-0.0015571934370399,-0.00152265310948382,-0.00148391849135188,-0.00144111467335969,-0.0013943546928316,-0.00134378164945729,-0.00128952566814609,-0.00123174067122159,-0.00117058473239826,-0.00110620215904666,-0.00103880022207334,-0.000968555116954988,-0.000895659671887127,-0.000820311254310562,-0.000742696487563088,-0.000663055967598905,-0.000581591204344968,-0.000498529085809411,-0.000414104647974985,-0.000328530620550002,-0.000242066618608638,-0.000154936112627924,-6.7377510428764e-05,2.03504741383591e-05,0.000108048337261697,0.000195442248315572,0.000282298144302614,0.000368382441204532,0.00045344958489779,0.000537280862533568,0.00061963504665447,0.000700297814830777,0.000779038798525321,0.000855642252543199,0.000929899833473869,0.00100161449771154,0.00107058438256258,0.00113662172640411,0.0011995235043714,0.00125914775391131,0.00131532049415415,0.00136789098588353,0.00141669855840266,0.00146162912474979,0.00150254569235631,0.00153935624309949,0.00157194884323757,0.00160023549986485,0.0016241123825258,0.00164353769689581,0.00165846540048774
0.00157664121281817,0.00157963719279976,0.00157829898082525,0.00157264804247791,0.00156268997830829,0.00154844969250471,0.00152996115020356,0.00150727685517253,0.00148044870731823,0.00144956304130935,0.00141470571857579,0.0013759595434746,0.00133345481112155,0.00128730133965496,0.00123762790320693,0.00118454842073941,0.00112822301820668,0.00106880490331053,0.00100645484692587,0.000941365875348199,0.000873694617912521,0.000803610871431517,0.000731329002009823,0.000657057543709031,0.000580975236246293,0.000503298688681312,0.000424247205891439,0.000344032935896816,0.00026287045123704,0.000180991577131379,9.8618517713357e-05,1.59854783973114e-05,-6.66863470614487e-05,-0.000149195458262087,-0.000231296864293431,-0.000312753724471205,-0.00039335516762735,-0.000472897481612874,-0.000551128570352924,-0.000627843861639287,-0.000702820581578702,-0.000775880198151081,-0.000846825917829917,-0.000915442486463941,-0.000981547458920966,-0.00104496408824341,-0.00110552639285785,-0.00116306183611192,-0.00121740469839051,-0.0012684069721265,-0.00131591571053005,-0.00135983001555833,-0.0014000265583716,-0.00143637703424535,-0.00146879577258013,-0.00149718614374972,-0.00152147898231759,-0.00154160667456054,-0.00155750602465865,-0.00156912333631603,-0.0015764633616965,-0.00157949825251386,-0.00157818365219177,-0.00157253368961067,-0.00156258234453469,-0.00154834281402535,-0.00152986497898233,-0.00150719299324222,-0.00148038799468366,-0.00144954119890792,-0.00141471157115333,-0.0013759993232386,-0.00133350965470723,-0.00128735635549195,-0.00123767433458316,-0.00118462243358695,-0.0011283209886881,-0.00106892679620963,-0.00100659487238396,-0.000941506491624921,-0.000873844033758899,-0.000803791039740363,-0.000731533631783749,-0.000657260020756795,-0.000581193466846064,-0.000503517106080228,-0.00042445600157857,-0.000344240459891289,-0.000263080217156916,-0.000181186091900091,-9.87965800146556e-05,-1.61567145137281e-05,6.65323284367271e-05,0.000149050305743342,0.000231157519467852,0.000312632881879614,0.0003932570036067,0.000472797485840197,0.000551043563816741,0.000627776432262285,0.000702794681138813,0.000775877351539502,0.000846846466272516,0.000915486611880724,0.000981621404079361,0.00104506718099121,0.00110564890592304,0.00116318346428323,0.00121753394456206,0.00126854297961273,0.00131608521803614,0.00136001706265803,0.00140021950324581,0.00143657164485105,0.00146900282568258,0.00149740443741724,0.00152171237804769,0.00154181424848466,0.00155769916632433,0.00156931948134733
0.00148825844875642,0.00149027365338266,0.00148820304254399,0.00148206328652174,0.00147184591413065,0.0014576256644774,0.00143938553875104,0.00141719236470067,0.00139110776303486,0.00136122284309998,0.0013276025788349,0.00129033359653363,0.00124954096194872,0.00120532822240063,0.00115781235414998,0.00110711100883314,0.0010533845678524,0.000996769899887267,0.000937423864575549,0.000875514264908746,0.000811205205206929,0.00074466472154465,0.000676082493260113,0.000605651358893178,0.000533563190817771,0.000460009116368496,0.00038519917632223,0.000309334198375752,0.000232611580065865,0.000155257220975512,7.74876206838717e-05,-4.8989442990149e-07,-7.84705061599659e-05,-0.000156252713911545,-0.000233606223964045,-0.000310309280356551,-0.000386168284998435,-0.000460972542787935,-0.000534509522237157,-0.0006065773428598,-0.000676971883451037,-0.000745498309131589,-0.000812002731389765,-0.000876276286320982,-0.000938142519972602,-0.000997432259346012,-0.00105399945431323,-0.00110769161004457,-0.00115834877407367,-0.00120581025596565,-0.00124996547998645,-0.00129069595236825,-0.00132790189160227,-0.00136145992794625,-0.00139128141754873,-0.00141729861513332,-0.00143943217664678,-0.00145763065309244,-0.00147182917853853,-0.00148198425335584,-0.00148810138261836,-0.00149014637432518,-0.00148808612796649,-0.00148192700851757,-0.00147172659961518,-0.00145749723680923,-0.00143926426951924,-0.00141709122187059,-0.00139104141823036,-0.00136118220183808,-0.00132758997141112,-0.00129034995482729,-0.00124956262154415,-0.00120534977922776,-0.00115783460447105,-0.00110717138145628,-0.00105346417571005,-0.000996861456117722,-0.000937533316805135,-0.000875636855642421,-0.000811336189884433,-0.00074482186481023,-0.000676257902323563,-0.000605844787549714,-0.000533757622531533,-0.000460207031190468,-0.000385386038182322,-0.000309519870492579,-0.000232801421618827,-0.000155429837524396,-7.76464795823217e-05,3.40626822013826e-07,7.83284252007087e-05,0.000156099743816676,0.00023345381175775,0.000310167926297344,0.000386042013486193,0.000460854806919019,0.000534401614181921,0.000606492578939112,0.000676909169924774,0.000745465112336115,0.000811994248223427,0.000876304475218271,0.000938208446373321,0.00099752733276272,0.00105411058679244,0.00110780388503919,0.00115845840633447,0.00120593930693154,0.00125011761429775,0.00129087002876223,0.00132806938814442,0.00136164754088002,0.0013914948798701,0.00141750971531049,0.00143966115647835,0.00145784268521514,0.00147202012771832,0.00148217015169198
0.00140369246777739,0.00140611386685237,0.00140468897389748,0.00139940311667023,0.00139027940603161,0.00137736142455191,0.00136065459930356,0.00134020980353594,0.00131609596561451,0.00128837291065586,0.00125711309391526,0.00122240283957712,0.00118436296408614,0.00114307760179318,0.0010986436939775,0.00105120129393989,0.00100089371483466,0.000947836093855918,0.000892175028529795,0.000834073568426257,0.000773684819041308,0.000711170105556165,0.000646712133521921,0.000580482713353469,0.000512655228631585,0.000443433862357861,0.000372996312936921,0.000301534904550391,0.000229246030584939,0.000156321310517916,8.29856819924161e-05,9.42481161718334e-06,-6.41711931890417e-05,-0.000137605305267641,-0.000210658744869797,-0.000283125312386621,-0.000354825208761107,-0.000425546342736414,-0.000495105462119641,-0.000563306207790416,-0.000629947808620975,-0.000694861003960226,-0.000757875626682187,-0.000818805927407971,-0.000877486568227406,-0.000933761464697062,-0.000987479379627856,-0.00103851901715972,-0.00108671051717185,-0.0011319003537137,-0.00117399396084275,-0.00121286697388941,-0.00124841836096085,-0.00128055286517979,-0.00130916731438466,-0.00133419836830743,-0.00135557353667096,-0.00137325491707015,-0.0013871682335777,-0.00139726378581453,-0.00140354396753758,-0.00140599382999605,-0.00140456415354716,-0.00139925919019152,-0.00139013704371495,-0.0013772153581044,-0.00136051182743218,-0.00134009222697811,-0.00131600853960724,-0.00128831457798176,-0.00125708604001036,-0.00122240228155888,-0.0011843525518565,-0.00114307390174393,-0.00109866150644274,-0.00105125060675812,-0.00100096059217247,-0.000947911150147728,-0.000892265909862824,-0.00083417625722111,-0.000773803019343387,-0.000711313428175791,-0.000646862741027743,-0.000580651892328555,-0.0005128220589565,-0.00044360069515517,-0.000373157533561854,-0.000301698364298376,-0.000229402616571951,-0.0001564671013652,-8.31247856831406e-05,-9.55310584985055e-06,6.40437702756326e-05,0.000137450626052407,0.000210502518659798,0.00028297418472722,0.000354682524901453,0.000425419393758765,0.000494979652060701,0.000563195798082023,0.000629863917241919,0.00069480046973239,0.000757844639136977,0.000818824317113822,0.000877548428078329,0.000933849865421512,0.000987583975799603,0.0010386237308297,0.00108681005053939,0.00113203017321448,0.00117413327724317,0.00121301764917112,0.00124857729670177,0.00128073699918271,0.00130937230501144,0.00133441090847289,0.00135579353876421,0.00137346684935708,0.00138734837482787,0.0013974308466079
0.0013218651498951,0.00132567622421351,0.00132586659673985,0.00132240068162173,0.00131532228597296,0.00130462281772697,0.00129036410069802,0.00127255857616185,0.00125127947349903,0.00122654929520126,0.00119845843956046,0.0011670804553473,0.00113252553028286,0.00109485701141987,0.00105417208628052,0.00101061088385746,0.000964296111022611,0.00091531251107848,0.000863830885006885,0.000809985205339623,0.000753914795065302,0.000695773521643617,0.000635736360031713,0.000573950905914332,0.000510589298253871,0.000445841211932398,0.000379874323240652,0.000312858598545082,0.000244981071459043,0.000176422142618359,0.000107399958899584,3.80792763384066e-05,-3.13450696249391e-05,-0.000100698786181117,-0.000169774576148383,-0.000238382547871131,-0.000306333893904143,-0.000373442066601133,-0.000439529251781703,-0.000504409778764602,-0.000567896952071184,-0.000629834286611355,-0.000690044357641231,-0.000748349634575108,-0.000804599896991861,-0.000858645262865514,-0.000910337395557358,-0.000959568253771328,-0.00100615933142202,-0.0010499812031821,-0.00109092411871299,-0.00112887903132865,-0.00116373546900395,-0.0011954094989324,-0.001223801137219,-0.00124884785772964,-0.0012704657935253,-0.00128862427654902,-0.00130324377924498,-0.00131428110034514,-0.00132172085869233,-0.00132555075731332,-0.00132573481492099,-0.00132226016611254,-0.0013151614288717,-0.00130447896045307,-0.00129021823004387,-0.00127243781148664,-0.00125117398707179,-0.00122647322270987,-0.00119840599263374,-0.00116704902889024,-0.00113248829531825,-0.00109483160671642,-0.00105417687646315,-0.0010106496785332,-0.000964344431678828,-0.000915387135373751,-0.000863918549936135,-0.000810074114213712,-0.000754022581484114,-0.000695909169486826,-0.000635869124309479,-0.000574094124300948,-0.000510725211326039,-0.000445983170904408,-0.000380008067827073,-0.000312999962184129,-0.000245114827435496,-0.000176556770477243,-0.000107524040450688,-3.82007254978871e-05,3.12323038268139e-05,0.000100552495233363,0.000169617311953759,0.000238218156982445,0.000306186049268712,0.000373302141385992,0.000439395939641951,0.000504282837710464,0.000567802823654019,0.000629758578406589,0.000689998696058471,0.000748357389399781,0.000804650337443772,0.000858730946202002,0.000910437053844478,0.000959655212128403,0.00100625209768617,0.00105009872040567,0.00109105903904546,0.00112901134623875,0.00116389517529094,0.00119559518819933,0.00122400595255271,0.00124905597592777,0.0012706750098661,0.00128882415413096,0.00130341789493553,0.0013144385130196
0.00124122978798108,0.00124705113367925,0.0012494719019518,0.00124844591797852,0.0012440107656717,0.00123614034317219,0.00122490880256805,0.00121031382724274,0.00119241329178431,0.00117121784130442,0.00114682523861965,0.00111928255540774,0.00108868792168373,0.00105508949678427,0.00101859880268403,0.000979329829052245,0.000937378670408557,0.000892846774492232,0.000845878914516573,0.000796583455503491,0.000745111607496285,0.000691594066241754,0.000636179915422527,0.000579024324421513,0.000520282559272026,0.000460122981470326,0.000398709796031283,0.000336192657870018,0.000272742100873961,0.000208537949231453,0.000143779960816163,7.86250687692084e-05,1.32572330588225e-05,-5.21473110936402e-05,-0.000117416376200706,-0.000182377323657827,-0.000246827010073739,-0.000310593437406862,-0.00037349581090561,-0.000435380497776477,-0.000496070894039431,-0.000555403931079699,-0.000613220867137423,-0.000669334322999353,-0.000723610607800106,-0.000775913487833259,-0.000826083399738334,-0.000874003006197559,-0.000919528519975763,-0.000962541950119026,-0.0010029012747284,-0.00104051795368284,-0.00107527554251628,-0.00110709035148893,-0.00113587871287182,-0.00116156079023523,-0.00118404436338293,-0.0012032931127172,-0.00121924711081127,-0.00123186591928403,-0.0012410919641054,-0.00124692245368064,-0.00124933211398667,-0.00124830837709248,-0.00124385307774161,-0.00123600805477957,-0.00122476247087813,-0.00121019387412221,-0.00119230159792824,-0.00117112634201733,-0.00114674464522196,-0.00111922779352573,-0.00108863419461878,-0.00105505455683743,-0.00101859028252216,-0.000979355024670387,-0.00093741898446471,-0.000892912905912479,-0.000845955656951903,-0.00079667466505618,-0.000745208589815882,-0.000691701850667188,-0.00063629219961474,-0.00057913598354937,-0.000520391110036644,-0.000460235934611891,-0.000398811626468319,-0.000336310669445979,-0.00027286043277528,-0.000208669694498024,-0.000143892311771224,-7.87364943681312e-05,-1.33729844616275e-05,5.20150254354505e-05,0.000117271116827241,0.000182209494058263,0.000246670340161266,0.000310437920600412,0.000373367170263814,0.000435252301851151,0.000495974999113815,0.000555330414879547,0.000613170821947012,0.000669332936212524,0.000723647980965133,0.00077598575672931,0.000826170189869768,0.000874083528871466,0.000919626837126221,0.000962645768899138,0.00100303129745224,0.00104064522380563,0.00107543414739769,0.00110727527739157,0.00113607048375057,0.00116174519914906,0.00118423209333136,0.00120347807595497,0.00121941279656849,0.00123200649091072
0.00116022038323961,0.00116836870759671,0.0011733246534476,0.00117504660338454,0.00117355168248151,0.00116882358655542,0.00116091964733742,0.00114983262810276,0.00113559193141506,0.00111822335966637,0.0010978045198966,0.00107436140338308,0.00104799642781446,0.00101872819618019,0.0009866862006616,0.000951939101344822,0.000914579572912257,0.000874714700619645,0.000832460472204363,0.000787902102315216,0.000741205729130632,0.00069247408534505,0.000641834915134452,0.000589438931859362,0.000535450082046954,0.000479979078590496,0.000423198425907367,0.000365258062299087,0.000306297777624416,0.000246499215595972,0.000186039689762917,0.0001250515702667,6.37391684126313e-05,2.25795706381748e-06,-5.92409843193665e-05,-0.000120591971061949,-0.000181607091384222,-0.000242118417173846,-0.000301948186632217,-0.00036094967142927,-0.000418966308517833,-0.000475851520481464,-0.000531417243897778,-0.000585516580011617,-0.000638013476073318,-0.000688765284667643,-0.000737622234229816,-0.000784455012581177,-0.000829154838042101,-0.000871590941000316,-0.000911625885403396,-0.00094916549089836,-0.000984093281562923,-0.00101632543619513,-0.00104579248004369,-0.00107239190266285,-0.00109603551136044,-0.0011166722304148,-0.00113426751226563,-0.00114876935128947,-0.00116009060015163,-0.00116823462340781,-0.00117317732625731,-0.00117490497716244,-0.00117340724595619,-0.00116870985648647,-0.00116078051923633,-0.0011497056920529,-0.00113547753955814,-0.00111811982393919,-0.00109770683335264,-0.00107429986627952,-0.00104793688432657,-0.00101868636967106,-0.000986668943370506,-0.000951945140104146,-0.000914602674253622,-0.000874768122696741,-0.000832518778364006,-0.000787994770561047,-0.000741301542767006,-0.000692565957290838,-0.000641926644264072,-0.000589526708596607,-0.00053553162739274,-0.000480069183981109,-0.000423283033106735,-0.00036535699231682,-0.00030640496198791,-0.000246619232444461,-0.000186137225816951,-0.000125166764336052,-6.38646732208583e-05,-2.38110437334139e-06,5.91071628025153e-05,0.000120436756243261,0.000181457237109715,0.000241966204141683,0.000301822354697173,0.000360840040589393,0.000418880502015237,0.000475779625526161,0.000531371135142253,0.000585509657049731,0.000638039196971573,0.000688820206681265,0.000737690135041608,0.000784528999262094,0.000829250082230193,0.000871689034026917,0.00091174347682941,0.000949283000981082,0.000984246660737449,0.00101649588033967,0.00104595733535777,0.00107254753598367,0.00109619844033711,0.00111683821421043,0.00113442547813494,0.00114889005243299
0.00107757621337053,0.00108808243213709,0.00109561057400644,0.00110013078019375,0.00110163493667308,0.00110010774636479,0.00109558201240116,0.00108806082779354,0.00107754712196881,0.00106407896936238,0.00104769668545028,0.00102843520393861,0.00100636411649004,0.000981516471073673,0.000954000317861887,0.000923859553832675,0.000891180433609983,0.000856068907491741,0.000818611592067162,0.000778896654860713,0.000737058741238162,0.000693194933926816,0.000647429397276937,0.000599887943285733,0.000550741576399246,0.000500052432026613,0.000447991931129921,0.000394718509385512,0.000340347920687215,0.000285042157778207,0.00022896573954662,0.000172233583542829,0.000115056590953799,5.7574922766555e-05,-8.36833954750478e-08,-5.77399954094996e-05,-0.000115242186131875,-0.000172428080545509,-0.000229125401947418,-0.00028518214534794,-0.000340471650685216,-0.000394847411926529,-0.000448111247956439,-0.000500154034056277,-0.000550822099481615,-0.000599987744213659,-0.000647488442340354,-0.00069322940280591,-0.000737068547792942,-0.000778903539904025,-0.000818596466458829,-0.00085605254959081,-0.000891141220809538,-0.000923797285415592,-0.00095393910339459,-0.000981460291674411,-0.0010062819425946,-0.00102833566013599,-0.00104759829329578,-0.00106398977803268,-0.00107744417206985,-0.00108794685449149,-0.00109546271416194,-0.00109998896057374,-0.00110149865900626,-0.00109999838463943,-0.00109546346018786,-0.00108794371634541,-0.0010774311536981,-0.001063966898767,-0.00104758400764354,-0.00102836270289067,-0.00100629715090451,-0.000981470741805483,-0.00095397600659998,-0.000923846095715329,-0.000891186674722294,-0.000856112792196445,-0.000818660314969678,-0.000778979617531611,-0.000737140909460894,-0.000693281477201872,-0.000647508423027312,-0.000599968323946212,-0.000550806358635451,-0.000500126942276238,-0.000448071442446713,-0.00039480196167011,-0.000340439927357266,-0.000285147947870146,-0.000229057301839385,-0.00017235891035255,-0.000115189866658476,-5.76962571288004e-05,-4.667130364512e-08,5.76037204739408e-05,0.000115108325384809,0.000172290990910841,0.000229014684112858,0.000285090993318649,0.000340399841908193,0.000394777375113701,0.000448073852001328,0.000500142262397169,0.000550841645094944,0.000600017426015703,0.000647542589043513,0.000693292681372414,0.000737162037906188,0.000778999441149674,0.000818704538978109,0.00085616566288556,0.000891287780793497,0.000923951287492248,0.000954080697686936,0.000981600973786264,0.00100641848889664,0.00102847775907663,0.00104773798873934,0.001064112728103
0.000992521973827475,0.00100520315008012,0.00101512338452931,0.00102226327267655,0.00102660575678309,0.0010281293616266,0.00102683604967617,0.00102274039775901,0.00101582378105801,0.00100614417164213,0.000993689942145639,0.00097851199089186,0.000960648213401268,0.00094015782204663,0.000917094704964765,0.000891507954840178,0.000863472439579169,0.000833097391673426,0.000800413972755885,0.000765532760597204,0.000728563982688459,0.000689593858422145,0.000648742212124231,0.000606099875067044,0.000561833690548879,0.000515995869680495,0.000468742336596151,0.000420221301301496,0.000370539069337201,0.000319838501142414,0.000268264396838936,0.000215934989910526,0.000163026431031005,0.000109687921803044,5.60305571120869e-05,2.2288956087309e-06,-5.15759847392049e-05,-0.00010525432671277,-0.0001586202338215,-0.000211549616028625,-0.000263919772160969,-0.000315570480417369,-0.000366326140013619,-0.000416093527209162,-0.000464704858945573,-0.000512063125219651,-0.000557997259434897,-0.000602413705256687,-0.000645166257203323,-0.00068616709957923,-0.000725291213642278,-0.000762431572729698,-0.000797458945734428,-0.000830317228793,-0.000860913730786074,-0.000889141242404168,-0.000914922011209486,-0.000938188413446091,-0.000958904768269387,-0.000976989995439071,-0.000992387090473201,-0.00100505257522423,-0.0010149721367929,-0.00102212561247622,-0.00102647790432692,-0.00102801597695615,-0.0010267343123441,-0.00102262831096654,-0.00101571707437965,-0.00100602394563595,-0.000993571711907597,-0.00097842188425162,-0.0009605777043252,-0.000940103165135264,-0.000917062683914885,-0.000891485094490053,-0.000863470714428554,-0.000833114207004353,-0.000800455501061997,-0.000765609683478168,-0.000728635386680026,-0.000689669577364781,-0.000648798902281636,-0.000606165087070941,-0.000561886500175097,-0.000516053165291811,-0.000468823874150886,-0.000420292815864641,-0.000370622840671418,-0.000319933495076604,-0.000268353750634322,-0.000216057648756771,-0.000163160378439286,-0.000109804153858477,-5.61586959322613e-05,-2.35539549215288e-06,5.14629891739897e-05,0.000105134412997617,0.000158537271899962,0.000211476776285445,0.000263853243368918,0.00031550666034659,0.000366298955159567,0.000416076510836494,0.000464721702255465,0.000512078322707634,0.000558034629955528,0.000602463845275852,0.000645252506384817,0.00068626857792458,0.000725395490688359,0.000762540297130671,0.000797600721918285,0.000830455840620913,0.000861031190788813,0.000889253159641407,0.000915030819377178,0.000938312118630202,0.000959033143719199,0.000977121102041875
0.000904863249980863,0.000919353504086766,0.000931322571000696,0.000940735014247701,0.000947579290594052,0.000951824578527752,0.000953451269431849,0.000952484861017382,0.000948883516256658,0.000942714518113194,0.000933935442558466,0.000922600796370491,0.000908731009663342,0.000892380504975464,0.000873582181084067,0.000852374468511483,0.00082884207222161,0.000803056024649254,0.000775039140530898,0.000744897025466422,0.000712714270217346,0.000678595270958726,0.000642612584095962,0.000604865492710184,0.00056547849138149,0.000524519831628839,0.00048212536579264,0.000438426700793978,0.00039351645434104,0.000347530613421233,0.000300577383837654,0.000252802132306627,0.000204332196000665,0.000155318178810676,0.000105862433593897,5.61234357992863e-05,6.24532440905248e-06,-4.36673374614872e-05,-9.34333749298548e-05,-0.000142963023201927,-0.000192115226923812,-0.000240730959421106,-0.000288659492036098,-0.000335817880720079,-0.00038203706875572,-0.000427228071176769,-0.000471246018889451,-0.000513965291579531,-0.000555258871804456,-0.000595053999695883,-0.00063322196792965,-0.000669661184776568,-0.000704248519791293,-0.000736915010604746,-0.000767570278013695,-0.000796120030419994,-0.000822468981813768,-0.000846562907845568,-0.000868352586952368,-0.000887761598267705,-0.000904721687201606,-0.000919199701532133,-0.000931172570599591,-0.000940608463487555,-0.000947455752515384,-0.000951711828731983,-0.000953359894455234,-0.000952378771158568,-0.000948784567316169,-0.000942591090157311,-0.000933820621425457,-0.000922494853128195,-0.000908648290180521,-0.000892316373661867,-0.000873541172446457,-0.000852348007570317,-0.00082883210973261,-0.000803048961796489,-0.000775063916880818,-0.000744952399597904,-0.000712779951621629,-0.000678649933205304,-0.000642653684731744,-0.000604910085018102,-0.00056551696665445,-0.000524568986659858,-0.000482200652164446,-0.000438489720101157,-0.000393589192874855,-0.0003476049013963,-0.000300669806100892,-0.000252918180514928,-0.000204457848042392,-0.000155422203831972,-0.000105979641931838,-5.62434594260789e-05,-6.34438347874083e-06,4.35660556821418e-05,9.33684254973027e-05,0.000142905220240267,0.000192047385190003,0.000240669232408568,0.000288636915342452,0.000335794862959922,0.000382044497162093,0.000427238407498553,0.000471265697613958,0.000514004480616311,0.000555340764825905,0.00059515087150157,0.000633325601397403,0.00066976039083593,0.000704370420755036,0.000737028380283486,0.000767665670630927,0.000796199823609821,0.000822561967280721,0.000846666797536833,0.000868471491014185,0.000887885482829446
0.000814982572881825,0.000830792613697713,0.000844327564338762,0.000855550943692376,0.000864430958359981,0.000870940024517876,0.000875052653688902,0.00087678635167737,0.000876097745020213,0.000873035254250678,0.000867558451930197,0.000859707853841899,0.000849496790133066,0.000836961169466885,0.000822123952575291,0.000805029368390748,0.000785735854568605,0.000764293768452642,0.000740746143016375,0.000715164804673533,0.000687617772204942,0.000658203820396418,0.000626988370236071,0.000594056129919613,0.000559492573601768,0.000523387698998206,0.000485853645584842,0.000446997280587047,0.000406911850457907,0.000365710692300782,0.000323492203953708,0.000280395348016308,0.00023652017899648,0.000192007087121736,0.000146963979816304,0.000101515216826559,5.58048561274995e-05,9.93282845113768e-06,-3.59449861265613e-05,-8.17465939491704e-05,-0.000127341974174868,-0.000172566352610173,-0.000217298348373896,-0.000261448628431541,-0.00030487688004401,-0.00034747858310188,-0.000389132311803207,-0.000429707392375645,-0.000469093973409654,-0.000507208240610612,-0.000543941101095865,-0.000579186105584068,-0.000612837706419546,-0.000644814969256287,-0.000675021272840265,-0.000703383268079251,-0.000729804970779984,-0.000754224670578928,-0.000776584677348247,-0.000796811053633439,-0.000814846404247786,-0.000830646518310165,-0.000844183130641262,-0.000855430965130464,-0.000864308052557927,-0.000870828572817787,-0.000874965895377252,-0.000876691559376025,-0.000876002052475297,-0.000872919750371111,-0.000867444190287709,-0.000859594872705128,-0.000849403031420988,-0.00083689407938408,-0.000822075972622251,-0.000804993134854845,-0.000785721838212945,-0.000764289266635451,-0.000740764362683008,-0.000715201657856401,-0.000687670222450553,-0.000658238636269427,-0.000627019092445958,-0.000594084380726302,-0.00055952297028794,-0.000523430986844677,-0.00048591479552333,-0.000447050074875138,-0.000406965855732874,-0.000365772168251696,-0.000323584379286468,-0.000280501422655597,-0.000236628351946886,-0.000192103495579023,-0.000147065126587538,-0.000101616973135541,-5.58964064145461e-05,-1.00210072623182e-05,3.58926812725546e-05,8.17047074655374e-05,0.00012727417260447,0.000172510245290519,0.000217271696614666,0.000261430126061166,0.000304873133660352,0.000347480529419537,0.000389141099630726,0.000429744426759878,0.000469163635106942,0.000507290325817966,0.00054403658860541,0.000579274996284557,0.000612934343031132,0.000644897695080035,0.000675100744714402,0.000703443908599388,0.00072988264421111,0.00075430826222795,0.000776686491946008,0.000796930053420607
0.000723778989122285,0.00074034223149477,0.000754876602869532,0.000767355016410298,0.000777721074782048,0.000785953778429986,0.000792030116158191,0.000795941238854803,0.000797667496673216,0.000797222564586683,0.000794584087566968,0.000789764052731973,0.000782783091625213,0.0007736414454613,0.000762381392176589,0.000749040258761635,0.000733633174171645,0.0007162193711374,0.000696850033793147,0.000675561643469785,0.000652416254891451,0.000627496800248362,0.000600874321208155,0.000572587853710748,0.000542724607847243,0.000511388304859792,0.000478639764406303,0.000444595342477127,0.000409325816934091,0.000372930669027417,0.000335501797560827,0.000297160625822831,0.000257999255917988,0.000218132253228986,0.000177676330033437,0.000136718160774206,9.54097303175995e-05,5.38216426599093e-05,1.21148265124938e-05,-2.96469035658543e-05,-7.13438942574004e-05,-0.000112821675447741,-0.000153982030421692,-0.000194725864245421,-0.000234936102284958,-0.000274502608808437,-0.000313326827423138,-0.000351283051941672,-0.000388264771021976,-0.000424192265533758,-0.000458967454994776,-0.000492484063297646,-0.000524646815658501,-0.000555383715473771,-0.000584579039273661,-0.000612184151297967,-0.000638111891458039,-0.000662282318230198,-0.00068464022314349,-0.000705110272095582,-0.000723652356793814,-0.000740204557763624,-0.000754741468384594,-0.000767234825945712,-0.000777602384368854,-0.00078584402356285,-0.00079194228400627,-0.0007958574790245,-0.000797575172522814,-0.000797117147794697,-0.00079446958401035,-0.00078964982809346,-0.000782682139669284,-0.000773583462016893,-0.000762337148188197,-0.000748997441981012,-0.000733620669092816,-0.000716221557536532,-0.000696862714262283,-0.000675587234490501,-0.000652451509200109,-0.000627521846015443,-0.000600886174093432,-0.000572607351376189,-0.000542754941059849,-0.00051142128416712,-0.000478687495826372,-0.000444627199969028,-0.000409363997587604,-0.0003729869075111,-0.000335594658243415,-0.00029726121972588,-0.000258094804114057,-0.000218220172736787,-0.000177763436306455,-0.000136807752337143,-9.54939887083127e-05,-5.39031766416221e-05,-1.21595862137265e-05,2.9615942720958e-05,7.1285869135025e-05,0.000112770160527674,0.000153954039911599,0.000194704447456726,0.000234924564317767,0.000274495116722185,0.000313334349205835,0.00035131536858011,0.000388326051362564,0.000424261374783653,0.000459046170753726,0.000492565481497082,0.000524724544165995,0.000555441724254786,0.000584649534838925,0.000612238745916256,0.000638170223388783,0.000662350399177757,0.000684731210162039,0.000705222108350179
0.000632534004381292,0.000649247699643135,0.00066418506515947,0.000677311688123819,0.000688572554685808,0.000697943203750128,0.000705410394874966,0.000710931305784758,0.000714518421729278,0.000716145566377578,0.000715811650591726,0.0007135127943273,0.000709261150780453,0.000703042994518483,0.000694904621704945,0.000684870849023708,0.000672945885073409,0.000659176489673967,0.000643614166086447,0.000626281564667446,0.000607226808096555,0.000586515833961383,0.00056422279458719,0.000540354080640659,0.000514998896920173,0.000488251837099678,0.000460158829689143,0.000430814678686304,0.00040028587011815,0.000368655276180317,0.000336000446691877,0.000302430841625838,0.000268029935493656,0.000232895814781125,0.000197133355096794,0.000160817235941627,0.00012407928889133,8.69855396302393e-05,4.96768826208194e-05,1.22127128999341e-05,-2.52896495925391e-05,-6.27073081520402e-05,-9.99519848655278e-05,-0.000136926234602212,-0.00017352665382669,-0.000209644306675342,-0.00024519527697001,-0.000280065739582039,-0.000314164806720451,-0.000347409390541763,-0.00037971105347377,-0.000410968412788441,-0.000441100118785404,-0.000470036850271416,-0.000497652369879037,-0.000523920512064413,-0.000548768429980629,-0.000572102393905105,-0.000593855536442774,-0.000613972323044416,-0.000632419786065033,-0.000649123252519661,-0.000664057318237394,-0.000677193816067995,-0.000688459433953261,-0.000697843381950264,-0.000705321461608503,-0.000710855956400212,-0.000714429808966645,-0.000716050532900564,-0.000715701544939574,-0.000713403245308225,-0.000709163089739704,-0.000702990682163658,-0.000694866308424974,-0.000684835631748482,-0.000672936824185946,-0.000659180698340917,-0.00064362370762503,-0.000626298296053916,-0.00060724875534345,-0.000586534589569713,-0.000564223193156539,-0.000540369945451597,-0.000515023973737949,-0.000488280389234451,-0.000460192449264744,-0.00043083106542657,-0.000400312996128492,-0.000368705409799745,-0.000336086832374473,-0.000302522391226833,-0.000268117323682104,-0.000232976935121747,-0.000197204113803246,-0.000160894496737804,-0.000124153191135816,-8.70517958991944e-05,-4.9716635090854e-05,-1.22411883399478e-05,2.52414989461879e-05,6.2666604563082e-05,9.99281530895627e-05,0.000136902629981293,0.000173501444546578,0.000209624968235444,0.000245198547366676,0.000280097704786305,0.000314218821836991,0.000347468836069904,0.000379773512505393,0.000411044188218198,0.000441162551278442,0.000470076829272737,0.000497714255410322,0.000523977478332018,0.000548816615434389,0.000572151160503705,0.000593938497442917,0.000614074782295897
0.000542768799873051,0.000559043057058591,0.000573785055320296,0.000586962545474456,0.000598525185052067,0.000608447227639992,0.000616709464813792,0.000623264124122925,0.00062813283148039,0.000631268192092509,0.000632679234190468,0.000632357119462165,0.000630297567469744,0.000626492582716791,0.000620976045493825,0.000613763525293245,0.00060486298367613,0.00059429528754776,0.000582118953202979,0.000568343106577456,0.000553007881286691,0.000536152646036334,0.00051785463454131,0.000498112860392682,0.000476995404119138,0.000454592060208849,0.000430937558790093,0.000406112205459474,0.000380173234807293,0.000353186742084658,0.000325215556456508,0.00029635660416628,0.000266680801639138,0.000236277540090899,0.000205240714947979,0.000173626157528357,0.000141546757280057,0.000109086193183565,7.63249170115498e-05,4.3342431869163e-05,1.02472212152818e-05,-2.28695987588942e-05,-5.59247419830655e-05,-8.88318907685535e-05,-0.000121498279657084,-0.000153822531265561,-0.000185720527284352,-0.000217106712559082,-0.00024789631542286,-0.000278019673541915,-0.000307382994114659,-0.000335900674910326,-0.000363504871356048,-0.000390118502293258,-0.000415631498426775,-0.00044001800304763,-0.000463226761394442,-0.000485150517915212,-0.00050572274946416,-0.000524905187965972,-0.000542666625031059,-0.000558933260962938,-0.000573671398134658,-0.000586851060994481,-0.000598423563236673,-0.000608355794646782,-0.00061662766375302,-0.000623192750908299,-0.000628048020140938,-0.00063117790638689,-0.000632573331064002,-0.000632253543331984,-0.000630205369058707,-0.00062644500352233,-0.000620943017379437,-0.000613737153836524,-0.000604858152549424,-0.000594303636671097,-0.000582126373065893,-0.000568352489859898,-0.00055301808308575,-0.000536164599290177,-0.000517852560258251,-0.000498122177471817,-0.000477018988009844,-0.000454622517673379,-0.000430966953586546,-0.000406125101405621,-0.000380192980351213,-0.000353227792619605,-0.000325282549022404,-0.00029643105298701,-0.000266753352677379,-0.000236350809424983,-0.000205298422362829,-0.000173694255050266,-0.000141615169862013,-0.000109133074760907,-7.6360586991339e-05,-4.33727545146734e-05,-1.02871301513623e-05,2.28403358017889e-05,5.59063752717401e-05,8.88091322994261e-05,0.000121458194040639,0.000153790456491478,0.000185723845271705,0.000217139058912343,0.000247945508412239,0.000278067914603228,0.000307431783266642,0.00033595973598698,0.000363550599225833,0.000390143821171145,0.000415679250254748,0.000440071946275262,0.000463265491519012,0.000485188761638515,0.000505795025430509,0.000525001853736349
0.000456105385597967,0.00047139824948783,0.000485390103331512,0.000498064822043631,0.000509363945894025,0.000519276156456271,0.00052776308671885,0.000534789877072305,0.000540377853505775,0.000544469919679114,0.000547073146281864,0.00054818132961528,0.000547772796712711,0.000545854027969648,0.000542444916671991,0.000537549520046153,0.000531185286882776,0.00052334853165514,0.000514101246073603,0.000503440299459131,0.000491397379588203,0.00047800279513312,0.000463315441353632,0.000447348683533003,0.000430140139948406,0.000411769717135049,0.000392271266506001,0.000371697816162967,0.000350118523184757,0.000327565405868915,0.000304107394657928,0.000279808769389425,0.000254743358365676,0.000228979574240615,0.00020260805683078,0.000175663275950434,0.000148239727612733,0.000120432808001723,9.22797992491585e-05,6.38712689227799e-05,3.52946597568441e-05,6.62012973820753e-06,-2.20701540844883e-05,-5.07065804206221e-05,-7.92085210434829e-05,-0.000107483104869058,-0.000135456676719238,-0.000163056461363479,-0.00019020512609502,-0.000216850496607529,-0.000242900090138399,-0.00026828146293648,-0.000292943773714288,-0.000316789891984246,-0.000339751475404268,-0.000361788498556642,-0.000382865022666703,-0.000402873563949325,-0.000421753621387553,-0.000439483120728995,-0.000456015544654799,-0.000471299392811309,-0.000485293372180219,-0.000497961588196306,-0.000509281193312738,-0.000519195004636853,-0.000527692903931112,-0.000534727367925275,-0.000540304510957025,-0.000544387070099603,-0.000546976249707376,-0.000548086993588606,-0.000547696354414723,-0.000545812665698893,-0.000542417370134663,-0.000537533698785161,-0.000531183278125734,-0.00052335744330656,-0.000514102180176233,-0.000503438601326653,-0.000491397574611227,-0.000478008487046283,-0.000463313907471233,-0.000447346884819264,-0.000430158065808607,-0.000411796927686937,-0.000392292060948095,-0.000371715856137422,-0.000350134160951262,-0.000327602271312598,-0.000304152409195478,-0.000279867938862677,-0.00025480620855921,-0.000229047368501642,-0.000202654058960043,-0.000175721207854833,-0.000148309080221604,-0.000120466797228119,-9.23160622619694e-05,-6.39031888553336e-05,-3.53260415282061e-05,-6.64172333876316e-06,2.20562470832357e-05,5.06830664911194e-05,7.91634977176998e-05,0.000107445850130806,0.000135457494684173,0.000163084608916049,0.000190249707117472,0.00021689182258539,0.000242937305477399,0.000268326866284137,0.000292972217010305,0.000316807472726295,0.000339786485012979,0.000361834821435834,0.000382892611272784,0.000402898427801508,0.000421814562176727,0.000439565764552442
0.000374118701920928,0.000387966987855508,0.000400740664899966,0.00041242251616734,0.000422969160037007,0.000432362371873631,0.000440568658243997,0.000447559664273772,0.000453347278254915,0.000457879040212997,0.000461155052263195,0.000463174396270343,0.000463906595657415,0.000463363756638751,0.000461555498600573,0.000458479791503574,0.000454153885149187,0.000448566159617255,0.000441775564785335,0.00043377116655253,0.000424568719150567,0.000414203587956788,0.000402714691198404,0.00039011774909527,0.000376438764040265,0.000361736706354837,0.000346049235724125,0.000329401045642796,0.000311874267312424,0.000293474074259325,0.000274273304651568,0.000254308885768816,0.000233643367743596,0.000212336658322902,0.000190469286659585,0.000168068303457782,0.000145198726176471,0.000121957238270404,9.83635506066909e-05,7.45050370203914e-05,5.04507975220349e-05,2.62490861685203e-05,1.97818999036435e-06,-2.23040513838192e-05,-4.65305464532661e-05,-7.06170985570927e-05,-9.45054685796944e-05,-0.000118131485648582,-0.000141425256423709,-0.00016435242693134,-0.000186827662410459,-0.00020878972749038,-0.000230200342005383,-0.000250957441767389,-0.000271015195376402,-0.000290338094541351,-0.000308889610044771,-0.000326582122394342,-0.000343350378847886,-0.000359189728375818,-0.000374045665473837,-0.0003878836013417,-0.000400657098389,-0.000412334576394521,-0.000422903433568116,-0.000432294303563255,-0.000440512043880499,-0.000447503901132601,-0.00045328604162782,-0.000457806334374822,-0.000461072914223777,-0.00046308685715718,-0.000463845083133785,-0.000463326978303521,-0.000461531357278891,-0.000458473793477276,-0.00045415139102003,-0.00044857630186088,-0.000441771630516843,-0.000433761351860148,-0.000424565218653048,-0.000414204007844692,-0.00040270814963468,-0.000390108522705104,-0.000376448518696506,-0.000361753704182783,-0.00034605667208441,-0.000329421961655137,-0.000311889086774957,-0.000293505944716181,-0.000274303982128652,-0.000254349972872043,-0.000233695200844976,-0.000212398788662027,-0.000190507483557942,-0.000168112606944142,-0.000145260689075769,-0.000121984671349824,-9.84019968387736e-05,-7.45381281378767e-05,-5.04732005151537e-05,-2.62622495045386e-05,-1.98677732258343e-06,2.22771931781569e-05,4.64828324942602e-05,7.05798599416871e-05,9.44987469187862e-05,0.000118151556390915,0.000141463312868953,0.000164385517111372,0.000186854060778848,0.000208827278703167,0.00023021744881803,0.000250967941333069,0.000271038648101605,0.000290376802659567,0.000308907149514948,0.000326589507232253,0.000343397602846446,0.000359255720189772
0.000298230039804002,0.00031027822528436,0.000321461781731733,0.000331767013779089,0.000341162040888154,0.00034962188746782,0.000357126797520817,0.000363645953205188,0.000369188971002928,0.000373707177837836,0.000377200429007907,0.000379667191363485,0.000381073535194876,0.000381438651630432,0.000380760768130205,0.000379037555439225,0.000376278189827169,0.000372472296261222,0.000367671854474886,0.00036186233212855,0.000355045344070363,0.000347264570953852,0.000338537603687517,0.000328881062086244,0.000318314517987413,0.000306876152441752,0.00029460667393547,0.000281514087231224,0.000267671923608258,0.00025308220662305,0.000237805866612728,0.000221866129722373,0.000205310438612998,0.000188193761544092,0.000170580070848219,0.000152491296560085,0.000133971394885421,0.000115108568916809,9.59142972445086e-05,7.64631040749672e-05,5.68163181243205e-05,3.70014873860957e-05,1.70829003715151e-05,-2.88974976357462e-06,-2.28559226291259e-05,-4.27466988566369e-05,-6.2519310493112e-05,-8.21143867959487e-05,-0.000101475873775722,-0.000120575179141258,-0.00013934920308327,-0.000157740783348635,-0.000175721414082653,-0.000193191360490813,-0.000210125207170971,-0.000226491819658064,-0.00024225557521066,-0.00025734969249958,-0.000271704217117133,-0.000285332736720164,-0.000298177127139073,-0.000310210644605231,-0.00032139251772605,-0.000331696220025712,-0.000341112836894476,-0.000349569494015804,-0.000357081776316581,-0.000363598843998951,-0.000369135973407494,-0.000373646746602223,-0.000377134741152429,-0.000379588317322926,-0.000381024538446573,-0.000381408555048765,-0.000380740571225177,-0.000379034000355261,-0.000376273232209096,-0.00037247918041374,-0.000367665200406574,-0.000361845984600764,-0.00035504330447652,-0.000347263597695396,-0.000338529583839466,-0.000328872152206224,-0.000318316595056027,-0.000306890091058824,-0.000294609764246326,-0.000281533636973355,-0.00026768691149528,-0.000253109681545668,-0.000237829847498734,-0.00022189296946899,-0.000205351461297905,-0.000188247596317712,-0.00017061265452272,-0.000152524360365813,-0.000134020049966815,-0.00011513260299796,-9.59516041273367e-05,-7.64998448318352e-05,-5.68313469685097e-05,-3.70059141909969e-05,-1.70841125903789e-05,2.86360881343373e-06,2.28094002536364e-05,4.27132433608285e-05,6.25097804628072e-05,8.21266121634517e-05,0.000101505805184612,0.000120605736906621,0.000139367528077137,0.000157767556095083,0.000175727184850486,0.000193196523661865,0.00021013794469553,0.000226524203301715,0.000242263717095161,0.000257347712954285,0.000271739222818807,0.000285381825093906
0.000229629134309595,0.000239642644460017,0.000248984927503087,0.000257650751377004,0.000265605681704209,0.000272831299927002,0.000279317712423139,0.000285029966981902,0.00028997749567264,0.000294118842366226,0.000297455301588308,0.000299981732021518,0.000301667432028103,0.000302533618814303,0.000302568974278948,0.000301778919477027,0.000300158968677837,0.00029770542287483,0.000294453524466863,0.000290399086458659,0.000285532174965648,0.000279894790563716,0.000273490256074788,0.000266336588147971,0.000258447752149393,0.000249848391145794,0.00024057338553556,0.000230624923326367,0.000220060600114395,0.000208884292628499,0.000197144496205879,0.000184851204835442,0.000172044416062847,0.000158769455015275,0.000145073941967451,0.000130977266644405,0.000116506235432372,0.000101734770130666,8.66718755865623e-05,7.13799551592279e-05,5.59065967107298e-05,4.02660648763494e-05,2.45115173197218e-05,8.68466297539206e-06,-7.1670365167343e-06,-2.29904327729675e-05,-3.87474329224888e-05,-5.43932773730607e-05,-6.98839583727756e-05,-8.51905800866405e-05,-0.000100275387745793,-0.000115084960879365,-0.000129597234267863,-0.000143724195586673,-0.000157454732670904,-0.000170764139400853,-0.000183614892862925,-0.000195961996208884,-0.000207737634545893,-0.000218966151437533,-0.000229588743485948,-0.000239587571850205,-0.000248929912194707,-0.000257593388116186,-0.000265568777110543,-0.000272793123508321,-0.000279279150529575,-0.000284989755330872,-0.000289930551106605,-0.000294073416125089,-0.000297404211722067,-0.000299913766889062,-0.000301629305308541,-0.000302510355174974,-0.000302554358754572,-0.000301773197604614,-0.000300152790433506,-0.000297707242271259,-0.00029444880002019,-0.000290382762457203,-0.000285528979960014,-0.00027989162967061,-0.000273482530053356,-0.000266330223083564,-0.000258446805956287,-0.000249859954897445,-0.000240575659743081,-0.000230641887348708,-0.000220073630563551,-0.00020890902460654,-0.000197163739435778,-0.000184869845390081,-0.000172076973774962,-0.000158815614618384,-0.000145101996598388,-0.000130999082186653,-0.000116541170585038,-0.000101754856756753,-8.67066650328179e-05,-7.14151214926332e-05,-5.59163027105392e-05,-4.02661758911388e-05,-2.45107220971142e-05,-8.70432740144749e-06,7.1288557745689e-06,2.29601620554769e-05,3.87385954782529e-05,5.44006005503802e-05,6.99030629327202e-05,8.52183429228861e-05,0.000100285983629237,0.000115102719935916,0.000129595356295786,0.000143726610281162,0.000157461794117908,0.000170789567867782,0.000183615585028449,0.000195955936351451,0.000207764034423943,0.000219000794107506
0.000169222131805427,0.00017710490018643,0.000184491044783744,0.000191377083721181,0.000197735105281372,0.000203548016429995,0.000208814267569307,0.000213498414903141,0.000217609653229772,0.000221115621877958,0.000224016397947471,0.000226307629189045,0.000227962470106351,0.000229001468800118,0.000229411019251792,0.000229195610246143,0.000228347684142531,0.000226865269656002,0.000224774607103058,0.000222072242904613,0.000218749088213054,0.00021483712255575,0.000210333630372288,0.000205253017664757,0.000199611107580585,0.000193415592783374,0.000186697617737721,0.000179456487283993,0.00017173703977635,0.000163539731558649,0.000154904412952905,0.00014583033237332,0.000136351760672644,0.000126504803638351,0.0001163191097185,0.000105814884363651,9.50081361327045e-05,8.39538884882391e-05,7.26570443565998e-05,6.1172306054547e-05,4.95319597287586e-05,3.77423266608281e-05,2.58455101512244e-05,1.38754371184674e-05,1.86680851386464e-06,-1.01409944702203e-05,-2.2120398078058e-05,-3.40300565180028e-05,-4.58466813055185e-05,-5.75404992217398e-05,-6.90879414347044e-05,-8.04439019281566e-05,-9.15961198211339e-05,-0.000102470502166716,-0.000113062089633742,-0.000123354866472509,-0.000133313729088403,-0.000142909334338195,-0.000152082931717023,-0.000160861523680065,-0.000169191956264251,-0.000177062394818277,-0.000184449187699152,-0.00019133467075842,-0.000197707893397886,-0.000203521866835595,-0.000208784350519376,-0.00021346514739523,-0.000217568668195909,-0.000221081409278944,-0.00022397940960234,-0.000226253823042662,-0.000227936898488684,-0.000228985101590044,-0.000229399801031123,-0.000229189828729021,-0.000228343317195289,-0.0002268672490218,-0.000224773028796106,-0.000222060420942217,-0.000218748051248265,-0.000214833321471888,-0.000210327301117344,-0.000205250962159501,-0.000199609694885725,-0.000193423101077648,-0.000186698626935682,-0.000179471408862289,-0.000171749133694744,-0.000163559660409331,-0.000154918309274097,-0.000145845228766539,-0.000136377684639836,-0.000126542011520126,-0.000116342497720056,-0.000105830052631183,-9.50308532989704e-05,-8.39666886771182e-05,-7.26860942038534e-05,-6.12029650807291e-05,-4.95383657684118e-05,-3.77407837699211e-05,-2.58461789278962e-05,-1.38901966663885e-05,-1.89776422929827e-06,1.01167486800767e-05,2.21110875993467e-05,3.40352566407305e-05,4.58589053345253e-05,5.75608989125694e-05,6.90922652243575e-05,8.0456631505555e-05,9.15907450713691e-05,0.000102472309386587,0.000113066301348143,0.000123373542240192,0.000133310906465433,0.000142901878521818,0.000152101583283019,0.00016088493708253
0.000117640451190695,0.000123437431858544,0.000128886628456293,0.00013398710102515,0.00013871893817297,0.000143065176355153,0.000147032072762233,0.00015058512012036,0.000153736361345447,0.000156457612785833,0.000158749452101713,0.000160612605820852,0.000162021801666912,0.000162996148053825,0.000163520355927519,0.000163601598179629,0.000163229333798845,0.000162404128842827,0.000161141983506515,0.000159441295817045,0.000157296026492167,0.000154730138582455,0.000151732438363699,0.00014832269476389,0.00014450828131811,0.00014028848474303,0.000135691289822227,0.000130715561677303,0.00012538923266223,0.000119716004891034,0.000113722007414954,0.000107404324248707,0.000100789838710307,9.39025826813778e-05,8.67650379094645e-05,7.93889262685253e-05,7.17866889099414e-05,6.39982881441894e-05,5.60193933704327e-05,4.79013913007958e-05,3.96583136052854e-05,3.12990308450713e-05,2.28482503749157e-05,1.43342644545532e-05,5.78131471771051e-06,-2.78408552673516e-06,-1.13419294103259e-05,-1.98601843088439e-05,-2.83270996726758e-05,-3.67155303155772e-05,-4.50139635155002e-05,-5.31856541857945e-05,-6.1225242404775e-05,-6.90762391424962e-05,-7.67346521527153e-05,-8.41948629248627e-05,-9.14243655956341e-05,-9.84071080695333e-05,-0.000105095702406835,-0.00011151493801754,-0.000117620423505822,-0.000123405307693462,-0.000128855987601926,-0.000133957516199148,-0.000138698361922518,-0.00014304868336972,-0.000147009772555522,-0.000150559230197923,-0.000153702927765556,-0.000156432838709128,-0.000158724801280865,-0.000160573351949352,-0.000162005983428253,-0.000162985096019571,-0.0001635136530412,-0.000163597165476486,-0.000163225956666217,-0.000162405375776284,-0.000161141811312379,-0.000159434140197613,-0.000157296129318525,-0.000154724875539173,-0.000151729874069549,-0.000148322486381821,-0.000144504916265061,-0.000140293692454765,-0.000135692941733721,-0.000130725836652413,-0.000125399505579265,-0.000119729619797241,-0.000113731934269764,-0.000107415487640891,-0.000100807665145684,-9.39314159954915e-05,-8.67814280613858e-05,-7.93997612456739e-05,-7.18028378871462e-05,-6.40040727687538e-05,-5.60413442877726e-05,-4.79247839928605e-05,-3.96641309671831e-05,-3.12975376345486e-05,-2.2850780894003e-05,-1.43454084441909e-05,-5.80551735909092e-06,2.76609218674934e-06,1.13339425807018e-05,1.98636816386527e-05,2.83354190676236e-05,3.67298517516506e-05,4.50137156206923e-05,5.3194717003614e-05,6.12195188014171e-05,6.90775444497784e-05,7.67378433360519e-05,8.42076136931643e-05,9.14204636174425e-05,9.83996709030309e-05,0.000105106350727748,0.000111530000378874
7.52709766442379e-05,7.91559867922608e-05,8.28157379214997e-05,8.62534026353096e-05,8.94529198293524e-05,9.24028526735313e-05,9.51102595129252e-05,9.75474199827304e-05,9.97274999945932e-05,0.000101624896750572,0.000103244490214193,0.000104585662107406,0.000105631153876892,0.000106395044182639,0.000106862172945918,0.000107041985732667,0.000106923640444986,0.000106511035257491,0.000105808565157969,0.000104820345225045,0.000103537345332016,0.000101980253653839,0.000100136527288871,9.80230328278246e-05,9.56406057131386e-05,9.29896899104147e-05,9.00897284904626e-05,8.69377320249186e-05,8.35516428265129e-05,7.99366179607888e-05,7.61058035499315e-05,7.20589358028009e-05,6.78136286186326e-05,6.33816581786154e-05,5.87842633059623e-05,5.40234554056022e-05,4.91102125844473e-05,4.40698797206086e-05,3.88958153980677e-05,3.36263672748972e-05,2.82677060463222e-05,2.28297965902069e-05,1.73218287018231e-05,1.17682297225647e-05,6.18258015652173e-06,5.80650407947132e-07,-5.02171660891293e-06,-1.060576834978e-05,-1.61613274510405e-05,-2.16720455348212e-05,-2.71329594996185e-05,-3.251344980158e-05,-3.78158241689e-05,-4.30015599732173e-05,-4.80660987613332e-05,-5.30074787031192e-05,-5.78019660343588e-05,-6.24428797058421e-05,-6.68951902068425e-05,-7.11776590860735e-05,-7.52582148368402e-05,-7.91325644365619e-05,-8.27956228113272e-05,-8.62346332734109e-05,-8.94395071895339e-05,-9.2393127014365e-05,-9.50957096463414e-05,-9.75309901857004e-05,-9.97035431186148e-05,-0.000101609290987268,-0.000103228751988703,-0.000104560342660358,-0.000105621578906157,-0.000106387403278203,-0.000106859736367085,-0.000107039363357825,-0.000106922449196506,-0.000106511194659866,-0.000105809503374113,-0.000104814765917364,-0.000103537564691761,-0.000101976463444561,-0.000100135593153615,-9.80226020183253e-05,-9.56377425809442e-05,-9.29931961890842e-05,-9.00902083176036e-05,-8.69443208231965e-05,-8.35591150511641e-05,-7.99453125304443e-05,-7.61124615515193e-05,-7.20654596566276e-05,-6.78229927828555e-05,-6.34025863909317e-05,-5.87944201984402e-05,-5.40307830365067e-05,-4.9120137340816e-05,-4.40711886786496e-05,-3.89099533364951e-05,-3.36423576613936e-05,-2.82730582670952e-05,-2.28285425018937e-05,-1.73251884138585e-05,-1.17758046751242e-05,-6.19975042755577e-06,-5.93066347778419e-07,5.01550623389105e-06,1.06062826313228e-05,1.61667140410444e-05,2.1681673749634e-05,2.71294895832374e-05,3.25194848831849e-05,3.78115936291555e-05,4.30016746896118e-05,4.80670867391112e-05,5.30156866506512e-05,5.77980646996125e-05,6.24374082033565e-05,6.69012194118065e-05,7.11871490620158e-05
4.22996285493391e-05,4.45635416757876e-05,4.66994418454439e-05,4.87115132209785e-05,5.0587750813464e-05,5.23231691775382e-05,5.39220072136245e-05,5.53666863772192e-05,5.66667488713667e-05,5.78047664132671e-05,5.8785647274849e-05,5.96068355642086e-05,6.02613227158413e-05,6.0754087596451e-05,6.10769504367134e-05,6.12367103785292e-05,6.12248303234218e-05,6.10457428494537e-05,6.06987071565359e-05,6.01900815881603e-05,5.9509376182454e-05,5.86737685409227e-05,5.76718409614628e-05,5.65150724681392e-05,5.52031310463493e-05,5.37357256077398e-05,5.21253672545327e-05,5.03683569530608e-05,4.84753786950408e-05,4.64506234518391e-05,4.42994046129628e-05,4.20238258029697e-05,3.96315830830009e-05,3.71302592543763e-05,3.45319273475409e-05,3.18379110141437e-05,2.90547426342705e-05,2.61959241054404e-05,2.32561119502635e-05,2.02606659756521e-05,1.72111266871906e-05,1.41137751678874e-05,1.09726382386893e-05,7.80314586512813e-06,4.6118798758728e-06,1.4081325828114e-06,-1.79748341823507e-06,-4.99734214372226e-06,-8.18239726852703e-06,-1.13447858394703e-05,-1.44829972453259e-05,-1.75761139911607e-05,-2.06287242598709e-05,-2.36173311114882e-05,-2.65393853167164e-05,-2.93927017058577e-05,-3.21639123278283e-05,-3.48512720007964e-05,-3.74327769445933e-05,-3.99192914555037e-05,-4.2292672722774e-05,-4.45493878355256e-05,-4.6687907687604e-05,-4.8700917665229e-05,-5.05802388524744e-05,-5.23176723307206e-05,-5.39136467462939e-05,-5.53569501189104e-05,-5.66519590907057e-05,-5.77958856408562e-05,-5.87759000201289e-05,-5.9592918208617e-05,-6.02557956039878e-05,-6.07490190710806e-05,-6.10766255167199e-05,-6.12349444512451e-05,-6.12249558798542e-05,-6.1045394408665e-05,-6.07000522134511e-05,-6.01862471026572e-05,-5.95103071943253e-05,-5.86713471068674e-05,-5.76714829907545e-05,-5.65147311507449e-05,-5.52010651970882e-05,-5.37375364696824e-05,-5.21249707520243e-05,-5.03722895523862e-05,-4.84796935869943e-05,-4.6455524473563e-05,-4.43037840367881e-05,-4.2027294968176e-05,-3.96365737616324e-05,-3.7141928297117e-05,-3.45381792760536e-05,-3.18427514621426e-05,-2.90603176415058e-05,-2.61959247873819e-05,-2.32647954991017e-05,-2.02705159161935e-05,-1.7214805746506e-05,-1.41134032762335e-05,-1.09752112423971e-05,-7.80707788305364e-06,-4.6227322315623e-06,-1.41637749408713e-06,1.79378542911462e-06,4.99676471114916e-06,8.18548034123415e-06,1.13504132294121e-05,1.44797661856585e-05,1.75799271075606e-05,2.06259362116611e-05,2.36167242345205e-05,2.65385900244525e-05,2.93971657390348e-05,3.21620041811269e-05,3.48483159189419e-05,3.7436326854937e-05,3.99252000489815e-05
1.87787598599226e-05,1.98106089155294e-05,2.07851543055788e-05,2.17045978583695e-05,2.25632860732537e-05,2.3359326254976e-05,2.40943274259742e-05,2.47605659934592e-05,2.53622108753337e-05,2.58914242824132e-05,2.63500547970255e-05,2.67369047286889e-05,2.70492101793112e-05,2.72886797932947e-05,2.74520209893486e-05,2.75424914398371e-05,2.75551462576399e-05,2.74927311268155e-05,2.7354206498657e-05,2.71439532218362e-05,2.68551662641662e-05,2.64972695636871e-05,2.60636126891183e-05,2.55601897949168e-05,2.49867638638833e-05,2.43423924093386e-05,2.36338791479301e-05,2.28588226878489e-05,2.20216090562815e-05,2.11246509823955e-05,2.01701410501594e-05,1.9159609375913e-05,1.80951252267375e-05,1.6981413546012e-05,1.58230276317799e-05,1.46209452076924e-05,1.33779456975537e-05,1.20998954387809e-05,1.07842311404989e-05,9.4433541411174e-06,8.07712601433784e-06,6.68815949649574e-06,5.27893959225223e-06,3.85534270179647e-06,2.42137682722544e-06,9.80943454852106e-07,-4.60940295857349e-07,-1.90202013365247e-06,-3.3367230017731e-06,-4.76186443788643e-06,-6.17802601694513e-06,-7.57414667309403e-06,-8.95353101365271e-06,-1.0304615119162e-05,-1.16266278186067e-05,-1.29188120954897e-05,-1.4174575433678e-05,-1.53933946910799e-05,-1.6565617886896e-05,-1.76957694326168e-05,-1.87759801466024e-05,-1.98040162800901e-05,-2.07796108034118e-05,-2.16995167546909e-05,-2.25599575293656e-05,-2.33568011325218e-05,-2.40905675733536e-05,-2.47558647349328e-05,-2.53553849976452e-05,-2.58873595212682e-05,-2.63453231988692e-05,-2.67305673589469e-05,-2.70468265554083e-05,-2.72866416071092e-05,-2.74524272160774e-05,-2.7541368031613e-05,-2.75552534050011e-05,-2.74924834894953e-05,-2.73552031738577e-05,-2.71420963680183e-05,-2.68558363787747e-05,-2.64957366630413e-05,-2.60634850739844e-05,-2.55600426648978e-05,-2.49853484027999e-05,-2.43434795601031e-05,-2.36337581942243e-05,-2.28603056567007e-05,-2.20233505109537e-05,-2.11270239041465e-05,-2.01724597686319e-05,-1.9161198352581e-05,-1.80976978315145e-05,-1.69865868773812e-05,-1.58259574256377e-05,-1.46232344581796e-05,-1.33807242790378e-05,-1.21001478008731e-05,-1.07886174860663e-05,-9.44796327356955e-06,-8.07881283057463e-06,-6.68803539768266e-06,-5.28006586307602e-06,-3.85721011051793e-06,-2.42663835124745e-06,-9.85326007645138e-07,4.59280154658387e-07,1.90126978104422e-06,3.33795190603326e-06,4.76447346887889e-06,6.17632372385648e-06,7.57585555191503e-06,8.95196689270147e-06,1.03042557791552e-05,1.16260262869481e-05,1.29207679509668e-05,1.41735206542916e-05,1.53923531214739e-05,1.65673848268747e-05,1.76987321253184e-05
4.69064908103006e-06,4.95255909710479e-06,5.20002586716658e-06,5.43369032729326e-06,5.65218375459225e-06,5.85492028593598e-06,6.04243838936615e-06,6.21263530432073e-06,6.36670622097745e-06,6.50256992911177e-06,6.62064994785747e-06,6.72076252907188e-06,6.80199383020514e-06,6.86505600399701e-06,6.90898610751026e-06,6.93455439098438e-06,6.9405209067906e-06,6.92749887198578e-06,6.89534280076504e-06,6.84521626376393e-06,6.77508789076601e-06,6.68772082888799e-06,6.58111757653107e-06,6.45694846357619e-06,6.31507337607486e-06,6.15520986049051e-06,5.97918382398801e-06,5.78630671666249e-06,5.577743767747e-06,5.35398468405641e-06,5.11563723996539e-06,4.8631922893617e-06,4.59691990604958e-06,4.31820578732611e-06,4.02816343173968e-06,3.72687629435439e-06,3.41533390854445e-06,3.09469038837976e-06,2.76443960156176e-06,2.42778882426751e-06,2.08464408516279e-06,1.73551326728457e-06,1.3813111727639e-06,1.0232274715459e-06,6.62333033942717e-07,2.99743981983024e-07,-6.33494934547602e-08,-4.2644534534459e-07,-7.88034273068682e-07,-1.14723764683987e-06,-1.50450786471315e-06,-1.85676867995972e-06,-2.2050541364495e-06,-2.5462457825311e-06,-2.88021471567202e-06,-3.20696693134062e-06,-3.52454263854039e-06,-3.83299941588424e-06,-4.12985522425629e-06,-4.4161675440839e-06,-4.69004932145211e-06,-4.95091569950396e-06,-5.1985882320158e-06,-5.43235619273512e-06,-5.65135468456387e-06,-5.85428737677657e-06,-6.04147489800339e-06,-6.21147524105231e-06,-6.36492298995897e-06,-6.50154706035075e-06,-6.61944567285071e-06,-6.71910857846457e-06,-6.80150034852461e-06,-6.86458810073451e-06,-6.90912866993187e-06,-6.93420453389987e-06,-6.94051783986809e-06,-6.92741383835629e-06,-6.89562544058717e-06,-6.84465464551123e-06,-6.77534697086864e-06,-6.68730171706124e-06,-6.58107157283227e-06,-6.45690883318539e-06,-6.31460697377408e-06,-6.1555007684595e-06,-5.9792022245387e-06,-5.78665851329227e-06,-5.57812674421656e-06,-5.35458397186383e-06,-5.11626264470705e-06,-4.86351674645936e-06,-4.59759832077142e-06,-4.31957344118132e-06,-4.02881229242136e-06,-3.72752307490923e-06,-3.41596139295785e-06,-3.09476476430521e-06,-2.7655775211452e-06,-2.42898338757087e-06,-2.08503552585992e-06,-1.73546072527029e-06,-1.38154042789327e-06,-1.02366332971988e-06,-6.63674338554369e-07,-3.00871146144447e-07,6.29171003221123e-08,4.26154071516926e-07,7.88258140162366e-07,1.14793810202733e-06,1.5040552840355e-06,1.85722535507512e-06,2.20459802585369e-06,2.54609850913713e-06,2.88008177421023e-06,3.20748634730723e-06,3.52426299097413e-06,3.83273877749375e-06,4.13025061420024e-06,4.41692124466011e-06
2.05900860251691e-12,2.44668777113651e-16,2.31658817292884e-16,-6.21553631823809e-16,1.36838804763745e-16,3.93298082850753e-16,-1.16676441293627e-15,-2.95119421457401e-16,2.33720990981287e-16,2.39484930914983e-16,-1.56243017606265e-16,2.19045175689408e-16,-9.17126091329197e-16,-1.34565994614864e-16,1.88531588190157e-16,3.36784914300157e-16,-2.65825552552629e-16,1.02906334522106e-16,-3.01645365270923e-17,1.01061894593655e-16,-1.14709077100003e-15,-6.29897906205951e-16,-2.72899683521791e-16,-2.81633926540845e-16,6.23428175461553e-16,-9.05134102012788e-16,-3.10599070004114e-16,-3.71447130553376e-16,1.98570435923098e-16,2.06216413348545e-16,-6.85100200517268e-16,3.90523601163653e-17,-1.34316758749815e-16,-3.31008146656188e-16,1.50722337741227e-16,-6.27106644127072e-17,-5.94540516523611e-16,1.19098984000115e-16,-2.5044321532088e-16,-7.13793756647804e-16,2.70960175931325e-16,4.26031959622724e-16,2.92798857800395e-16,5.85755293121823e-17,-2.02293503647285e-16,3.03022876663317e-16,4.26020445365857e-16,1.61214463636087e-16,1.09761689407585e-15,2.67097635967594e-16,3.05680947069049e-16,-2.32769016214666e-16,2.00147605867167e-16,3.49798629202635e-16,-2.15088005341864e-16,-9.26982669894199e-16,3.29867047424621e-16,-2.2629988030768e-16,-1.93773661948552e-16,-2.3799520176727e-16,1.05431075597492e-15,6.98211276084626e-17,3.4574778220114e-17,6.19326703991037e-17,-4.08881242257543e-17,5.49249521324589e-16,-1.48795353283635e-16,-3.02016364054903e-16,-2.09526088397536e-16,7.96956350168333e-16,6.05779049609117e-16,-1.40318166666513e-16,1.40742655045329e-16,-4.52482867705483e-16,-2.30984424520696e-16,5.87678103202202e-16,2.65378963767732e-16,1.73219199181335e-16,1.52511711064485e-16,1.06732566800188e-16,3.13862880100674e-16,-6.48975334458411e-16,8.34077781006034e-17,1.46947834576691e-16,5.70799106752779e-16,7.50691762531833e-17,-3.12072665182702e-16,-1.34707675619244e-17,-1.90481739019795e-16,-4.97674524341947e-17,7.69438135120888e-16,9.18416747709664e-17,2.2066533197896e-16,2.63740598666267e-16,-6.96442899597074e-17,-2.36569737871212e-16,-8.1406454067706e-16,-2.19327989119377e-16,-3.21449976980201e-16,8.66926848185147e-17,1.56450169894974e-16,3.39372123165945e-16,-9.64516343651375e-16,1.33666687200271e-16,-1.81720285977614e-16,6.25851154988849e-16,-4.32609252349353e-17,-1.9454770823295e-16,-6.61450615934666e-17,3.23796255911046e-16,3.44230843937337e-16,-4.5298689850442e-16,-1.3162337660099e-16,-9.55336187280062e-17,-4.31263599458249e-17,6.23255607850315e-16,-5.52071256583304e-19,-2.19220193287965e-16,4.98986009981289e-16,2.88002765850136e-16
