6.62319324238323e-09,5.3613122833493e-09,6.6569173950876e-09,2.26208564280986e-09,-7.92998094284295e-10,1.48949489377187e-08,-6.4571954556338e-09,3.1871080289602e-09,3.4717052505896e-09,-2.89232294309208e-09,6.17756240211655e-09,5.33081854160658e-09,1.4832751894855e-09,-1.9837164807081e-09,9.08940700344553e-09,1.25779471894129e-08,9.35385395637919e-10,2.14304131120116e-08,-5.48313938280725e-09,6.19248117408817e-09,1.70155486771708e-09,4.37804252200028e-09,-8.11999741455635e-09,-5.30767502478138e-09,-5.76789496867923e-09,-2.40601552710409e-09,-4.28210732146533e-09,2.69753213760724e-09,-1.10046134909262e-08,7.62250065122007e-09,-4.0896705252564e-10,2.2279149728157e-09,6.82642174323844e-09,-5.84691426480523e-09,-1.4606540863306e-09,-2.168898668066e-09,-1.09450340213814e-09,6.22760932150014e-09,-3.63272975449022e-09,2.68795961748743e-09,-3.81902318259152e-10,-1.03756794189888e-08,-4.13391173247819e-09,-4.87560967927335e-09,-3.39727488703886e-09,5.1680563968182e-10,-7.47533143338775e-09,2.76809176975066e-09,-1.73871393226252e-08,1.66675815668441e-09,3.27733762501779e-09,-4.00905500870255e-10,6.70095671100152e-09,-3.35607410744891e-09,3.21790907710267e-09,1.47416201512189e-08,1.08939475683317e-08,-1.16093905313549e-08,8.67739891823693e-09,1.54033967470863e-08,1.40001750410358e-09,-1.52216787844821e-08,-6.55517973878856e-09,-5.73499087215232e-09,-1.9615369474271e-09,7.81084791917819e-09,-1.7456844595863e-09,4.31968524525053e-09,2.27195847793577e-08,1.97382432951012e-08,-2.48186299689382e-09,-4.81321758822765e-10,1.77107365245014e-09,-1.932002011263e-09,-8.98124346653681e-09,-7.41303807096412e-09,-1.58630622755763e-09,9.2642102892922e-09,-4.89850173876918e-09,8.22911541836113e-09,-1.540975166183e-08,3.91512203232444e-09,-3.72256304286364e-10,1.08826128247937e-09,3.6501043427193e-09,6.33497619124541e-09,-1.17005024828411e-08,-5.26252769679625e-09,2.21803213764007e-08,-2.51884384329568e-09,-4.64494696744045e-09,6.06499388429599e-09,1.00516172528213e-08,1.54605049616567e-08,-8.75714233316575e-10,3.53889632866264e-10,-4.80575632558072e-09,1.20497010960194e-08,7.81316033984101e-09,-8.45496425815109e-09,-5.65875825036895e-10,-8.8141836482009e-10,1.40417088422497e-08,9.48403951447529e-09,4.82370251516836e-09,1.776787859399e-08,8.01199894330724e-10,2.12621191316857e-09,-4.94813435741248e-09,-5.36267603342894e-09,-1.55003100734211e-09,-9.76637813167672e-09,-2.13397010335122e-09,1.20619980024715e-09,-1.09367642172936e-09,2.72233963432986e-09,-5.13320287688345e-09,-4.71633219466949e-09,-1.41025798599991e-09,-6.04394794301229e-09
-2.07549691755529e-06,-1.89714293848742e-06,-1.7114801690554e-06,-1.53102339399649e-06,-1.33513553110765e-06,-1.13639210200153e-06,-9.37560961921604e-07,-7.39353476173018e-07,-5.3144552213558e-07,-3.28180591885509e-07,-1.24968818681422e-07,7.94814581653568e-08,2.92065528942309e-07,4.9604720379346e-07,7.02121356331973e-07,9.04743778525465e-07,1.1006759944729e-06,1.30224820767071e-06,1.49452846547424e-06,1.68656209075307e-06,1.86884939322587e-06,2.04742208747019e-06,2.22220419409756e-06,2.39311000849401e-06,2.546595496388e-06,2.70434515249343e-06,2.85055355287559e-06,2.98901918080041e-06,3.12049385081441e-06,3.24449555145957e-06,3.35929789747319e-06,3.46405294126872e-06,3.55624948802654e-06,3.64041805530047e-06,3.71643347199401e-06,3.78224928267781e-06,3.83342879123757e-06,3.87924314058547e-06,3.91146460964029e-06,3.93770819655745e-06,3.94701512578647e-06,3.95187503257153e-06,3.94087667610247e-06,3.91980592556086e-06,3.88868379708791e-06,3.84262141608282e-06,3.79347784619708e-06,3.72683939975777e-06,3.65696144902233e-06,3.57149161966724e-06,3.47809899630391e-06,3.37976813684004e-06,3.26789366308568e-06,3.14342051810132e-06,3.01386496668502e-06,2.87670447979155e-06,2.73303710596457e-06,2.57545167163261e-06,2.41717117999279e-06,2.24831782560049e-06,2.07733615932206e-06,1.90095175515047e-06,1.71245665573217e-06,1.52171812648801e-06,1.33742618809282e-06,1.1347809229653e-06,9.40408793680207e-07,7.33792030707527e-07,5.30781277105977e-07,3.26078565434761e-07,1.18697588628641e-07,-8.34926852298452e-08,-2.99848568088219e-07,-4.98584552732941e-07,-7.03047344533577e-07,-9.08864324153273e-07,-1.10540343585815e-06,-1.30438281290734e-06,-1.49758685127721e-06,-1.68623077071739e-06,-1.86563495506874e-06,-2.04671570381734e-06,-2.22432368400743e-06,-2.39078230747883e-06,-2.55276245575701e-06,-2.70609176225194e-06,-2.85292978022892e-06,-2.98694663774955e-06,-3.1260094061689e-06,-3.24552085866158e-06,-3.35428279022837e-06,-3.45856235295241e-06,-3.55641189215766e-06,-3.64131541964861e-06,-3.71940287071236e-06,-3.77974267131814e-06,-3.83280628023116e-06,-3.87774532386644e-06,-3.90984254684081e-06,-3.93428916966428e-06,-3.94880647165576e-06,-3.95020156244669e-06,-3.93670748566275e-06,-3.9120662460959e-06,-3.88215117105059e-06,-3.8430844570247e-06,-3.78917391118364e-06,-3.72403486748144e-06,-3.65195905143595e-06,-3.57624199451843e-06,-3.4772307197626e-06,-3.37455108499293e-06,-3.25851394456168e-06,-3.13928943872798e-06,-3.01131033846327e-06,-2.87705179848779e-06,-2.72849302814292e-06,-2.57574485120636e-06,-2.41613848276758e-06,-2.24763772373292e-06
-8.46096687220335e-06,-7.75752345442997e-06,-7.02819284900577e-06,-6.28388246886629e-06,-5.52208053939408e-06,-4.74471544112898e-06,-3.95456992920523e-06,-3.15165157236576e-06,-2.33829164565365e-06,-1.5247367586729e-06,-7.03532226065466e-07,1.20249014974373e-07,9.44310807198752e-07,1.76683448379998e-06,2.57725493450994e-06,3.38916269376776e-06,4.18723753157744e-06,4.97739230014276e-06,5.74995240357986e-06,6.50501220882159e-06,7.24421663302291e-06,7.97026926261399e-06,8.66673288227996e-06,9.34141861505805e-06,9.99121957568082e-06,1.06144849206726e-05,1.1208691544727e-05,1.1769614436201e-05,1.23021639494529e-05,1.27958153121952e-05,1.32564268757344e-05,1.36827976130752e-05,1.40728103849676e-05,1.44222199716022e-05,1.47342678069029e-05,1.5001315511089e-05,1.52302842403335e-05,1.54138380078419e-05,1.55602754804579e-05,1.56623796486211e-05,1.57231057118488e-05,1.57328634021313e-05,1.57094178358521e-05,1.56403362877354e-05,1.55226686272873e-05,1.53701648790075e-05,1.51745154707194e-05,1.49315558632646e-05,1.46506841869002e-05,1.43305344367394e-05,1.39716284224295e-05,1.35724767930239e-05,1.31340549367615e-05,1.26616338025044e-05,1.21569911438216e-05,1.1614113189481e-05,1.10430323083712e-05,1.04401623549813e-05,9.81077368556132e-06,9.15311531260029e-06,8.46740992154876e-06,7.76486605061613e-06,7.03475932771684e-06,6.28866036743429e-06,5.5251443397621e-06,4.74397456535768e-06,3.95110989268499e-06,3.15159184447835e-06,2.3399954625951e-06,1.52473776516558e-06,6.98375186430289e-07,-1.23375309276734e-07,-9.51790657449222e-07,-1.77282201161715e-06,-2.58726955458067e-06,-3.39724933015472e-06,-4.19523747141513e-06,-4.98351059214402e-06,-5.75937783240345e-06,-6.51384487268469e-06,-7.25669149401658e-06,-7.97933966431111e-06,-8.6804134066771e-06,-9.3530983314542e-06,-1.00009230140338e-05,-1.06229176994218e-05,-1.12183768888657e-05,-1.17817935055865e-05,-1.23121531092408e-05,-1.28087368872584e-05,-1.32661679524074e-05,-1.36921019140668e-05,-1.40795535876989e-05,-1.44258734226636e-05,-1.4734351057473e-05,-1.5004889490399e-05,-1.52295518437023e-05,-1.5415900709121e-05,-1.55608687195184e-05,-1.5660523894457e-05,-1.57191021500802e-05,-1.5729303601317e-05,-1.5703200354322e-05,-1.56296149631237e-05,-1.5516146166836e-05,-1.53615942199283e-05,-1.51601215048805e-05,-1.49204942198087e-05,-1.4637560924472e-05,-1.43185885505995e-05,-1.39572110659988e-05,-1.35573389410521e-05,-1.31225346076301e-05,-1.26551860528376e-05,-1.21462432232177e-05,-1.16043353073854e-05,-1.10327382701385e-05,-1.04304152476051e-05,-9.79968696231879e-06,-9.147114430391e-06
-1.96154425003578e-05,-1.8057413369784e-05,-1.64508452741078e-05,-1.48033296722691e-05,-1.31125262847095e-05,-1.13867152215098e-05,-9.62954289218961e-06,-7.84557346753309e-06,-6.04293692352511e-06,-4.21820501066656e-06,-2.38555787124895e-06,-5.4501597258683e-07,1.29633027665529e-06,3.13179328387545e-06,4.96061311228212e-06,6.77982895472204e-06,8.57484487068939e-06,1.03522442184467e-05,1.2095128702244e-05,1.38070585629129e-05,1.5481160855241e-05,1.71180672838704e-05,1.87031225858686e-05,2.02363410571679e-05,2.17172906871197e-05,2.31339821404551e-05,2.44921152281322e-05,2.57815017168333e-05,2.70002133547934e-05,2.81461870259967e-05,2.92130210594191e-05,3.02030739674047e-05,3.11064444516802e-05,3.19283480472182e-05,3.26578153727756e-05,3.32999931156553e-05,3.38538950759984e-05,3.43124497540452e-05,3.46746799629332e-05,3.49489326982226e-05,3.51224670935425e-05,3.51973477447181e-05,3.518041341163e-05,3.5067474848909e-05,3.48551636626266e-05,3.4548338551454e-05,3.4144704252962e-05,3.36503122411787e-05,3.30653903939406e-05,3.2382998288585e-05,3.1615864540881e-05,3.07589556244114e-05,2.98196150784993e-05,2.88036279381376e-05,2.77018595603289e-05,2.65291858272184e-05,2.52802352941469e-05,2.39630119011015e-05,2.25796106424226e-05,2.11350107063008e-05,1.96314223635911e-05,1.80723647723058e-05,1.64618852296816e-05,1.48130637344594e-05,1.31191865154592e-05,1.1390671202203e-05,9.63196106598503e-06,7.8440175533242e-06,6.03739765048672e-06,4.2125359145332e-06,2.37536528754495e-06,5.35275504110442e-07,-1.30902939254805e-06,-3.14894738017054e-06,-4.98254224270653e-06,-6.79703955345081e-06,-8.59830848924746e-06,-1.03736992815129e-05,-1.21215341954442e-05,-1.38361582422836e-05,-1.55069915673196e-05,-1.71402018095372e-05,-1.87259129104277e-05,-2.02614118472875e-05,-2.17371459396326e-05,-2.3159805529223e-05,-2.4514372915986e-05,-2.58019980758382e-05,-2.70213550124806e-05,-2.81636206469576e-05,-2.92286988766644e-05,-3.02154261782711e-05,-3.11206153164492e-05,-3.19358841007612e-05,-3.26643168649908e-05,-3.33058921924867e-05,-3.38545892830415e-05,-3.43093685243266e-05,-3.467259919754e-05,-3.4938876651849e-05,-3.51129327974778e-05,-3.51891771134514e-05,-3.51652797439098e-05,-3.50503044986431e-05,-3.48356639923231e-05,-3.45252964044897e-05,-3.4122003836345e-05,-3.36263228154538e-05,-3.30354531417866e-05,-3.23558537231152e-05,-3.15891713560579e-05,-3.07336591385417e-05,-2.97970102787586e-05,-2.87779324290985e-05,-2.76767971009709e-05,-2.65005628027403e-05,-2.52544117680076e-05,-2.39399872929831e-05,-2.25605208039794e-05,-2.11137537030465e-05
-3.62598047134185e-05,-3.35723955452739e-05,-3.07958949704936e-05,-2.79333490049551e-05,-2.49916311706263e-05,-2.19874732716193e-05,-1.89170753322616e-05,-1.57962916717734e-05,-1.26321590704689e-05,-9.43571936297082e-06,-6.21191669435859e-06,-2.9705727728306e-06,2.78711966392086e-07,3.5282100966316e-06,6.76772208131604e-06,9.98743967571069e-06,1.31805006633102e-05,1.63407820936297e-05,1.94518960356762e-05,2.25097973547896e-05,2.55109998260663e-05,2.84404706699848e-05,3.12872337419902e-05,3.4052661726127e-05,3.67266660558627e-05,3.93005502692212e-05,4.17652222706684e-05,4.41121429336845e-05,4.63429435476926e-05,4.84418627547327e-05,5.04138815234276e-05,5.22432243576585e-05,5.39306786100797e-05,5.54733891143125e-05,5.68629959797729e-05,5.80940321570862e-05,5.91675094031891e-05,6.00797216797392e-05,6.08244655541374e-05,6.14058273106534e-05,6.18163843195253e-05,6.20602213297366e-05,6.21332546420006e-05,6.20339541881252e-05,6.17659127159098e-05,6.13289028694547e-05,6.07230609361148e-05,5.99479777296265e-05,5.90100409702031e-05,5.79107680950794e-05,5.66534048387283e-05,5.52398819144115e-05,5.36732291069401e-05,5.1960663512066e-05,5.01032954917521e-05,4.8112222333573e-05,4.59882146159234e-05,4.37336335577129e-05,4.13661441216365e-05,3.88817917495167e-05,3.62879764697322e-05,3.35963140166149e-05,3.08154516786739e-05,2.79487017597551e-05,2.50021841209019e-05,2.19934086657972e-05,1.89177039203844e-05,1.57924051044758e-05,1.26264546328853e-05,9.42204412381807e-06,6.194230280594e-06,2.94865982976463e-06,-3.05040382717924e-07,-3.55740127144755e-06,-6.80107665713891e-06,-1.00241789427238e-05,-1.32195107720513e-05,-1.63816052201515e-05,-1.94958480187932e-05,-2.25543939487059e-05,-2.55570291188194e-05,-2.848479996123e-05,-3.1336520155342e-05,-3.40996049811845e-05,-3.67723797142683e-05,-3.9342257939296e-05,-4.18034634138682e-05,-4.41506566904185e-05,-4.63779682926981e-05,-4.84775811755368e-05,-5.04413184061756e-05,-5.22689394408646e-05,-5.39524653306481e-05,-5.54877217133169e-05,-5.68723574037939e-05,-5.81010582528804e-05,-5.91693357834101e-05,-6.00748232653003e-05,-6.0819989253306e-05,-6.13922765137114e-05,-6.1800644394019e-05,-6.20368482962314e-05,-6.21031152072563e-05,-6.20019067406236e-05,-6.17301457343727e-05,-6.12885758176878e-05,-6.06804391144623e-05,-5.99048852777418e-05,-5.89649920026804e-05,-5.78637373971788e-05,-5.66053907523542e-05,-5.51903607022313e-05,-5.36268102806281e-05,-5.19144904626213e-05,-5.00613780278726e-05,-4.80677042810212e-05,-4.59455671935819e-05,-4.36984320331218e-05,-4.13308941862475e-05,-3.88477684530969e-05
-5.93855798268656e-05,-5.53387464749379e-05,-5.11430906004084e-05,-4.68078660964772e-05,-4.23392026637163e-05,-3.7761122490249e-05,-3.30767238935765e-05,-2.83013945556913e-05,-2.3451035777736e-05,-1.85326227578781e-05,-1.35643225831018e-05,-8.56199803941377e-06,-3.53184378577297e-06,1.50815270688078e-06,6.54203814989793e-06,1.15615646357695e-05,1.65457950610134e-05,2.14847760582246e-05,2.63676125631131e-05,3.11786617411117e-05,3.59033219178227e-05,4.05297228417491e-05,4.5044075885921e-05,4.94373622573397e-05,5.36928273200876e-05,5.78057386898707e-05,6.17560593220801e-05,6.55395012047822e-05,6.9142854872547e-05,7.25565247214142e-05,7.57735582080207e-05,7.87823877280359e-05,8.15740868652196e-05,8.4143591027391e-05,8.64821585208071e-05,8.85829341929591e-05,9.04421952458996e-05,9.20532496735724e-05,9.34120111833822e-05,9.45142488063594e-05,9.53580131568485e-05,9.59405323617734e-05,9.62596914937006e-05,9.63159761118376e-05,9.61053485715044e-05,9.56331504367261e-05,9.48974149819891e-05,9.39014050137204e-05,9.26484769054551e-05,9.1140512917707e-05,8.93832366975974e-05,8.7378858398579e-05,8.51371178804055e-05,8.26598297758963e-05,7.99551546477275e-05,7.70308699678977e-05,7.38976138418103e-05,7.05627681860803e-05,6.70324648962827e-05,6.33188988226569e-05,5.94287273364858e-05,5.53776341170253e-05,5.11761938721335e-05,4.68297577319287e-05,4.2360140785156e-05,3.77704405761672e-05,3.30781152458441e-05,2.82957827841677e-05,2.34381585352636e-05,1.85111739151113e-05,1.35355707043849e-05,8.5243423269359e-06,3.49040340665269e-06,-1.55460221604485e-06,-6.59501790539025e-06,-1.16156990767863e-05,-1.660508530889e-05,-2.15492700951693e-05,-2.6435486996449e-05,-3.12469118319895e-05,-3.59740118585548e-05,-4.06006479947775e-05,-4.51166957714119e-05,-4.95088352452249e-05,-5.37636007445897e-05,-5.78720832285042e-05,-6.1819716130717e-05,-6.55992111617802e-05,-6.92007016685623e-05,-7.26081453609213e-05,-7.58193536499717e-05,-7.88228915095262e-05,-8.16088667887273e-05,-8.41692580124917e-05,-8.65000289447173e-05,-8.85953102505619e-05,-9.04456265917107e-05,-9.20483782661146e-05,-9.33997086686558e-05,-9.44967419304019e-05,-9.53321399647274e-05,-9.59047300888036e-05,-9.62167580692521e-05,-9.62655375680527e-05,-9.60517230315615e-05,-9.55737291986631e-05,-9.48352839957579e-05,-9.38342644868367e-05,-9.25777468876647e-05,-9.10695847893436e-05,-8.93092411100828e-05,-8.73058633413493e-05,-8.50631509802263e-05,-8.25859845761145e-05,-7.98861667346468e-05,-7.69671239241506e-05,-7.38359800360304e-05,-7.05038388023233e-05,-6.69765197945386e-05,-6.32653631912339e-05
-9.01590541125518e-05,-8.45977022619999e-05,-7.8801838231459e-05,-7.27916914027616e-05,-6.65820441518947e-05,-6.01901763057456e-05,-5.36332874702037e-05,-4.69295152081525e-05,-4.00992396426849e-05,-3.31555102064699e-05,-2.61214603134078e-05,-1.9016757915631e-05,-1.18576557106215e-05,-4.66878737214582e-06,2.53672595744259e-06,9.73216686587432e-06,1.69057436080848e-05,2.40282690408202e-05,3.10887796491106e-05,3.80631978324933e-05,4.49321519153132e-05,5.16806922411018e-05,5.82884604627267e-05,6.47356742454621e-05,7.10068764764527e-05,7.70785228346444e-05,8.29448946779505e-05,8.85841589087181e-05,9.39786392753305e-05,9.91158546095155e-05,0.000103983121258525,0.000108565141091756,0.000112850749024139,0.000116826991649274,0.000120480270657203,0.000123806943393011,0.000126792864586697,0.000129434957504035,0.000131714870529537,0.000133638345642255,0.000135197180344097,0.000136379188224269,0.000137193005013738,0.000137628971975899,0.000137685213868087,0.000137367768571935,0.000136670031762442,0.000135598528948977,0.000134155537833309,0.000132343612063515,0.000130168357265278,0.000127637109640452,0.000124752051265911,0.000121528082764595,0.000117968018817969,0.000114084179313306,0.000109892063747535,0.000105393318199376,0.000100609271213545,9.55460885187944e-05,9.02218059040763e-05,8.46517434531487e-05,7.88463831273549e-05,7.28276049505984e-05,6.66072731253895e-05,6.02034154885956e-05,5.36358761129588e-05,4.69224964351446e-05,4.00779124027172e-05,3.31264153632513e-05,2.60815903522765e-05,1.8967950146676e-05,1.18004073512457e-05,4.60139508247559e-06,-2.61215802793545e-06,-9.81302434092563e-06,-1.69917773390053e-05,-2.4119362422646e-05,-3.11841150347166e-05,-3.81600170642379e-05,-4.50349417049206e-05,-5.1782282163552e-05,-5.83888564866108e-05,-6.48356422885367e-05,-7.1102353631632e-05,-7.71748679849834e-05,-8.3037107298097e-05,-8.86684413020981e-05,-9.40581361621993e-05,-9.91904695794089e-05,-0.000104048360030269,-0.000108622010713536,-0.000112897598340149,-0.000116860814264149,-0.000120507228113383,-0.000123819541965297,-0.000126796564825596,-0.000129424325263413,-0.000131696372872714,-0.000133607027653947,-0.000135155842521024,-0.00013633298518042,-0.000137133896056229,-0.000137560317879669,-0.000137609989889958,-0.000137283373172241,-0.000136579301649408,-0.00013550444243341,-0.000134053329985891,-0.000132237897907564,-0.000130062678075594,-0.000127529236444868,-0.000124648761503138,-0.000121424984443023,-0.000117869542880287,-0.000113989972681987,-0.000109800664411213,-0.000105310640309897,-0.000100532777724195,-9.54755927246649e-05
-0.000129925303667816,-0.000122760519412301,-0.000115258558640056,-0.000107442381513078,-9.93315880363449e-05,-9.09490130568258e-05,-8.23175861728987e-05,-7.34601951344897e-05,-6.44010036028482e-05,-5.51658909093092e-05,-4.57769931581268e-05,-3.62659538283682e-05,-2.66523341230658e-05,-1.69660673513001e-05,-7.23180103289104e-06,2.52228967402199e-06,1.22691912305806e-05,2.19831409717187e-05,3.16374387019682e-05,4.12055890148022e-05,5.06613689616204e-05,5.99767317956839e-05,6.91305284226506e-05,7.80953031217396e-05,8.68446320604728e-05,9.53579724334151e-05,0.000103610002050836,0.000111579034837143,0.000119241846769944,0.000126577990343775,0.000133566925479493,0.000140195407886226,0.00014643272299697,0.000152273388552806,0.000157697074372213,0.000162686340928125,0.000167232336177722,0.000171317451608698,0.000174936153601228,0.000178070900080266,0.000180720697120553,0.000182874341612144,0.000184526915249494,0.000185672864874014,0.000186308541648713,0.000186433518738592,0.000186048685000107,0.00018515018566129,0.000183747825751062,0.000181839723764737,0.000179430681048787,0.000176530666036555,0.000173144960364228,0.000169283015980288,0.000164959755259172,0.000160182605484388,0.000154965904902077,0.000149324073730218,0.000143271661552688,0.000136828589359933,0.00013000668663899,0.000122831066456198,0.00011531718122062,0.000107487863434615,9.93621266073089e-05,9.09651145796594e-05,8.23205984893527e-05,7.34493084701558e-05,6.43743419465257e-05,5.51253386035265e-05,4.57234329851734e-05,3.61984249089424e-05,2.65728559925519e-05,1.6876381800103e-05,7.13327001364223e-06,-2.63022117439902e-06,-1.23852004197207e-05,-2.21043309664686e-05,-3.17631011090687e-05,-4.13347794196028e-05,-5.07934976865231e-05,-6.01114061181949e-05,-6.92626952140566e-05,-7.82289983631267e-05,-8.69751654812715e-05,-9.54833692541162e-05,-0.000103731647496984,-0.000111694724259372,-0.000119348171126277,-0.000126676292961286,-0.000133655195051513,-0.000140270633522262,-0.000146494473479742,-0.000152322943750406,-0.000157731785834455,-0.00016270625277541,-0.000167235521316569,-0.00017130717724929,-0.000174909631424885,-0.000178032311573556,-0.000180667943321667,-0.000182807095873428,-0.000184446520026701,-0.000185581397755989,-0.00018620660269238,-0.000186319617460459,-0.000185927361538376,-0.000185022823375791,-0.000183611846312777,-0.000181699833873384,-0.000179289628052006,-0.000176386635583153,-0.000173003720134981,-0.0001691466934816,-0.000164826644084286,-0.000160056276411533,-0.000154846306938467,-0.000149211031855599,-0.00014316863103258,-0.000136733593116725
-0.000180149249333714,-0.000171377363316753,-0.000162135068154143,-0.000152448844001031,-0.000142344456526646,-0.000131852810149452,-0.000120995257197362,-0.00010981108633413,-9.83246025093413e-05,-8.65684730970755e-05,-7.45729819870896e-05,-6.2373905325315e-05,-5.00026108519959e-05,-3.7493742926761e-05,-2.48804288227492e-05,-1.22010513222868e-05,5.15204473937918e-07,1.32276368570336e-05,2.59063604417416e-05,3.85147777338951e-05,5.10187646280814e-05,6.33810989884608e-05,7.55720661673907e-05,8.75541913274374e-05,9.92994050909794e-05,0.000110773913244001,0.000121944480749458,0.000132779762745477,0.000143252861823375,0.000153334274924453,0.000162994889635517,0.000172210043856874,0.000180955027551657,0.000189199203818804,0.000196932780127612,0.000204121802311357,0.000210751843097968,0.000216806289113431,0.000222262920413946,0.000227113696124981,0.000231339700204999,0.00023493255216295,0.000237880885879413,0.000240177032503403,0.000241813302111232,0.000242788458615528,0.000243093664579754,0.000242736302568288,0.000241708190813997,0.000240021315293303,0.000237673019277379,0.000234673913806768,0.00023102796628874,0.000226749517752757,0.000221849722527017,0.000216339994924113,0.000210240469362732,0.00020356117236509,0.000196322987283756,0.000188547023371258,0.000180255182777815,0.00017146677376269,0.000162208917512085,0.0001525075787741,0.00014238343581342,0.000131873011999542,0.000120998984284732,0.000109796361931311,9.82888228643434e-05,8.65155923299644e-05,7.45012044980888e-05,6.22867045403934e-05,4.9899686615686e-05,3.7377807279038e-05,2.47541618226408e-05,1.20622510882942e-05,-6.62125984696589e-07,-1.33834200758591e-05,-2.60709434649225e-05,-3.8680803687755e-05,-5.1187271056102e-05,-6.35511256478673e-05,-7.57442728249514e-05,-8.77248844533868e-05,-9.94652510199821e-05,-0.000110934392139296,-0.000122094929831298,-0.000132923905193348,-0.00014338770889837,-0.000153455500994343,-0.000163102946910905,-0.00017230277670751,-0.000181028936050311,-0.000189260686241305,-0.000196971088977136,-0.000204142351171086,-0.00021075520201428,-0.000216788276417655,-0.000222228695286882,-0.000227059563506911,-0.000231269680072126,-0.000234844935818745,-0.000237775689244922,-0.000240056579230934,-0.000241681267973057,-0.00024264104276302,-0.000242937333691617,-0.000242570736514519,-0.000241537139437651,-0.000239845226410377,-0.000237492578843386,-0.000234493165664848,-0.000230849466094098,-0.000226574996346283,-0.000221679934703065,-0.000216180781876725,-0.000210087486499895,-0.000203418839173288,-0.000196190952879196,-0.000188428916271525
-0.000242418517617563,-0.000232107228225465,-0.000221160493924404,-0.000209606038449225,-0.000197479707515764,-0.000184813465286073,-0.000171638796198273,-0.000157995702299356,-0.000143919084025797,-0.000129447056383813,-0.000114621548463365,-9.94775479154494e-05,-8.40614109550448e-05,-6.8415386617679e-05,-5.25795910287924e-05,-3.65997755259872e-05,-2.05207340527383e-05,-4.38017970640982e-06,1.17669380363479e-05,2.78896538489899e-05,4.39319750466946e-05,5.98548721904781e-05,7.56157605592091e-05,9.11699080943359e-05,0.000106475061490164,0.000121487707252205,0.000136168613425988,0.000150476435513369,0.000164376023922463,0.000177821205925666,0.000190782560494029,0.0002032206133856,0.000215101177557197,0.000226394538558416,0.000237068430140213,0.000247089775216773,0.000256435035548867,0.000265079581887308,0.000272996704471717,0.000280161774878477,0.000286562320305738,0.000292176802474493,0.000296989424973762,0.000300987908632071,0.000304161110660199,0.000306500461331569,0.00030799735111837,0.000308648609617113,0.000308454244156218,0.000307412161708743,0.000305528116541895,0.000302803404915286,0.00029925064227858,0.000294873790723597,0.000289689932621833,0.000283710743797146,0.000276953527293829,0.000269437168723857,0.000261180510895999,0.000252207715479438,0.000242543092378814,0.000232211949466009,0.000221245710763116,0.000209674345162475,0.000197526474859601,0.000184836745384639,0.000171638946447284,0.000157972507368658,0.000143872576717474,0.000129378502436922,0.000114530434803755,9.9367379752415e-05,8.39332820999786e-05,6.82698463323864e-05,5.24180935207956e-05,3.64258342185193e-05,2.03347975252835e-05,4.1879383169167e-06,-1.19693255671808e-05,-2.80954882176306e-05,-4.41410470826855e-05,-6.00665080314962e-05,-7.58261149803095e-05,-9.13778479398329e-05,-0.000106677572571048,-0.000121685413240142,-0.000136356583541611,-0.000150655325993989,-0.00016453713858427,-0.000177970113620743,-0.000190913184931771,-0.000203331256448894,-0.000215193386367409,-0.000226464062351804,-0.000237113148975395,-0.000247114414374061,-0.000256435753851656,-0.000265055466711569,-0.000272948867281422,-0.000280095038494749,-0.000286472065547299,-0.000292065253877775,-0.00029685897808609,-0.000300839855011613,-0.000303994194159534,-0.000306319217282417,-0.000307801680677462,-0.000308443904912285,-0.000308241317001071,-0.000307193654593564,-0.000305305778471515,-0.000302582550347993,-0.000299031309123353,-0.000294660226066926,-0.000289482752594404,-0.000283511874442079,-0.000276767014739958,-0.000269263934408491,-0.000261021770077633,-0.000252065741900956
-0.000318434897370826,-0.000306719663363277,-0.0002941641319644,-0.000280801443629055,-0.000266670369666455,-0.00025181010914831,-0.000236258000109916,-0.000220059537137805,-0.000203257596599816,-0.000185898263816659,-0.000168028092668654,-0.000149697186994292,-0.000130955012223302,-0.000111852641216831,-9.24442571016382e-05,-7.27798746900957e-05,-5.29154553647056e-05,-3.29055169113894e-05,-1.28030111959279e-05,7.33355849626399e-06,2.7451153682509e-05,4.74951779572957e-05,6.74086631486299e-05,8.71390005587141e-05,0.000106631108932747,0.000125832503948861,0.000144689865589591,0.000163151017391374,0.000181164553148455,0.00019868462393102,0.000215659427340241,0.000232044367112387,0.000247794496920113,0.000262864260835669,0.000277216462681466,0.00029080739180944,0.000303602364650249,0.000315564911753778,0.000326661095504323,0.000336862139610646,0.000346141154205301,0.000354469850828735,0.000361827820241077,0.000368190907054387,0.000373545914499836,0.000377876160589224,0.000381168481148382,0.00038341521861321,0.000384610481787396,0.000384750101000848,0.00038383348688947,0.000381864222634995,0.000378846244667448,0.000374789612166861,0.000369705544654486,0.000363604381343647,0.000356509213764745,0.000348436285468589,0.000339405663923156,0.000329445640878744,0.000318579580388678,0.000306840877477173,0.000294261739589113,0.000280875715153499,0.00026671749419127,0.000251829675646537,0.000236251559967098,0.000220026464987661,0.000203197446761279,0.000185811530307928,0.000167915063709761,0.000149561757458199,0.000130796901179265,0.00011167508734084,9.22481444261643e-05,7.25695657104765e-05,5.26932580799978e-05,3.26727334721884e-05,1.25638774010443e-05,-7.57967795580225e-06,-2.77011515748935e-05,-4.77465933588938e-05,-6.76595313713937e-05,-8.73853606226162e-05,-0.00010687241638561,-0.000126064661319931,-0.000144910219137165,-0.000163358336555986,-0.000181356940288318,-0.000198857396161761,-0.000215812687437309,-0.000232173219405214,-0.000247899064376044,-0.000262942725235665,-0.000277264565971735,-0.000290829360227692,-0.00030359634610722,-0.00031552995317642,-0.000326600749559429,-0.000336774998520916,-0.000346028264484539,-0.000354330946597182,-0.000361665979884774,-0.000368007769610619,-0.000373342985446363,-0.000377656214756666,-0.000380934885227554,-0.000383169816922153,-0.00038435531075162,-0.000384489056470769,-0.000383570366913247,-0.00038160008431635,-0.000378585598763474,-0.00037453472669525,-0.000369460131185465,-0.000363373119393858,-0.000356291071110587,-0.000348231514458257,-0.00033922106432188,-0.000329279213605029
-0.000410053206019311,-0.000397109522589123,-0.000383078743916021,-0.000367998496287594,-0.00035190954098612,-0.000334857063986137,-0.000316889132069271,-0.000298049242960275,-0.000278394032456876,-0.000257975858672827,-0.000236846488227784,-0.000215068873382839,-0.000192700882997481,-0.00016980544371563,-0.000146439303729491,-0.000122672896369516,-9.85699178343873e-05,-7.41949971401567e-05,-4.96160434111578e-05,-2.49006240775523e-05,-1.15483027878263e-07,2.46711273855216e-05,4.93905110727684e-05,7.39761974443387e-05,9.83614533190877e-05,0.000122474548184109,0.000146254855855785,0.000169636706367524,0.000192551929110914,0.000214942515532611,0.000236745094499457,0.000257898230539799,0.000278346039983732,0.000298029952534049,0.000316898228548165,0.000334898659015061,0.000351981606010881,0.000368100255031508,0.000383208115277084,0.000397264831345602,0.000410234457977001,0.000422077970520551,0.00043276422194582,0.000442263882280637,0.000450550200294228,0.000457600718274049,0.000463395797212866,0.000467918213805496,0.000471157678558332,0.000473103063091602,0.000473751513369505,0.000473100260110635,0.000471150639889096,0.000467907468951417,0.000463382113015952,0.000457586041255097,0.000450533045528885,0.00044224691701599,0.000432745610866253,0.000422058900273116,0.000410213758803599,0.000397243718559359,0.000383184818444668,0.000368074925670589,0.000351956070031956,0.000334873635642288,0.000316870895084846,0.000297999364610772,0.000278312841521543,0.000257864057691795,0.000236707454008714,0.000214903580687032,0.00019250937621055,0.000169589468345197,0.000146208265610603,0.000122424798532043,9.83074253759151e-05,7.39217768536063e-05,4.93343769071319e-05,2.46116270216056e-05,-1.76895914885978e-07,-2.49647365543396e-05,-4.96812488237791e-05,-7.42610329917895e-05,-9.86369193183885e-05,-0.000122741618254205,-0.000146507505177543,-0.000169871744956052,-0.000192768618812561,-0.000215137364971765,-0.000236912826212211,-0.000258038085399988,-0.000278456461765941,-0.000298111387418066,-0.000316947084705986,-0.000334916683061877,-0.000351964989602634,-0.000368051029301977,-0.000383128929198491,-0.000397155249576139,-0.000410093834691342,-0.000421910922219132,-0.000432569855736518,-0.000442044105178313,-0.000450309525960721,-0.000457339364553937,-0.000463117329624318,-0.000467628692273118,-0.000470859372086225,-0.000472798225367459,-0.000473444740929498,-0.000472795034749987,-0.00047084943338144,-0.000467616048245449,-0.000463102147876028,-0.000457319584321023,-0.000450284236154568,-0.000442017290982971,-0.00043253781364274,-0.000421872291921764
-0.000519315530934498,-0.000505334680423646,-0.000489968101819428,-0.000473260786376666,-0.000455257447701209,-0.000436004672407674,-0.000415558200774532,-0.000393972475202366,-0.000371308047084703,-0.000347625825003269,-0.000322986506709566,-0.000297461781892465,-0.000271119433074424,-0.000244035402687397,-0.000216278401779659,-0.000187928558141326,-0.000159064593735743,-0.000129762062033086,-0.000100101786181681,-7.01672864041642e-05,-4.00373656235896e-05,-9.7977597996045e-06,2.04691723549469e-05,5.06807394333249e-05,8.07571650843996e-05,0.000110609588628751,0.000140162880934976,0.000169331823902016,0.000198039685714681,0.000226203608495075,0.000253749633355461,0.000280600508305779,0.000306683005693996,0.000331924530624932,0.000356257608014436,0.000379615758704631,0.000401932403851557,0.000423147068816681,0.000443202055972633,0.000462041565042294,0.000479613545553488,0.000495869575898781,0.000510769641725041,0.000524265684250554,0.000536325504754187,0.000546913596986172,0.000556000456048045,0.000563561171875069,0.000569574461691156,0.000574028176273507,0.00057690451563169,0.00057820012677558,0.0005779069054999,0.000576030231576823,0.000572573153703688,0.000567545505212844,0.000560962215017667,0.000552839318283338,0.000543201116972335,0.000532072982414853,0.000519484834418838,0.00050547332974163,0.000490075859952576,0.000473334155985647,0.000455295023197466,0.000436008270943874,0.000415524651431774,0.000393904198361727,0.000371203577017847,0.000347485616702169,0.000322815455408151,0.000297262327933627,0.000270892235182912,0.000243784127106951,0.000216008166486612,0.000187640512945322,0.000158760390374245,0.00012944521903301,9.97777171891092e-05,6.98369666750377e-05,3.97056329920215e-05,9.46795161162632e-06,-2.07950772783455e-05,-5.1001018371508e-05,-8.10652702728787e-05,-0.000110907141829489,-0.000140441674994418,-0.000169590520547699,-0.000198273615799489,-0.000226411124590953,-0.000253927805001714,-0.000280746760738945,-0.000306795681833986,-0.000332002231030116,-0.000356299770275392,-0.000379618877370036,-0.000401899250598164,-0.000423077679215118,-0.00044309661249502,-0.000461900421706474,-0.00047944267036121,-0.000495668986565532,-0.000510538150246514,-0.000524008445708632,-0.00053604244342673,-0.000546608649349409,-0.000555678025170885,-0.000563225992446671,-0.000569231919626385,-0.000573680881104255,-0.000576555907467704,-0.000577854071866931,-0.000577568302160454,-0.000575701540291332,-0.000572259561250584,-0.000567249860178129,-0.000560687034172098,-0.000552586818757286,-0.000542973465750588,-0.000531872911106812
-0.000648501325101729,-0.000633640781562096,-0.000617044799505327,-0.000598756683738387,-0.00057882911437534,-0.000557315677150037,-0.000534274069907836,-0.000509768628706083,-0.000483864628174123,-0.000456634861476849,-0.000428149712839304,-0.000398492344595372,-0.000367738462894828,-0.000335977361079605,-0.00030329409062943,-0.000269777172886841,-0.000235520289948816,-0.000200617052825777,-0.000165160478934997,-0.000129251539379926,-9.29860629986286e-05,-5.64652879073131e-05,-1.97886360940446e-05,1.69429549227938e-05,5.36306511759645e-05,9.01727981279065e-05,0.000126468499404957,0.000162417137916089,0.000197924540033301,0.000232888076907639,0.000267215395642031,0.00030081313904906,0.000333584366917814,0.00036544180306629,0.000396299773178049,0.000426071059347692,0.000454672972788114,0.000482030751584561,0.000508065693620651,0.000532707496657842,0.000555889618564519,0.000577547399233835,0.000597621012105996,0.000616054612142081,0.000632798740334365,0.000647806046844057,0.000661037331202513,0.000672453923947605,0.000682026749071715,0.000689728956653485,0.000695535614795151,0.000699436880260801,0.000701419580345677,0.000701477788401129,0.000699612353519062,0.000695826939153662,0.000690135104740134,0.000682550204639452,0.000673092668577726,0.000661790323470412,0.000648672841303644,0.000633777684533442,0.000617143674625032,0.000598817991696746,0.000578851361394576,0.000557296531267493,0.000534216596223912,0.000509670901483276,0.000483729557797966,0.000456460299197778,0.000427942389409603,0.000398253975515841,0.000367473012704143,0.000335685726726895,0.000302979616322651,0.000269447193886493,0.000235173848116689,0.000200259126529902,0.000164794532822414,0.000128883181573141,9.2617330961145e-05,5.60988851399606e-05,1.94287977132237e-05,-1.72929077116882e-05,-5.3966453511414e-05,-9.0491550820382e-05,-0.000126764879583958,-0.000162690328581567,-0.000198170710017539,-0.000233102643038106,-0.000267396285975126,-0.000300955945430416,-0.000333690152901901,-0.000365507679967173,-0.00039632448806486,-0.000426053577341819,-0.00045461613283132,-0.000481933033709393,-0.000507928990439796,-0.000532534181161126,-0.000555680805461905,-0.000577303616357866,-0.0005973467147284,-0.000615750606822317,-0.000632471677202843,-0.000647458759515122,-0.000660673450444837,-0.000672077705339446,-0.000681640498679181,-0.000689339513091698,-0.000695149030875821,-0.000699056781507764,-0.000701048260277994,-0.000701121577465443,-0.000699273206536496,-0.00069551022261653,-0.000689842205994993,-0.000682284289355378,-0.000672856945975832,-0.000661585277547532
-0.000800173349398321,-0.000784501954627278,-0.000766681857517493,-0.000746758357685118,-0.000724792534065897,-0.00070083822206628,-0.00067496208288641,-0.000647237375586595,-0.000617736405709403,-0.00058654243768279,-0.000553739581055857,-0.000519417694540367,-0.000483668516617561,-0.000446592879803506,-0.000408291102272462,-0.000368870162395998,-0.000328435341105374,-0.000287101229966131,-0.000244975225742913,-0.000202178150170031,-0.000158825476590199,-0.000115035932289308,-7.09304392439821e-05,-2.66297464361062e-05,1.77468304205106e-05,6.20758193489337e-05,0.000106235505847854,0.000150106296170789,0.000193565751602316,0.000236495623549218,0.000278779280209304,0.000320299197082719,0.00036094118724282,0.000400594546633067,0.000439150836597019,0.000476503488970765,0.000512550073119934,0.000547191640534164,0.000580331858563609,0.000611881634796048,0.000641754038688303,0.000669865221085545,0.000696139913574532,0.000720505450005101,0.000742893909399009,0.000763244732085359,0.000781502310676085,0.000797614241667213,0.000811539687512929,0.000823237250112107,0.000832677223416352,0.000839833430519157,0.000844685803431377,0.000847222537024946,0.000847433655859676,0.000845322546500724,0.000840893418407521,0.000834159553405735,0.000825136067747771,0.00081385024903736,0.000800333512751673,0.000784621994052935,0.000766761616307923,0.000746797240250601,0.000724786800340783,0.000700789172461586,0.000674871836792813,0.00064710503356192,0.000617563256063934,0.000586329832938244,0.00055348988787791,0.000519134303441724,0.000483358616091357,0.000446257232334607,0.000407934508257851,0.000368496628368841,0.000328048826449782,0.00028670380042818,0.000244574998302681,0.000201774804850914,0.000158424106798466,0.000114641362574462,7.05450345204532e-05,2.62571433666195e-05,-1.80993829957686e-05,-6.2406998894936e-05,-0.000106542335415472,-0.000150383653532124,-0.000193809803057443,-0.00023670483623928,-0.000278948743497048,-0.000320429421122637,-0.00036102886718208,-0.000400636401355215,-0.00043914860068685,-0.000476456536822915,-0.000512458174089585,-0.000547056552687384,-0.000580155317616965,-0.000611664948006821,-0.000641500846411803,-0.000669575015001168,-0.000695820537916379,-0.000720157371115851,-0.000742521464067762,-0.000762852789156766,-0.000781093810196141,-0.000797195661599519,-0.000811115884878931,-0.000822813369681302,-0.000832258384498954,-0.000839424055147688,-0.000844289795743557,-0.000846844343926416,-0.000847078260271366,-0.000844991959232814,-0.000840591716392365,-0.000833889720621148,-0.000824900266756714,-0.00081365076749263
-0.00097716974002857,-0.000960596857571268,-0.000941389724180671,-0.000919604162945589,-0.000895297748683589,-0.000868539365332543,-0.000839399728066862,-0.000807957223191178,-0.000774299275154566,-0.000738518533479005,-0.000700711461732438,-0.000660981447722508,-0.000619439142956698,-0.000576197381281542,-0.000531374254545456,-0.000485092692359795,-0.000437480176881671,-0.000388665868009185,-0.00033878689259313,-0.000287977039284763,-0.000236375625175653,-0.000184124688556945,-0.000131368667136767,-7.82493053942589e-05,-2.49159015883659e-05,2.84876482559267e-05,8.18137881077956e-05,0.000134917891721396,0.000187651594117487,0.000239873904717724,0.000291439844881196,0.000342206806725078,0.00039203699860657,0.0004407934748429,0.000488340302405354,0.000534549416085597,0.000579291917640997,0.000622448277542278,0.000663897795702775,0.000703524800847939,0.000741225001483323,0.000776890219999115,0.000810425909202725,0.000841737374004108,0.000870741583581939,0.00089735681144319,0.000921509537351553,0.000943133660198992,0.000962173025674002,0.000978571444157834,0.000992286455039654,0.00100328109382019,0.00101151976575178,0.00101698906357777,0.00101966870050216,0.0010195503123317,0.00101663895710594,0.00101093854064446,0.00100246576745624,0.00099124529874082,0.000977307455612207,0.000960689136878325,0.000941439566820997,0.000919608135918203,0.000895256486322739,0.000868449717540181,0.000839264233758003,0.000807779514583826,0.000774078804390697,0.000738259070598364,0.000700415116979965,0.00066065500938698,0.000619082668061869,0.00057581757389055,0.000530975012508896,0.000484679456445003,0.000437056604592011,0.000388234887604553,0.000338354653262782,0.000287544985420963,0.000235951032106767,0.00018371002468212,0.000130968399855984,7.78686414071211e-05,2.45589060238852e-05,-2.88199470341153e-05,-8.2115092679408e-05,-0.000135185449328586,-0.000187882529016236,-0.000240063607733245,-0.000291586875135966,-0.000342307367390599,-0.000392090627870891,-0.000440798318947504,-0.000488298411020811,-0.000534460254459685,-0.000579157061255556,-0.000622267179443269,-0.000663673056296307,-0.000703260021661966,-0.0007409222639877,-0.000776553281869521,-0.00081005757373032,-0.000841343098795987,-0.000870324998003454,-0.000896921622091916,-0.000921062177262283,-0.000942681217853894,-0.000961717506575364,-0.000978120706660898,-0.000991843597090877,-0.00100284999917822,-0.00101111197706354,-0.00101660203726536,-0.00101930891585619,-0.00101922124764321,-0.00101634199688694,-0.00101067892872384,-0.00100224463856257,-0.000991065302587683
-0.00118255430600345,-0.00116473771021783,-0.0011437298359239,-0.00111958748490813,-0.00109237428690045,-0.00106216975567565,-0.00102905282252079,-0.000993113220817247,-0.000954450990196901,-0.000913170907454977,-0.000869384672331656,-0.000823215185730352,-0.000774788486483233,-0.000724233841864565,-0.000671693712391577,-0.000617311267377759,-0.000561234687226063,-0.000503616687538668,-0.000444617565214894,-0.000384398416852524,-0.000323124200656788,-0.000260963005045324,-0.000198082258889675,-0.0001346615230487,-7.08670288992399e-05,-6.87851204395663e-06,5.71305345255877e-05,0.00012098310016529,0.000184506503314288,0.000247525836129361,0.000309865943834603,0.000371357409481158,0.000431832065872986,0.000491123461037287,0.000549067195937556,0.000605507715338001,0.000660286710584381,0.000713255512337266,0.00076426883712365,0.000813185655750596,0.000859874455915784,0.000904202564054501,0.000946052286053511,0.000985306167868212,0.00102185766921522,0.00105560485882801,0.00108645738260021,0.00111433215192546,0.00113914656227316,0.00116083912560053,0.00117934745990739,0.00119462061980241,0.00120661866334377,0.00121530793918973,0.00122066527912228,0.00122267470629311,0.00122133237404174,0.00121664179888951,0.0012086153690785,0.00119727494051325,0.00118265222946504,0.00116478920428332,0.0011437332786191,0.00111954222128979,0.00109228155851304,0.0010620275972054,0.0010288640014075,0.000992879821115696,0.000954176397304153,0.000912857533097359,0.000869037975680862,0.000822837768012966,0.000774385162783341,0.0007238105748695,0.000671253882756075,0.000616859759965318,0.000560777060197778,0.000503157140312604,0.000444159715139652,0.000383948129381756,0.000322684757589344,0.000260538415656177,0.000197680495273654,0.000134282491272637,7.05165252245511e-05,6.55936948009253e-06,-5.74129622460226e-05,-0.000121226969123528,-0.000184707074412347,-0.000247680255052112,-0.000309973979253366,-0.000371415148156708,-0.000431839442803355,-0.000491080889631766,-0.000548975664213114,-0.000605365933596758,-0.000660097343840198,-0.000713020666531217,-0.000763991033689708,-0.000812869076993984,-0.000859519016908228,-0.00090381486551707,-0.000945635467345791,-0.000984865922321161,-0.0010213978789473,-0.00105513329876494,-0.00108597778047523,-0.00111384914078993,-0.00113866891388268,-0.00116036996655833,-0.00117889247275813,-0.00119418482086023,-0.00120620701447366,-0.00121492505384286,-0.00122031415920843,-0.00122236004240094,-0.00122105629319271,-0.00121640750790799,-0.00120842525261744,-0.00119712960370829
-0.00141945166996859,-0.00139970065000369,-0.00137611403259663,-0.00134875463300314,-0.00131769936367624,-0.00128303057190907,-0.00124484497714462,-0.00120324518974993,-0.00115834673944178,-0.00111027135537002,-0.00105915029168667,-0.00100512522813268,-0.000948341097277968,-0.000888958815288316,-0.000827135810647966,-0.000763044575644969,-0.000696858308143044,-0.000628763135828197,-0.000558940173040829,-0.000487585111469547,-0.000414891594447073,-0.000341058876070005,-0.000266290065840795,-0.000190790187614864,-0.000114765565841022,-3.84260975498042e-05,3.8020303192744e-05,0.00011436306034899,0.000190394435576281,0.000265904251292106,0.000340686027981206,0.000414534193525567,0.000487246240254217,0.000558622060328975,0.000628466854718986,0.000696588621704822,0.000762801548900279,0.000826920646956241,0.000888773901800858,0.00094818884263937,0.00100500255348365,0.001059062316176,0.00111021608897144,0.00115832455328607,0.00120325513778007,0.00124488671265695,0.00128310334313103,0.00131780062163517,0.0013488832226004,0.00137626606040155,0.00139987754358826,0.00141964849550975,0.00143552672924573,0.00144746993614904,0.00145544395902914,0.00145942666005402,0.00145940912734125,0.0014553911650168,0.00144738180919646,0.00143540597963245,0.00141949614155601,0.00139969472625235,0.00137605646955905,0.00134864767962179,0.00131754238242823,0.00128282597660089,0.0012445934289062,0.00120295134004823,0.00115801314716192,0.00110990155620153,0.00105875111101113,0.00100469871982275,0.00094789343028608,0.000888493629376169,0.000826659565563287,0.000762562657532504,0.000696377059589863,0.000628284105115059,0.000558468835962877,0.000487125563588087,0.00041445065425603,0.000340640552846976,0.000265898573346051,0.000190429257202135,0.00011443936361716,3.81374550709192e-05,-3.82667615063228e-05,-0.000114565561465038,-0.000190548660547964,-0.000266008853456596,-0.000340738832400611,-0.000414534648883202,-0.000487192718637929,-0.000558517370303761,-0.000628310059122701,-0.000696382857798576,-0.000762546392148443,-0.000826622638828802,-0.000888432708733098,-0.000947810843537888,-0.00100459125024249,-0.00105862089114287,-0.00110975016065228,-0.00115783971457022,-0.00120275889144093,-0.00124438084809268,-0.00128259708888958,-0.00131729878284009,-0.0013483920760689,-0.00137579277215496,-0.00139942392696596,-0.00141922162823095,-0.00143512988611129,-0.00144710809577808,-0.00145511924296454,-0.00145914580933983,-0.00145917156396237,-0.00145519917098549,-0.00144723885347053,-0.00143531182267646
-0.00169075060071452,-0.00166790398043157,-0.00164048716558195,-0.00160857369263045,-0.00157224990952194,-0.00153161493175553,-0.001486781608737,-0.00143787201856312,-0.0013850185037497,-0.00132836671087105,-0.00126807155772443,-0.00120429977335648,-0.00113722392572125,-0.0010670303659786,-0.000993909060088297,-0.000918060418250923,-0.000839695607431441,-0.00075902595023309,-0.000676274129776987,-0.000591668170913318,-0.000505436906009337,-0.000417819455870651,-0.000329056609188822,-0.000239389195873245,-0.000149066296052302,-5.83321830896528e-05,3.25617682834959e-05,0.000123368380583613,0.000213836862177257,0.000303721763052406,0.000392772375804015,0.000480746089861802,0.000567402516567282,0.000652504262431553,0.000735815484591002,0.000817108830942145,0.000896162654788674,0.00097275996750012,0.0010466883927057,0.00111774576920405,0.00118573839537368,0.00125047891458801,0.00131178978853797,0.00136950231886567,0.00142345938746185,0.00147351269001069,0.00151952404027077,0.00156136835862066,0.00159893163511771,0.0016321106187998,0.00166081285107378,0.00168496181880895,0.00170449288434666,0.0017193483555951,0.00172949169411754,0.00173489208217208,0.00173553832036104,0.00173142597780304,0.00172256736203534,0.00170898789108322,0.00169072297899708,0.00166782574436502,0.00164035528512577,0.00160839193004138,0.00157201725505611,0.00153133821078382,0.0014864616434953,0.00143751116256623,0.00138462144891769,0.0013279384938433,0.00126761805206096,0.00120382602167025,0.00113673479741015,0.00106653139559293,0.000993404844127955,0.000917558036966829,0.000839197625854297,0.000758539222614928,0.000675803664112009,0.000591217289883025,0.000505012513396572,0.000417424434019275,0.000328696698747967,0.000239065744902385,0.000148783935161475,5.80941529654238e-05,-3.27530156238738e-05,-0.000123508768895999,-0.000213925661439413,-0.000303754991398914,-0.000392752915837013,-0.000480672211670613,-0.000567275403673851,-0.00065232360358806,-0.000735584644104836,-0.000816829653537345,-0.000895838197614357,-0.000972391813383676,-0.00104628274204182,-0.00111730775342173,-0.00118527089955275,-0.00124998744481704,-0.0013112798528773,-0.00136898271232695,-0.00142293293091864,-0.00147298709179549,-0.0015190050244254,-0.00156086166614174,-0.00159844371067143,-0.00163164587684943,-0.00166037688226335,-0.00168455994163313,-0.00170412730438489,-0.00171902428175745,-0.00172921268719334,-0.00173466123481374,-0.0017353551472472,-0.00173129385518846,-0.00172248888884434,-0.00170896131548787
-0.0019986342902406,-0.00197093701336699,-0.0019378361814111,-0.00189942332283833,-0.00185580348906496,-0.00180709488795574,-0.00175343268750879,-0.00169496130955189,-0.00163184162414103,-0.00156424865803295,-0.00149236490215694,-0.00141638883465675,-0.00133652742334569,-0.0012530019753372,-0.00116603992285545,-0.00107587889302048,-0.000982766184774742,-0.000886958939099662,-0.000788719384519822,-0.000688315306381919,-0.000586023454635225,-0.000482124116036872,-0.000376902726671713,-0.000270645907564768,-0.000163646455396452,-5.61989361136963e-05,5.14053493165823e-05,0.000158868097912791,0.000265895927833425,0.000372194659101267,0.000477472668569111,0.000581444304651036,0.000683819150611553,0.000784319588461697,0.000882668549776409,0.000978599218762913,0.00107184422799561,0.00116215094293137,0.00124927062455206,0.00133296246026348,0.00141300108261227,0.00148916338091747,0.00156124240904423,0.00162903811110675,0.00169236760463589,0.00175105514305602,0.00180494131188699,0.00185387700495339,0.0018977312660763,0.00193638104254543,0.00196972135033469,0.00199766226837023,0.00202012656154217,0.00203705280310581,0.0020483950649148,0.00205412107528763,0.00205421682805335,0.00204868120036225,0.00203752977361338,0.00202079496001178,0.00199852150882073,0.00197077181891484,0.00193761966933808,0.00189915887466764,0.00185549083867655,0.0018067392334514,0.0017530374491742,0.00169453229902396,0.00163138379104059,0.00156376425126744,0.00149186254128125,0.00141587280892597,0.00133600524443046,0.0012524766944075,0.00116551828905313,0.00107536740862551,0.000982269560913104,0.000886480898730208,0.000788265630988421,0.000687890260222037,0.000585632558174239,0.000481769752921664,0.000376590228984682,0.000270378034144446,0.000163426332871494,5.60289127550522e-05,-5.15218322033574e-05,-0.000158929428242845,-0.00026590180913607,-0.00037214395931394,-0.000477367862675756,-0.000581283434226767,-0.000683605101819695,-0.000784053680413883,-0.000882355600166885,-0.000978239775792353,-0.00107144467569044,-0.00116171349942943,-0.0012488009538558,-0.00133246597004634,-0.00141248189196884,-0.00148862904517156,-0.00156069731159073,-0.00162849079411986,-0.00169182301680406,-0.00175052072871535,-0.00180442236164776,-0.00185338101653216,-0.00189726313838512,-0.00193594546627865,-0.00196932299479226,-0.00199730539473654,-0.00201981329843779,-0.00203678864430721,-0.00204818041541696,-0.00205395983071702,-0.00205410860811487,-0.00204862916017471,-0.00203753288738953,-0.0020208536895117
-0.00234391746120577,-0.00230887701024408,-0.00226750760768772,-0.00221992014545166,-0.00216624887409674,-0.00210663723638647,-0.00204125028368378,-0.00197026290660119,-0.00189387465963016,-0.0018122947291478,-0.00172574325353938,-0.00163445941502371,-0.00153869418588786,-0.00143870978867755,-0.00133477844283848,-0.00122718783426928,-0.00111623126891252,-0.00100221200669803,-0.000885445669547954,-0.000766250680533719,-0.000644952674209101,-0.000521886603920331,-0.000397390288207331,-0.000271801685417066,-0.000145469056390334,-1.8735603116388e-05,0.000108047830445665,0.000234535486376965,0.000360381455274342,0.000485239417308509,0.000608766089937144,0.000730623319924335,0.000850477485773251,0.000967999841855662,0.00108286639952165,0.00119476401167168,0.00130338450762674,0.00140843161046975,0.00150961711473245,0.00160666119947344,0.00169929867209206,0.00178727698405002,0.00187035406111554,0.00194830171792239,0.00202090739370106,0.00208796966257618,0.00214930783421882,0.00220475377363698,0.00225415405458685,0.00229737418800938,0.0023342961455169,0.00236481958806401,0.00238886023847914,0.00240635253933018,0.00241724668463495,0.00242151698477672,0.00241914841753694,0.00241014924211064,0.00239454481479368,0.00237237718548483,0.00234370896955508,0.00230861693954991,0.00226719773176521,0.00221956584889062,0.00216585057552108,0.00210620305968082,0.00204078165870333,0.00196976888410906,0.00189335934598302,0.00181176145165107,0.00172520121089213,0.00163391412640142,0.00153815032941038,0.00143817375704877,0.00133425531743963,0.00122668411063228,0.00111575143110973,0.00100176048107617,0.00088502690646793,0.000765869430770689,0.00064461399680168,0.000521594335925005,0.000397145844440663,0.000271609412923045,0.000145330520660086,1.86547265120849e-05,-0.000108073281061828,-0.000234504138913848,-0.000360291264408314,-0.000485092098380291,-0.0006085620929075,-0.00073036697374992,-0.00085016899394562,-0.000967643704191426,-0.00108246637912045,-0.00119432461977542,-0.00130291030576975,-0.0014079258480849,-0.00150908651398102,-0.0016061125990745,-0.00169873837911452,-0.0017867099485606,-0.00186978707057281,-0.00194774190160824,-0.0020203631641461,-0.00208744541267225,-0.00214881060427842,-0.00220428700435308,-0.00225372452908682,-0.00229698670760322,-0.00233395468875685,-0.00236452607189704,-0.0023886187021124,-0.00240616512293319,-0.00241711565217236,-0.0024214410126345,-0.00241913150683333,-0.00241019069810716,-0.00239464360876201,-0.00237253289640207
-0.00272515318129296,-0.00267941361054199,-0.0026263278833934,-0.00256604273431729,-0.00249872231154978,-0.00242454981043771,-0.00234372949820449,-0.0022564824620481,-0.00216304840290979,-0.00206368322266276,-0.00195865881567264,-0.00184826497725919,-0.00173280097312189,-0.00161258677026189,-0.0014879504778771,-0.00135923282600162,-0.00122678876239863,-0.001090980134766,-0.000952179909572347,-0.000810768114498924,-0.00066713417763585,-0.000521668733056596,-0.000374774020141498,-0.000226850091998833,-7.83058016155674e-05,7.04545956459376e-05,0.000219021939431769,0.000366987397037301,0.000513947727679544,0.000659498406622499,0.00080324036626128,0.000944778684238402,0.00108372652378758,0.00121970372908069,0.00135233381963572,0.00148125664048222,0.00160611732361623,0.00172657228595659,0.00184229462836722,0.0019529627979216,0.00205827812454055,0.00215794727260783,0.00225169937575125,0.00233927781380674,0.0024204400723982,0.00249496773737828,0.00256265524482585,0.00262331537786661,0.00267678445721386,0.00272291513828896,0.00276158287075354,0.00279267961414922,0.00281612138531005,0.00283184313523461,0.00283980419462657,0.00283997885060242,0.00283237089013166,0.00281699972156201,0.00279390858891792,0.0027631604505943,0.0027248399569443,0.00267905148408503,0.0026259221507475,0.00256559775723371,0.00249824021689185,0.00242403898768806,0.00234319438178389,0.00225593013402089,0.00216248452764155,0.00206311432488805,0.00195809194547837,0.00184770436307393,0.00173225366797065,0.00161205749164765,0.00148744491356433,0.0013587569490575,0.00122634645496722,0.00109057658139204,0.000951818610751482,0.000810453753196651,0.000666868769348344,0.000521457526936487,0.000374617780616268,0.000226752589652643,7.82667357166681e-05,-7.04335619109681e-05,-0.000218939363753789,-0.000366846587822547,-0.000513748584701345,-0.00065924313836926,-0.000802930768068875,-0.00094441912107313,-0.00108332078409519,-0.00121925438849941,-0.00135184950824543,-0.00148073951248397,-0.0016055733354713,-0.00172600911230948,-0.00184171573492306,-0.00195237689913428,-0.00205768923319972,-0.00215736381772356,-0.00225112851406778,-0.00233872562292519,-0.00241991547595457,-0.00249447283968226,-0.00256219775742902,-0.00262290122237512,-0.00267641683356973,-0.0027225987400194,-0.00276131836608887,-0.00279247176752216,-0.0028159713361517,-0.0028317531550357,-0.00283977209992933,-0.00284000880713204,-0.00283246072599137,-0.00281714942359153,-0.00279411477567093,-0.00276342140431379
-0.0031375443069896,-0.00307676357545533,-0.0030075461460021,-0.00293008334358515,-0.00284458692617822,-0.00275129065885392,-0.00265045070644626,-0.00254234384413554,-0.00242726568917934,-0.00230553172174317,-0.00217747551404874,-0.00204345105822417,-0.00190382221799359,-0.00175897354157588,-0.00160930146289349,-0.00145521627762004,-0.00129714098908059,-0.00113550760879401,-0.000970762004658052,-0.000803355416423423,-0.00063374495199344,-0.000462396171034713,-0.000289781308222857,-0.000116370119456066,5.73583428537036e-05,0.00023092946188643,0.000403869294837497,0.000575699789396593,0.0007459508096915,0.000914157388361918,0.00107985583126176,0.00124259210675402,0.00140192261274617,0.00155740761870567,0.00170862075139913,0.00185515008713075,0.00199659199615542,0.00213255771691076,0.0022626756762251,0.00238659183211099,0.00250396167532494,0.00261446572737344,0.00271780052334118,0.00281368468994805,0.00290185402637487,0.00298206737032587,0.00305410683926768,0.00311777328294343,0.0031728925896516,0.00321931415755757,0.00325691142198456,0.00328558195263469,0.00330524587983919,0.00331585020149701,0.00331736599766908,0.00330978946363717,0.00329314230505268,0.0032674690036926,0.00323284186886813,0.00318935355116598,0.00313712632696262,0.00307630326766301,0.00300704744540418,0.0029295532603966,0.0028440304750295,0.00275071525409067,0.00264986247386141,0.00254174865196367,0.00242667005553303,0.00230494279154751,0.00217690103594507,0.00204289543158722,0.00190329005261492,0.00175847144506316,0.00160883547873557,0.00145478871593709,0.00129675841918083,0.00113517419471977,0.000970479104501295,0.000803127045725701,0.000633574363947853,0.000462286028820391,0.000289730687955965,0.000116383225276435,-5.72836215617636e-05,-0.000230792568687702,-0.000403670241537798,-0.000575443027758042,-0.000745636763622252,-0.000913789891918508,-0.00107943974327162,-0.00124213302711906,-0.001401423838033,-0.001556873817667,-0.00170806000608562,-0.00185456490907944,-0.0019959918986483,-0.00213194778067165,-0.0022620643913233,-0.00238598188350479,-0.00250336300427536,-0.00261388696246722,-0.00271724586404017,-0.00281316290394556,-0.00290136871559642,-0.00298162583352765,-0.00305371243835091,-0.003117431391894,-0.00317260595932358,-0.00321908631316191,-0.00325674471267092,-0.00328547697260758,-0.00330520327261702,-0.00331587034875824,-0.00331744917360584,-0.00330993549742625,-0.00329334746447602,-0.00326773234653104,-0.00323316064017428,-0.00318972479302426
-0.00357167981831103,-0.00349044014533301,-0.00339962808392266,-0.00329949883494401,-0.00319032142529816,-0.00307239616163182,-0.00294604827033886,-0.00281162082162641,-0.00266948504193151,-0.00252003029627173,-0.00236366611674848,-0.0022008211864097,-0.0020319422572138,-0.00185749151878275,-0.00167794839665034,-0.00149380416645304,-0.00130556324222378,-0.00111374476641233,-0.000918872134515971,-0.000721478626354628,-0.000522108852968341,-0.000321306624593328,-0.00011962472732622,8.23850277457513e-05,0.000284169338439768,0.000485173148274299,0.000684846504029559,0.000882641423955844,0.00107801563234894,0.00127043310453107,0.00145936674276252,0.00164429770060251,0.00182472005598411,0.00200013916544198,0.00217007189814465,0.00233405601922148,0.00249163829440734,0.00264238865190921,0.00278589453796286,0.00292176163170947,0.00304961752250278,0.00316911341958283,0.00327991873130791,0.00338173245216928,0.00347427566194085,0.00355729344457407,0.00363056129518924,0.00369387553814475,0.00374706437728851,0.0037899833549825,0.00382251396906578,0.00384456706642758,0.00385608300873974,0.0038570287294663,0.00384740371284757,0.00382723452897454,0.00379657604114807,0.00375551279941918,0.0037041572045875,0.00364265141526752,0.00357116288176568,0.00348988799586368,0.00339905011413763,0.00329889721365405,0.00318970593641895,0.00307177312628807,0.00294542306334158,0.00281100209084601,0.00266887990668449,0.00251944542766001,0.00236310683440952,0.00220029234287351,0.0020314504221473,0.00185704099795757,0.00167754383955307,0.00149344931723955,0.00130526315732039,0.00111350012321647,0.000918686805092048,0.000721356667597581,0.00052204950359699,0.000321312230708383,0.000119695580784451,-8.22503651692963e-05,-0.000283970290186264,-0.00048491288511718,-0.000684527521871032,-0.000882266734639546,-0.00107758857963599,-0.00126995921348885,-0.0014588509325476,-0.00164374586137586,-0.00182413827987354,-0.00199953132265403,-0.00216944954701722,-0.00233342127346495,-0.00249100130629527,-0.00264175491496885,-0.00278527087686272,-0.00292115599531511,-0.00304903628776006,-0.00316856232324391,-0.00327940647722563,-0.00338126427933936,-0.00347385643934136,-0.00355692893711677,-0.00363025276012105,-0.00369362880680841,-0.00374688133906182,-0.00378986411299904,-0.0038224619133076,-0.00384458062277943,-0.00385616160790451,-0.00385717285062592,-0.00384761096686649,-0.00382750249163626,-0.00379690133303622,-0.00375589305527478,-0.00370458888535219,-0.00364312777967232
-0.00401217494594107,-0.00390395449687081,-0.00378503030045516,-0.00365572866142089,-0.00351640300804824,-0.00336743667771529,-0.00320923786669286,-0.00304223927891052,-0.00286690011002383,-0.00268370112446511,-0.00249314433076764,-0.00229575027043604,-0.00209206369437022,-0.00188264131097981,-0.00166805711315828,-0.00144889961317094,-0.00122576975315089,-0.000999280338510283,-0.000770050455561651,-0.000538709406346763,-0.000305892155107761,-7.22366929745387e-05,0.000161616615054906,0.000395024928627685,0.000627350848429669,0.000857956805466866,0.00108620789070026,0.00131148072507044,0.00153315645617967,0.00175062814476068,0.00196330017265156,0.00217058641479733,0.00237192088687931,0.00256675312071313,0.00275454653099134,0.00293478544234373,0.00310698012714581,0.00327065420607421,0.0034253614718262,0.00357067665482322,0.00370620310387974,0.0038315703943544,0.00394643196885095,0.00405047404394383,0.00414341253341294,0.00422499497083903,0.00429499384351243,0.00435322239617993,0.00439951799229238,0.00443375475130733,0.00445583906506812,0.00446571049732696,0.0044633426724766,0.00444874204130363,0.00442194715017208,0.00438303517800891,0.00433211027731465,0.00426931268735531,0.00419481582261916,0.0041088247433629,0.00401157254703502,0.00390332809478152,0.00378438755075879,0.00365507588886636,0.00351574976480605,0.0033667872664183,0.00320860243731447,0.00304162308967179,0.00286631146659458,0.00268314346040991,0.00249262465976777,0.00229527577229333,0.00209163731515906,0.00188226600081526,0.00166773844261264,0.00144864064352178,0.00122557184601285,0.00099914669873156,0.000769981358731333,0.000538707415405368,0.000305957888909164,7.2369492670081e-05,-0.000161417914245043,-0.000394763269686284,-0.000627027681835631,-0.000857573294266443,-0.00108576983672532,-0.00131099353968965,-0.0015326241396128,-0.0017500571199939,-0.00196269697014755,-0.00216995745925523,-0.00237127348332453,-0.00256609468497449,-0.00275388221395559,-0.00293412513545872,-0.00310632939843848,-0.0032700206598206,-0.00342475243147791,-0.00357010009580938,-0.00370566440552593,-0.00383107463383096,-0.00394598645424173,-0.00405008410429723,-0.00414308388473837,-0.0042247275841367,-0.00429479419293577,-0.00435308952672624,-0.00439945392776715,-0.0044337595135997,-0.00445591254197848,-0.00446585195401979,-0.0044635499844247,-0.00444901291826605,-0.00442227978241076,-0.00438342420261468,-0.00433255261830049,-0.00426980483518083,-0.00419535096850599,-0.00410939593475384
-0.00443636544453399,-0.0042935874561544,-0.00413903820005259,-0.00397314099705325,-0.0037963508527617,-0.00360915250500783,-0.00341205801177016,-0.00320560835453643,-0.00299037058420543,-0.00276693585689785,-0.00253591352869368,-0.00229793877037438,-0.00205366544553444,-0.00180376122704143,-0.00154891261263697,-0.00128981624393855,-0.00102718536115586,-0.000761738739555213,-0.00049420371562988,-0.00022531447512669,4.41920483498794e-05,0.000313577493796703,0.000582100905581512,0.000849028361897135,0.00111362780425215,0.00137517241556197,0.00163294519393725,0.00188624103189212,0.0021343640670427,0.0023766338597464,0.00261238649097511,0.00284097688874883,0.00306177760852438,0.00327418238164123,0.00347761082827567,0.00367150451751203,0.0038553321376582,0.00402858848371829,0.00419080032027516,0.00434152458677975,0.00448034612720109,0.00460688456047962,0.00472079466943101,0.00482176395456297,0.00490951682111107,0.00498381118147648,0.00504444677275066,0.00509125490344064,0.00512410782349659,0.00514291848899206,0.00514763226513222,0.00513823671630607,0.00511475983783336,0.005077264265998,0.00502585443617547,0.0049606709084281,0.00488189228810549,0.00478973584094188,0.0046844519496184,0.00456633220839335,0.00443569789298288,0.00429290858872372,0.00413835660990335,0.00397246297102136,0.00379568509941441,0.00360850514423007,0.00341143740334126,0.00320502084561084,0.00298982324533945,0.00276643301064512,0.00253546092537248,0.00229754160184567,0.00205332618219561,0.001803483874053,0.00154869943908802,0.001289669679887,0.0010271066435212,0.000761728891296596,0.000494262946681138,0.000225443322043758,-4.39955930864468e-05,-0.00031331436060259,-0.000581773905070362,-0.000848639898489465,-0.00111318233606675,-0.00137467420627342,-0.00163240020198138,-0.00188565365184989,-0.00213374225467956,-0.00237598365355431,-0.00261171790194363,-0.00284029360803056,-0.00306108788134982,-0.00327349588890193,-0.00347693387897706,-0.0036708444729678,-0.00385469588963462,-0.00402798433671965,-0.00419023509548259,-0.00434100349976034,-0.00447987556110365,-0.00460647099209419,-0.00472044244787581,-0.00482147672080832,-0.00490929769996935,-0.00498366352822062,-0.0050443699409889,-0.00509124935531885,-0.00512417529438587,-0.00514305500513704,-0.00514783807710961,-0.0051385099590816,-0.0051150960323312,-0.00507766106840434,-0.00502630671639429,-0.00496117456726772,-0.00488244118199177,-0.00479032373537697,-0.00468507322613235,-0.00456697846453465
-0.00481320627936614,-0.00462740981185534,-0.00442892664649426,-0.00421830056064714,-0.00399611011091233,-0.00376296263848522,-0.00351949967051303,-0.00326638742334166,-0.00300431924405275,-0.00273401524781539,-0.0024562161354529,-0.00217168380569434,-0.00188119794742163,-0.0015855549916265,-0.0012855649474642,-0.000982052172233113,-0.000675846764663306,-0.000367790145731362,-5.87252652445492e-05,0.000250499993843355,0.000559038321821332,0.000866041969204797,0.00117067160077151,0.0014720901393583,0.00176947203187087,0.00206200160741184,0.00234887683674965,0.00262931174848858,0.00290253560291636,0.00316780227370835,0.00342438261831558,0.00367157410085223,0.00390870000083456,0.0041351094842278,0.00435018158434735,0.00455332562223608,0.00474398908749059,0.0049216461005458,0.00508580991280624,0.00523603196541417,0.00537190135559606,0.005493044841637,0.00559913245149134,0.00568987159356491,0.00576501310556098,0.00582435534774506,0.00586773184146197,0.00589502767041981,0.00590616540761432,0.00590111651355104,0.00587989279959959,0.0058425551757348,0.00578920478288181,0.00571998880291283,0.00563509620703416,0.00553475981330598,0.00541925604913298,0.00528890194429247,0.0051440535369996,0.00498510714236071,0.00481250215095791,0.00462670705290494,0.00442823430143655,0.00421762720174821,0.00399546117269513,0.00376234802414589,0.00351892370404233,0.00326585752294888,0.00300384170248299,0.00273359457838905,0.00245585693328198,0.00217138777654749,0.00188096850847579,0.00158539415741546,0.00128547581892569,0.000982032666934884,0.000675900261836868,0.000367913352711814,5.89185938195668e-05,-0.000250238234905935,-0.000558709556106407,-0.000865650934334161,-0.00117022145085244,-0.0014715861441702,-0.00176891805681405,-0.00206140268866448,-0.00234824250307849,-0.00262864664786662,-0.00290184906537466,-0.00316709981226879,-0.00342367324427209,-0.00367086638387657,-0.00390800009178171,-0.004134425060103,-0.00434952059826011,-0.00455269734067046,-0.00474339759480173,-0.00492109971563145,-0.0050853162939225,-0.00523559698419574,-0.00537152693168138,-0.00549273737483192,-0.00559889413965951,-0.00568970487650876,-0.00576492206113858,-0.00582433775184017,-0.00586778920492011,-0.00589515774233243,-0.00590636699041353,-0.00590138645481547,-0.00588023057606337,-0.00584295470711793,-0.00578966169024502,-0.00572049983647504,-0.00563565409859628,-0.00553535987741361,-0.00541989205816255,-0.00528956580434214,-0.00514473831911204,-0.00498580642002127
-0.00510265416020131,-0.00486480777523701,-0.00461362181659234,-0.00434978970723577,-0.00407403099976304,-0.00378710282024319,-0.00348979342933294,-0.00318291604173516,-0.00286731161530948,-0.00254384856167747,-0.00221341026578459,-0.0018769057245711,-0.00153525521033257,-0.00118939725963896,-0.000840279906729493,-0.000488858079372757,-0.000136097839793285,0.000217034987983101,0.000569573090359027,0.000920546792891975,0.00126899694324632,0.00161396785315719,0.00195451362781053,0.00228969829379682,0.00261860528273999,0.00294033179147918,0.00325399649488716,0.00355874018988484,0.00385372608330185,0.00413814496879749,0.00441122011594221,0.00467220122164589,0.00492037181062954,0.00515505422738909,0.00537560369037305,0.00558141791134704,0.00577192807687356,0.00594661808903932,0.00610500618438182,0.00624665978672843,0.00637119000203994,0.00647825545163647,0.00656756483092961,0.00663887181305691,0.00669198281460139,0.00672675276149894,0.00674308437587744,0.00674093579986236,0.00672031252311907,0.00668126998184385,0.00662391671213316,0.00654840944352729,0.00645495654277404,0.006343811108472,0.0062152800288366,0.00606971818892031,0.00590752115231405,0.00572913517604827,0.00553504794710123,0.00532579355290496,0.00510194503556741,0.0048641124786942,0.00461295297458637,0.00434915116778707,0.00407343196106163,0.00378655028260939,0.00348929046425292,0.00318247174004432,0.00286692945719122,0.00254353175159522,0.00221316298990929,0.00187672930850975,0.00153515131110407,0.00118936568759516,0.000840321889436704,0.000488974076132043,0.000136284363805186,-0.000216778328813019,-0.000569247229819818,-0.000920158392826343,-0.00126854809601113,-0.00161346202857542,-0.00195395599340517,-0.0022890962495904,-0.00261796290602328,-0.00293965861597825,-0.00325329814033683,-0.00355802524947851,-0.00385300040411959,-0.0041374208058326,-0.00441050146601631,-0.00467149740264896,-0.00491969164684939,-0.00515440495743033,-0.00537499234018151,-0.00558085060351185,-0.00577141429520117,-0.00594615941208646,-0.00610461014350448,-0.00624633100913394,-0.00637093050035367,-0.0064780718168653,-0.00656745557945274,-0.00663883996826628,-0.00669202787171261,-0.00672687342387965,-0.0067432787919579,-0.00674120208391574,-0.00672064638365985,-0.00668166824931557,-0.00662437627492379,-0.00654892310151626,-0.00645551878425393,-0.00634441824182226,-0.00621592537557738,-0.006070393393729,-0.00590821817734456,-0.00572984668234646,-0.00553576728122359,-0.00532651228163889
-0.00525577740499305,-0.00495677622569555,-0.00464418504036462,-0.00431886138397662,-0.00398169755957646,-0.00363361870829693,-0.00327557746487579,-0.00290855633333455,-0.00253356350245547,-0.00215162515255823,-0.00176378831143943,-0.00137111424612845,-0.000974686018743093,-0.000575584653587165,-0.000174905190935179,0.000226250171868739,0.000626786220906213,0.00102560239518703,0.00142160691634306,0.0018137126335184,0.00220084574756448,0.00258194441857439,0.00295596302180077,0.00332187814998194,0.00367868467903797,0.00402540510103484,0.00436109013918808,0.00468481708598393,0.00499570100035134,0.00529288942922823,0.00557556683168993,0.00584296050240158,0.00609433378414073,0.00632900265852491,0.00654632151240197,0.00674569289447341,0.0069265736452197,0.00708846662653874,0.0072309307428614,0.00735357353184647,0.00745605947882373,0.00753810882055837,0.00759949618018377,0.00764005433450723,0.00765967256703283,0.00765829735101798,0.00763593235173424,0.00759263996033814,0.00752853720385027,0.00744380272932756,0.0073386667367444,0.00721341833673011,0.00706840060739502,0.00690401246656052,0.00672070217199398,0.00651897412133826,0.00629938169948243,0.00606252552351363,0.0058090554828821,0.00553966485808022,0.00525509392260634,0.00495612250424366,0.00464356920090692,0.00431828986409717,0.00398117742440157,0.00363315353107718,0.00327517548728953,0.00290822086696171,0.00253329670893084,0.00215142965186514,0.00176366711289982,0.00137107009521628,0.000974715377946318,0.000575687982333078,0.000175083293752019,-0.000226002297479758,-0.000626469497655434,-0.0010252199062081,-0.00142116294674402,-0.00181321097178249,-0.00220029153976132,-0.00258134341867109,-0.00295532242169931,-0.00332120262897545,-0.0036779839438401,-0.00402468515646078,-0.00436035900126618,-0.00468408447579604,-0.00499497328590115,-0.00529217467569865,-0.00557487470892717,-0.00584229653593307,-0.00609370798342112,-0.00632841913842305,-0.00654578685692808,-0.00674521621768549,-0.00692615927153981,-0.00708811922523402,-0.00723065345579726,-0.00735336950553248,-0.00745593314003891,-0.00753805925009507,-0.00759952629554243,-0.0076401608918729,-0.00765985567750983,-0.00765855313264857,-0.00763625867020022,-0.00759303243948389,-0.00752899189424646,-0.00744431367554621,-0.00733922789546847,-0.00721402516755097,-0.00706904580325756,-0.00690468980556368,-0.00672140297770242,-0.00651969313349107,-0.00630010758508809,-0.00606325306086679,-0.00580977584325614,-0.00554037072149582
-0.00521590520358737,-0.00484727169903061,-0.00446534837625812,-0.00407118338070368,-0.00366585811123403,-0.00325048251932186,-0.00282619714911063,-0.00239416334951692,-0.00195556710142828,-0.00151160967025672,-0.00106350962132065,-0.000612495511861649,-0.000159801616610649,0.000293328336877794,0.000745654080017027,0.00119593376248362,0.0016429349049632,0.00208543114667986,0.00252220838273467,0.00295207148141973,0.00337384104466804,0.00378635988567418,0.00418849931129034,0.0045791550733513,0.00495725622795707,0.00532176628643505,0.00567168734308809,0.00600606050786508,0.00632396728319898,0.00662453821554064,0.00690694908693049,0.0071704253874704,0.0074142456356285,0.00763774153785588,0.00784030161963867,0.00802136894942364,0.00818044858298239,0.00831710530544363,0.00843096425583484,0.00852171294709836,0.00858910621962623,0.00863295564768189,0.00865314525864715,0.00864961580047515,0.00862238171226439,0.00857151377439179,0.00849715494424096,0.00839950650621149,0.00827883989498043,0.00813548250455623,0.0079698295624881,0.00778233410371197,0.00757351027493762,0.0073439326672175,0.00709422563153391,0.00682507953449374,0.00653722705604809,0.00623146038036638,0.0059086164798386,0.00556958071508634,0.00521528005223887,0.00484668828382433,0.00446481517225887,0.0040707050986259,0.0036654407000573,0.00325012976513268,0.00282591388936646,0.00239395142875753,0.00195542874516711,0.00151154860736491,0.00106352416912504,0.00061258377329612,0.000159964916341488,-0.000293093105356492,-0.00074534822827108,-0.00119556306178233,-0.00164250143157634,-0.00208493974841252,-0.00252166451732449,-0.00295147975584694,-0.00337320717456977,-0.00378569294608731,-0.00418780374926989,-0.00457843872291492,-0.00495652782315354,-0.00532103386257752,-0.00567095947682174,-0.00600534310615755,-0.00632326931154364,-0.0066238679119412,-0.00690631440778789,-0.00716983132773611,-0.00741370093029388,-0.00763725240748502,-0.00783987294331414,-0.00802100528053304,-0.00818015554135592,-0.00831688391134282,-0.00843081999544005,-0.00852164626093759,-0.00858911768327445,-0.00863304594488941,-0.00865331116033037,-0.00864985594534209,-0.00862269302863868,-0.00857189466465365,-0.00849759802214103,-0.0084000089195278,-0.0082793928235862,-0.0081360829823365,-0.00797046894883299,-0.00778300732581501,-0.00757420875022779,-0.0073446480625752,-0.00709495267178148,-0.00682580810020476,-0.00653795050230711,-0.00623217115515577,-0.00590930673515435,-0.00557024116491013
-0.00492108339822762,-0.00447587187473852,-0.00401839053959712,-0.00354989183068498,-0.00307166368291188,-0.00258501359725124,-0.00209127721522846,-0.00159180977147923,-0.00108797856368397,-0.000581163755818631,-7.27579894882972e-05,0.000435847353421809,0.000943256640631834,0.00144807913270948,0.00194893011144179,0.00244443753788924,0.00293324439212392,0.00341400815994022,0.00388541286384031,0.00434616647794595,0.00479500315914276,0.00523069533949349,0.00565204832411494,0.00605790535727186,0.00644715642044597,0.00681873202237399,0.00717161525097073,0.00750483988623856,0.00781749029050335,0.00810871117019476,0.0083777039612749,0.00862373264405918,0.00884612169534265,0.00904426223228438,0.00921761088703993,0.0093656946094593,0.00948810423968537,0.00958450864215795,0.00965464249826106,0.00969831204573859,0.00971540098895579,0.00970586109596057,0.00966971780811984,0.00960707348250459,0.0095180968595238,0.00940303483824442,0.00926220155562105,0.00909598452765046,0.00890483665724521,0.00868928579187111,0.00844992084487638,0.0081873979699914,0.00790243608875418,0.00759581741637532,0.00726838216826477,0.00692102720486378,0.00655470565293893,0.00617042040681007,0.00576922487510537,0.00535221919387955,0.00492054542690014,0.00447538633616348,0.00401796336975066,0.00354952834905567,0.00307136666006275,0.00258478772626449,0.00209112418585758,0.00159173071225936,0.00108797421260652,0.000581236167296704,7.29036722008157e-05,-0.000435628367428728,-0.000942968216046438,-0.00144772392741504,-0.00194851289498323,-0.00244396313402623,-0.00293271592871927,-0.00341343263284397,-0.00388479494792175,-0.00434551245318702,-0.00479432085776869,-0.00522999355127185,-0.0056513319173284,-0.00605718423100168,-0.00644643653670938,-0.0068180217664287,-0.00717092332367801,-0.00750417243314307,-0.00781685638194047,-0.00810811694355904,-0.00837715665120852,-0.00862323786074022,-0.00884568425985153,-0.00904388846317812,-0.00921730469273663,-0.00936545940746698,-0.0094879443643637,-0.00958442404777028,-0.00965463457143049,-0.00969838166974231,-0.00971554681909647,-0.00970608099207602,-0.00967001091083465,-0.00960743487577888,-0.00951852338339418,-0.0094035190079848,-0.00926274152926156,-0.00909656994435765,-0.00890546471676572,-0.00868994632797073,-0.00845060809892806,-0.00818810381532295,-0.00790315311433905,-0.00759653892587018,-0.00726909966195318,-0.0069217340411438,-0.00655539206077182,-0.00617107958288532,-0.0057698501547725,-0.00535280366555275
-0.00430802274717061,-0.00378192029553867,-0.00324545081572974,-0.00270008427928714,-0.0021473170185758,-0.00158866207165264,-0.00102565334523194,-0.000459832811708882,0.000107247865023039,0.000674033374039141,0.00123897060166767,0.00180051098171259,0.00235711421114977,0.00290725552231627,0.00344942616972475,0.00398214098238561,0.00450393720887068,0.00501338658324521,0.00550909182460572,0.00598969521638594,0.00645387907038454,0.00690036939822974,0.00732794428023239,0.00773543089116005,0.00812171242036311,0.00848573079096477,0.008826485822035,0.00914304701594244,0.00943454517488825,0.00970018048404774,0.0099392274470633,0.0101510294320964,0.0103350066293392,0.0104906555428605,0.010617548016988,0.0107153389838975,0.0107837581229958,0.0108226196268256,0.0108318178295449,0.0108113271886136,0.0107612038195676,0.0106815859989737,0.0105726918256027,0.0104348222257305,0.0102683520851364,0.0100737386653605,0.00985151818450605,0.00960229618629034,0.00932675957266188,0.00902565985509816,0.00869982507928208,0.00835014778543633,0.0079775869439014,0.007583162223559,0.00716795488713829,0.00673310342704208,0.00627980031727251,0.00580928628684724,0.00532285132367962,0.00482182982151359,0.00430759376788209,0.00378155198135489,0.00324514726889906,0.00269984945830801,0.00214715128712792,0.00158856967889073,0.00102563329870521,0.000459886110987989,-0.000107120792813242,-0.00067383585632937,-0.00123870321364642,-0.00180017824414694,-0.00235671924496407,-0.00290680298017388,-0.00344892039885709,-0.00398158629517816,-0.00450334208458579,-0.00501275651087208,-0.00550843270062941,-0.00598901428123988,-0.00645318367077999,-0.00689966696258323,-0.00732724211687696,-0.00773473692310443,-0.00812103424606009,-0.00848507495447687,-0.00882586097088427,-0.00914245952873443,-0.00943400153675922,-0.00969968726771365,-0.0099387899981133,-0.0101506518082289,-0.0103346935076511,-0.0104904103312323,-0.0106173748346226,-0.0107152375812384,-0.0107837326274815,-0.01082266985834,-0.0108319420190066,-0.0108115246024201,-0.0107614734846185,-0.0106819229970798,-0.0105730942358486,-0.0104352824268259,-0.010268865927228,-0.0100743019107111,-0.00985212332267855,-0.00960293622435595,-0.00932742595525869,-0.00902634797024601,-0.00870052552717338,-0.00835085337879676,-0.00797828885629506,-0.00758385418481975,-0.00716862960977746,-0.00673375345541514,-0.00628041898868203,-0.00580986619195055,-0.00532338618636773,-0.00482231400074875
-0.0033176049529453,-0.00271017437508943,-0.00209531398541181,-0.0014747104704222,-0.000850064792659617,-0.000223089202678203,0.000404498163062771,0.00103097670233099,0.00165462775048966,0.00227374269664808,0.00288662413088521,0.00349159221711105,0.00408698760060311,0.00467117941692332,0.00524256564365573,0.00579957870818337,0.00634069585012182,0.00686442819667548,0.0073693446780339,0.00785405814463458,0.00831724327723714,0.00875762832659948,0.00917400552464534,0.00956523615921371,0.00993024576018742,0.0102680355364998,0.0105776787861353,0.010858326581276,0.0111092105934677,0.0113296439544996,0.011519022578934,0.0116768258078954,0.0118026235366734,0.0118960700288443,0.0119569085676154,0.011984975666101,0.0119801908131283,0.0119425708985083,0.0118722181673892,0.0117693236387087,0.0116341724619588,0.0114671350700743,0.0112686684452037,0.0110393169304584,0.0107797098671067,0.0104905578289671,0.0101726562430592,0.00982687392381537,0.00945415921286087,0.00905553496332374,0.0086320931976084,0.00818499370107293,0.00771546292484683,0.00722478707515059,0.00671431071154502,0.006185433385014,0.00563960393087609,0.00507831971959191,0.00450311752926839,0.00391557442209379,0.00331730057190237,0.00270993470342046,0.00209514297393768,0.00147460841436829,0.000850032749810555,0.000223127620511148,-0.000404389100995745,-0.00103079840894004,-0.00165438298673421,-0.00227343321742973,-0.00288625520871086,-0.00349116527358802,-0.00408650989737899,-0.00467065444346796,-0.00524199919782526,-0.00579897780944674,-0.00634006541769878,-0.00686377540715212,-0.00736867664558905,-0.00785338397757564,-0.00831656718497756,-0.0087569592373457,-0.00917335139837056,-0.00956460134926794,-0.00992963981273894,-0.010267464615602,-0.010577148665756,-0.0108578436502492,-0.0111087801870162,-0.0113292704944983,-0.0115187095565929,-0.0116765788010212,-0.0118024430562224,-0.0118959597342604,-0.0119568704745834,-0.0119850079311976,-0.0119802960246643,-0.0119427454247776,-0.0118724618273012,-0.011769633105958,-0.0116345455320436,-0.0114675655962411,-0.0112691524716651,-0.0110398487353371,-0.0107802839573825,-0.0104911688950453,-0.0101732950217523,-0.00982753409885645,-0.00945483399816806,-0.00905621607614366,-0.00863277246804503,-0.00818566544190604,-0.00771611832660704,-0.00722541962779598,-0.00671491383561939,-0.00618600031034305,-0.00564012869939783,-0.0050787957597872,-0.00450354064670005,-0.00391593985801406
-0.00190178415380709,-0.00121777672773769,-0.000530430355105718,0.00015837035456519,0.000846737021494393,0.00153278315212338,0.0022146258957053,0.00289039805324416,0.00355824571557028,0.00421633969702561,0.00486287480407669,0.00549607972145488,0.0061142181779393,0.00671559471974408,0.00729856308036567,0.00786152531009136,0.00840293466855611,0.00892131024937973,0.00941523058984965,0.00988334266084339,0.0103243609538888,0.0107370793378101,0.0111203664691766,0.0114731710729649,0.0117945261873202,0.0120835491325397,0.0123394533669132,0.0125615338504297,0.0127491810318332,0.0129018831616953,0.0130192208949898,0.0131008726566463,0.0131466167880637,0.0131563258904764,0.0131299750970516,0.0130676351210186,0.0129694791298957,0.012835774861738,0.0126668900747477,0.0124632870533523,0.0122255250535334,0.0119542562259861,0.0116502218058658,0.0113142578992109,0.0109472858288014,0.0105503101264381,0.0101244196678039,0.00967078073948872,0.00919063782488719,0.00868530769917247,0.00815617358017093,0.00760468591653458,0.00703235796480758,0.00644075673006819,0.00583150508703715,0.00520627003357563,0.00456676680766808,0.00391474799754635,0.00325200159844707,0.00258034220115211,0.00190161126097445,0.00121766771692988,0.000530388159962631,-0.000158345183397869,-0.000846644572346099,-0.00153262383067911,-0.00221440262158381,-0.00289011348068,-0.00355790397804682,-0.00421594256993661,-0.00486242849540108,-0.00549558742848843,-0.00611368616663868,-0.00671502935688588,-0.00729796803467079,-0.00786090783125711,-0.00840230286102304,-0.00892066996640707,-0.00941458962699685,-0.00988270585196802,-0.010323737498471,-0.010736475101898,-0.0111197876364316,-0.0114726241711993,-0.0117940169181733,-0.012083085219924,-0.0123390372241855,-0.0125611700049149,-0.0127488766923386,-0.0129016389227501,-0.0130190409459998,-0.0131007583391321,-0.0131465677024737,-0.0131563455816217,-0.0131300618554686,-0.01306778844264,-0.012969698292226,-0.012836056473778,-0.0126672314758047,-0.0124636847055002,-0.012225975368533,-0.0119547519291321,-0.011650760372783,-0.0113148314275143,-0.0109478874969414,-0.0105509341263004,-0.0101250585712517,-0.0096714278514116,-0.00919128557346684,-0.00868594818774424,-0.00815680044390253,-0.0076052931794962,-0.00703293729889026,-0.00644130171011465,-0.00583201031999051,-0.00520673072432349,-0.00456717820541359,-0.00391510526240915,-0.00325229974551883,-0.00258057919439329
-3.15023325900569e-05,0.000717874507647114,0.00146528552404775,0.00220867825809433,0.00294601735589715,0.00367527985651529,0.00439446883094283,0.00510161029435543,0.0057947669028908,0.00647203981432964,0.0071315705099016,0.00777155156295956,0.00839023020908617,0.00898590850856193,0.00955695575201103,0.0101018046751978,0.010618963547341,0.0111070135417046,0.0115646169313624,0.0119905203584739,0.0123835574311291,0.0127426481699611,0.0130668109364352,0.0133551574252125,0.0136068956791729,0.0138213377384282,0.0139978949953446,0.0141360827590872,0.0142355245754958,0.014295946532621,0.0143171845598813,0.01429917960137,0.0142419818493931,0.0141457482286177,0.0140107421865311,0.0138373346700689,0.0136260007570449,0.0133773215814333,0.0130919746844997,0.0127707478227244,0.0124145179987976,0.01202426331214,0.0116010523987531,0.0111460475634992,0.0106604929432361,0.010145721999869,0.00960314501598743,0.00903424858582235,0.00844059186366749,0.00782380356958574,0.00718557259300095,0.00652764855067612,0.00585183554867573,0.00515998549065344,0.00445399195900305,0.00373579346883293,0.00300735519775146,0.00227067573002429,0.00152777428016854,0.000780685287684851,3.14576382022904e-05,-0.000717857750810857,-0.00146520487595249,-0.00220853616011296,-0.00294581466507323,-0.00367501984950607,-0.00439415245944462,-0.00510124272084917,-0.00579435293558086,-0.0064715822866665,-0.00713107495096487,-0.0077710234567287,-0.00838967576801579,-0.00898533334738394,-0.00955636464935848,-0.0101012059954856,-0.0106183616550219,-0.011106415928664,-0.0115640306227186,-0.0119899522552246,-0.012383011697102,-0.0127421329394717,-0.013066330838552,-0.0133547169659743,-0.0136065004150108,-0.0138209927186809,-0.0139976029093862,-0.0141358480717467,-0.0142353494387499,-0.0142958326005189,-0.0143171328363851,-0.0142991922111978,-0.0142420568082658,-0.0141458853923017,-0.0140109403679048,-0.0138375913665843,-0.0136263135592683,-0.0133776865002264,-0.0130923894236825,-0.0127712069646019,-0.0124150167604693,-0.0120247946048977,-0.0116016119278661,-0.0111466284121518,-0.0106610896921977,-0.0101463279380386,-0.0096037517595201,-0.00903485104293226,-0.0084411833194518,-0.00782437632463715,-0.00718612004569351,-0.00652816649131127,-0.00585231555669616,-0.00516042306451759,-0.00445438393735535,-0.00373613410365087,-0.00300764261530185,-0.00227090697597992,-0.00152794409617564,-0.000780793702165503
0.00229505570340337,0.00309104672281483,0.00387856413701428,0.00465545086189514,0.00541957512103107,0.00616884353453627,0.00690120326360439,0.00761464325945757,0.00830721214931696,0.00897700945649786,0.00962219822144492,0.0102410118843401,0.0108317539156401,0.0113928028717605,0.0119226245282265,0.0124197625797635,0.0128828593747399,0.0133106421580002,0.0137019380161907,0.0140556760324347,0.0143708872524375,0.0146467051201182,0.0148823775320341,0.0150772566387582,0.015230807149076,0.015342613416062,0.0154123635437097,0.0154398692693797,0.0154250541562968,0.0153679611653128,0.0152687462031526,0.0151276800566135,0.014945150483043,0.0147216589482891,0.0144578164936222,0.0141543479563901,0.0138120838155955,0.0134319637668925,0.01301502995745,0.0125624239255973,0.012075386894821,0.01155525439815,0.0110034526458687,0.010421492805213,0.00981097111693865,0.00917355985931613,0.00851100766192752,0.00782512930068524,0.00711780545125072,0.00639097304044579,0.00564662674068245,0.00488680385372756,0.00411358928691648,0.00332910003750318,0.00253548750415147,0.00173492770800397,0.000929611975767378,0.000121748243907693,-0.000686447809820129,-0.00149276111090815,-0.00229498434422209,-0.00309091671101755,-0.0038783790463837,-0.00465521117783108,-0.00541928415334971,-0.00616850453371618,-0.00690081848086977,-0.00761422103329349,-0.00830675413688752,-0.00897651989167748,-0.00962168569346292,-0.0102404787901583,-0.0108312071455966,-0.0113922485486794,-0.0119220688454052,-0.0124192104769774,-0.0128823162974104,-0.0133101126828983,-0.0137014310340272,-0.0140551955438102,-0.0143704391582119,-0.014646295479889,-0.0148820095147644,-0.0150769346656422,-0.0152305348377634,-0.0153423926530798,-0.0154121984148515,-0.015439760120482,-0.0154250045336805,-0.0153679698957678,-0.0152688123136909,-0.0151278049357338,-0.0149453312670892,-0.0147218932382812,-0.0144581038064991,-0.0141546839955661,-0.0138124640251795,-0.0134323851506816,-0.0130154880664247,-0.0125629128922972,-0.0120759032797262,-0.011555790398073,-0.0110040031312711,-0.0104220523163098,-0.00981153292040144,-0.0091741175575378,-0.00851155551189802,-0.00782566046604051,-0.00711831369139686,-0.00639145479034194,-0.00564707413939489,-0.00488721353850795,-0.00411395692663797,-0.00332942036290554,-0.00253575760546052,-0.00173514387817057,-0.000929772650304272,-0.000121852750807878,0.000686402026266255,0.00149277499639909
0.00504476751967755,0.0058603135290387,0.00665979573681746,0.00744102322413914,0.00820185359204111,0.00894020150848436,0.0096540440249274,0.0103414236473474,0.0110004558409636,0.0116293332388012,0.0122263348915488,0.0127898229572799,0.0133182515064386,0.013810174537813,0.0142642430505434,0.0146792120971239,0.0150539440879717,0.015387411984574,0.0156787025787858,0.0159270179677605,0.0161316751747498,0.0162921163029577,0.0164079004434576,0.016478710362997,0.0165043534600283,0.0164847579402755,0.0164199790637326,0.0163101938756206,0.0161557038622689,0.0159569322037122,0.0157144243038426,0.0154288449873245,0.0151009775667699,0.0147317200545093,0.0143220856235887,0.0138731967631244,0.0133862852912665,0.0128626833167687,0.0123038266299004,0.0117112494359492,0.0110865743887488,0.0104315146296539,0.00974786383410241,0.00903749655683502,0.00830236089360573,0.00754447141016614,0.00676590467742795,0.00596879412572994,0.00515532580499023,0.00432772960396817,0.00348827168865996,0.00263925377316568,0.00178300353214375,0.00092186666914014,5.82044644141046e-05,-0.000805617438732623,-0.00166722961468675,-0.00252427373780857,-0.00337439801860423,-0.00421527370931692,-0.00504459620479654,-0.00586009224985465,-0.00665952707920721,-0.00744071028660459,-0.00820150027610449,-0.00893981110320625,-0.00965362101038125,-0.0103409730297393,-0.0109999820031244,-0.0116288430218568,-0.0122258318660976,-0.0127893125253865,-0.0133177410599757,-0.0138096676057002,-0.0142637446284296,-0.0146787285789652,-0.0150534803531964,-0.0153869724149408,-0.0156782929013732,-0.0159266412495036,-0.0161313386050921,-0.0162918214208921,-0.016407649665781,-0.0164785094845316,-0.0165042024491948,-0.0164846586513508,-0.0164199346750577,-0.0163102018834076,-0.0161557664842489,-0.0159570476615341,-0.0157145926399988,-0.0154290618874734,-0.0151012423623243,-0.0147320299221603,-0.0143224361371532,-0.0138735857035443,-0.0133867053088169,-0.0128631322859937,-0.0123043005006311,-0.0117117423224014,-0.0110870792347811,-0.0104320270172808,-0.00974837806331498,-0.00903800722952797,-0.00830286145063951,-0.00754495691446397,-0.00676636970366979,-0.00596923433615599,-0.00515573598301441,-0.00432810391361989,-0.00348860699081649,-0.00263954695419406,-0.00178325086665342,-0.000922065902520941,-5.83527519929548e-05,0.000805521749249268,0.00166718844307046,0.00252428576936555,0.00337446375481233,0.00421539331995746
0.00814351808891989,0.00894299734601268,0.00971796392291701,0.0104662926490713,0.0111859328982129,0.0118749113644413,0.0125313387085584,0.0131534188986641,0.0137394416432455,0.014287804400806,0.0147970037181009,0.0152656431631333,0.0156924393427223,0.0160762199095215,0.0164159375782182,0.0167106562271452,0.0169595716605195,0.0171620008984748,0.0173173884790102,0.0174253084531898,0.0174854668488234,0.0174976972311855,0.0174619666299474,0.0173783733372918,0.0172471468408123,0.0170686473778932,0.0168433639609824,0.0165719142670158,0.0162550428080464,0.0158936174633164,0.0154886303918404,0.0150411917476428,0.0145525262944563,0.0140239756355092,0.0134569886683607,0.0128531172652664,0.0122140184256746,0.0115414438605413,0.0108372366562477,0.0101033272898304,0.00934172719048561,0.00855452532160407,0.00774387673326751,0.00691200540159104,0.0060611898204039,0.00519376301227537,0.00431210152624621,0.00341862328304298,0.00251577457433383,0.00160603212378366,0.000691888713239892,-0.000224150523911049,-0.00113957393997987,-0.00205187447488585,-0.00295855050401001,-0.00385711705316649,-0.00474511251101445,-0.00562010072021798,-0.00647968652141897,-0.00732151075198567,-0.00814326917489485,-0.0089427084046123,-0.00971763798812032,-0.0104659334459538,-0.0111855429236973,-0.0118744968014442,-0.0125309037443037,-0.0131529670416984,-0.0137389805642607,-0.0142873372165229,-0.0147965364487928,-0.0152651808127559,-0.0156919855465777,-0.0160757813017374,-0.0164155163700228,-0.0167102586953988,-0.0169592018159704,-0.0171616616437547,-0.0173170837818041,-0.0174250433990399,-0.017485242470427,-0.0174975166742287,-0.0174618315526967,-0.017378287051367,-0.0172471090826021,-0.0170686585018224,-0.0168434250281403,-0.0165720230409787,-0.0162551991476299,-0.0158938195740375,-0.0154888755887962,-0.0150414783317311,-0.0145528500472807,-0.0140243331186105,-0.0134573751284831,-0.012853529641708,-0.0122144524875372,-0.0115418939854609,-0.0108376974532166,-0.0101037953607689,-0.00934219628736833,-0.00855498895323814,-0.00774433257031436,-0.00691244565158728,-0.00606161102658927,-0.00519416066682311,-0.00431247175901169,-0.00341895946346083,-0.00251607750398147,-0.00160629639137668,-0.000692110376328887,0.000223973211256607,0.00113944355109636,0.00205179142158322,0.00295851554902527,0.00385713188699195,0.0047451759737943,0.00562021334452022,0.0064798456840072,0.00732171617577888
0.0114729427791231,0.012212529318403,0.0129186388168098,0.0135893398244657,0.0142227905553093,0.0148172567646902,0.0153711063113473,0.0158828257051909,0.0163510069899176,0.016774369462587,0.0171517542773548,0.0174821238803734,0.0177645760006146,0.0179983345933203,0.0181827587396574,0.01831734567706,0.0184017233764102,0.0184356616894835,0.0184190694532167,0.0183519907748514,0.0182346098306058,0.0180672485595152,0.0178503652238027,0.0175845556707675,0.0172705487181235,0.0169092026459435,0.0165015122013805,0.0160485918836189,0.0155516841787943,0.0150121516803899,0.0144314729743218,0.0138112405029339,0.0131531529315807,0.0124590160100103,0.0117307310231088,0.0109702948603605,0.0101797914255922,0.0093613882516028,0.00851732686055469,0.00764992377859464,0.00676155297664725,0.0058546518032651,0.00493170558445077,0.00399524121900265,0.00304783031903518,0.00209206585095439,0.0011305679344042,0.000165971830849013,-0.000799078823066632,-0.00176193672811623,-0.00271996639486137,-0.0036705402254003,-0.00461105307387724,-0.00553892650894833,-0.0064516187666283,-0.00734662800206289,-0.00822150154227529,-0.00907384073526448,-0.00990130909746453,-0.0107016408231933,-0.0114726415070823,-0.0122121965780379,-0.0129182810816171,-0.0135889587973849,-0.0142223912869651,-0.0148168439989595,-0.0153706846037133,-0.0158823972206103,-0.0163505803680077,-0.0167739478353658,-0.0171513414759154,-0.0174817252563811,-0.0177641942202843,-0.0179979746986862,-0.0181824256307389,-0.0183170406710418,-0.0184014505890378,-0.0184354265618826,-0.0184188708263629,-0.0183518315614853,-0.0182344925259341,-0.0180671746380476,-0.0178503344938605,-0.0175845714102155,-0.0172706075833685,-0.01690930697863,-0.0165016581799969,-0.0160487796525884,-0.0155519106079532,-0.0150124153060262,-0.0144317709343681,-0.0138115698643997,-0.0131535084726879,-0.0124593945049855,-0.0117311288813208,-0.0109707065663065,-0.0101802137724204,-0.00936181474438424,-0.00851775494853535,-0.00765034555739066,-0.00676196686012958,-0.00585505151032538,-0.00493208593546494,-0.00399560009907322,-0.00304816287947973,-0.00209236767805823,-0.0011308363753921,-0.000166205755657824,0.000798882629554697,0.00176178236560243,0.00271985363471059,0.00367047020821932,0.00461102699140392,0.0055389454716077,0.00645168275175341,0.00734673621108674,0.00822165213621953,0.00907403316272968,0.00990154081607311,0.010701909275822
0.014870964891204,0.0154996922847713,0.0160859334950498,0.0166280839986451,0.0171246553311534,0.0175742876562918,0.0179757488305143,0.018327937500662,0.0186298893223596,0.0188807758971979,0.0190799104494221,0.0192267464389923,0.0193208823924631,0.0193620596913218,0.0193501651229669,0.0192852331661156,0.0191674396750937,0.0189971100906331,0.0187747105329494,0.0185008507627369,0.0181762793889788,0.0178018892127039,0.0173787043785355,0.0169078863575365,0.0163907251958226,0.0158286389944361,0.0152231679585291,0.0145759718682856,0.0138888252353451,0.0131636117703111,0.0124023191544208,0.0116070345929472,0.0107799363892668,0.00992329316590277,0.00903945346164154,0.00813083760187278,0.0071999378724003,0.00624930560209415,0.00528154658544497,0.00429931238922683,0.00330529491236457,0.00230221998052543,0.00129283685706655,0.000279910154779883,-0.000733782188638387,-0.00174546275451605,-0.00275235734458783,-0.00375170823745576,-0.00474077596062903,-0.00571684856362264,-0.00667725118581581,-0.00761935295334569,-0.00854056978152026,-0.0094383791402423,-0.0103103174107781,-0.0111539971512663,-0.0119671045500435,-0.0127474132089876,-0.0134927832429392,-0.0142011711146522,-0.014870635138612,-0.0154993428195797,-0.0160855683434615,-0.0166277058328352,-0.0171242706170208,-0.0175738981189669,-0.0179753592233747,-0.0183275534459447,-0.0186295132149364,-0.0188804129408453,-0.0190795642919398,-0.0192264214005661,-0.0193205809792196,-0.0193617849574031,-0.0193499211219882,-0.0192850212188639,-0.0191672630237058,-0.0189969701554297,-0.0187746083118281,-0.0185007865540646,-0.018176255937518,-0.0178019060230757,-0.0173787618206397,-0.0169079830046279,-0.0163908611971768,-0.0158288127471443,-0.01522337735898,-0.0145762144088959,-0.0138890988340959,-0.0131639129111687,-0.0124026445423296,-0.0116073806578097,-0.0107803002196071,-0.0099236692778215,-0.00903983757641216,-0.00813122761265974,-0.0072003279982236,-0.00624969114801708,-0.00528192268486872,-0.0042996752440928,-0.00330564144159023,-0.00230254540243313,-0.0012931373738281,-0.000280183619612542,0.000733539494748767,0.00174525368669964,0.00275218344273575,0.00375157161247919,0.00474067792811833,0.00571678983933025,0.00667723256635794,0.00761937557832905,0.00854063303759921,0.00943848111893733,0.0103104584410773,0.0111541759546365,0.0119673196082016,0.0127476606819243,0.0134930603787668,0.0142014765628436
0.0181368727166422,0.0185984357701638,0.0190090204100108,0.0193675013076094,0.0196728950414091,0.0199243663920491,0.0201212231808076,0.0202629295079878,0.0203490936752935,0.0203794809284929,0.0203540095274311,0.0202727473871647,0.020135917730248,0.0199438963173118,0.0196972091657676,0.0193965331067384,0.0190426922240511,0.0186366553352448,0.0181795381764246,0.0176725904521363,0.0171172044758468,0.0165149005165323,0.0158673320836075,0.0151762722796217,0.0144436153644785,0.0136713703982782,0.0128616546429509,0.0120166860410284,0.011138782965866,0.0102303487967927,0.00929387602901986,0.00833193066898548,0.00734715074777237,0.00634223376242897,0.00531993365027894,0.00428305513527665,0.00323443815535067,0.00217695577559321,0.00111350982586788,4.70129778075423e-05,-0.00101961210495574,-0.00208344166037574,-0.00314155892974356,-0.00419106341032873,-0.00522908075773569,-0.00625276587337342,-0.00725931126603628,-0.00824595945890526,-0.00921000576025132,-0.010148807013193,-0.0110597924734244,-0.0119404639405814,-0.0127884076944818,-0.0136013000715716,-0.0143769118965298,-0.0151131201456069,-0.0158079046082465,-0.0164593619242989,-0.0170657063731872,-0.0176252755819344,-0.0181365383178864,-0.0185980902707937,-0.0190086686077642,-0.0193671453080518,-0.019672539666939,-0.0199240151565266,-0.0201208808798938,-0.0202625977527268,-0.020348777962329,-0.0203791842548302,-0.0203537345324356,-0.0202724955259703,-0.0201356939488045,-0.0199437033918907,-0.0196970475082491,-0.019396405281995,-0.0190425983779009,-0.0186365983221521,-0.0181795162257985,-0.0176726059998771,-0.0171172564919505,-0.0165149885679155,-0.0158674562871496,-0.0151764287107585,-0.0144438046766196,-0.0136715906785849,-0.012861902054021,-0.0120169592363559,-0.0111390774916177,-0.0102306645151297,-0.00929420651953401,-0.00833227338323054,-0.00734750080009196,-0.0063425886020562,-0.00532028904917839,-0.00428340627794709,-0.00323478258664533,-0.00217728977242819,-0.00111382737836514,-4.73120091225405e-05,0.00101933544530819,0.00208318947613208,0.003141334606952,0.00419087046080676,0.00522892036680345,0.00625263928135893,0.00725922007253549,0.00824590506580193,0.0092099876879554,0.0101488276746007,0.011059850564527,0.0119405583175912,0.0127885382156194,0.0136014639552013,0.0143771085540805,0.015113347135857,0.015808159831246,0.0164596412714866,0.017066008403526,0.0176255969383757
0.0210411945415274,0.0212764163512138,0.0214533185209596,0.0215714179702182,0.0216303897231668,0.0216300730142721,0.0215704691730979,0.021451739569397,0.0212742115687807,0.0210383722635106,0.0207448670314782,0.0203945007127536,0.0199882339156545,0.0195271805904435,0.0190126033267939,0.0184459133049659,0.0178286652589315,0.0171625494877534,0.0164493924700938,0.0156911483264038,0.0148898968179006,0.0140478337741761,0.0131672655598415,0.0122506087075788,0.0113003743566465,0.0103191676865395,0.00930967782553385,0.00827467104525549,0.00721698553748111,0.0061395201572462,0.00504522711088956,0.00393710806035983,0.00281819820935891,0.00169156559012875,0.000560297428217602,-0.000572504176787586,-0.00170373604461635,-0.00283029674984919,-0.0039490989089333,-0.00505707579143192,-0.00615118893903934,-0.00722844232202666,-0.00828588215087091,-0.0093206097440061,-0.0103297906830269,-0.0113106577231015,-0.0122605220107835,-0.0131767822869444,-0.0140569247407161,-0.0148985386192148,-0.0156993179577175,-0.016457066868447,-0.0171697081038245,-0.0178352888618913,-0.0184519854308224,-0.0190181072222207,-0.019532103033214,-0.0199925654306158,-0.0203982284843582,-0.0207479846446163,-0.0210408718093808,-0.021276090170394,-0.0214529928805185,-0.0215710955898311,-0.0216300753736996,-0.0216297682973413,-0.0215701773646741,-0.0214514647783849,-0.0212739575374767,-0.0210381398670499,-0.0207446585827312,-0.0203943188177622,-0.0199880807851053,-0.0195270565309132,-0.0190125107280718,-0.0184458535598915,-0.017828637548344,-0.0171625553163703,-0.0164494316812146,-0.0156912213046096,-0.0148900012913397,-0.0140479691492949,-0.0131674319072702,-0.0122508027462125,-0.0113005943300661,-0.0103194105291707,-0.00930994192188082,-0.00827495341866198,-0.00721728314334539,-0.00613982892713601,-0.00504554462860433,-0.00393743042252153,-0.00281852240721868,-0.0016918877926062,-0.000560614005559623,0.000572197528840383,0.00170344086455383,0.00283001789552878,0.00394883830310927,0.00505683590836803,0.00615097496858186,0.00722825635513862,0.00828572485834611,0.00932048445011625,0.0103296972140382,0.0113105984895002,0.0122604980129045,0.0131767921395872,0.0140569700349546,0.0148986177227843,0.0156994304982204,0.0164572100506509,0.0171698818347196,0.0178354918717092,0.0184522135911021,0.0190183605916375,0.0195323770762426,0.0199928551854742,0.0203985337757872,0.0207483003491155
0.0233400424475812,0.0232898592100016,0.0231758382340499,0.0229982934237961,0.0227577087919176,0.0224547476866615,0.0220902377358521,0.0216651787276415,0.0211807373338771,0.020638239492934,0.0200391738070929,0.0193851809498578,0.01867805469165,0.0179197336254971,0.017112293756035,0.0162579518216649,0.0153590464127617,0.0144180451374289,0.0134375234502012,0.0124201705894402,0.0113687759578716,0.0102862218607535,0.00917547235643018,0.00803957515241767,0.00688164360339453,0.00570485070796678,0.00451242210041756,0.00330762603814745,0.0020937652445768,0.000874166051660132,-0.000347827132954347,-0.00156886619733226,-0.00278560472554358,-0.00399470557137731,-0.00519285620182774,-0.0063767732400724,-0.0075432097816269,-0.00868897115057621,-0.00981091429888513,-0.0109059666670662,-0.0119711259373632,-0.0130034718542467,-0.0140001751543707,-0.0149585057200551,-0.0158758347858653,-0.0167496488577408,-0.0175775545306734,-0.018357280021304,-0.0190866894308401,-0.0197637843532334,-0.0203867092109193,-0.0209537562616222,-0.0214633712201678,-0.0219141565666243,-0.0223048780142991,-0.0226344644945686,-0.02290201151389,-0.0231067881994933,-0.0232482318757561,-0.0233259541776425,-0.0233397448198985,-0.0232895627091568,-0.0231755469965404,-0.022998009634699,-0.0227574374289507,-0.0224544889992927,-0.022089995898129,-0.0216649570930068,-0.0211805367713116,-0.0206380625930231,-0.0200390215495648,-0.0193850556180431,-0.0186779566963627,-0.0179196628943981,-0.0171122538669515,-0.0162579404024106,-0.0153590659968713,-0.0144180939165094,-0.0134376019342023,-0.0124202784865805,-0.0113689114807637,-0.0102863836300788,-0.0091756593934896,-0.00803978516679963,-0.00688187313060074,-0.00570509858263856,-0.00451268472400901,-0.00330790089963453,-0.00209404941073797,-0.00087445653719267,0.000347533733285467,0.00156857276191222,0.00278531437486199,0.00399442127873468,0.00519258129140559,0.00637650954766511,0.00754296265590073,0.0086887414717889,0.0098107060265332,0.0109057820177512,0.011970964867404,0.0130033387716352,0.014000071961003,0.0149584320096426,0.0158757927449608,0.016749639537042,0.0175775754351669,0.0183573323242351,0.0190867739170664,0.0197638995787655,0.0203868528807972,0.0209539262251016,0.0214635674519405,0.0219143758575112,0.0223051176042585,0.0226347218081865,0.0229022851824865,0.023107072178584,0.0232485238481184,0.0233262517327321
0.0247929695375124,0.024401716178277,0.0239435775969986,0.0234198107094412,0.0228318508513139,0.0221813086236513,0.0214699685043286,0.0206997806598319,0.0198728551008436,0.0189914588500467,0.0180580088307614,0.017075061920896,0.0160453134529967,0.0149715859245042,0.0138568221902225,0.0127040784116546,0.0115165132679956,0.0102973819630502,0.00905002686152808,0.00777786730388038,0.00648438903985314,0.00517313703672964,0.00384770763903902,0.00251173234931107,0.00116887401291505,-0.000177187201089213,-0.00152276189557216,-0.00286416299669531,-0.00419771126762815,-0.00551975286099362,-0.00682666602646706,-0.00811486511068711,-0.00938082129851577,-0.0106210645497004,-0.0118321947623348,-0.0130108930136989,-0.0141539289754849,-0.0152581675681531,-0.0163205855398114,-0.0173382682141724,-0.0183084284069446,-0.019228404761321,-0.0200956776190754,-0.0209078693422465,-0.0216627526608444,-0.0223582614154911,-0.0229924864803017,-0.023563691963913,-0.0240703111714581,-0.0245109557774401,-0.0248844177708502,-0.0251896735467229,-0.0254258872256193,-0.0255924104401584,-0.0256887888342302,-0.02571475596399,-0.025670242006672,-0.0255553684510285,-0.0253704509598551,-0.0251159960169253,-0.0247927007515756,-0.0244014518633058,-0.0239433221095733,-0.02341956440711,-0.0228316177195904,-0.0221810916162101,-0.0214697690643915,-0.0206996009616073,-0.0198726968639645,-0.0189913249120344,-0.0180578976481636,-0.0170749767422596,-0.0160452545598681,-0.0149715528346267,-0.0138568160245324,-0.0127040987570551,-0.0115165603187394,-0.0102974555189553,-0.00905012650496602,-0.00777799072923432,-0.00648453607918384,-0.0051733075666276,-0.00384789852932226,-0.00251194100414047,-0.00116909835697695,0.00017694963057842,0.00152251426011528,0.00286390463781771,0.00419744891246973,0.00551948710834527,0.00682640030273932,0.00811460134985164,0.00938056382627891,0.0106208154300927,0.0118319570415509,0.0130106686493401,0.0141537203117966,0.0152579788963666,0.0163204169235879,0.0173381235962977,0.0183083071875481,0.0192283111680899,0.0200956119956055,0.0209078309943456,0.0216627446200662,0.0223582810674396,0.0229925358833744,0.0235637695499506,0.0240704155949867,0.0245110858475119,0.0248845723046346,0.0251898517188529,0.025426086529685,0.0255926301816241,0.0256890231220855,0.0257150037854566,0.0256704995939131,0.0255556339354352,0.0253707208275763,0.0251162665838634
0.0251828092457252,0.024401511366998,0.0235533300453792,0.0226405890408253,0.0216657913796822,0.0206316081256894,0.0195408750987532,0.0183965809558463,0.0172018613859831,0.0159599938038042,0.0146743814577375,0.0133485458921829,0.0119861242473005,0.0105908485321262,0.00916654552167172,0.00771711644649025,0.00624653498884819,0.00475883439662498,0.0032580892982936,0.00174841403795013,0.000233947246686439,-0.00128116022538343,-0.00279275552494633,-0.00429669508281656,-0.0057888572471013,-0.00726515156171293,-0.00872153245298219,-0.0101540067242219,-0.0115586483424987,-0.0129316075776156,-0.0142691210652335,-0.0155675239031007,-0.0168232562102233,-0.0180328760430484,-0.0191930676670969,-0.0203006521363051,-0.0213525932673486,-0.0223460078734183,-0.0232781731473489,-0.0241465337918024,-0.0249487108928233,-0.0256825028375063,-0.026345902178812,-0.026937088526674,-0.0274544419752781,-0.0278965458123003,-0.0282621861549056,-0.0285503631369177,-0.0287602844823144,-0.0288913770180589,-0.0289432804110713,-0.028915852785664,-0.0288091701792993,-0.0286235227746774,-0.0283594225525611,-0.0280175906036031,-0.0275989671657007,-0.0271046963090767,-0.0265361344575054,-0.0258948399031211,-0.0251825709114421,-0.0244012791277808,-0.0235531054892506,-0.0226403756266104,-0.0216655917975634,-0.0206314241270541,-0.019540708134979,-0.0183964330647053,-0.0172017349665097,-0.0159598888249934,-0.0146742979641586,-0.0133484869070856,-0.0119860884880037,-0.0105908374936302,-0.00916655730620821,-0.00771715259172128,-0.00624659506800439,-0.00475891663167963,-0.00325819324367592,-0.00174854043016832,-0.000234093100126929,0.00128099527934477,0.00279257403435504,0.00429649912459117,0.0057886483078063,0.00726493240609161,0.00872130365258289,0.0101537719143074,0.0115584095780419,0.0129313687222138,0.0142688836679883,0.0155672909736533,0.0168230288181414,0.0180326576453509,0.0191928612091434,0.0203004601397793,0.0213524176066252,0.0223458497072426,0.0232780357829212,0.0241464186988781,0.0249486179226506,0.0256824355334217,0.0263458588662257,0.0269370712015415,0.0274544506753973,0.0278965797364201,0.0282622460317148,0.0285504463485411,0.0287603911036958,0.028891507621212,0.0289434316642454,0.0289160240539748,0.0288093584271644,0.0286237266802116,0.0283596387327501,0.0280178181627813,0.0275992014477538,0.0271049360183567,0.0265363765492289,0.0258950811529409
0.0243355555934726,0.0231249229293172,0.0218509068512756,0.0205169980480811,0.019126853386031,0.017684281669999,0.0161932390116819,0.0146578098393761,0.0130822049019487,0.0114707426085402,0.00982783931450213,0.00815799929195305,0.00646579919824001,0.00475587535534718,0.00303291739064552,0.0013016457172849,-0.000433192669034735,-0.00216684391966917,-0.0038945552949533,-0.00561159167155658,-0.00731324693776943,-0.00899485633851395,-0.0106518120803317,-0.0122795704855168,-0.0138736704130906,-0.0154297439362913,-0.0169435242085044,-0.0184108622997597,-0.01982773730896,-0.0211902639006423,-0.0224947092640691,-0.0237374963687245,-0.0249152218768432,-0.0260246553729076,-0.0270627553069952,-0.0280266777834486,-0.0289137817215779,-0.0297216328047338,-0.0304480193040993,-0.0310909496945009,-0.0316486610495869,-0.0321196255501753,-0.0325025530340999,-0.0327963926141845,-0.033000339356334,-0.0331138343331365,-0.0331365675714342,-0.0330684755306022,-0.0329097442775083,-0.0326608115042898,-0.0323223573058348,-0.0318953104752245,-0.0313808405643063,-0.0307803602378738,-0.0300955127012479,-0.0293281758010366,-0.0284804541271625,-0.0275546696885493,-0.0265533603835484,-0.0254792716299488,-0.024335346616679,-0.0231247202593654,-0.0218507118661964,-0.0205168125115555,-0.0191266806958068,-0.0176841228655782,-0.016193095107761,-0.0146576834066643,-0.0130820982226415,-0.011470655666013,-0.00982777299618579,-0.0081579536738004,-0.00646577538069241,-0.00475587344346169,-0.00303293650590784,-0.00130168626851557,0.000433131876438577,0.0021667624597363,0.00389445533457953,0.00561147325598779,0.00731311277103238,0.00899470551014039,0.0106516463544171,0.0122793922643342,0.0138734815704667,0.0154295460830702,0.0169433191092171,0.0184106519059062,0.019827524059232,0.0211900507787211,0.0224944987632773,0.0237372901576278,0.0249150218482694,0.0260244638620305,0.0270625754856088,0.0280265116444443,0.0289136306486902,0.0297214985246601,0.0304479037079305,0.0310908542418349,0.0316485869237197,0.0321195735093425,0.0325025216778422,0.0327963838967637,0.0330003531223681,0.033113871492902,0.0331366261400808,0.0330685548286243,0.0329098450902091,0.0326609321206441,0.0323224950002454,0.0318954651576889,0.0313810098540998,0.0307805410856631,0.0300957050570893,0.0293283774358933,0.0284806616017092,0.0275548809666013,0.0265535734721105,0.0254794842717456
0.022138176985709,0.0204710005323134,0.0187477145964491,0.0169730401911929,0.0151518443756378,0.0132891175832296,0.0113899653768848,0.00945959474234565,0.00750329391515494,0.0055264288380709,0.00353441429806239,0.0015327135963469,-0.000473188628455261,-0.00247779385091112,-0.00447560749304591,-0.00646115397903122,-0.00842899055023292,-0.0103737235348668,-0.0122900211127975,-0.014172634506329,-0.0160163998779199,-0.0178162653604142,-0.0195672974978777,-0.0212646960611756,-0.0229038103927024,-0.0244801449920173,-0.0259893808191053,-0.0274273807083933,-0.028790204770279,-0.030074113961775,-0.0312755927072978,-0.0323913450640593,-0.0334183166168012,-0.0343536879216235,-0.0351948994688358,-0.0359396423412623,-0.0365858773798978,-0.0371318325499197,-0.0375760107261956,-0.0379171970399318,-0.0381544529722772,-0.0382871312338955,-0.0383148665139476,-0.0382375834791277,-0.0380554935132101,-0.0377690973848617,-0.0373791777393175,-0.0368868045053328,-0.0362933265811932,-0.0356003731217512,-0.0348098410611188,-0.0339238978161566,-0.0329449723374193,-0.031875747367148,-0.0307191549666729,-0.0294783621404531,-0.0281567732237433,-0.0267580077586122,-0.0252859020130271,-0.0237444903578421,-0.022137996797219,-0.0204708248084742,-0.0187475452179229,-0.016972880274921,-0.0151516949034406,-0.0132889799553784,-0.0113898413487994,-0.00945948630221597,-0.007503202449683,-0.00552635389921516,-0.00353435803197042,-0.00153267631770324,0.000473207086601801,0.00247779387116654,0.00447558810840432,0.00646111558428287,0.00842893389815852,0.0103736491159727,0.0122899319279403,0.0141725282896121,0.0160162789705126,0.0178161315249625,0.0195671511485254,0.0212645396187195,0.0229036438711605,0.0244799707197238,0.025989200254976,0.0274271961945478,0.0287900163496609,0.030073927198756,0.0312754078360823,0.0323911653959917,0.033418141713884,0.0343535227576843,0.0351947429557194,0.0359394981617339,0.0365857467256051,0.0371317170390234,0.0375759124360395,0.0379171141773172,0.0381543895217452,0.0382870865274056,0.0383148407941314,0.0382375777272986,0.03805550681548,0.0377691293611679,0.0373792287693331,0.0368868743826886,0.0362934152387165,0.0356004773326181,0.0348099607798776,0.0339240315358125,0.0329451185154124,0.0318759041281509,0.0307193205956467,0.029478535561317,0.0281569513335975,0.0267581903074998,0.0252860864564197,0.0237446740761659
0.0185523907889308,0.0164150883484752,0.0142327940603713,0.0120114866455627,0.00975725642468572,0.00747628193206469,0.00517481515407826,0.00285916431398662,0.000535676071252357,-0.00178928039741121,-0.00410933234600763,-0.00641812200705827,-0.00870931896114644,-0.0109766444993052,-0.0132138842991519,-0.0154149052643986,-0.01757367562318,-0.0196842771442177,-0.0217409244727442,-0.0237379822458338,-0.0256699739418527,-0.0275316072528938,-0.0293177774407039,-0.0310235889439367,-0.0326443665679331,-0.0341756671480925,-0.0356132952200341,-0.0369533080802028,-0.0381920346184808,-0.0393260788403668,-0.0403523317902138,-0.0412679821366387,-0.0420705186976388,-0.0427577416157648,-0.0433277689599139,-0.0437790374799011,-0.0441103106806776,-0.0443206783749188,-0.0444095669130026,-0.0443767321242021,-0.0442222638483003,-0.0439465835895365,-0.0435504490999341,-0.0430349465121457,-0.0424014872853043,-0.0416518091181159,-0.0407879662410366,-0.0398123263594796,-0.0387275644273257,-0.0375366526512585,-0.0362428562774491,-0.0348497209304323,-0.0333610661707864,-0.0317809704919732,-0.0301137663772986,-0.0283640222591653,-0.0265365344557034,-0.0246363140070354,-0.0226685668745204,-0.0206386872876052,-0.0185522393384693,-0.0164149411632495,-0.014232651585987,-0.0120113522930066,-0.00975713081071517,-0.00747616677706683,-0.00517471096075712,-0.00285907280469292,-0.00053559830107972,0.00178934351879673,0.00410938067365091,0.00641815297247307,0.00870933495935789,0.0109766442827858,0.0132138677001699,0.0154148728092674,0.0175736265119023,0.0196842139147747,0.0217408464012313,0.0237378906260578,0.025669869845141,0.0275314909140955,0.0293176504689111,0.0310234532678585,0.032644222509787,0.034175518171021,0.0356131407450306,0.0369531515171103,0.0381918757910395,0.0393259203577759,0.0403521767534411,0.0412678284674299,0.0420703715036623,0.0427576018275313,0.0433276367419202,0.0437789151247241,0.0441101991276576,0.0443205799491311,0.0444094825792401,0.044376661325606,0.0442222073341395,0.0439465445709071,0.04355042692666,0.0430349403471368,0.0424014985707881,0.0416518361941666,0.0407880098002188,0.0398123853315651,0.0387276382742615,0.037536740330989,0.0362429571080648,0.0348498334118662,0.0333611882846824,0.0317811021149738,0.0301139051323627,0.0283641673799028,0.0265366853726022,0.0246364666272364,0.0226687211586036,0.0206388411940734
0.013622799115352,0.0110159731986196,0.00837895195625305,0.00571896497735691,0.00304330143191955,0.000359297527284233,-0.00232569285608571,-0.00500430852666663,-0.00766920742480128,-0.0103130861364008,-0.0129286976420098,-0.0155088727711338,-0.0180465392663549,-0.0205347415485136,-0.0229666600039051,-0.0253356286498026,-0.0276351528567678,-0.0298589312988947,-0.0320008689091863,-0.0340550935241827,-0.0360159761738806,-0.0378781394204189,-0.0396364820690283,-0.0412861826225028,-0.0428227205121941,-0.0442418834009992,-0.0455397827501523,-0.0467128607769198,-0.0477579005705237,-0.0486720405233637,-0.0494527714950041,-0.0500979560609816,-0.0506058249065853,-0.0509749860067343,-0.0512044285797429,-0.0512935228371965,-0.0512420236681347,-0.0510500732765645,-0.0507181989954259,-0.0502473093210437,-0.0496386945690903,-0.0488940230113904,-0.0480153353962746,-0.0470050424778829,-0.0458659120309089,-0.0446010652571491,-0.0432139711917009,-0.0417084311017755,-0.0400885702658942,-0.0383588306802539,-0.0365239519835844,-0.0345889642798966,-0.0325591704393484,-0.030440135743987,-0.0282376660613748,-0.0259577999731143,-0.0236067851543285,-0.0211910673873934,-0.0187172654410791,-0.0161921625987105,-0.0136226780619389,-0.0110158555095018,-0.00837883942995207,-0.00571885753514479,-0.00304320219106788,-0.000359206494782677,0.00232577441070065,0.00500437926303789,0.0076692682719158,0.0103131352870821,0.0129287352138969,0.0155088972349726,0.0180465519168114,0.020534740558802,0.0229666451092667,0.0253356000529417,0.0276351114465968,0.0298588768557552,0.0320008025103574,0.0340550154988802,0.0360158865466808,0.0378780414306546,0.0396363758390108,0.0412860694195532,0.0428226015451902,0.0442417610340742,0.0455396572480384,0.046712732404699,0.0477577719014553,0.0486719106798226,0.0494526443058996,0.0500978316069914,0.0506057051196324,0.0509748731205718,0.0512043212508342,0.0512934230287691,0.0512419338742194,0.0510499933601696,0.0507181311714594,0.0502472526443272,0.0496386499597783,0.0488939916756807,0.0480153190158229,0.0470050395719992,0.0458659217004811,0.0446010897348324,0.0432140082320395,0.0417084797405688,0.0400886313758602,0.0383589020547397,0.0365240349206499,0.0345890560949422,0.0325592715056989,0.0304402423999687,0.0282377790577594,0.0259579174396589,0.0236069060986943,0.0211911905202519,0.0187173900565725,0.0161922858106415
0.00747847349958468,0.0044164144837772,0.00134225188513859,-0.00173558995253669,-0.00480867634575874,-0.00786858244875927,-0.0109069214094042,-0.0139153642666845,-0.0168856679775639,-0.0198096886167386,-0.0226794126342951,-0.0254869746023522,-0.0282246791952775,-0.0308850207877287,-0.0334607092446568,-0.0359446851592237,-0.0383301374914333,-0.0406105305943509,-0.0427796126069077,-0.0448314385539847,-0.046760384778774,-0.0485611635030094,-0.0502288388868879,-0.0517588400694956,-0.0531469733267574,-0.0543894350670269,-0.0554828182330821,-0.0564241268266433,-0.057210778745484,-0.0578406211365767,-0.0583119264550477,-0.058623401810427,-0.0587741928220075,-0.0587638889443765,-0.0585925173189255,-0.0582605464232866,-0.0577688879380605,-0.0571188878316871,-0.0563123290282797,-0.0553514195865466,-0.0542387968022361,-0.0529775095753658,-0.0515710145494415,-0.0500231670237208,-0.0483382095230936,-0.0465207603171549,-0.0445758011312008,-0.0425086627560538,-0.0403250116976803,-0.0380308329737406,-0.0356324140500837,-0.0331363298592996,-0.0305494221010562,-0.0278787799007984,-0.0251317239049152,-0.0223157851145802,-0.019438680697824,-0.0165082967317738,-0.0135326647977456,-0.0105199409165133,-0.00747838387991449,-0.00441632900885282,-0.00134216977775564,0.00173566611236678,0.00480874602834874,0.00786864596344682,0.0109069770400225,0.0139154136375579,0.0168857092548074,0.0198097204316997,0.0226794358905101,0.0254869875471601,0.0282246822688464,0.0308850136986853,0.0334606921608135,0.035944656486571,0.0383301002953529,0.0406104838534852,0.0427795564783925,0.0448313738340326,0.0467603120845843,0.0485610830931308,0.0502287531530079,0.0517587495010884,0.0531468790489428,0.0543893372170482,0.055482718759183,0.0564240259913322,0.0572106793249904,0.0578405221564901,0.058311828319903,0.0586233072636398,0.0587741032091414,0.0587638039007008,0.0585924371456384,0.0582604737662362,0.057768821584864,0.0571188299539574,0.0563122802441134,0.0553513814726765,0.0542387694134587,0.0529774923169026,0.0515710075255332,0.0500231705287073,0.0483382227636117,0.0465207842425717,0.0445758348652197,0.0425087053894731,0.040325063190818,0.0380308922557314,0.0356324819081398,0.0331364034452343,0.0305495009943021,0.0278788646802781,0.0251318122637714,0.0223158763699067,0.0194387733176285,0.0165083906810926,0.0135327586405345,0.010520033898938
0.000327780490976662,-0.00316298493632012,-0.00664507977958737,-0.0101089617269282,-0.0135451354271864,-0.0169441823650158,-0.0202967885699058,-0.0235937609515658,-0.0268260655321659,-0.0299848408699731,-0.0330614323240626,-0.0360474031543616,-0.0389345719483135,-0.0417150220370108,-0.0443811346165127,-0.0469256026897221,-0.0493414504413883,-0.0516220567739572,-0.0537611707657666,-0.055752929275353,-0.0575918719854454,-0.0592729599162755,-0.0607915836232198,-0.062143582257347,-0.0633252498429653,-0.064333345981443,-0.0651651079070308,-0.0658182578396923,-0.0662910030899799,-0.0665820487014649,-0.066690598146926,-0.0666163532320472,-0.0663595169398076,-0.0659207931055535,-0.0653013853274126,-0.064502989797463,-0.0635277971867671,-0.0623784780513916,-0.0610581842695307,-0.0595705319228195,-0.0579196030161314,-0.0561099203915451,-0.0541464430031245,-0.0520345558166266,-0.0497800443006022,-0.0473890897931907,-0.0448682462903347,-0.0422244203140071,-0.0394648612800021,-0.0365971317760867,-0.0336290919339134,-0.0305688779756935,-0.0274248765966025,-0.0242057056300934,-0.0209201900213302,-0.0175773341437889,-0.0141863000662627,-0.0107563829480417,-0.00729698264514062,-0.00381758268377176,-0.000327720425315293,0.00316304110072661,0.00664513087548277,0.0101090077634583,0.0135451768575895,0.0169442190811202,0.0202968179801741,0.0235937839037807,0.0268260823159769,0.0299848526573642,0.0330614362320066,0.0360473991550605,0.0389345608466386,0.0417150045613189,0.0443811102416174,0.0469255712747553,0.0493414130410141,0.0516220124418185,0.0537611209205618,0.0557528726367997,0.0575918114792801,0.0592728942782753,0.0607915150165792,0.0621435109882475,0.0633251752805727,0.0643332702219319,0.0651650330838882,0.0658181825076538,0.0662909297378344,0.0665819780688943,0.0666905299627655,0.0666162883327355,0.0663594563899551,0.0659207381742361,0.065301335226483,0.0645029471861169,0.0635277598750941,0.062378447869173,0.061058160595255,0.059570517432282,0.057919595233402,0.0561099196987818,0.0541464500844519,0.0520345698358002,0.0497800659046792,0.0473891168257836,0.0448682798890786,0.0422244599178148,0.0394649064634187,0.0365971820873398,0.0336291471734606,0.0305689373856518,0.0274249396363112,0.024205771464644,0.0209202564668279,0.017577402100658,0.0141863678207497,0.0107564492567172,0.00729704784652095,0.00381764676471939
-0.00755297214509967,-0.0114359225157213,-0.0152875285029487,-0.0190972321187007,-0.0228545925060097,-0.0265493092934595,-0.0301712556311234,-0.0337105059702111,-0.0371573578077702,-0.0405023643587425,-0.0437363563806317,-0.0468504697504313,-0.0498361702152051,-0.052685273163315,-0.0553899688358851,-0.0579428444833209,-0.0603369033290142,-0.0625655823657827,-0.0646227733690299,-0.0665028383820845,-0.06820062373548,-0.0697114750359187,-0.0710312526789301,-0.0721563379238934,-0.0730836476512701,-0.0738106389012941,-0.074335320520825,-0.0746562536299598,-0.0747725586699869,-0.0746839171973576,-0.0743905721194281,-0.0738933269761413,-0.0731935453099282,-0.0722931454422783,-0.0711945948967048,-0.069900905511038,-0.0684156219771954,-0.0667428152908089,-0.0648870717329298,-0.0628534771261903,-0.060647605141439,-0.0582755026302716,-0.0557436713943341,-0.0530590512429718,-0.0502289996087741,-0.0472612743790536,-0.0441640077602212,-0.0409456914679207,-0.0376151461540212,-0.0341815008041849,-0.0306541663869178,-0.0270428112288974,-0.0233573338533619,-0.0196078364138831,-0.015804596261839,-0.0119580373089098,-0.00807870194807722,-0.00417722333364927,-0.000264295907705562,0.00364935563559482,0.00755300470153014,0.011435951281462,0.0152875522155664,0.0190972509088539,0.0228546072363647,0.0265493178832138,0.0301712595943551,0.0337105036428221,0.0371573501013288,0.0405023510514299,0.0437363374193078,0.0468504460779818,0.0498361424013632,0.0526852389281362,0.055389931630891,0.0579428029612006,0.060336858606971,0.0625655344671899,0.0646227231411246,0.066502784999102,0.0682005690503888,0.0697114187332924,0.0710311954737523,0.0721562799071781,0.0730835895301319,0.0738105818127788,0.0743352652040424,0.0746562003961953,0.0747725084968866,0.0746838717241254,0.0743905312903429,0.0738932913843353,0.0731935146294787,0.0722931202861577,0.0711945760648347,0.0699008917844129,0.0684156143441313,0.0667428133248614,0.0648870757274231,0.0628534864728696,0.0606476205009353,0.058275523336725,0.0557436957784292,0.0530590794347347,0.0502290320548775,0.0472613093960227,0.0441640473357288,0.0409457342211471,0.0376151922018687,0.0341815483545951,0.0306542157033145,0.0270428628067321,0.0233573855511666,0.0196078880703595,0.015804647758212,0.0119580858914074,0.00807874781914208,0.00417726638744192,0.000264336411823694,-0.00364931896094991
-0.0158358461413926,-0.0200672107897488,-0.0242435735292366,-0.0283534862051031,-0.0323856838752469,-0.0363291138436835,-0.0401729687037199,-0.0439067128096822,-0.0475201105887506,-0.0510032589616762,-0.0543466118693396,-0.0575410038393779,-0.0605776798465024,-0.0634483166454607,-0.0661450452999555,-0.0686604760783369,-0.0709877127098996,-0.0731203766937245,-0.0750526222252835,-0.0767791549076009,-0.0782952400742601,-0.0795967239416493,-0.0806800372708125,-0.0815422118255042,-0.0821808862036823,-0.0825943068152993,-0.0827813433367778,-0.0827414795031577,-0.0824748287306271,-0.0819821188427538,-0.0812647010906004,-0.0803245431857465,-0.0791642206136049,-0.0777869147399471,-0.0761963995119936,-0.0743970366787914,-0.0723937564622039,-0.0701920501356949,-0.067797952436573,-0.0652180258090492,-0.0624593407009411,-0.0595294592467705,-0.0564364113723204,-0.0531886765848854,-0.0497951550048907,-0.0462651471663214,-0.0426083309179517,-0.0388347289645523,-0.034954683048919,-0.0309788302651254,-0.0269180655575235,-0.0227835218276308,-0.0185865295543234,-0.0143385935451958,-0.0100513562834296,-0.00573657098811471,-0.00140606060091406,0.00292830322250523,0.00725464012198871,0.0115610930456921,0.0158358570122347,0.0200672167976761,0.0242435741958538,0.0283534806406352,0.0323856723273484,0.036329097640229,0.040172947318852,0.0439066850698324,0.0475200779232179,0.0510032227181204,0.0543465701542998,0.0575409576297699,0.0605776310373159,0.0634482644985195,0.0661449914726818,0.0686604197180079,0.0709876547340096,0.0731203182878601,0.075052564153102,0.0767790966048636,0.0782951827417731,0.0795966665382587,0.0806799838777344,0.0815421608865614,0.0821808373398485,0.0825942622415528,0.082781301503069,0.0827414439332255,0.0824747984193992,0.0819820955242251,0.0812646842111835,0.0803245319999234,0.0791642161829948,0.077786917514181,0.0761964095111187,0.0743970515890688,0.072393776929748,0.0701920755314964,0.0677979825975012,0.0652180600621288,0.0624593782179673,0.0595295005837221,0.0564364556100081,0.0531887229658496,0.0497952026007648,0.0462651967255127,0.0426083815352251,0.0388347801963232,0.0349547342339169,0.0309788802774622,0.0269181157471929,0.0227835700293435,0.0185865764925597,0.0143386377001701,0.0100513978367047,0.0057366068459727,0.00140609215206214,-0.00292827510375492,-0.00725461883262865,-0.0115610758354753
-0.0241609220784392,-0.0286926034447429,-0.0331456404039526,-0.0375078271592946,-0.0417672081467426,-0.0459121065776696,-0.0499311643914512,-0.0538133634973917,-0.0575480638895395,-0.0611250288241795,-0.0645344539146104,-0.0677669950275092,-0.0708137910443926,-0.0736664913603511,-0.0763172770187233,-0.0787588816380764,-0.0809846131133915,-0.0829883715803024,-0.0847646641148002,-0.0863086225249745,-0.0876160144542568,-0.088683256283849,-0.0895074222229146,-0.090086255498989,-0.0904181680935823,-0.090502250241938,-0.0903382729297742,-0.0899266840430479,-0.0892686118513239,-0.0883658604265533,-0.0872209056638427,-0.0858368824581383,-0.0842175875552148,-0.0823674574195628,-0.0802915646200842,-0.0779955975653811,-0.0754858515236483,-0.0727692041750579,-0.0698531009007131,-0.0667455361328647,-0.0634550264002382,-0.0599905907312047,-0.0563617254904531,-0.052578377550435,-0.0486509159772213,-0.0445901053832614,-0.0404070768270415,-0.0361132953783887,-0.0317205310624994,-0.0272408228513351,-0.0226864502717964,-0.0180698950958605,-0.0134038127892903,-0.00870099116856407,-0.00397432175190349,0.000763241571897905,0.00549871279331987,0.0102191117357147,0.0149115012641555,0.0195630200097125,0.0241609171574639,0.0286925912348942,0.0331456210935766,0.0375078015929009,0.0417671755633376,0.0459120686615738,0.0499311196453466,0.053813314157036,0.057548009079899,0.0611249697501576,0.0645343912957539,0.0677669278878846,0.0708137221315382,0.0736664192554544,0.0763172039324391,0.0787588076628274,0.0809845393815952,0.0829882980797328,0.0847645924496604,0.0863085528322864,0.0876159479314738,0.0886831946237827,0.0895073666273615,0.0900862055838767,0.0904181250777388,0.0905022149827866,0.0903382437421962,0.0899266625023304,0.0892685988443556,0.088365855174825,0.0872209074147922,0.0858368933179327,0.084217604566233,0.082367481713312,0.0802915952276662,0.0779956356779107,0.0754858938503467,0.0727692520487668,0.0698531527684316,0.0667455917871703,0.0634550853892143,0.0599906517769907,0.0563617884741502,0.0525784426543006,0.0486509802194343,0.0445901707751511,0.0404071420106822,0.0361133588178498,0.0317205933368872,0.0272408831156398,0.0226865071639577,0.018069947728762,0.0134038611813851,0.00870103475573182,0.00397435812838534,-0.000763211023092539,-0.00549868872972836,-0.0102190955607007,-0.0149114924129049,-0.0195630174298878
-0.032157459767964,-0.0369398087137752,-0.0416209092709703,-0.046187929492263,-0.0506283513641197,-0.0549300044232372,-0.0590810978555261,-0.0630702538593903,-0.0668865390273237,-0.0705194924786057,-0.0739591558247399,-0.0771961026993916,-0.0802214605009001,-0.0830269365766358,-0.0856048412241761,-0.0879481082188886,-0.0900503157909233,-0.0919056999364451,-0.0935091771148392,-0.0948563516784876,-0.0959435303683439,-0.0967677349628104,-0.0973267048304137,-0.097618909003961,-0.0976435457742896,-0.0974005483114451,-0.0968905826242202,-0.0961150476510929,-0.0950760665764001,-0.0937764891873761,-0.0922198784230667,-0.0904104994988328,-0.088353309990969,-0.0860539506580284,-0.0835187247265758,-0.0807545785021332,-0.0777690910950357,-0.0745704440739336,-0.0711674053769205,-0.0675693007706975,-0.0637859942707362,-0.0598278558415769,-0.0557057323480136,-0.0514309257760944,-0.0470151495368771,-0.0424705087137927,-0.0378094596774378,-0.0330447787356157,-0.0281895239486336,-0.0232570036135208,-0.0182607385775776,-0.0132144217796586,-0.0081318862266445,-0.00302706142428977,0.00208605974981701,0.00719346349149659,0.0122811506329134,0.0173351758132719,0.0223416860321464,0.0272869601333651,0.0321574421692624,0.0369397828325547,0.0416208756533742,0.0461878871646103,0.0506283025215009,0.0549299493200135,0.0590810365671934,0.063070187785634,0.0668864672427563,0.0705194160640277,0.0739590764113528,0.0771960204530096,0.0802213758667098,0.0830268485205697,0.0856047525695361,0.0879480189894155,0.0900502277106627,0.0919056140019924,0.0935090940736221,0.0948562726211915,0.0959434573490537,0.0967676682731481,0.0973266466306039,0.0976188585746506,0.0976435044620636,0.097400517172295,0.0968905612131751,0.0961150354965824,0.0950760646273934,0.0937764956639078,0.0922198928931759,0.0904105213760213,0.08835334131893,0.0860539894930374,0.0835187705958049,0.0807546311524817,0.077769150054783,0.0745705073254214,0.0711674725350258,0.067569372802882,0.0637860691535743,0.0598279336586112,0.0557058124601428,0.051431005604228,0.0470152302307563,0.0424705893335173,0.0378095388660163,0.0330448542493276,0.0281895976411964,0.0232570731216914,0.0182608030287564,0.0132144812725941,0.0081319387791754,0.00302710627122572,-0.00208602331441092,-0.00719343466048211,-0.0122811308325826,-0.0173351651666053,-0.0223416846049773,-0.0272869677345213
-0.0394648623317314,-0.0444490171046195,-0.0493113385181069,-0.0540385023234992,-0.0586175476867898,-0.063035927939536,-0.0672815308497378,-0.0713427193691735,-0.0752083619635743,-0.0788678638448564,-0.0823111950454888,-0.0855289152197576,-0.0885122068731783,-0.0912528932682735,-0.0937434594420235,-0.0959770825917536,-0.0979476376308083,-0.0996497236234216,-0.101078676951757,-0.102230580412312,-0.103102275771092,-0.103691375413032,-0.103996263568575,-0.104016104233429,-0.103750843429885,-0.103201209471425,-0.102368708093379,-0.10125562046972,-0.0998649993340824,-0.0982006544100494,-0.0962671487615632,-0.0940697815211443,-0.0916145777212494,-0.0889082635335862,-0.0859582592807283,-0.0827726481372225,-0.0793601634472659,-0.0757301582916552,-0.0718925826798534,-0.0678579539674437,-0.0636373332773071,-0.0592422862188295,-0.0546848611316567,-0.0499775488725332,-0.0451332526704678,-0.0401652489592102,-0.0350871560219268,-0.0299128923426327,-0.0246566397916745,-0.0193328055878683,-0.0139559810630746,-0.00854090516234069,-0.00310241938915464,0.00234457007192327,0.0077851332233925,0.0132043566519464,0.0185873893408975,0.0239194744148222,0.0291859989543457,0.034372525062611,0.0394648388004535,0.0444489831221932,0.0493112965149357,0.0540384510470166,0.0586174902786659,0.0630358641076183,0.0672814602096373,0.0713426436114679,0.0752082815862244,0.0788677789111822,0.0823111066428336,0.0855288237700886,0.0885121140689697,0.091252798162743,0.0937433652247512,0.0959769881441324,0.0979475451431804,0.0996496347007775,0.101078591612081,0.102230500365512,0.103102202241084,0.103691309096684,0.103996205229848,0.104016054850481,0.103750804647928,0.103201180576833,0.102368688966921,0.101255612093436,0.0998650001396673,0.09820066601883,0.0962671699985325,0.0940698118773005,0.0916146150972702,0.0889083092210252,0.0859583115125174,0.0827727083775998,0.0793602294778538,0.0757302300593962,0.071892659219525,0.0678580353238989,0.0636374170387771,0.0592423729763839,0.0546849483597213,0.0499776373766877,0.0451333406189672,0.0401653364939844,0.0350872423278848,0.0299129762660044,0.0246567190381186,0.0193328794092088,0.0139560490681989,0.00854096613927544,0.00310247248814818,-0.00234452445141019,-0.00778509649226258,-0.0132043299797084,-0.0185873724254159,-0.0239194674516316,-0.0291860025936593,-0.0343725379659995
-0.0457520282301624,-0.0508915687115569,-0.0558916187835665,-0.0607384727870221,-0.0654188466891198,-0.0699199135717994,-0.0742293339203992,-0.0783352970634406,-0.0822265465989241,-0.0858924199040506,-0.0893228672224836,-0.09250848758676,-0.0954405475928917,-0.09811101129954,-0.100512559558579,-0.102638608399512,-0.104483332077842,-0.106041673114746,-0.107309361416761,-0.108282922436155,-0.108959686542181,-0.109337798817476,-0.109416224236568,-0.109194746930633,-0.108673973885209,-0.107855332116929,-0.106741067789395,-0.105334232388132,-0.103638683456159,-0.101659068583037,-0.0994008126050763,-0.0968701063286993,-0.0940738878378551,-0.091019818753113,-0.0877162709075558,-0.0841722990247033,-0.0803976172524439,-0.0764025707297619,-0.0721981096439393,-0.0677957599324562,-0.0632075878946815,-0.058446168376945,-0.0535245506384667,-0.0484562276850268,-0.043255089354295,-0.0379353930782341,-0.0325117187530466,-0.0269989315021489,-0.0214121429279844,-0.0157666655299786,-0.0100779726841953,-0.0043616578316953,0.00136661254576724,0.00709113568705075,0.0127962234737175,0.0184662369518425,0.0240856361866683,0.0296390176581714,0.03511116189058,0.0404870686907377,0.045752002640014,0.0508915347553016,0.0558915759307272,0.0607384230831361,0.0654187911678132,0.0699198497809852,0.0742292652492757,0.0783352224485627,0.0822264688571011,0.0858923388695794,0.0893227835942698,0.0925084021101523,0.0954404610335634,0.0981109249762274,0.100512473246915,0.102638525005335,0.104483250890332,0.10604159560892,0.107309288001297,0.10828285377487,0.108959623839115,0.109337742260321,0.109416174144612,0.109194704260644,0.108673939746568,0.107855307917769,0.10674105056149,0.105334224695721,0.103638685769788,0.101659079240695,0.0994008340496333,0.0968701358730014,0.0940739247066913,0.0910198635838908,0.087716322713454,0.0841723570178253,0.0803976807343426,0.0764026396313376,0.0721981835821651,0.0677958377754724,0.063207668630287,0.0584462494214838,0.0535246343568351,0.0484563120827024,0.0432551731410826,0.0379354753646489,0.0325117981596032,0.0269990084625491,0.021412214872794,0.0157667328265805,0.0100780339759133,0.00436171190875336,-0.0013665650669021,-0.00709109765482059,-0.0127961931978699,-0.0184662160825251,-0.0240856253363535,-0.0296390158286691,-0.035111169344826,-0.0404870854176848
-0.0507340329642016,-0.0559858586067455,-0.0610842306404056,-0.0660151749541521,-0.0707651760168745,-0.0753212153487183,-0.079670802936169,-0.0838020184087724,-0.0877035383865008,-0.0913646695080922,-0.0947753751811009,-0.0979263077607486,-0.100808831931893,-0.103415045459465,-0.105737804973608,-0.107770743694904,-0.109508291371854,-0.110945682549967,-0.112078980330434,-0.112905076773501,-0.113421709361516,-0.113627459183884,-0.113521763884596,-0.113104913167315,-0.112378049800778,-0.111343165287159,-0.110003097608894,-0.108361518805135,-0.106422928346602,-0.104192640048424,-0.101676767140976,-0.0988822045773631,-0.0958166142981995,-0.0924883962826504,-0.0889066758463889,-0.0850812677949125,-0.0810226582395696,-0.0767419715752499,-0.0722509420235678,-0.0675618765563881,-0.0626876289304511,-0.0576415589423531,-0.0524374985400905,-0.0470897093165982,-0.0416128514876191,-0.0360219366927876,-0.030332287196711,-0.0245594996978376,-0.0187193974080545,-0.0128279861084248,-0.00690141523412691,-0.000955927525223415,0.00499218035626225,0.0109266042730122,0.0168310801564202,0.0226894221374923,0.0284855740251582,0.034203649791128,0.0398279744721675,0.0453431344918979,0.0507340118409782,0.0559858306949211,0.0610841968889147,0.0660151350008311,0.0707651315386122,0.0753211654362854,0.0796707486657459,0.0838019616481044,0.0877034790056053,0.0913646070613193,0.094775312952842,0.097926245194744,0.100808768800876,0.103414983578739,0.105737745193218,0.107770686666493,0.109508236188789,0.110945630508349,0.112078931286808,0.112905031661309,0.11342166749806,0.113627421019217,0.113521730704801,0.113104884610989,0.11237802657556,0.11134314833863,0.110003085956551,0.108361513237551,0.106422930037005,0.104192648908512,0.101676783024388,0.098882228544731,0.0958166450592386,0.0924884338773097,0.0889067177515478,0.0850813149301307,0.0810227098659051,0.076742027005366,0.0722509990409825,0.0675619372268381,0.0626876903763513,0.0576416227359279,0.0524375610651332,0.0470897730189259,0.0416129136408338,0.0360219963499255,0.0303323446749669,0.0245595540117837,0.0187194475779655,0.0128280316055522,0.00690145510677046,0.000955962951862081,-0.00499215103240246,-0.0109265811806663,-0.016831062812598,-0.0226894115655951,-0.028485570871584,-0.0342036510438525,-0.0398279837726035,-0.0453431500769311
-0.0541856026796774,-0.0595099830073955,-0.0646712496105764,-0.0696552577127205,-0.0744483460486161,-0.0790373760542133,-0.0834097690247602,-0.0875535425798071,-0.0914573378013975,-0.0951104554469829,-0.0985028804533906,-0.101625316233644,-0.10446920350137,-0.107026748755072,-0.109290939865961,-0.111255572810858,-0.112915262728052,-0.114265459161861,-0.115302461877159,-0.116023427333294,-0.11642638165333,-0.116510219912965,-0.11627471048738,-0.115720500246314,-0.114849108796429,-0.11366292362311,-0.11216519556867,-0.1103600317375,-0.10825237779467,-0.105848011712604,-0.103153523980176,-0.100176297916106,-0.0969244977483457,-0.0934070331967575,-0.0896335472181825,-0.0856143819276418,-0.0813605539155911,-0.0768837225443039,-0.0721961590915823,-0.0673107108005209,-0.0622407682560088,-0.0570002277886946,-0.051603453386672,-0.0460652378602634,-0.0404007606665612,-0.0346255487429916,-0.0287554290626832,-0.022806494517664,-0.0167950484624077,-0.0107375690542876,-0.00465065720326533,0.00144900045124603,0.00754468743156846,0.0136196932575741,0.0196573693249961,0.0256411664564884,0.0315546821944655,0.0373817096766887,0.0431062761491956,0.0487126912181701,0.0541855884687287,0.0595099666994594,0.0646712324488291,0.0696552380299191,0.0744483241233372,0.0790373519780453,0.0834097444030511,0.0875535163654131,0.0914573120832883,0.0951104287058385,0.0985028537667088,0.101625290257841,0.104469179393201,0.107026725817472,0.10929091964762,0.111255554235092,0.112915244345121,0.114265442057223,0.115302446092964,0.116023413950197,0.11642636935128,0.116510208229939,0.116274701176154,0.115720492947842,0.114849102547026,0.113662919414617,0.112165194869032,0.110360032992076,0.108252382410801,0.10584801904764,0.103153534549835,0.100176313021351,0.0969245149916507,0.0934070542182716,0.0896335707762232,0.0856144074024699,0.0813605813159839,0.0768837511364006,0.0721961871350635,0.0673107393645995,0.0622407967252757,0.0570002566846879,0.0516034822451566,0.0460652645057284,0.0404007863117131,0.0346255720254054,0.0287554501093599,0.0228065125606603,0.0167950639387458,0.0107375812591068,0.00465066695700433,-0.00144899380359919,-0.00754468309150388,-0.013619692692101,-0.0196573722602835,-0.0256411703787764,-0.0315546887248749,-0.0373817180328638,-0.0431062867437084,-0.0487127041540199
-0.0559511031937699,-0.0613110116814735,-0.0665028702005987,-0.0715124494241272,-0.0763260174932545,-0.080930382731317,-0.0853129226070796,-0.0894616264601432,-0.0933651225021292,-0.0970127108420247,-0.100394393246157,-0.103500902253265,-0.106323722546663,-0.108855116963372,-0.111088146819944,-0.113016692892715,-0.114635468491354,-0.115940034699441,-0.11692681911508,-0.117593113375235,-0.117937094258987,-0.117957817483172,-0.117655227397023,-0.117030152563218,-0.11608430610024,-0.114820280243703,-0.113241541330788,-0.111352414788031,-0.109158078521812,-0.106664548117835,-0.103878657258071,-0.100808042499579,-0.097461120287095,-0.0938470632933867,-0.0899757769886079,-0.0858578744533246,-0.0815046414576517,-0.0769280098116856,-0.0721405244168928,-0.0671553058692947,-0.0619860200183917,-0.0566468340621882,-0.051152382689362,-0.0455177254848741,-0.0397583093360105,-0.0338899165011062,-0.0279286341568054,-0.0218908013878897,-0.0157929678583313,-0.00965184674760715,-0.00348427011789968,0.00269285744018636,0.00886260374000154,0.0150080580761279,0.0211123764625301,0.0271588275857323,0.0331308384560562,0.0390120407359436,0.0447863130284329,0.0504378294825518,0.0559510989921237,0.061311010692839,0.0665028723251385,0.0715124543494292,0.0763260257837686,0.0809303932893293,0.0853129364668935,0.0894616416052945,0.0933651387804702,0.0970127291694574,0.100394413235477,0.103500924076777,0.106323745652131,0.108855140623843,0.111088171608181,0.113016716708494,0.114635492073607,0.115940057914116,0.116926841481693,0.11759313636427,0.11793711584082,0.117957838111378,0.117655245807418,0.11703016914371,0.116084321504421,0.114820295307959,0.113241553653679,0.111352425349587,0.109158087571295,0.106664554492814,0.103878663836247,0.1008080455163,0.0974611210527212,0.0938470616768021,0.0899757750251721,0.0858578708925501,0.0815046355079902,0.0769280017333394,0.0721405138622192,0.0671552942763242,0.0619860054248743,0.0566468185017893,0.0511523657718972,0.0455177073293974,0.039758287587893,0.0338898945240662,0.0279286109733343,0.0218907767757722,0.0157929416944273,0.0096518199036499,0.00348424302282998,-0.00269288327614849,-0.00886262862188509,-0.0150080821864397,-0.0211123986228141,-0.0271588478898434,-0.0331308552567006,-0.0390120547044721,-0.0447863241020528,-0.0504378365402566
-0.0559511024437076,-0.0613110080641365,-0.0665028648602727,-0.0715124419248255,-0.0763260089312945,-0.0809303712868246,-0.0853129105521445,-0.0894616125475851,-0.0933651068415123,-0.0970126944336412,-0.100394377274413,-0.103500885706264,-0.106323705800782,-0.108855100208252,-0.11108813092524,-0.113016675761445,-0.114635450654203,-0.115940018641089,-0.11692680326018,-0.117593098685662,-0.1179370812634,-0.117957806088298,-0.117655217089863,-0.117030144136565,-0.116084300185312,-0.114820276205195,-0.113241538320961,-0.111352414117632,-0.109158080552821,-0.106664552676221,-0.103878663816201,-0.100808052470474,-0.097461132374681,-0.0938470780238954,-0.0899757945252591,-0.085857893473752,-0.081504662137968,-0.0769280308999527,-0.0721405459660176,-0.0671553281861716,-0.0619860414968709,-0.0566468549022912,-0.0511524043517146,-0.0455177483901317,-0.0397583306471948,-0.0338899381772693,-0.0279286546228169,-0.0218908216537117,-0.015792985932416,-0.00965186317674444,-0.00348428448432187,0.00269284448897991,0.00886259282865023,0.0150080502096354,0.0211123709870217,0.0271588247334221,0.0331308384886819,0.0390120425849451,0.0447863180044123,0.0504378368653013,0.0559511091076123,0.06131102335029,0.0665028885129424,0.0715124736493793,0.0763260467429486,0.0809304154398206,0.0853129605741326,0.0894616676912156,0.0933651669189742,0.0970127570121095,0.100394441826166,0.10350095266573,0.106323772929986,0.108855167376348,0.111088197280961,0.113016742305242,0.114635515333362,0.115940081258118,0.116926862329972,0.117593156087422,0.117937134705488,0.117957855597203,0.117655262098637,0.117030184000647,0.116084334435004,0.114820306422802,0.113241562491319,0.111352432146351,0.109158092188877,0.106664557026132,0.103878662553016,0.10080804246415,0.0974611161474239,0.093847053729319,0.0899757650705081,0.085857857473292,0.0815046196910871,0.0769279846256807,0.0721404939810249,0.0671552735343594,0.0619859834304204,0.0566467946968212,0.0511523419543941,0.0455176844269046,0.039758264552943,0.0338898712847919,0.0279285888837346,0.0218907560611197,0.0157929222790861,0.00965180144554103,0.00348422604717133,-0.00269289897404463,-0.00886264265798103,-0.0150080949102202,-0.021112409344109,-0.0271588567485247,-0.0331308634070412,-0.0390120596051677,-0.0447863275658796,-0.0504378379997054
-0.0541855999116955,-0.0595099741970651,-0.0646712359459637,-0.0696552380389879,-0.0744483201882793,-0.0790373454209327,-0.083409735215342,-0.0875535048002588,-0.0914572976084166,-0.0951104112218105,-0.0985028349431331,-0.101625268888204,-0.104469155843648,-0.107026700413115,-0.10929089262576,-0.111255525554313,-0.112915216393176,-0.11426541346518,-0.115302418546408,-0.11602338679796,-0.116426345869624,-0.116510186918459,-0.116274682095231,-0.115720477531943,-0.114849090758116,-0.113662911201466,-0.112165189532595,-0.110360032021527,-0.108252385437072,-0.105848026144338,-0.103153545176383,-0.100176327157923,-0.0969245330877322,-0.0934070755804014,-0.0896335946261954,-0.0856144343635094,-0.0813606099090572,-0.0768837811633441,-0.072196219477312,-0.0673107722653979,-0.0622408304458106,-0.0570002904114744,-0.0516035162350046,-0.046065300194785,-0.0404008221859229,-0.0346256077503768,-0.0287554868568255,-0.0228065488532772,-0.0167950980150113,-0.0107376132503675,-0.00465069773976058,0.00144896533117927,0.00754465812435697,0.0136196713108468,0.019657354781374,0.0256411592369802,0.0315546833424648,0.0373817174109265,0.0431062910817986,0.048712713798816,0.0541856187081662,0.0595100039174668,0.0646712764119384,0.0696552894479665,0.0744483818857396,0.079037415838374,0.0834098135269216,0.0875535901126587,0.0914573874110078,0.0951105064156765,0.0985029328823344,0.10162536979926,0.104469257621839,0.107026801941146,0.109290992907247,0.111255624336883,0.112915311836394,0.114265505878057,0.115302507408927,0.116023471891246,0.116426423267887,0.116510258743875,0.116274746715332,0.115720533990699,0.114849140140346,0.113662950670065,0.112165219906747,0.110360051450532,0.108252394754548,0.105848024700406,0.103153533503032,0.100176304797275,0.0969245008025426,0.0934070313121923,0.0896335415006411,0.085614371174234,0.0813605392081272,0.0768837033505465,0.0721961346580188,0.0673106826166888,0.0622407355124403,0.0570001937785345,0.0516034183361148,0.0460652003839238,0.0404007225995505,0.034625509289723,0.0287553890688028,0.0228064544267223,0.0167950077644455,0.0107375296322699,0.00465061876655869,-0.00144903907170295,-0.00754472315465544,-0.0136197289397236,-0.0196574021159275,-0.025641197028377,-0.0315547096222057,-0.0373817338196127,-0.0431062964639948,-0.0487127072887907
-0.050734030735827,-0.055985847663853,-0.0610842107361754,-0.066015148449527,-0.0707651426232565,-0.0753211742707924,-0.0796707563929727,-0.083801966876368,-0.0877034817186763,-0.0913646084916361,-0.0947753114025698,-0.0979262414403957,-0.100808763030729,-0.103414976441049,-0.105737735975041,-0.10777067568793,-0.109508224790331,-0.110945619887266,-0.112078920977214,-0.11290502193684,-0.113421658760326,-0.113627415143531,-0.113521726758993,-0.113104883695896,-0.112378028558449,-0.111343153505515,-0.110003094768499,-0.108361525273371,-0.106422944603861,-0.104192666045871,-0.101676801991217,-0.0988822497485543,-0.0958166673445664,-0.0924884577405582,-0.0889067427365742,-0.0850813415689371,-0.0810227377591494,-0.0767420557758835,-0.0722510287921838,-0.0675619660686543,-0.062687719879188,-0.0576416507850322,-0.0524375886331366,-0.0470897996959704,-0.0416129390998156,-0.0360220201105783,-0.0303323683511867,-0.0245595761381865,-0.0187194667661951,-0.0128280481294648,-0.00690146982727512,-0.000955973385677353,0.00499214295101728,0.0109265770656408,0.0168310617790705,0.0226894150630168,0.0284855772801555,0.0342036636559639,0.0398279993081525,0.0453431691376232,0.0507340572453638,0.0559858867295252,0.06108426210507,0.0660152100039982,0.0707652144620315,0.0753212552214946,0.0796708467648951,0.0838020645420396,0.0877035864228365,0.0913647177833434,0.0947754245898305,0.0979263576643524,0.100808881789957,0.103415094431957,0.105737852959039,0.107770792113293,0.10950833838533,0.110945728709493,0.11207902517602,0.112905120045412,0.113421749746996,0.113627497207332,0.113521799483069,0.113104946491671,0.112378080466395,0.111343193802508,0.110003122232801,0.108361540934518,0.10642294804064,0.104192655864552,0.101676780441599,0.0988822157784675,0.0958166206186455,0.0924884011030192,0.0889066758374737,0.0850812638174,0.0810226510637844,0.0767419605186973,0.0722509265830117,0.0675618580457965,0.0626876072594738,0.0576415355396982,0.0524374727130376,0.0470896834216715,0.0416128247709851,0.0360219081137858,0.0303322574149947,0.0245594697988742,0.0187193667588482,0.0128279555688833,0.00690138356603933,0.000955896635314646,-0.00499221155668251,-0.0109266350991208,-0.0168311097242021,-0.0226894506042422,-0.0284856012625704,-0.0342036753357772,-0.0398279972148419,-0.0453431561793307
-0.0457520276784007,-0.0508915587543262,-0.0558916002241833,-0.060738447538616,-0.0654188139636239,-0.069919873111918,-0.0742292868961293,-0.0783352437545601,-0.0822264880550123,-0.0858923564729898,-0.0893228004580299,-0.0925084164726976,-0.0954404742346228,-0.09811093680766,-0.100512484101814,-0.102638534979217,-0.104483260778633,-0.106041605339824,-0.107309299237347,-0.10828286517139,-0.108959635026251,-0.109337755668173,-0.109416189061111,-0.10919472039742,-0.108673957553601,-0.10785532622536,-0.106741072226299,-0.105334248416874,-0.103638709914512,-0.101659105174933,-0.0994008590237601,-0.0968701630836108,-0.0940739515008384,-0.0910198892491465,-0.0877163478325797,-0.0841723824979428,-0.0803977056537752,-0.0764026648262489,-0.0721982079210267,-0.0677958612562119,-0.0632076904837526,-0.0584462707162879,-0.0535246534034599,-0.0484563282941083,-0.0432551870746122,-0.0379354861789725,-0.0325118062466695,-0.0269990132228533,-0.0214122176257023,-0.0157667323710496,-0.0100780305678826,-0.0043617059065746,0.00136657427974747,0.00709110864169618,0.0127962075762275,0.0184662336788672,0.0240856445424471,0.02963903871102,0.0351111942320191,0.0404871123637789,0.0457520576745428,0.0508915997938476,0.05589165148588,0.0607385079771283,0.065418884576964,0.0699199514550782,0.0742293723134254,0.0783353361472123,0.0822265869731232,0.0858924607894641,0.0893229088449356,0.0925085284506624,0.0954405880281723,0.0981110520655613,0.100512599396436,0.102638648476607,0.10448337151545,0.106041713110062,0.107309400129353,0.108282959608275,0.108959722603618,0.109337834300811,0.109416257028975,0.109194778631603,0.108674004003607,0.107855361356896,0.106741093713508,0.105334256764742,0.103638705903939,0.101659088329754,0.0994008311613383,0.0968701222616249,0.0940738994805139,0.0910198279775102,0.0877162779450498,0.0841723028135005,0.0803976179276422,0.0764025696471789,0.0721981075943156,0.0677957560220057,0.063207581701816,0.0584461598776278,0.0535245414761244,0.048456217222085,0.0432550771776091,0.0379353793244112,0.0325117020472022,0.0269989141711946,0.021412124066933,0.0157666455626857,0.0100779515918951,0.00436163595367131,-0.00136663505047366,-0.0070911597911975,-0.0127962480569035,-0.0184662620317499,-0.0240856614929088,-0.0296390438406089,-0.0351111867876091,-0.0404870923477271
-0.0394648680775787,-0.0444490136145503,-0.0493113274585627,-0.0540384832134872,-0.0586175239533983,-0.0630358973586231,-0.0672814940698299,-0.0713426766482558,-0.0752083146324503,-0.0788678117890523,-0.0823111390771022,-0.0855288565645919,-0.0885121461068509,-0.0912528304544541,-0.0937433964370007,-0.0959770192093675,-0.0979475769960212,-0.099649667217403,-0.101078624807357,-0.102230533816186,-0.103102235788495,-0.103691342770925,-0.10399623927146,-0.104016088522532,-0.103750838009067,-0.103201213619643,-0.102368721726967,-0.101255644175713,-0.0998650321027332,-0.0982006967458895,-0.0962671993529148,-0.0940698403892814,-0.0916146426805849,-0.08890833562823,-0.0859583360086985,-0.0827727304455685,-0.0793602499993866,-0.0757302485156353,-0.0718926754310544,-0.0678580497924497,-0.0636374288714007,-0.0592423826521293,-0.054684956732547,-0.0499776429222624,-0.0451333423511227,-0.0401653350027984,-0.0350872359076165,-0.0299129670790299,-0.0246567061529752,-0.0193328638703733,-0.0139560310386665,-0.00854094523249652,-0.00310244949291583,0.0023445511305185,0.00778512374028692,0.0132043587541408,0.0185874020909802,0.0239194991775773,0.0291860342317947,0.0343725714682083,0.0394648956234769,0.0444490485410817,0.0493113708441375,0.0540385342021661,0.0586175799718948,0.0630359605421741,0.0672815631846842,0.0713427518126766,0.075208393586056,0.0788678966809756,0.0823112262015566,0.0855289464950066,0.0885122375668825,0.0912529230388686,0.0937434903029984,0.0959771112801957,0.0979476669864623,0.0996497535411406,0.101078707174096,0.102230609660236,0.10310230551175,0.103691404335096,0.103996292830866,0.104016133358202,0.103750872083922,0.103201237812299,0.10236873566817,0.101255647224187,0.0998650246213401,0.0982006783513167,0.0962671710882672,0.0940698027807204,0.0916145961499737,0.0889082801306868,0.085958273897511,0.0827726618745442,0.0793601773452347,0.0757301710849129,0.0718925941035483,0.0678579653771053,0.0636373420849898,0.0592422940080781,0.0546848683623961,0.0499775551266458,0.0451332556608963,0.0401652502917535,0.0350871552456121,0.02991288945324,0.0246566337354878,0.0193327971100463,0.0139559699569848,0.00854089206731243,0.00310240408614107,-0.00234458664819514,-0.00778515129668354,-0.0132043772726126,-0.0185874117400787,-0.0239194978976115,-0.0291860234843177,-0.0343725518318557
-0.0321574719332195,-0.0369398159025283,-0.0416209105227126,-0.0461879249695818,-0.0506283420676972,-0.0549299901321393,-0.0590810789867394,-0.0630702304832863,-0.0668865116933974,-0.0705194624638253,-0.0739591243887142,-0.0771960684159483,-0.0802214253612313,-0.0830268994594802,-0.0856048045032139,-0.0879480722539424,-0.0900502792201862,-0.0919056666531554,-0.0935091467744474,-0.0948563253983074,-0.0959435099425682,-0.0967677193535548,-0.0973266961330084,-0.0976189065600028,-0.0976435506023548,-0.0974005601657207,-0.0968906024677557,-0.0961150740634343,-0.0950761010497955,-0.0937765303937508,-0.0922199247250377,-0.09041055060947,-0.0883533675790743,-0.086054014310387,-0.0835187916811493,-0.0807546503781893,-0.0777691653817214,-0.0745705200972155,-0.0711674819235087,-0.0675693783473387,-0.0637860719312809,-0.0598279320545334,-0.0557058091050889,-0.0514309990508399,-0.0470152213918141,-0.0424705763116851,-0.0378095233744505,-0.0330448359477774,-0.0281895752977462,-0.0232570487357545,-0.0182607759496591,-0.0132144513983838,-0.00813190731214559,-0.00302707364060275,0.00208605665857861,0.007193469489583,0.0122811661768627,0.0173351992310645,0.0223417183394142,0.0272870010220024,0.0321574914695212,0.0369398400383521,0.0416209385650074,0.0461879580101415,0.0506283783974701,0.0549300313808263,0.0590811236685888,0.0630702789506442,0.0668865625784192,0.0705195156552999,0.0739591794837031,0.0771961258374348,0.0802214829876002,0.0830269583498661,0.085604862015311,0.087948128775259,0.0900503351480526,0.0919057207178071,0.0935091977720474,0.0948563715249391,0.095943552521171,0.0967677574065169,0.0973267284662735,0.0976189334925344,0.0976435712446577,0.0974005750954933,0.0968906104119202,0.0961150745181266,0.0950760944224395,0.0937765171635088,0.0922199046800895,0.0904105245747823,0.08835333559217,0.0860539760666324,0.0835187493546504,0.0807546038462532,0.0777691176002459,0.0745704693336643,0.071167430837973,0.0675693258063358,0.0637860178758473,0.0598278780298175,0.055705754693754,0.0514309445987505,0.0470151669696299,0.0424705235842633,0.037809472931241,0.0330447878930556,0.0281895311988239,0.0232570084366255,0.0182607399289102,0.0132144208184839,0.00813188113567385,0.00302705355800886,-0.0020860714508479,-0.00719347789531153,-0.01228116810935,-0.0173351967462227,-0.0223417092070031,-0.0272869873864984
-0.0241609442317165,-0.0286926223858472,-0.0331456558530633,-0.037507839430154,-0.0417672169982506,-0.0459121140979116,-0.0499311683169065,-0.0538133652827252,-0.0575480638749125,-0.0611250266230668,-0.0645344521066842,-0.0677669915524128,-0.070813787310466,-0.0736664865560316,-0.0763172712192443,-0.078758875541744,-0.0809846078384835,-0.0829883666843903,-0.084764659971663,-0.0863086203469858,-0.087616013719281,-0.0886832582150473,-0.0895074284435589,-0.0900862647805178,-0.0904181812708965,-0.090502267599944,-0.0903382928755715,-0.0899267086639135,-0.0892686405567761,-0.0883658931061929,-0.0872209414807949,-0.0858369231379899,-0.0842176314600323,-0.0823675049187462,-0.0802916149093725,-0.0779956500736784,-0.0754859051252445,-0.0727692585730853,-0.0698531561018898,-0.0667455908313958,-0.063455080083045,-0.0599906426270062,-0.0563617762621531,-0.05257842665843,-0.0486509628984401,-0.044590151185139,-0.040407119635537,-0.0361133351502965,-0.0317205665485814,-0.0272408541825395,-0.0226864756026112,-0.0180699160627763,-0.0134038270157829,-0.0087009998662887,-0.00397432328069977,0.000763246527484174,0.00549872448811226,0.010219129654102,0.0149115247946053,0.0195630486046798,0.0241609528835498,0.0286926325547168,0.0331456677970402,0.0375078530077478,0.0417672318120885,0.0459121296791552,0.049931186313971,0.0538133838162852,0.0575480834398972,0.0611250462503514,0.0645344713481282,0.0677670116312388,0.0708138057903265,0.0736665058266195,0.0763172913812274,0.0787588943415981,0.0809846258102886,0.0829883843151477,0.0847646770585462,0.0863086360956547,0.0876160279352572,0.0886832720350655,0.0895074401217195,0.0900862749876173,0.0904181899580237,0.0905022732426592,0.0903382967912387,0.0899267085304749,0.0892686383100687,0.0883658886625658,0.0872209335500945,0.0858369127473279,0.0842176184173817,0.0823674897830244,0.0802915987568722,0.0779956333731027,0.0754858867419521,0.0727692390315803,0.069853136299254,0.0667455713868652,0.0634550607875945,0.0599906249345721,0.0563617581185473,0.0525784081682987,0.0486509447906462,0.0445901326296915,0.0404071012085553,0.036113318505362,0.0317205513393167,0.027240840131044,0.0226864640855748,0.0180699064483395,0.0134038198114341,0.00870099446630844,0.00397432058912153,-0.000763246280443919,-0.00549872258201894,-0.0102191267974945,-0.0149115200668625,-0.0195630425828185
-0.015835877416876,-0.0200672424533976,-0.0242436040249461,-0.0283535160444965,-0.0323857130640419,-0.0363291435768749,-0.0401729973373826,-0.0439067402380363,-0.0475201377094056,-0.0510032866546888,-0.054346638612087,-0.0575410292000533,-0.0605777054765634,-0.0634483412897578,-0.0661450696824845,-0.0686604985877632,-0.0709877335613121,-0.0731203967866945,-0.0750526418539047,-0.0767791726127453,-0.078295257764463,-0.0795967392393141,-0.0806800526726962,-0.0815422282859433,-0.0821809015700031,-0.0825943229177343,-0.082781359416053,-0.0827414979670931,-0.0824748471944091,-0.0819821393283919,-0.081264723491166,-0.0803245667396937,-0.0791642452313588,-0.077786940387821,-0.0761964273335704,-0.0743970656277676,-0.0723937858291917,-0.0701920803796315,-0.0677979829047777,-0.065218056749765,-0.0624593702318224,-0.0595294887440647,-0.0564364404745204,-0.0531887041252561,-0.0497951814377458,-0.0462651745839047,-0.0426083572818711,-0.0388347535423808,-0.0349547061882666,-0.030978851221433,-0.0269180850108438,-0.0227835372766357,-0.0185865423795221,-0.0143386031057416,-0.0100513630673955,-0.00573657309330356,-0.00140605925720877,0.0029283079904478,0.00725464927594871,0.011561106484246,0.0158358749321933,0.0200672397479427,0.0242436001731641,0.02835351125618,0.0323857067028749,0.0363291366559782,0.0401729896314185,0.0439067310278275,0.0475201279810308,0.0510032751352777,0.0543466259108043,0.0575410168859061,0.0605776914141226,0.063448327170089,0.0661450557303929,0.0686604853445696,0.0709877209162068,0.0731203848079965,0.0750526311200997,0.0767791633269897,0.0782952499544318,0.0795967337331668,0.0806800489957732,0.0815422256142718,0.0821809007756582,0.0825943235662374,0.0827813611010829,0.0827414999755882,0.0824748501243529,0.0819821433931392,0.0812647278968017,0.0803245730806414,0.0791642530527525,0.0777869487375294,0.0761964375070075,0.0743970750152687,0.0723937959589276,0.0701920908073127,0.067797992778723,0.0652180665510853,0.0624593821323532,0.059529499775151,0.0564364514660484,0.05318871415865,0.0497951918973864,0.0462651832588223,0.0426083661634554,0.0388347620228964,0.0349547144504656,0.0309788586546957,0.0269180917160168,0.0227835452208816,0.0185865504179753,0.0143386106264585,0.0100513682400011,0.00573657693663804,0.00140606213386936,-0.00292830717401842,-0.00725464910992086,-0.0115611072243764
-0.00755301220047037,-0.0114359652936688,-0.0152875738698835,-0.0190972792252842,-0.0228546401861656,-0.026549357722473,-0.0301713061230633,-0.033710556854717,-0.0371574083671232,-0.0405024139629704,-0.043736405742546,-0.0468505178858965,-0.0498362170124045,-0.0526853175193075,-0.0553900114280549,-0.0579428851008844,-0.0603369410199293,-0.0625656171695955,-0.0646228057389596,-0.0665028672620801,-0.0682006483946355,-0.0697114969361917,-0.0710312709159955,-0.0721563531463921,-0.0730836598937116,-0.0738106497313278,-0.0743353293523464,-0.0746562621457136,-0.0747725665095078,-0.0746839242240557,-0.0743905782866737,-0.0738933334541384,-0.0731935513107637,-0.0722931508534131,-0.0711946000224732,-0.0699009111511627,-0.068415627667716,-0.0667428226359085,-0.0648870800911087,-0.0628534863934825,-0.060647615888444,-0.0582755156934649,-0.0557436850168689,-0.0530590649581551,-0.050229014337212,-0.0472612886830509,-0.0441640242152327,-0.0409457086898976,-0.0376151640489161,-0.0341815195524465,-0.0306541851779293,-0.0270428299430319,-0.0233573525713483,-0.0196078536448354,-0.0158046122932868,-0.0119580513641254,-0.00807871468225807,-0.00417723431152959,-0.000264303693464492,0.00364935151258157,0.00755300295698476,0.0114359528306884,0.0152875572189485,0.0190972593847472,0.0228546188698121,0.026549333377525,0.0301712786079686,0.0337105258803375,0.0371573765593042,0.0405023809353084,0.0437363709494781,0.0468504830867259,0.0498361809854099,0.052685282107608,0.0553899762025595,0.0579428517817842,0.0603369099070259,0.0625655874882928,0.0646227785297525,0.0665028437279602,0.0682006287910883,0.0697114805373416,0.0710312580086587,0.072156344487539,0.0730836549723511,0.0738106479516744,0.0743353314685919,0.0746562668509782,0.0747725744616165,0.0746839351837933,0.0743905929252344,0.0738933508127409,0.0731935717100226,0.0722931746179627,0.0711946257903285,0.069900938557191,0.0684156573463137,0.0667428527270598,0.0648871107206477,0.0628535177223612,0.0606476475554542,0.0582755459678092,0.0557437149659201,0.0530590937184433,0.0502290420689995,0.0472613159221188,0.0441640507633728,0.0409457335886712,0.0376151872209655,0.0341815405051751,0.0306542045683035,0.027042847604484,0.0233573671847678,0.0196078664496636,0.0158046218108031,0.0119580579644816,0.00807871704832606,0.00417723345119191,0.000264300553756817,-0.00364935746336125
0.000327728691797378,-0.0031630387094609,-0.0066451368862172,-0.0101090207197614,-0.013545196807577,-0.0169442467043549,-0.0202968515695696,-0.0235938246987451,-0.0268261291954641,-0.0299849039670019,-0.0330614925455485,-0.0360474617426539,-0.0389346268141664,-0.0417150752262102,-0.0443811841828111,-0.0469256483201141,-0.0493414917266422,-0.0516220932334106,-0.0537612018528037,-0.0557529553046286,-0.0575918941611813,-0.059272977129222,-0.0607915967508446,-0.0621435917839204,-0.063325254205526,-0.0643333484230711,-0.0651651072177216,-0.0658182544800488,-0.0662909978441228,-0.0665820422005763,-0.066690589702146,-0.0666163432579536,-0.0663595058067769,-0.065920781164094,-0.0653013738587099,-0.064502979260969,-0.0635277873140949,-0.0623784697780138,-0.0610581769259913,-0.0595705280139959,-0.0579196017679976,-0.0561099218147288,-0.054146449014018,-0.0520345634901025,-0.0497800563809907,-0.047389104513097,-0.044868262338229,-0.042224439100961,-0.0394648821936025,-0.0365971550181431,-0.0336291174493817,-0.0305689043025267,-0.0274249047459139,-0.0242057359623051,-0.0209202197515888,-0.0175773637500108,-0.0141863285353749,-0.0107564109646617,-0.0072970108959925,-0.00381760851810796,-0.000327742809792764,0.00316302080149694,0.00664511412056787,0.0101089942989282,0.0135451666313464,0.0169442116286008,0.0202968144733622,0.0235937864423226,0.0268260876446502,0.0299848621332885,0.0330614490287197,0.0360474180124063,0.0389345839997742,0.0417150324652276,0.0443811437258257,0.0469256092973148,0.0493414559995493,0.0516220602159645,0.053761173139835,0.05575292944457,0.0575918717321053,0.0592729598040431,0.0607915834443877,0.062143581569072,0.0633252488424124,0.0643333461076982,0.0651651103855346,0.0658182617282583,0.066291008609352,0.0665820565079037,0.0666906082363172,0.0666163659139981,0.066359531215643,0.0659208102242873,0.0653014047275775,0.0645030126911333,0.0635278217404427,0.0623785069508052,0.0610582160842771,0.0595705683304126,0.0579196405490116,0.0561099595040856,0.0541464859466705,0.0520345985186636,0.0497800900144201,0.0473891357151018,0.0448682928930208,0.0422244683724615,0.0394649085303473,0.0365971797078778,0.0336291394259618,0.0305689241303075,0.0274249208559383,0.0242057482056319,0.0209202298341034,0.0175773697304213,0.0141863314027418,0.010756409542753,0.0072970037907944,0.00381759853970971
0.00747841026345356,0.00441634943365773,0.00134218391982463,-0.00173565991341059,-0.00480874693153739,-0.00786865315915002,-0.0109069902563745,-0.0139154336525182,-0.0168857350184946,-0.0198097520460527,-0.0226794733142802,-0.0254870318485475,-0.0282247313743447,-0.0308850686629283,-0.0334607519573171,-0.0359447219299556,-0.0383301687987169,-0.0406105575372213,-0.0427796322851442,-0.0448314541937057,-0.0467603940582628,-0.0485611685034813,-0.0502288391901475,-0.0517588357806466,-0.0531469661423747,-0.0543894239746032,-0.0554828034606157,-0.0564241089197643,-0.0572107598562065,-0.0578405995927644,-0.0583119038253025,-0.0586233774436537,-0.0587741704104518,-0.0587638673227084,-0.0585924948017599,-0.0582605265037455,-0.0577688688943736,-0.057118871481272,-0.0563123162010319,-0.0553514108529462,-0.0542387923632786,-0.0529775087315893,-0.0515710193546998,-0.0500231762411176,-0.0483382235072877,-0.0465207800202551,-0.0445758240967118,-0.0425086901552655,-0.0403250429154966,-0.0380308679252378,-0.0356324517903217,-0.0331363699858121,-0.0305494637795172,-0.0278788233690956,-0.025131769657132,-0.0223158315853257,-0.0194387272984183,-0.0165083424034212,-0.0135327101470365,-0.0105199858192268,-0.00747842639293559,-0.00441636948887508,-0.00134220714883519,0.00173563302198524,0.0048087170299431,0.00786861988102899,0.0109069555110616,0.0139153969249379,0.0168856975146667,0.0198097150743024,0.0226794363426763,0.0254869946226366,0.0282246952208012,0.0308850351847004,0.0334607197496191,0.03594469123766,0.0383301412467546,0.0406105318171133,0.0427796109922615,0.0448314348967635,0.046760379331018,0.0485611560256725,0.0502288308657157,0.0517588326711713,0.0531469648725464,0.0543894261523283,0.0554828099281777,0.056424118741573,0.057210772665591,0.0578406161452265,0.0583119212139471,0.0586233985912364,0.0587741928591155,0.0587638910567036,0.0585925217384897,0.0582605541888248,0.0577688991396097,0.0571189024504466,0.0563123477055934,0.0553514437642209,0.0542388256084807,0.0529775424700553,0.0515710513136165,0.050023206122272,0.048338251845124,0.0465208057634593,0.0445758492004846,0.0425087137582689,0.0403250646487677,0.0380308861968748,0.0356324679743323,0.0331363834301827,0.0305494746002849,0.0278788319467506,0.0251317754993295,0.022315833623312,0.0194387271525154,0.0165083391583461,0.0135327021841439,0.0105199739314285
0.0136227239654898,0.0110158970537771,0.00837887609836966,0.00571888927671513,0.00304322777453104,0.000359225640418133,-0.00232576094253891,-0.0050043722551974,-0.00766926789371523,-0.0103131417946741,-0.012928748069166,-0.015508917906531,-0.0180465783215708,-0.0205347746162718,-0.0229666861430081,-0.0253356474708133,-0.0276351666227824,-0.0298589384372406,-0.0320008695256571,-0.0340550886914318,-0.0360159652242688,-0.0378781237563645,-0.039636461992756,-0.0412861594128875,-0.0428226942602687,-0.0442418547294796,-0.0455397521807446,-0.0467128269493739,-0.0477578663257835,-0.048672004021326,-0.0494527365992916,-0.0500979222187227,-0.0506057926753017,-0.05097495636742,-0.0512044008356529,-0.0512934995684599,-0.0512420040922177,-0.051050058833443,-0.0507181895726963,-0.0502473040661954,-0.0496386943798051,-0.0488940284765451,-0.0480153475663574,-0.0470050602996417,-0.0458659348226502,-0.0446010955406901,-0.0432140065982031,-0.0417084721285033,-0.0400886170731852,-0.0383588810867667,-0.0365240067540748,-0.0345890213063988,-0.0325592316304803,-0.0304401974681552,-0.0282377292268929,-0.0259578644695451,-0.0236068508275952,-0.0211911317667955,-0.0187173296861119,-0.0161922250114837,-0.0136227394347997,-0.011015913932378,-0.00837889513973646,-0.00571891000102253,-0.00304324971937439,-0.000359247811788268,0.00232573904144224,0.00500435018840351,0.00766924595973796,0.010313120637281,0.0129287294801971,0.0155089001943869,0.0180465619512873,0.0205347596841244,0.0229666730693297,0.025335636437295,0.0276351571663015,0.0298589300531243,0.0320008637092147,0.0340550852688433,0.0360159645212364,0.0378781253307022,0.039636464848996,0.0412861642231856,0.0428227006904566,0.044241863497126,0.0455397619854621,0.0467128389493673,0.0477578794804463,0.0486720189426282,0.0494527510631415,0.0500979366638591,0.0506058081566347,0.0509749726845287,0.0512044176411116,0.0512935144715973,0.0512420204858699,0.0510500748963448,0.0507182049619699,0.0502473198270798,0.0496387088941445,0.048894043567619,0.0480153618324973,0.0470050739966272,0.0458659474435103,0.0446011062331959,0.043214016108091,0.0417084799033227,0.0400886229415625,0.0383588857639014,0.0365240095420064,0.0345890239843117,0.0325592312319057,0.0304401968119918,0.0282377272792421,0.0259578594711202,0.0236068442578961,0.0211911236723519,0.0187173189613989,0.0161922121730782
0.0185523041089936,0.0164150034905059,0.014232711628672,0.0120114073150635,0.00975718268631038,0.0074762137702778,0.00517475313335876,0.0028591085723766,0.000535627485891711,-0.00178932169308564,-0.00410936610417976,-0.00641814728742386,-0.00870933685543499,-0.0109766558367243,-0.0132138880790385,-0.015414901668761,-0.0175736646660115,-0.0196842595394388,-0.0217409017474329,-0.023737953381054,-0.0256699406213909,-0.0275315681139068,-0.0293177338396522,-0.0310235419211357,-0.032644316754496,-0.0341756164587992,-0.0356132424199807,-0.036953255569039,-0.0381919827766562,-0.0393260283084255,-0.0403522840962493,-0.0412679376664756,-0.0420704781073858,-0.0427577065944652,-0.0433277388877709,-0.043779013067021,-0.044110292007917,-0.0443206671362473,-0.0444095627996323,-0.0443767343317979,-0.044222272424352,-0.0439466002046973,-0.0435504727479663,-0.0430349771401152,-0.0424015252319215,-0.0416518537897923,-0.0407880186695152,-0.0398123844682815,-0.0387276287090847,-0.0375367227961859,-0.0362429311759001,-0.0348497995884438,-0.0333611467825769,-0.0317810531950597,-0.03011385073027,-0.0283641079254506,-0.026536621364947,-0.0246363991651719,-0.0226686509348439,-0.0206387694672137,-0.0185523179319717,-0.0164150173241932,-0.0142327238234899,-0.0120114190076875,-0.009757190974312,-0.0074762200390651,-0.00517475676086676,-0.00285910975564463,-0.000535627177186859,0.00178932494026573,0.00410937221836207,0.00641815577582619,0.00870934811650549,0.0109766674531256,0.0132139010688553,0.0154149167883683,0.0175736803170813,0.0196842765186019,0.0217409179927765,0.0237379705458556,0.0256699581384478,0.0275315865607259,0.0293177531420271,0.0310235610803821,0.0326443353162099,0.0341756341580172,0.0356132601933168,0.0369532722131145,0.0381919974885122,0.039326041496484,0.0403522960598908,0.0412679469675039,0.0420704862139153,0.042757711543424,0.0433277430882824,0.0437790151074967,0.044110291417153,0.0443206639870123,0.0444095576010777,0.0443767279943896,0.0442222643581641,0.0439465907715196,0.0435504627155803,0.0430349659283881,0.0424015137916046,0.0416518406052648,0.0407880033812253,0.0398123701751615,0.038727613255809,0.0375367063349523,0.0362429146031979,0.0348497826967098,0.0333611309999435,0.031781037151482,0.0301138345116757,0.0283640919287735,0.0265366047750921,0.0246363833342808,0.0226686355225442,0.0206387542857561
0.0221380799607281,0.0204709080220964,0.0187476271255693,0.0169729595269225,0.0151517712565905,0.0132890533750333,0.0113899098056737,0.00945954824286545,0.00750325767954065,0.00552640192782799,0.00353439847088068,0.00153270628369079,-0.000473186087241518,-0.00247778183821171,-0.00447558646124707,-0.00646112484795016,-0.00842895420983883,-0.0103736797000691,-0.0122899718442727,-0.014172578499157,-0.0160163384730771,-0.0178161996808486,-0.0195672276351027,-0.0212646239344887,-0.0229037337495175,-0.0244800682420462,-0.025989304642761,-0.0274273058656201,-0.0287901311283427,-0.0300740445766961,-0.031275528497188,-0.0323912872332595,-0.0334182637836612,-0.0343536437363249,-0.0351948621758773,-0.0359396137732249,-0.0365858586729256,-0.0371318220351433,-0.0375760101512647,-0.0379172050084087,-0.0381544713386384,-0.0382871594451528,-0.0383149035517532,-0.0382376295002513,-0.0380555485181998,-0.0377691595076555,-0.0373792482217153,-0.0368868821209578,-0.0362934126605991,-0.0356004647600782,-0.0348099379484634,-0.0339239998066468,-0.0329450781064952,-0.0318758560560249,-0.0307192639516088,-0.0294784724940124,-0.0281568828056737,-0.0267581172508153,-0.0252860093984091,-0.0237445938853019,-0.0221380951646174,-0.020470918995103,-0.018747633443553,-0.0169729607814234,-0.0151517672935011,-0.0132890439889775,-0.0113898952501242,-0.00945952847553886,-0.00750323423635373,-0.00552637409287497,-0.00353436592238211,-0.00153267169243627,0.000473225229304308,0.00247782272836409,0.00447562880478308,0.00646116844544009,0.00842899801338585,0.0103737229534119,0.0122900162681323,0.01417262230832,0.0160163811423867,0.017816240779805,0.0195672669918636,0.0212646607051207,0.0229037701174564,0.024480100629805,0.0259893334924967,0.0274273306237325,0.0287901532670997,0.0300740621924714,0.0312755407644419,0.032391295225797,0.033418268020746,0.0343536420925726,0.0351948558954072,0.0359396031771258,0.036585842573562,0.0371318024798568,0.037575986582276,0.0379171772525718,0.038154439529541,0.0382871245939636,0.0383148661566304,0.0382375904700496,0.0380555072477155,0.0377691173242325,0.0373792049952485,0.0368868387592881,0.036293369044786,0.0356004220609294,0.0348098957905971,0.0339239586225816,0.0329450381309213,0.0318758177294151,0.0307192284265548,0.0294784401652864,0.0281568518933092,0.0267580903703849,0.0252859850047713,0.0237445734153655
0.0243354450982946,0.0231248193454122,0.0218508117585198,0.020516911972711,0.0191267772630027,0.0176842167109646,0.0161931843773951,0.0146577688979889,0.013082176420957,0.0114707255886403,0.00982783550378072,0.00815800622665891,0.00646581663542511,0.00475590526288196,0.00303295699236032,0.00130169561399214,-0.000433133653893872,-0.00216677595832533,-0.00389447975332845,-0.00561150840335957,-0.00731315786881627,-0.0089947624282548,-0.0106517135090124,-0.0122794679694386,-0.0138735676984312,-0.0154296402063048,-0.0169434199301715,-0.0184107615816523,-0.0198276396007859,-0.0211901719072364,-0.0224946244435403,-0.0237374195632088,-0.0249151525620249,-0.0260245945713775,-0.027062705236533,-0.0280266384701281,-0.0289137529276737,-0.0297216170172902,-0.0304480150565135,-0.0310909579085752,-0.0316486818555815,-0.0321196585435311,-0.0325025977699645,-0.0327964494893845,-0.033000407896864,-0.033113913698948,-0.033136656760345,-0.0330685732178785,-0.0329098516688306,-0.0326609260693292,-0.0323224788118127,-0.0318954372615149,-0.0313809736908835,-0.0307804962121777,-0.0300956503187823,-0.0293283153241439,-0.0284805927179241,-0.0275548060721467,-0.0265534934558142,-0.0254793993510545,-0.0243354685059904,-0.0231248359198127,-0.0218508194548098,-0.0205169101005324,-0.0191267664303944,-0.017684197922055,-0.0161931592259869,-0.0146577346558323,-0.013082135685284,-0.0114706787631658,-0.00982778229614888,-0.00815794954515315,-0.00646575604951331,-0.0047558393911236,-0.00303288815298633,-0.00130162547730442,0.000433206178775744,0.00216684959901449,0.00389455340272341,0.00561158250017629,0.00731322928521632,0.00899483167269475,0.0106517794281764,0.0122795313754824,0.0138736250545604,0.0154296924511001,0.0169434684744664,0.0184108033377614,0.0198276748821083,0.0211902008024002,0.0224946456424207,0.0237374336680275,0.024915159310965,0.0260245939358669,0.0270626970122546,0.0280266230998841,0.0289137289697041,0.0297215861219732,0.0304479780103015,0.0310909133430253,0.0316486315646061,0.032119603040019,0.0325025372795394,0.0327963837858032,0.0330003387652948,0.0331138418493555,0.0331365836680518,0.0330684995138093,0.0329097766961169,0.0326608525615775,0.0323224064057233,0.0318953670009654,0.0313809048610209,0.0307804301987115,0.0300955897979538,0.0293282579217609,0.0284805404952598,0.0275547606156544,0.02655345494919,0.0254793687579091
0.0251826813953481,0.0244013917000952,0.0235532194407178,0.0226404890671539,0.0216657044018177,0.0206315345054147,0.0195408140988175,0.0183965340297372,0.0172018309718646,0.0159599771166914,0.0146743789449355,0.0133485575096739,0.011986150581401,0.0105908885150619,0.00916659703562497,0.00771718067418752,0.00624661184319157,0.00475892027407008,0.00325818653999238,0.00174852044287857,0.00023406179190993,-0.00128103928201748,-0.00279262821465359,-0.00429656413576915,-0.0057887241971339,-0.00726501789244498,-0.0087213987578679,-0.0101538749420565,-0.0115585219361954,-0.0129314865231789,-0.0142690074634852,-0.0155674184319068,-0.0168231589254025,-0.0180327898369189,-0.0191929942983607,-0.0203005913281882,-0.0213525452721241,-0.0223459755368901,-0.0232781544318171,-0.0241465305883456,-0.0249487221003894,-0.025682531450963,-0.0263459453459402,-0.0269371477010657,-0.0274545170388559,-0.0278966345115912,-0.028262288453076,-0.0285504767576779,-0.0287604108961626,-0.0288915126828191,-0.028943425308545,-0.0289160061585662,-0.0288093296265932,-0.0286236874277496,-0.0283595902483053,-0.0280177609778015,-0.0275991360926755,-0.0271048630889568,-0.0265362984456528,-0.0258949981164384,-0.0251827225015394,-0.0244014213657742,-0.0235532383857224,-0.0226404969895457,-0.0216656996076386,-0.0206315190056823,-0.0195407884696098,-0.0183964982946804,-0.0172017846847279,-0.0159599223726452,-0.0146743150237652,-0.0133484868957253,-0.0119860721955063,-0.0105908042384615,-0.00916650817804559,-0.00771708752919125,-0.00624651479776434,-0.00475882155416829,-0.00325808460192201,-0.00174841866251985,-0.000233960327271347,0.00128113837831612,0.00279272547192737,0.00429665713447657,0.00578881168171594,0.00726509953673636,0.00872147371114864,0.0101539428657051,0.0115585806582587,0.0129315370125339,0.0142690481516092,0.0155674493716864,0.0168231805648375,0.018032800960618,0.0191929944815192,0.020300581118196,0.0213525247622342,0.0223459430086766,0.0232781130341033,0.0241464786934512,0.024948662009329,0.025682462328037,0.0263458685924624,0.0269370637911752,0.0274544258720172,0.0278965382129886,0.0282621886959872,0.0285503737537304,0.0287603052672382,0.0288914072841355,0.0289433202411201,0.0289159023756493,0.0288092282097934,0.0286235905544252,0.0283594982889995,0.0280176747077633,0.0275990572893907,0.0271047935236326,0.0265362370406712,0.0258949469829857
0.0247928162711374,0.0244015710350193,0.023943443014672,0.0234196875839782,0.0228317402997089,0.0221812133518853,0.0214698885015109,0.0206997160845548,0.0198728071164052,0.0189914278837915,0.0180579941478965,0.0170750644906811,0.0160453330448656,0.0149716221948958,0.0138568744405092,0.0127041457291625,0.0115165954430433,0.0102974790893885,0.00905013697829886,0.00777798957608472,0.00648452185618571,0.00517328000279616,0.00384785873479283,0.00251189019521705,0.0011690355303433,-0.000177023587829956,-0.00152259793117285,-0.00286399792663263,-0.00419755018338315,-0.00551959626794352,-0.00682651476011071,-0.00811472244227508,-0.00938068923145713,-0.0106209419213025,-0.0118320856973214,-0.0130107985740163,-0.0141538490558952,-0.0152581055932755,-0.0163205394756726,-0.017338241185446,-0.0183084197939026,-0.0192284152270456,-0.0200957073984569,-0.0209079177156014,-0.0216628209911479,-0.0223583475570055,-0.0229925905689444,-0.0235638128711277,-0.0240704470282097,-0.0245111050880169,-0.0248845805032749,-0.0251898470586337,-0.0254260709063739,-0.0255926016419527,-0.0256889849695812,-0.0257149558293096,-0.0256704428553225,-0.025555568863244,-0.0253706478528838,-0.0251161881653831,-0.0247928861476899,-0.0244016281375544,-0.023943486479552,-0.0234197182926285,-0.0228317572583844,-0.0221812155308089,-0.0214698777564222,-0.0206996923744218,-0.0198727706857589,-0.0189913791516372,-0.0180579347258219,-0.0170749937955438,-0.0160452516736773,-0.0149715316193907,-0.0138567748241636,-0.0127040380843659,-0.0115164810338192,-0.0102973593551205,-0.00905001179874377,-0.00777786215991449,-0.00648439309011228,-0.00517315127555228,-0.0038477309700898,-0.0025117648221147,-0.00116891484897807,0.000177139537679463,0.00152270739357097,0.00286409946867244,0.00419764290534376,0.00551968088178127,0.0068265873451629,0.00811478331413728,0.00938073681794162,0.0106209785275487,0.011832108097605,0.0130108070027921,0.0141538441162737,0.0152580861888885,0.0163205068258357,0.0173381947448061,0.0183083599228109,0.0192283444299039,0.0200956244081215,0.0209078245791578,0.0216627185239148,0.0223582364137578,0.02299247159616,0.0235636873918693,0.0240703168656813,0.0245109725022765,0.0248844447217674,0.0251897116085402,0.0254259364367094,0.0255924712214647,0.0256888591418324,0.0257148353833085,0.0256703302069718,0.0255554654475556,0.0253705559639822,0.0251161062475455
0.0233398575746704,0.0232896811208199,0.0231756702232375,0.0229981350561017,0.0227575642599027,0.0224546172719299,0.0220901229774521,0.0216650816884916,0.0211806576747189,0.0206381783615386,0.020039131929593,0.0193851584962914,0.0186780523360243,0.0179197501679888,0.0171123310225873,0.0162580082529375,0.015359121922334,0.014418136945146,0.0134376335365415,0.0124202969829528,0.0113689175716785,0.0102863757370034,0.00917563950060636,0.00803975250423261,0.00688182849275125,0.00570504217101291,0.00451261732867964,0.00330782332323247,0.00209396224643844,0.000874361824856269,-0.000347635165277513,-0.00156868154498005,-0.00278542771831674,-0.00399453992780854,-0.00519270204283614,-0.00637663355986745,-0.00754308759333594,-0.00868886677282979,-0.00981082983786444,-0.0109059016934198,-0.0119710817393415,-0.0130034497890657,-0.0140001770614313,-0.014958529386331,-0.0158758802682632,-0.0167497174311793,-0.0175776445138899,-0.0183573914778474,-0.0190868217597385,-0.0197639356103855,-0.0203868779562309,-0.0209539402285174,-0.0214635682994979,-0.0219143648666356,-0.0223050951958313,-0.0226346889262816,-0.0229022412146943,-0.0231070194482381,-0.0232484628332262,-0.0233261826132048,-0.023339966556948,-0.0232897768992116,-0.0231757517840163,-0.0229982033119072,-0.0227576171732639,-0.0224546537123661,-0.022090144981739,-0.0216650876855975,-0.0211806471789561,-0.0206381531359628,-0.0200390901999231,-0.0193851022398626,-0.0186779808761546,-0.0179196658194044,-0.0171122333669659,-0.016257897597676,-0.0153590011258838,-0.0144180070257071,-0.0134374941641363,-0.0124201522965097,-0.0113687669872578,-0.0102862219687951,-0.00917548279260718,-0.00803959634836014,-0.00688167311584678,-0.00570488937215856,-0.00451246981355486,-0.00330768257358206,-0.00209382996862391,-0.00087423792147039,0.000347748654005305,0.00156878181087713,0.00278551522178041,0.0039946125585055,0.0051927606161491,0.00637667593680565,0.0075431122355402,0.00868887424746498,0.00981081989286535,0.0109058764699191,0.0119710391674128,0.0130033909386673,0.014000102110423,0.0149584404252309,0.015875779185234,0.0167496024625227,0.0175775185276103,0.0183572547225978,0.0190866763942759,0.0197637840008494,0.0203867200462355,0.0209537793495185,0.0214634056551278,0.0219142031018407,0.0223049363904089,0.0226345341665144,0.0229020924534124,0.0231068782152463,0.0232483300922116,0.0233260620526208
0.021040975095466,0.0212762011925468,0.0214531091650866,0.0215712170859011,0.0216301999786984,0.0216298964203809,0.021570306509714,0.0214515941087437,0.0212740850687761,0.0210382654171043,0.0207447810334328,0.0203944358731001,0.0199881922109205,0.0195271606887966,0.0190126073412866,0.0184459408070386,0.017828715237391,0.0171626215004356,0.0164494858049013,0.015691262246639,0.0148900305315863,0.0140479859671295,0.013167435239676,0.0122507939847445,0.0113005731211944,0.0103193780787024,0.00930989756485162,0.00827489799848152,0.0072172170691315,0.00613975347596738,0.00504546053894349,0.00393733937518541,0.00281842299171683,0.00169178176942586,0.000560504133108555,-0.000572311625676796,-0.00170355941699716,-0.00283013759185576,-0.00394895943251694,-0.0050569570456578,-0.00615109426271977,-0.00722837232265045,-0.00828583805165483,-0.00932059162158587,-0.0103297987418466,-0.0113106912078624,-0.0122605818599203,-0.013176867281746,-0.0140570347491965,-0.0148986735336987,-0.0156994738795671,-0.0164572438302299,-0.0171699045032091,-0.0178355013796711,-0.0184522132204565,-0.0190183467114226,-0.0195323520043069,-0.0199928203032858,-0.0203984881649913,-0.0207482447331484,-0.021041131191337,-0.0212763457886397,-0.0214532411287693,-0.0215713341532168,-0.0216303020881361,-0.0216299815854757,-0.0215703746313954,-0.0214516446583816,-0.021274116320115,-0.0210382778204296,-0.0207447747723165,-0.0203944102758851,-0.0199881476068044,-0.0195270982320652,-0.0190125271590863,-0.0184458430962047,-0.0178286021158592,-0.017162493970347,-0.0164493449493517,-0.0156911106281979,-0.0148898693033403,-0.0140478153434783,-0.0131672586889624,-0.012250611899139,-0.0113003884472549,-0.0103191918602746,-0.00930971256627442,-0.00827471738631918,-0.00721704095107338,-0.00613958495018427,-0.00504530220624047,-0.00393719013779168,-0.00281828793635722,-0.00169166138736743,-0.000560398328058782,0.000572400594268302,0.00170362863919087,0.00283018785415177,0.00394899029437318,0.00505696864728632,0.0061510853682781,0.0072283429958432,0.00828578849441392,0.00932052413563085,0.0103297122048597,0.0113105889049754,0.0122604638993162,0.0131767339850313,0.0140568890688995,0.0148985147213301,0.0156993064751837,0.0164570672944746,0.0171697218362771,0.0178353153586422,0.0184520252534067,0.0190181592689511,0.0195321670559376,0.0199926400828121,0.0203983136658531,0.0207480788354405
0.0181366236728925,0.0185981851284504,0.0190087708555823,0.019367256110396,0.0196726568410335,0.0199241372652637,0.0201210073406419,0.02026272662145,0.0203489083796763,0.0203793158689451,0.0203538644967209,0.0202726251962834,0.0201358202427391,0.0199438240811506,0.0196971630303066,0.0193965135375871,0.0190426990813618,0.018636688799682,0.0181795968167386,0.0176726749744978,0.0171173138384755,0.0165150342199796,0.0158674880071294,0.0151764503517963,0.0144438130333639,0.0136715862265285,0.0128618855866951,0.0120169313088592,0.0111390386109546,0.0102306131774767,0.00929414601167506,0.00833220291644927,0.00734742033031024,0.00634249987935489,0.0053201926435516,0.00428330368293361,0.00323467278992903,0.00217717590035205,0.00111371000694469,4.71920163483732e-05,-0.00101945635136557,-0.0020833096507889,-0.00314145374960972,-0.00419098737638825,-0.00522903340438987,-0.00625274738565139,-0.00725932204706259,-0.00824599992591362,-0.00921007396246948,-0.0101489050754715,-0.0110599173600899,-0.0119406147820268,-0.0127885832425155,-0.0136014984095921,-0.0143771322741027,-0.0151133582751697,-0.0158081580611724,-0.0164596281831657,-0.0170659837404867,-0.0176255607162451,-0.0181368277785768,-0.0185983800431761,-0.0190089567719587,-0.0193674282508366,-0.0196728155524841,-0.0199242795643073,-0.020121132477742,-0.0202628329315721,-0.0203489949601635,-0.0203793799404903,-0.0203539078362956,-0.0202726454004989,-0.0201358179369358,-0.0199437993013026,-0.0196971153272876,-0.0193964449653985,-0.0190426089866103,-0.0186365793286963,-0.0181794690791507,-0.0176725309089402,-0.0171171540430211,-0.0165148603269724,-0.015867301922742,-0.0151762531186604,-0.014443608664792,-0.0136713755710585,-0.0128616721932077,-0.0120167151845203,-0.0111388234569208,-0.010230401747423,-0.00929394036125759,-0.00833200554326174,-0.00734723405032289,-0.00634232600936434,-0.00532003361410343,-0.00428316042448189,-0.00323454769087507,-0.00217707123783864,-0.00111362656122519,-4.71296383352542e-05,0.00101949664306025,0.00208332772593592,0.00314144820741508,0.00419095883415142,0.00522898311742428,0.00625267418628337,0.00725922900245301,0.00824588626931446,0.00920994242871597,0.010148756723066,0.0110597537354554,0.0119404380413089,0.0127883948751164,0.0136012996082218,0.0143769248705758,0.0151131460083724,0.0158079437162916,0.0164594134395273,0.0170657700761599,0.0176253515415294
0.0148706945458278,0.0154994135430922,0.0160856505154635,0.0166277973878195,0.0171243707131626,0.0175740077353135,0.0179754757398026,0.0183276757554018,0.0186296423666526,0.0188805437221978,0.019079698629063,0.0192265563200497,0.0193207169377041,0.0193619198428574,0.0193500519956597,0.0192851485166958,0.0191673850130341,0.0189970849935905,0.0187747151144154,0.0185008843101343,0.0181763435549109,0.0178019831427423,0.0173788273553294,0.016908037128216,0.0163909027635358,0.0158288421756166,0.0152233927433209,0.0145762193575616,0.0138890907450325,0.0131638920948672,0.0124026119721559,0.0116073358278664,0.0107802436807954,0.00992360298690355,0.00903976059478683,0.00813114018461081,0.00720023149842852,0.00624958694781675,0.00528181290697572,0.00429955987927997,0.00330552189494028,0.00230242325536943,0.00129301332545044,0.000280059440433577,-0.000733662914819134,-0.00174537427699201,-0.00275230074867564,-0.00375168460378536,-0.00474078360557576,-0.00571688942963585,-0.00667732497256515,-0.00761945718074012,-0.00854070474561869,-0.00943854275564434,-0.0103105100879203,-0.0111542148237957,-0.0119673464794262,-0.0127476746889127,-0.013493062863607,-0.0142014660552344,-0.0148709433728854,-0.0154996584437888,-0.0160858881756016,-0.0166280278939158,-0.017124588978846,-0.0175742118065812,-0.0179756643104427,-0.0183278452013277,-0.018629790501471,-0.0188806727913993,-0.019079803352319,-0.0192266365111717,-0.0193207706211231,-0.0193619475677107,-0.0193500550699811,-0.0192851253953169,-0.0191673360708763,-0.0189970115212548,-0.018774617948829,-0.0185007643283253,-0.0181762031293917,-0.0178018219280666,-0.0173786480401322,-0.0169078420038037,-0.0163906926948428,-0.0158286196621664,-0.0152231616680582,-0.0145759796148991,-0.0138888466579651,-0.0131636458331664,-0.0124023658504038,-0.0116070932452065,-0.0107800065365802,-0.00992337386702794,-0.00903954436456057,-0.00813093728470743,-0.00720004536237514,-0.00624941957938263,-0.0052816648666962,-0.00429943515569981,-0.003305419018814,-0.00230234501275662,-0.00129296033610474,-0.000280031141883729,0.000733664836369158,0.00174535085337449,0.00275225248009387,0.0037516105180584,0.00474068645744369,0.0057167694549116,0.00667718375860682,0.00761929511868144,0.00854052446296,0.00943834584674691,0.0103102978201125,0.0111539907238054,0.0119671118473262,0.0127474339243127,0.0134928169138208,0.0142012177858732
0.0114726671983826,0.0122122375104692,0.012918335394385,0.0135890256003009,0.0142224709381505,0.0148169341683692,0.0153707848700298,0.0158825071997846,0.0163506990809113,0.0167740734784539,0.0171514732406978,0.0174818619768166,0.017764334980316,0.0179981177698908,0.0181825692605776,0.0183171834357089,0.0184015915720637,0.0184355627252492,0.0184190024622614,0.0183519573109467,0.0182346110700688,0.0180672837921227,0.0178504359454738,0.0175846599255697,0.0172706863323308,0.0169093724759353,0.0165017112096791,0.0160488199131465,0.0155519376877959,0.0150124287604958,0.0144317697953864,0.0138115543820003,0.0131534801375325,0.0124593531392477,0.0117310738432052,0.0109706400972233,0.0101801350834261,0.00936172539042905,0.00851765514650884,0.00765023790950472,0.00676185137835154,0.00585492981257099,0.0049319602224552,0.00399547149143662,0.00304803071623672,0.00209223562636945,0.00113070528808204,0.000166076562093617,-0.000799008757345839,-0.00176190394306664,-0.00271996892774667,-0.00367057908272515,-0.00461112682101936,-0.00553903590927989,-0.00645176312584444,-0.00734680438185861,-0.00822170896089889,-0.00907407663798321,-0.00990157182411988,-0.0107019275504276,-0.0114729479784512,-0.0122125202023217,-0.0129186173183412,-0.0135893052572174,-0.0142227429236113,-0.0148171957663765,-0.0153710352767344,-0.0158827420366552,-0.0163509142725028,-0.0167742690098835,-0.0171516460280779,-0.0174820102372817,-0.0177644574408101,-0.0179982126692529,-0.0181826357544254,-0.0183172213996652,-0.0184016006077795,-0.0184355421226813,-0.0184189539380548,-0.0183518802756367,-0.0182345073805106,-0.0180671543984723,-0.0178502817935352,-0.0175844829210646,-0.0172704876835102,-0.0169091544286667,-0.0165014779207859,-0.0160485707625473,-0.0155516782319082,-0.0150121598959995,-0.0144314941416744,-0.0138112762538499,-0.013153202761051,-0.0124590777504554,-0.011730804779569,-0.0109703803374472,-0.0101798876314874,-0.00936149350161537,-0.00851744080597344,-0.00765004373571363,-0.00676167915640254,-0.00585478147218812,-0.00493183649637776,-0.00399537367158116,-0.0030479606450106,-0.00209219365151255,-0.00113069230132539,-0.000166091901111377,0.000798964319107654,0.00176183016189382,0.00271986840030896,0.0036704512205984,0.00461097403284309,0.00553885842892015,0.00645156353944706,0.00734658511539668,0.0082214713044201,0.00907382388582087,0.00990130827726403,0.0107016540452998
0.00814325775477991,0.00894271181906,0.00971765744504726,0.0104659672007762,0.0111855924809266,0.0118745596944778,0.0125309803272677,0.0131530557714368,0.0137390813568228,0.0142874494301638,0.0147966578624262,0.0152653112161828,0.0156921235494137,0.0160759251720827,0.0164156645621048,0.0167104120883996,0.0169593567634798,0.0171618165502535,0.0173172372079846,0.0174251940741183,0.0174853889738543,0.017497656687298,0.0174619648864264,0.0173784112340502,0.0172472236268389,0.0170687623620257,0.0168435144526692,0.0165721008499274,0.0162552631487943,0.0158938689179959,0.0154889111897413,0.0150414970382192,0.014552854376764,0.0140243223562396,0.0134573487682907,0.0128534887786048,0.0122143967434615,0.0115418245693058,0.0108376170851748,0.0101037018950791,0.00934209252103875,0.00855487653054204,0.00774421036892844,0.0069123175103257,0.00606147732881323,0.005194022838583,0.00431233085669197,0.00341881936699467,0.00251593621775729,0.00160615632359296,0.000691974034570872,-0.000224104784664527,-0.00113956879676638,-0.00205190948466779,-0.00295862482296573,-0.00385723056172492,-0.00474526377828762,-0.00562028902647712,-0.00647990795518942,-0.00732176591494805,-0.00814355347253789,-0.00894301815536764,-0.00971797056540457,-0.0104662838792245,-0.011185909075488,-0.0118748728116912,-0.0125312860504004,-0.0131533511975428,-0.013739361836144,-0.0142877132680503,-0.0147969021274266,-0.0152655327517999,-0.0156923202916363,-0.0160760951157774,-0.0164158062579646,-0.0167105228156698,-0.0169594362481121,-0.0171618642990653,-0.0173172534856501,-0.0174251771272121,-0.0174853397814322,-0.0174975770569237,-0.0174618554125039,-0.0173782712976523,-0.0172470573138888,-0.0170685691871296,-0.0168432982239708,-0.0165718620029362,-0.0162550047548704,-0.0158935941026932,-0.0154886213446793,-0.0150411973127571,-0.014552547122743,-0.0140240116039464,-0.0134570369587833,-0.0128531802209586,-0.0122140939167975,-0.0115415315274928,-0.0108373367106614,-0.0101034369134141,-0.00934184634557686,-0.00855465054665376,-0.00774400852571666,-0.00691214027524912,-0.00606132808211656,-0.00519390335539229,-0.00431224225649477,-0.00341876130377929,-0.0025159119348585,-0.00160616418886136,-0.000692016289073838,0.000224029694113879,0.00113946220976319,0.00205177129164133,0.00295845673958031,0.00385703514336406,0.00474504259212639,0.00562004398202434,0.00647964393630239,0.00732148423963501
0.00504454395132366,0.00586005589308725,0.00665950702285511,0.00744070762358392,0.00820151371726813,0.00893984208664711,0.00965366796397021,0.0103410348145355,0.0110000606315156,0.0116289348806985,0.0122259368576081,0.0127894299290128,0.0133178694334426,0.0138098068512113,0.0142638931039008,0.0146788838441229,0.0150536414446318,0.0153871388801514,0.0156784623381637,0.0159268117070447,0.0161315076005036,0.0162919866573293,0.0164078117703219,0.0164786640418066,0.0165043494297633,0.0164847964109494,0.0164200602646513,0.0163103162336768,0.0161558662714345,0.0159571340090094,0.0157146627008875,0.0154291174903129,0.0151012813233788,0.0147320523342935,0.0143224425523489,0.0138735744795118,0.0133866783468414,0.0128630894577624,0.0123042428304247,0.0117116687364331,0.0110869921948544,0.0104319264978264,0.00974826621554853,0.00903788525271754,0.00830273145517937,0.00754481935446867,0.00676622686737631,0.00596908611236036,0.00515558552508196,0.00432795194098277,0.00348845457463329,0.00263939739339804,0.00178310340435001,0.000921924033557643,5.82167073835658e-05,-0.000805649514420391,-0.00166730600649186,-0.00252439224383835,-0.00337455909755974,-0.00421547439328375,-0.00504483505182322,-0.00586036624442167,-0.00665983246040021,-0.00744104423696475,-0.00820185766622095,-0.00894018920038521,-0.00965401497016563,-0.0103413789934344,-0.0110003956268706,-0.0116292597455991,-0.0122262480822152,-0.0127897230540357,-0.0133181397227311,-0.0138100536803166,-0.0142641122083725,-0.0146790738536909,-0.0150538014630725,-0.0153872655070435,-0.0156785548109354,-0.0159268694289998,-0.0161315303846281,-0.0162919753898108,-0.0164077651470545,-0.0164785830495138,-0.0165042346170662,-0.0164846492377697,-0.0164198816467916,-0.0163101083171743,-0.0161556307934459,-0.0159568733115328,-0.0157143794704053,-0.0154288153934556,-0.0151009631970451,-0.0147317225323842,-0.0143221027261692,-0.0138732297240243,-0.0133863323756335,-0.0128627460852619,-0.0123039044058899,-0.0117113395624072,-0.0110866770257157,-0.0104316274400566,-0.00974798753606248,-0.00903762896136781,-0.00830250022839406,-0.00754461557154019,-0.00676605253720733,-0.00596894563169889,-0.00515547956139619,-0.00432788148993259,-0.00348842175154313,-0.0026394012366059,-0.00178314688453611,-0.000922003152340582,-5.83319365043424e-05,0.000805499231478909,0.00166712298923826,0.00252417796294928,0.00337431610445719,0.00421520659775058
0.00229489315687518,0.00309084163460428,0.00387831900014838,0.0046551696248293,0.00541925920229498,0.00616849887918229,0.00690083156477115,0.00761425096807161,0.00830680133182909,0.00897658540856883,0.00962176624392106,0.0102405751884582,0.0108313179587588,0.0113923752410865,0.0119222059762765,0.0124193609380056,0.0128824764238535,0.0133102831482063,0.0137016079758934,0.0140553770569235,0.0143706237936353,0.0146464800924036,0.014882192408689,0.0150771134288351,0.0152307104642267,0.0153425594751345,0.0154123563875218,0.0154399083220544,0.0154251397193095,0.0153680916774957,0.0152689197297289,0.0151278958419571,0.0149454063802904,0.0147219516085755,0.0144581437051761,0.0141547051393713,0.0138124692555679,0.0134323726572986,0.0130154561227491,0.012562865855518,0.0120758393140703,0.0115557113849186,0.0110039096471649,0.0104219458916533,0.00981141324300124,0.00917398805355019,0.00851141569842932,0.00782551326164478,0.0071181605011231,0.00639129630925808,0.00564691318663202,0.00488705028185775,0.00411379356653551,0.00332926011547554,0.0025356012767727,0.00173499295713852,0.000929628906290615,0.000121718391331099,-0.000686525481285836,-0.00149288693004933,-0.00229515470196715,-0.00309113154025593,-0.00387863297647386,-0.00465550287588003,-0.00541961046800377,-0.0061688615243471,-0.00690120324407359,-0.00761462721027027,-0.0083071789565465,-0.00897695887886391,-0.00962213271089528,-0.0102409315801673,-0.0108316587512993,-0.0113926948754439,-0.0119225035954259,-0.0124196326932178,-0.0128827200719219,-0.0133104940542453,-0.0137017865617832,-0.0140555209280175,-0.0143707302937584,-0.0146465494347352,-0.0148822239319654,-0.0150771076778242,-0.0152306650435952,-0.0153424764691331,-0.0154122353654907,-0.0154397515770718,-0.0154249483792342,-0.0153678676722508,-0.0152686654617774,-0.0151276131384206,-0.0149450993413788,-0.0147216230847431,-0.0144577965168645,-0.0141543444518469,-0.0138120979817163,-0.0134319938005578,-0.0130150764620335,-0.0125624867661812,-0.012075465227534,-0.0115553475925613,-0.0110035593667053,-0.0104216116634644,-0.00981110138549794,-0.00917370099289255,-0.00851115689847713,-0.007825286159352,-0.00711796776408128,-0.00639113965925685,-0.00564679333253708,-0.00488697243279493,-0.00411375552021786,-0.00332926313456775,-0.0025356461672166,-0.00173507827536665,-0.000929753715343951,-0.000121880495887668,0.000686327390471612,0.00149265520506552
-3.15849773675014e-05,0.000717743166629534,0.00146510647926009,0.00220845435975304,0.00294575032740666,0.00367497421967201,0.0043941257675775,0.00510123628377458,0.00579436557983162,0.00647161418690452,0.00713112597548518,0.0077710939159353,0.00838976299788459,0.00898543858288688,0.0095564867319315,0.0101013421685718,0.0106185130294888,0.0111065800241037,0.0115642049477366,0.0119901351829157,0.0123832024051939,0.0127423277175615,0.0130665280938364,0.0133549144750614,0.0136066956437312,0.0138211827108038,0.0139977866522939,0.0141360241181722,0.0142355140208103,0.0142959860051048,0.014317272953604,0.0142993173147705,0.0142421661388239,0.0141459784200829,0.0140110154932976,0.0138376483464535,0.0136263523211146,0.0133777055130282,0.0130923910693322,0.0127711897915633,0.012414980728943,0.0120247419131972,0.0116015428581387,0.0111465424042703,0.0106609897301407,0.0101462125976681,0.0096036239189239,0.0090347117378574,0.00844103455625443,0.00782421829781204,0.00718595771263989,0.00652799799350289,0.00585214511462183,0.0051602520032638,0.0044542134906096,0.00373596635641673,0.00300747941299506,0.00227075031195398,0.00152779599067636,0.000780655560851005,3.13758001947854e-05,-0.000717988820276568,-0.00146538340064376,-0.00220876218795282,-0.00294608415681434,-0.00367532937453855,-0.00439450076339867,-0.00510162456731966,-0.00579476380100586,-0.00647201829361695,-0.00713153212127176,-0.00777149610492793,-0.0083901572851666,-0.0089858207908659,-0.00955685247900744,-0.0101016883691229,-0.0106188356117003,-0.0111068746353397,-0.0115644705727749,-0.0119903676886097,-0.0123833988625659,-0.0127424870255405,-0.0130666478706466,-0.0133549942407636,-0.0136067349442001,-0.0138211798008336,-0.0139977419864235,-0.0141359374865881,-0.0142353876360627,-0.0142958202418403,-0.0143170694113733,-0.0142990769858019,-0.0142418928584822,-0.0141456742287413,-0.0140106838285803,-0.0138372935339839,-0.0136259771338003,-0.0133773145991111,-0.0130919872337985,-0.0127707780990933,-0.0124145651281957,-0.012024328555158,-0.011601134434781,-0.0111461446373129,-0.0106606053998511,-0.0101458499971626,-0.00960328577393869,-0.00903440008067402,-0.00844075424300602,-0.00782397335796734,-0.00718574991525835,-0.00652782886579533,-0.00585201827584019,-0.00516016696548318,-0.00445417171553529,-0.0037359703963192,-0.00300752650492439,-0.00227083935734741,-0.00152792761524444,-0.000780827069544952
-0.00190177109414868,-0.00121781565992176,-0.000530521703612466,0.000158227360835089,0.00084654373766017,0.00153254054144995,0.00221433889622255,0.00289006931322267,0.00355787936564718,0.00421593920152439,0.00486244462247793,0.00549562522086844,0.00611374434723183,0.00671510749515579,0.00729806685533705,0.00786102406836004,0.00840243596754149,0.00892081964888528,0.00941475231955872,0.00988288276650186,0.0103239241307365,0.010736671772153,0.0111199884548407,0.0114728284760962,0.0117942223905596,0.0120832902717979,0.0123392383916249,0.0125613666958566,0.0127490648460232,0.0129018184124186,0.0130192086480157,0.013100914067881,0.0131467107270938,0.0131564710687133,0.0131301711675796,0.0130678807010573,0.0129697712364257,0.012836110912925,0.0126672669210253,0.0124637009171543,0.0122259710797909,0.011954729718058,0.0116507190322741,0.011314772729051,0.0109478120041459,0.0105508413829158,0.0101249500975496,0.00967130569521887,0.00919115118119166,0.00868580144728524,0.0081566447786704,0.00760512888438066,0.00703276794300281,0.00644112733772038,0.00583183307728001,0.00520655357497731,0.00456700286534725,0.00391493273611303,0.00325213393618381,0.00258041962572173,0.00190163424869021,0.00121763663976893,0.000530302763089925,-0.000158483644177707,-0.000846834506435224,-0.00153286425591321,-0.00221468960268732,-0.00289044407111779,-0.00355827507826532,-0.0042163500345947,-0.0048628675688607,-0.00549605371209071,-0.00611417429884816,-0.0067155347051543,-0.00729848593758309,-0.00786143069724184,-0.00840282684465495,-0.00892118935249109,-0.00941509805838562,-0.00988319916818391,-0.0103242089301171,-0.0107369205300701,-0.011120201563823,-0.0114730023893526,-0.0117943549363045,-0.0120833803976513,-0.0123392837482732,-0.012561367268194,-0.0127490204313539,-0.0129017291249774,-0.0130190761072505,-0.0131007389824919,-0.0131464933747255,-0.0131562154159155,-0.0131298791903067,-0.0130675555814898,-0.0129694168826465,-0.0128357296269848,-0.0126668631822591,-0.0124632801020208,-0.0122255379977735,-0.0119542882402467,-0.0116502737986355,-0.0113143292767553,-0.0109473754238343,-0.010550417440039,-0.0101245424617305,-0.0096709196332598,-0.0091907907799532,-0.00868547127793316,-0.00815634795942688,-0.00760486905369878,-0.0070325469265342,-0.00644094934735616,-0.00583169819593211,-0.00520646352123221,-0.004566957457042,-0.00391493440850645,-0.0032521812682381,-0.0025805125586763
-0.0033174833424756,-0.00271010819054415,-0.00209530520424104,-0.00147475717073166,-0.000850167687144051,-0.0002232450739922,0.000404290017008376,0.00103071822733942,0.00165432198767878,0.00227339414716682,0.0028862355169738,0.00349116866268445,0.00408653368555723,0.00467069999814478,0.0052420662007039,0.00579906595365089,0.00634017219094697,0.00686390331464075,0.00736882120209384,0.00785354427286496,0.00831674117896514,0.00875714505661629,0.00917354758283156,0.0095648054429821,0.00992984824610886,0.0102676758955757,0.0105773607380628,0.0108580541355017,0.0111089860926191,0.0113294695332864,0.0115189011525621,0.011676759489466,0.0118026114357806,0.0118961143656723,0.0119570096741633,0.0119851319000972,0.0119804019819106,0.0119428342561678,0.0118725299900394,0.0117696829707194,0.011634574998212,0.0114675759039299,0.0112691435514681,0.0110398202291425,0.0107802359766483,0.0104911023652418,0.0101732111049328,0.00982743416621207,0.00945471809196029,0.00905608618993061,0.00863263134103795,0.0081855107254472,0.00771595531977022,0.00722524999859104,0.00671473816421501,0.00618582079352252,0.00563994777270129,0.0050786157864962,0.00450336289482335,0.00391576654077483,0.00331743711236745,0.00271001515772575,0.00209516591263448,0.00147457311947369,0.000849940848494653,0.000222979396348344,-0.000404593456178209,-0.00103105390591348,-0.00165468915538096,-0.00227378629803185,-0.00288664994990977,-0.00349160015691176,-0.00408697639527506,-0.00467115090514371,-0.00524251852070512,-0.00579951494033367,-0.00634061452947666,-0.00686433171561556,-0.00736923330718422,-0.00785393387267914,-0.00831710598603107,-0.00875747956248351,-0.00917384797398768,-0.00956507060222835,-0.00993007553902995,-0.0102678602042226,-0.0105775009688084,-0.0108581485747003,-0.0111090345459723,-0.0113294719511234,-0.0115188557715456,-0.0116766662185631,-0.0118024728865283,-0.0118959295719543,-0.0119567819956705,-0.0119848616171266,-0.0119800933102299,-0.0119424902325026,-0.0118721542793723,-0.0117692802349069,-0.0116341486803642,-0.0114671313914936,-0.0112686852408051,-0.0110393548741508,-0.0107797682139238,-0.010490637160759,-0.0101727538370381,-0.00982699039270519,-0.00945429345392664,-0.00905568374768891,-0.00863225478435924,-0.00818516748248992,-0.00771564631860868,-0.00722497815564978,-0.00671450687192226,-0.0061856331240049,-0.00563980626901926,-0.00507851917067285,-0.00450331384362163,-0.00391576571506257
-0.00430779143706816,-0.00378174383379496,-0.00324533005119194,-0.00270002211212518,-0.00214731276841081,-0.00158871638562549,-0.00102576499276679,-0.000460000713423679,0.00010702531870267,0.000673760091924522,0.0012386495906524,0.00180014510812952,0.0023567081587317,0.00290681343019404,0.0034489528190157,0.0039816417286641,0.00450341828398768,0.0050128526034244,0.00550855060612337,0.00598914943681575,0.00645333625155685,0.00689983486150651,0.00732742342183681,0.00773492979703371,0.00812123631311635,0.00848528297399931,0.00882607263091286,0.00914267376126957,0.00943421415812373,0.00969989802131522,0.00993899401701378,0.0101508501760688,0.010334882725939,0.0104905885044177,0.010617539684456,0.0107153898524188,0.0107838684041267,0.0108227884167188,0.010832044208468,0.0108116081883537,0.0107615368339721,0.0106819675546469,0.010573117909538,0.0104352865352179,0.0102688508675155,0.0100742666051723,0.00985206810408315,0.00960286391111333,0.00932733568806204,0.00902624141156606,0.00870040430123797,0.00835071914200623,0.0079781417486198,0.00758369750459946,0.00716846391618406,0.00673358114675338,0.00628024105371246,0.00580968600271215,0.00532320586437381,0.00482213421880204,0.00430784510129169,0.00378174861370865,0.00324528536621554,0.00269992809415275,0.00214717065237628,0.00158852711890899,0.00102553110690039,0.000459725588397927,-0.000107339157717288,-0.000674108125765524,-0.00123902852940522,-0.00180055170855294,-0.00235713651299007,-0.00290726012844134,-0.00344941203881822,-0.0039821086608977,-0.00450388698379714,-0.00501332027956928,-0.00550900885404934,-0.0059895966734427,-0.0064537635806906,-0.00690024069919696,-0.00732780207970226,-0.00773527678916916,-0.00812154886532317,-0.00848555936582932,-0.00882630887664983,-0.00914286574601559,-0.00943436090768337,-0.00969999808793576,-0.00993904611569514,-0.0101508521718415,-0.0103348352062697,-0.0104904910736186,-0.0106173946499628,-0.010715196228788,-0.0107836286541464,-0.0108225060448239,-0.010831721260076,-0.010811248817864,-0.0107611440719957,-0.0106815462487945,-0.0105726744789559,-0.0104348250543274,-0.0102683779328167,-0.0100737864567234,-0.00985158606510537,-0.00960238446471324,-0.00932686536730359,-0.00902578502881697,-0.00869996657384745,-0.00835030403676723,-0.00797775575906046,-0.0075833425505907,-0.00716814406061652,-0.00673330008182765,-0.00628000103569542,-0.00580948998980637,-0.00532305608741018,-0.0048220314923179
-0.0049207490078355,-0.0044755872905923,-0.00401816044737505,-0.00354971814978212,-0.00307154677703566,-0.00258495707325783,-0.00209128071898096,-0.00159187166931608,-0.00108809921799823,-0.000581342534449927,-7.29916479875207e-05,0.000435561481988169,0.000942921656494724,0.00144769941694743,0.00194851049809483,0.00244398127326455,0.0029327564695865,0.00341349557050307,0.00388488029245709,0.00434561821486778,0.00479444636620519,0.00523013588847294,0.00565149043379375,0.006057356368142,0.00644662191459475,0.00681821805433242,0.00717112701516032,0.00750438168742295,0.00781706833385504,0.00810833003009179,0.00837736873601904,0.00862344528454214,0.00884588703249581,0.00904408300216273,0.00921748933165105,0.00936563285428645,0.00948810403093246,0.00958456932910807,0.00965476465886721,0.0096984952033911,0.00971564179258126,0.00970615766382609,0.00967006790725331,0.00960747132909964,0.00951853957829541,0.00940351716018819,0.00926271734097072,0.00909652778287813,0.00890540290993091,0.00868986777771394,0.00845051285069826,0.0081879927661059,0.00790302705925843,0.00759640067117464,0.00726894940358534,0.00692157392515746,0.00655522459169919,0.00617090643852269,0.0057696739700905,0.00535262444409171,0.00492090219956139,0.00447569360688833,0.00401821547866558,0.00354972351395525,0.00307150130139259,0.0025848603539033,0.00209113462883842,0.00159167829864595,0.00108785949251537,0.000581061284493792,7.26699950146346e-05,-0.000435919093452322,-0.000943310940632957,-0.00144811663281681,-0.00194895056376477,-0.00244444088022521,-0.00293322838440297,-0.00341397490431444,-0.00388536046957867,-0.00434609599208319,-0.00479491531053776,-0.00523059104990213,-0.00565192808971859,-0.00605777200613438,-0.00644700924809744,-0.00681857454019869,-0.00717144786585291,-0.00750466377044935,-0.00781730962138562,-0.00810852672246069,-0.00837751860547301,-0.00862354707041917,-0.00884593866091505,-0.0090440836899223,-0.00921743889465216,-0.00936553066154342,-0.00948795235829536,-0.00958436917301667,-0.00965451605680596,-0.00969820367351914,-0.00971530911978818,-0.00970578830329558,-0.00966966579832577,-0.00960704187018055,-0.00951808781718872,-0.00940304762700436,-0.00926223543230369,-0.009096038756118,-0.00890491272341361,-0.0086893815623319,-0.0084500337932863,-0.00818752807829952,-0.00790258260671717,-0.0075959779904611,-0.00726855479589733,-0.00692121113161987,-0.00655489714521755,-0.00617061846663303,-0.00576942640224298,-0.00535242337277083
-0.00521548090158628,-0.00484689049512778,-0.00446501477909013,-0.00407090207506339,-0.0036656323228127,-0.00325031491870757,-0.00282608692557986,-0.00239411449206581,-0.0019555785035282,-0.00151168056097978,-0.00106363951571063,-0.000612682666132347,-0.000160043876535238,0.000293033467091853,0.000745311256109259,0.00119554610011153,0.00164250613755832,0.00208496605044863,0.00252171284440707,0.00295154926018879,0.00337329844775834,0.00378580310777348,0.00418793403787336,0.00457858648716843,0.00495669065402175,0.0053212100490649,0.00567114543254067,0.00600554002091992,0.00632347301684788,0.00662407571304501,0.00690652404598251,0.00717004180173458,0.00741390937933132,0.00763745542429582,0.00784006862546959,0.00802119465304914,0.00818033440161274,0.00831705271860318,0.00843097381534696,0.00852178629642686,0.0085892410587801,0.008633151171889,0.00865339827885382,0.00864992521035726,0.00862274210655855,0.00857192353457147,0.00849760647524115,0.00839999851375647,0.00827936408222913,0.00813603456303859,0.00797040373150104,0.00778292382122818,0.00757411069828162,0.00734453433531277,0.00709482554164016,0.00682566836065285,0.00653780073130945,0.0062320118293981,0.00590913875575559,0.00557006818805766,0.00521573010620872,0.00484709358217641,0.00446517024514226,0.00407100826176004,0.00366568690120736,0.00325031634579688,0.00282603904941077,0.0023940143401782,0.0019554296780559,0.00151148369839397,0.00106339530093886,0.000612395477613785,0.000159717405661546,-0.000293398151733118,-0.000745706951914342,-0.00119596937670318,-0.00164295330350618,-0.00208543031225402,-0.00252219065432393,-0.00295203433879269,-0.00337378390241053,-0.00378628609368156,-0.00418840710634096,-0.00457904520719238,-0.00495713178346795,-0.00532162830537453,-0.00567153822809989,-0.00600589864473644,-0.00632379746747908,-0.00662436134939528,-0.00690676695437408,-0.00717024032188799,-0.00741405904348224,-0.00763755617630836,-0.00784011854943021,-0.00802119167565153,-0.00818027930828035,-0.0083169460044959,-0.00843081622842345,-0.00852157982178744,-0.00858898719808856,-0.0086328544007925,-0.00865306170071631,-0.0086495531179637,-0.00862233827482119,-0.00857149240616901,-0.00849715414460881,-0.00839952697343849,-0.00827888074932149,-0.00813554439672919,-0.00796991110313985,-0.00778243378675312,-0.00757362810328946,-0.00734406528398578,-0.00709437509261956,-0.00682524087161141,-0.00653740100201716,-0.00623164441812815,-0.00590880751955134,-0.00556977668357496
-0.00525528326444892,-0.00495631461066942,-0.00464376397190484,-0.00431848556007864,-0.00398137136114691,-0.00363334405545125,-0.00327535880681567,-0.00290839667036035,-0.00253346128829499,-0.00215158317319229,-0.00176380565310672,-0.00137119392612642,-0.000974822891891167,-0.000575778364819361,-0.000175154076848425,0.000225949961731933,0.000626437692671698,0.00102520964296477,0.00142117431644725,0.00181324474643323,0.00220034574717981,0.00258141929577159,0.00295541873752596,0.00332131919552662,0.00367811742987319,0.00402483544641953,0.00436052271785844,0.00468426072661865,0.0049951603632585,0.00529236939096011,0.00557507505885032,0.00584249996245451,0.00609391315194455,0.0063286239490691,0.00654598892212548,0.0067454133862649,0.00692634924034362,0.00708830168986953,0.00723082440745917,0.00735352983653472,0.00745607815580193,0.00753819160428216,0.00759964057168078,0.0076402587600497,0.00765993386716094,0.00765861332814788,0.00763629985586115,0.00759305425030934,0.00752899442650508,0.00744429747494917,0.0073391939013528,0.00721397270694344,0.00706897654711978,0.0069046032147546,0.0067213014088932,0.00651957643392897,0.00629997931859117,0.00606311228288763,0.00580962506908891,0.00554021155363752,0.00525561210672733,0.00495660525161738,0.00464401067758181,0.00431868657531713,0.00398152428997976,0.0036334473088205,0.00327541086083149,0.00290839668365722,0.00253341018851214,0.00215148003509617,0.00176365381802711,0.00137099357476243,0.000974575396515025,0.00057548759019907,0.000174824117354696,-0.00022631779676393,-0.000626835953753267,-0.00102563467773469,-0.00142162096879099,-0.00181370802053281,-0.00220082165042334,-0.00258190041564532,-0.00295590200622696,-0.00332179847915326,-0.00367858782781746,-0.00402529275621931,-0.00436096189860053,-0.00468467707573098,-0.00499554942911398,-0.00529272722792985,-0.00557539664029529,-0.00584278295778504,-0.0060941527091976,-0.00632881954428189,-0.00654613641057692,-0.00674551032998793,-0.00692639512253342,-0.00708829530223847,-0.00723076707853568,-0.00735342036745292,-0.00745591984699697,-0.00753798312649067,-0.00759938716513429,-0.00763996320126438,-0.00765960013569648,-0.0076582441002337,-0.00763589837673676,-0.00759262599252753,-0.00752854452944036,-0.00744382872400956,-0.00733871363968561,-0.00721348402375456,-0.00706848599104379,-0.00690411355934327,-0.00672082141951297,-0.00651910977196083,-0.00629953044616362,-0.00606268638259083,-0.00580922681651335,-0.00553984560777165
-0.0051021132560888,-0.00486428983366197,-0.00461313556722599,-0.00434933793946407,-0.00407362062261628,-0.00378673829438836,-0.00348947594328629,-0.00318265204448209,-0.00286710354794282,-0.00254369686317955,-0.00221331844493279,-0.0018768727773196,-0.00153528217803067,-0.00118948189142756,-0.000840421614620873,-0.000489056232786513,-0.000136349123750594,0.000216733710733667,0.000569224543414945,0.000920154713759377,0.00126856560421228,0.00161350092236543,0.00195401695600312,0.00228917655485405,0.00261806490561078,0.0029397785321057,0.00325343505251868,0.00355817569919618,0.0038531649435221,0.00413759624370667,0.00441068633235794,0.00467168877962583,0.00491988859257154,0.00515460447625088,0.00537519206613609,0.00558104874264964,0.00577160970281303,0.00594635056085956,0.00610479527910177,0.0062465049129519,0.00637109532608328,0.00647822216432999,0.00656759280664433,0.00663896245416878,0.00669213370856867,0.00672696074896742,0.00674334998832799,0.00674125495171455,0.00672068000597068,0.00668168380372975,0.00662437164878947,0.00654890076692149,0.00645547904981005,0.00634436123769068,0.00621585186088047,0.00607030288512395,0.0059081149179112,0.00572972971491937,0.00553563850373478,0.00532637215184262,0.00510250402624779,0.00486464942160793,0.00461345816125293,0.00434962094483682,0.00407386084172506,0.0037869327135639,0.00348962312419964,0.00318274885220376,0.00286715119331232,0.00254369256881734,0.00221326228512015,0.00187676544032381,0.00153512519124454,0.00118927876117922,0.000840172464564845,0.000488764688804987,0.000136020068829293,-0.000217098702125071,-0.000569618043183213,-0.00092057389354848,-0.00126900560984796,-0.0016139574081353,-0.00195448307129096,-0.00228965080465017,-0.0026185387733721,-0.00294024929765643,-0.00325389698414503,-0.00355862478407053,-0.00385359674452504,-0.00413800422742421,-0.00441106739442541,-0.00467203915417078,-0.00492020291983104,-0.00515488019553977,-0.00537542565858602,-0.00558123698882467,-0.00577174957318316,-0.00594644108876308,-0.00610483455097434,-0.00624649569070796,-0.00637103449504075,-0.00647811205613945,-0.00656743391126647,-0.00663875702385654,-0.00669188418507465,-0.00672667099519821,-0.00674302082887576,-0.00674089006810207,-0.00672028575363344,-0.00668126237028309,-0.00662392801520159,-0.00654844000661363,-0.00645500602775527,-0.00634387935588094,-0.00621536810848117,-0.0060698225055491,-0.00590763994463402,-0.00572926891197419,-0.00553519603681932,-0.00532595278745044
-0.00481264764756626,-0.004626863091854,-0.00442839992428958,-0.00421779825027322,-0.00399563864303188,-0.0037625281184154,-0.00351910563338281,-0.00326603730961283,-0.00300401892275077,-0.00273376573927891,-0.0024560201851416,-0.00217154375381116,-0.00188111533894061,-0.00158553029505967,-0.00128559832854584,-0.000982141038975315,-0.000675992101652316,-0.000367988834360773,-5.89752914211554e-05,0.000250200448850441,0.00055869237674922,0.000865654918577074,0.00117024587875234,0.00147163170881695,0.00176898429526749,0.0020614898657482,0.00234834613198392,0.00262876836549117,0.00290198573693206,0.00316725143626136,0.00342383634394232,0.00367103854305957,0.00390818134066585,0.00413461244784143,0.00434971205595339,0.00455289139818175,0.0047435924291574,0.00492129242538591,0.00508550549369938,0.00523577908861341,0.00537170296014046,0.00549290313022752,0.00559904847418767,0.00568984680468337,0.00576505000011399,0.00582445002182051,0.00586788562633482,0.00589523709537494,0.00590642860304572,0.00590143055259798,0.00588025667009638,0.00584296354505462,0.00578965288122899,0.00572047224111412,0.00563561123611303,0.00553530023817671,0.0054198162072104,0.00528947398949868,0.00514463223533108,0.00498568696778665,0.0048130751930543,0.00462726891285246,0.0044287775294552,0.00421814386737198,0.00399594892281992,0.00376279777756586,0.00351933379727657,0.00326622252950488,0.00300415549660834,0.00273385495808525,0.00245605992642165,0.00217153321103045,0.00188105365611533,0.00158541907245022,0.00128543917813171,0.000981936797761384,0.000675745666965164,0.000367702350081227,5.86531485104471e-05,-0.000250555992551336,-0.000559076908280459,-0.000866061300025389,-0.00117067268104028,-0.00147207321723478,-0.0017694374775916,-0.00206194945203619,-0.00234880706116375,-0.00262922438686998,-0.00290243477391361,-0.00316768689482074,-0.00342425404508938,-0.00367143519761342,-0.00390854905304077,-0.00413495040402769,-0.00435001496467212,-0.00455315672462467,-0.00474381519307783,-0.00492147114363069,-0.00508563823588,-0.00523586456889207,-0.00537173865188445,-0.00549289143156,-0.00559898747881409,-0.00568973921200827,-0.00576489373765289,-0.00582425026508674,-0.00586764241837108,-0.00589495410447907,-0.00590610852080373,-0.0059010767764867,-0.00587987138270154,-0.00584255251396542,-0.00578922091951798,-0.005720023185456,-0.00563514934039935,-0.00553483104443541,-0.00541934550191454,-0.00528900624929951,-0.00514417261024434,-0.00498524091263575
-0.00443581653718901,-0.0042930401134777,-0.0041384976081859,-0.00397261513662339,-0.0037958442474367,-0.00360867072255889,-0.0034116067949478,-0.0032051934361949,-0.00298999609145987,-0.00276660214054616,-0.00253562778239593,-0.00229770385904855,-0.00205348248229863,-0.00180363155528839,-0.00154883849821051,-0.00128979793746101,-0.00102722268480597,-0.000761829875733446,-0.000494348818969378,-0.000225511683554465,4.39455488335733e-05,0.000313282747127723,0.000581763879642053,0.000848651120407501,0.00111321360910816,0.00137472572593986,0.00163247172717831,0.00188574494013845,0.00213384969488773,0.00237610796871158,0.0026118540449265,0.00284044511705222,0.00306125027573003,0.0032736660650186,0.00347711205605263,0.00367102698755072,0.00385488243000148,0.00402817370223227,0.00419042327380109,0.00434118930750662,0.00448005661387419,0.00460664616810091,0.0047206085940917,0.00482163326924239,0.00490944219851576,0.0049837949519915,0.00504448664712568,0.00509135403508229,0.00512426193329499,0.00514312632458202,0.00514789149374741,0.00513854588790269,0.00511511549670164,0.00507766260586598,0.00502629202245358,0.00496114246577628,0.00488239311334373,0.00479025859479265,0.00468499452379121,0.00456688534245493,0.00443625696596163,0.00429346687774732,0.00413890663267403,0.00397300057617298,0.00379620378880979,0.00360899850463747,0.00341189964213101,0.00320544909926914,0.00299021057310038,0.00276677437903896,0.00253575383318012,0.00229778292770432,0.0020535129613824,0.00180361374264444,0.00154877113402263,0.00128968570197165,0.0010270640784972,0.000761629921887818,0.000494108553670633,0.000225233769580262,-4.42571627870241e-05,-0.000313624807658066,-0.000582131167027293,-0.000849042655914943,-0.00111362169027966,-0.00137515061237988,-0.00163290689484353,-0.00188618571245652,-0.00213429109236988,-0.00237654680015573,-0.00261228597079347,-0.00284086259957394,-0.00306165022874977,-0.0032740440627504,-0.00347746404501039,-0.00367134854832519,-0.00385517019090188,-0.00402842355581395,-0.00419063418083334,-0.0043413581316329,-0.00448018132391369,-0.00460672415694945,-0.00472064222988344,-0.00482161912987075,-0.00490938231632049,-0.00498368901881608,-0.0050443364079658,-0.00509115787968208,-0.00512402615540907,-0.00514285158329917,-0.00514758097359684,-0.00513820424912736,-0.00511474460567828,-0.00507726723373249,-0.00502587389295986,-0.00496070965213557,-0.00488194719162508,-0.0047898079242723,-0.00468454147116321,-0.0045664346563223
-0.00401166219998785,-0.00390343185571415,-0.00378450323767597,-0.00365520478269283,-0.00351588698876439,-0.00336693660004742,-0.00320875569323466,-0.00304178214404255,-0.00286647240466821,-0.00268330847866551,-0.00249278966102936,-0.00229543922218596,-0.00209179727549311,-0.0018824222254165,-0.00166788744877245,-0.00144878211351244,-0.00122570431353729,-0.000999266535304849,-0.000770090556064867,-0.000538801714736744,-0.000306036328028997,-7.24300995416477e-05,0.000161376643435668,0.000394741491133551,0.000627025756543648,0.000857592142294352,0.00108580959948167,0.00131105144511258,0.00153270272243015,0.00175015205160768,0.00196280675496759,0.00217008274233002,0.00237141239182698,0.00256624421017935,0.00275404182553607,0.00293429366081607,0.00310650292545165,0.00327020028792495,0.00342493404787226,0.00357028291234637,0.00370584436219291,0.00383125163003845,0.00394615826114786,0.00405024992072924,0.00414324117798833,0.00422487505093026,0.00429492943092856,0.00435321107585037,0.00439956143566509,0.00443385246486935,0.00445599038854505,0.00446591289080896,0.0044635953712732,0.00444904183287604,0.00442229199632475,0.00438342018826585,0.00433253234876773,0.00426976832579296,0.00419529772874675,0.00410932755053867,0.00401209228330105,0.00390385750138621,0.00378492069664115,0.0036556068732555,0.00351627260624021,0.00336729853877502,0.00320909320253639,0.00304209048025775,0.00286674806185977,0.00268354615312926,0.00249298665099336,0.00229559457988911,0.00209190884014786,0.00188248994591212,0.00166790883400838,0.00144875802433567,0.00122563636174754,0.000999155512113057,0.000769937586853193,0.000538608742009472,0.000305805868540138,7.2164536818141e-05,-0.000161672952931537,-0.000395065859007777,-0.000627375817274865,-0.000857964081850551,-0.00108619862896596,-0.00131145495721145,-0.00153311434940487,-0.00175057082253456,-0.00196322538326381,-0.00217049764502378,-0.00237182021902076,-0.00256663725067377,-0.00275441924868026,-0.00293464968386399,-0.0031068353331138,-0.00327050283113167,-0.00342520503448606,-0.00357051850121379,-0.00370604472568188,-0.0038314108670408,-0.00394627624954949,-0.00405032430697377,-0.00414327059966553,-0.00422485921709529,-0.00429486992461966,-0.00435310913703627,-0.00439941604021141,-0.0044336654878413,-0.00445576468964076,-0.00446565126231007,-0.00446329912870064,-0.00444871458565123,-0.00442193782513012,-0.00438304227002826,-0.00433213432230723,-0.00426935441603174,-0.00419487474699218,-0.00410889930135702
-0.00357122258216506,-0.00348996305143277,-0.00339913948857756,-0.00329900001879665,-0.00318981906176056,-0.00307189874947796,-0.0029455574133356,-0.00281114467644829,-0.00266902914939476,-0.00251959695691428,-0.00236326214703207,-0.00220045048071693,-0.00203160799467754,-0.00185719817619806,-0.00167769741269723,-0.00149359883533021,-0.00130540655314071,-0.00111363612324145,-0.000918812997793795,-0.000721469672281712,-0.000522149932527479,-0.000321398571093302,-0.000119763618868364,8.22011010194769e-05,0.000283938679562778,0.000484901170953502,0.000684535507827226,0.000882294994557293,0.00107763557246583,0.00127002408149506,0.00145893241215779,0.00164384446673214,0.0018242523457557,0.00199966034812458,0.00216958862528757,0.0023335716322963,0.00249116063878629,0.00264192092660278,0.00278544342799461,0.00292133093027859,0.00304921315819712,0.00316873797690156,0.00327957922228542,0.00338143255942108,0.00347401814009526,0.00355708258881992,0.00363039866888817,0.00369376385286225,0.00374700572058763,0.00378997528050612,0.00382255920152658,0.00384466248440853,0.00385622870435912,0.00385722460067378,0.00384764796478316,0.00382752350635162,0.00379690671255063,0.00375588178983003,0.00370456129862255,0.00364308606716367,0.00357162153901435,0.0034903660996411,0.00339954200972095,0.00329939798182678,0.0031902092946023,0.00307227579575067,0.00294591796869397,0.00281148546730482,0.00266934429374137,0.00251988403819043,0.00236351704093194,0.00220066924798113,0.00203178837875171,0.00185733850452228,0.00167779754796964,0.00149365703729562,0.00130542195563624,0.00111360958442036,0.000918744973006223,0.000721363283057176,0.000522004067526179,0.000321214977284887,0.000119546393822881,-8.24494724582584e-05,-0.000284219137421872,-0.000485207598723387,-0.000684864738262578,-0.000882644110429063,-0.00107800287778543,-0.00127040395066651,-0.00145932081168348,-0.00164423795636635,-0.00182464454160083,-0.00200004878286437,-0.00216996982076528,-0.00233394106255734,-0.00249151349122652,-0.00264225482265997,-0.00278575310445864,-0.00292161502686352,-0.00304946691098055,-0.00316895901314633,-0.00327976510556342,-0.00338158171031878,-0.00347412891163343,-0.00355715125556704,-0.00363042459090333,-0.00369374793383954,-0.00374694652052552,-0.00378987731515697,-0.00382241869102653,-0.00384448475554237,-0.00385601358987638,-0.00385697629299859,-0.00384736715878693,-0.00382721303463793,-0.00379657085937468,-0.00375552538239387,-0.00370418546590138,-0.00364269507056536
-0.00313715939114624,-0.00307634992804959,-0.00300711046453507,-0.0029296296596253,-0.00284412157911503,-0.00275081725560554,-0.00264997589484177,-0.00254187235649993,-0.00242680400841149,-0.00230508225621465,-0.00217704616985216,-0.0020430428832104,-0.00190344211307484,-0.00175862472054447,-0.00160898702912483,-0.00145494091155948,-0.0012969063968556,-0.00113531733231841,-0.000970616592880458,-0.00080325531098401,-0.000633692555357565,-0.00046239094245687,-0.000289821884362383,-0.000116458681512996,5.72257036811638e-05,0.000230753397797942,0.000403650007462702,0.000575441531037826,0.000745655496172256,0.00091382680952084,0.00107949536658774,0.00124220541421364,0.00140151175522868,0.00155697818230337,0.00170817753122891,0.00185469628995626,0.0019961320992087,0.00213209948254025,0.00226222189237607,0.00238614630204338,0.00250353017189969,0.00261405534030548,0.00271741610372058,0.00281332930480461,0.0029015329612146,0.00298178555258764,0.00305386582852675,0.0031175754157063,0.00317274104113401,0.00321921099630335,0.00325685675555115,0.00328557592007572,0.00330528895624047,0.00331594265631428,0.00331750792466622,0.00330997798484255,0.0032933754626424,0.00326774559899571,0.0032331581005931,0.00318970619976465,0.00313751009904681,0.00307671351737109,0.00300748203787817,0.0029300051407498,0.00284449528501898,0.00275118736004833,0.00265033756121208,0.0025422231440025,0.00242713724023994,0.00230539787390128,0.00217733621885619,0.0020433067975524,0.001903674331196,0.00175882445531699,0.00160915211354256,0.0014550676464304,0.00129699645435774,0.00113536944102999,0.000970628855522428,0.000803228551251108,0.000633627954555756,0.00046229028565562,0.00028968596338552,0.000116287175336834,-5.74286605396318e-05,-0.000230987647737056,-0.000403910778039243,-0.000575727475367277,-0.000745964179319902,-0.000914154327468593,-0.00107983798884661,-0.00124255913989769,-0.00140187383888717,-0.001557343977519,-0.00170854411050095,-0.00185505996458657,-0.00199648901384795,-0.00213244434512564,-0.00226255250259776,-0.00238645865325454,-0.00250382302972518,-0.00261432250618842,-0.00271765585455361,-0.00281353865332939,-0.00290170807232094,-0.00298192415506794,-0.0030539664671931,-0.00311763833975494,-0.00317276400781192,-0.00321919492280262,-0.00325680088442318,-0.00328548163866996,-0.0033051589197703,-0.00331577544222468,-0.00331730521452662,-0.0033097444819245,-0.00329311114937101,-0.00326745434861806,-0.00323284176232218,-0.00318937036507627
-0.00272484747906304,-0.00267907446086122,-0.00262595960170271,-0.00256564865823342,-0.00249830696213565,-0.00242411826387414,-0.00234328721071669,-0.00225603385868057,-0.00216259928647863,-0.00206323692195418,-0.00195822266138003,-0.00184784152814236,-0.00173239624532352,-0.0016122040200596,-0.00148759396386773,-0.00135890706113143,-0.00122649568265113,-0.00109072223527762,-0.000951960731468527,-0.000810590776100736,-0.000666998524168278,-0.00052157684182588,-0.000374725700024297,-0.00022684615928894,-7.8346744603723e-05,7.03704061737621e-05,0.000218894227574655,0.000366819914102291,0.000513740533197248,0.000659252985826229,0.000802959828249506,0.000944466654941154,0.00108338496680901,0.00121933515835119,0.00135194494636973,0.00148084939078983,0.00160569495703509,0.00172614217656004,0.00184185736400215,0.00195252557001169,0.00205784415150637,0.0021575223139602,0.00225129006562836,0.00233888774722386,0.0024200756567616,0.00249463224300028,0.00256235268024104,0.00262305013256417,0.00267655873651823,0.00272273228354888,0.00276144142650343,0.00279258356148824,0.00281607104761984,0.00283183962190644,0.00283984692208807,0.00284007025302004,0.00283250890082522,0.00281718240622399,0.00279413331225804,0.00276342518706503,0.00272514155833803,0.00267938559960908,0.00262628614529346,0.00256598635455995,0.00249865093891254,0.00242446655625783,0.0023436350257531,0.00225637910267896,0.00216293601777892,0.00206356273588937,0.00195853109692419,0.00184813062733666,0.00173266355049589,0.00161244483463761,0.00148780615792918,0.00135908931418711,0.00122664495949158,0.00109083925294835,0.000952042490770375,0.000810635839292498,0.000667007606952194,0.000521552016480306,0.000374666320963213,0.000226751739769118,7.82186717830425e-05,-7.05295518666185e-05,-0.000219083370626994,-0.0003670365673845,-0.000513982553561093,-0.000659517870630199,-0.000803246300984362,-0.000944769199743489,-0.00108370293149914,-0.00121966407229061,-0.00135227975725769,-0.00148118932503519,-0.00160603702104995,-0.00172648017552858,-0.00184219031559334,-0.00195284971362706,-0.0020581544737706,-0.00215781706981894,-0.0022515639701557,-0.00233913857378146,-0.00242029995601174,-0.00249482668365332,-0.00256251436670047,-0.0026231774736261,-0.00267665071709713,-0.00272278782089543,-0.00276146248217421,-0.00279256739927891,-0.00281601877530553,-0.0028317518013381,-0.00283972443192509,-0.00283991290333809,-0.00283231936038041,-0.00281696214277108,-0.00279388580361923,-0.00276315243892924
-0.00234369371053681,-0.00230861553878153,-0.00226721197167144,-0.00221959448769772,-0.00216589464377405,-0.00210626073979665,-0.00204085270970615,-0.00196985278148435,-0.0018934539966861,-0.00181186796853449,-0.00172531705366752,-0.00163403857681212,-0.00153828105847304,-0.00143830998934566,-0.00133439655014529,-0.00122682710145576,-0.00111589489014014,-0.00100190721780212,-0.00088517162427341,-0.000766010404385815,-0.000644751223228587,-0.000521723394914753,-0.000397264700398932,-0.000271718390794343,-0.000145427051416763,-1.8735882156734e-05,0.000108007228349966,0.000234455217501684,0.000360260659826905,0.000485078281382676,0.000608569029045702,0.000730389116901059,0.000850210656856688,0.000967700418240225,0.00108253953615648,0.0011944125467971,0.00130301245250967,0.00140804234661927,0.00150921109369395,0.00160624591480733,0.00169887937269827,0.001786856614641,0.00186993899165756,0.00194789646818189,0.00202051625936821,0.00208760112853856,0.00214896377532556,0.0022044363788474,0.00225386915712965,0.00229712596896849,0.00233408508933273,0.00236464775661157,0.00238873011560919,0.00240626427203546,0.00241720529148582,0.0024215184728424,0.00241919606816153,0.00241024090480586,0.00239467982195792,0.00237255520851618,0.00234392558947844,0.00230887054019571,0.00226748487159508,0.00221988467406153,0.0021661983061398,0.00210657314758561,0.00204117141383395,0.0019701770230285,0.00189377827203931,0.00181218822469436,0.00172562868746293,0.00163433916552435,0.00153856719063385,0.00143857730838938,0.00133464262585086,0.00122704896653972,0.00111609105748051,0.0010020737629193,0.000885307932739691,0.000766116619528947,0.000644823054830922,0.000521762337994841,0.000397272736852371,0.000271692832173325,0.000145369741472181,1.86462429332907e-05,-0.000108126772293575,-0.000234603514760268,-0.000360436246400033,-0.000485279684491183,-0.000608793638865506,-0.000730637128036775,-0.000850474770604108,-0.000967982483513386,-0.00108283473940805,-0.00119471911434019,-0.00130332605486741,-0.00140836004952915,-0.00150953181500425,-0.00160656493091649,-0.00169919270426458,-0.00178716222730678,-0.0018702314782029,-0.0019481737350616,-0.00202077337647089,-0.00208783382277033,-0.00214917107667571,-0.00220461717708675,-0.00225401919074559,-0.00229724283568324,-0.00233417046497573,-0.00236470046489624,-0.00238874742599235,-0.00240624835640879,-0.00241715366770985,-0.00242143417459937,-0.00241907833619873,-0.00241009214615524,-0.00239450058516121,-0.00237234760417738
-0.00199848897220836,-0.00197075344863897,-0.00193761533813045,-0.00189916715687449,-0.0018555138887995,-0.00180677819457756,-0.00175308884833994,-0.00169459756883284,-0.00163146019667576,-0.00156385445368886,-0.00149196178099532,-0.00141598225740778,-0.00133612239596873,-0.00125260271234159,-0.00116564922334094,-0.00107550208037834,-0.000982408343645479,-0.000886622866736951,-0.000788406740668759,-0.000688031045344818,-0.000585769802004852,-0.000481903150945328,-0.000376715726811009,-0.0002704952768878,-0.000163535379475901,-5.61248579760521e-05,5.14402198163426e-05,0.000158864362079465,0.000265852332794165,0.000372112210900766,0.000477352571723151,0.000581285653647017,0.000683625177772845,0.000784092259385298,0.000882409822432938,0.00097830802727956,0.0010715261936799,0.00116180954292101,0.00124890839354717,0.00133258405089886,0.00141260789752141,0.00148876316530389,0.00156083631438757,0.00162863443280352,0.00169196996517026,0.00175066865492666,0.0018045705669274,0.00185352839497095,0.00189740695463262,0.00193608473284472,0.00196945729760809,0.00199743162818775,0.00201993258948158,0.00203689649748472,0.00204827859395132,0.00205404611324745,0.00205418446444806,0.0020486922407708,0.00203758471967239,0.00202089174192611,0.00199865908721193,0.00197094787598492,0.00193783199215184,0.00189940485284427,0.00185577023746748,0.00180704882361595,0.00175337246211915,0.00169488908146804,0.00163176019982257,0.00156415689211028,0.00149226444667421,0.00141627979003503,0.00133641281302195,0.00125288066597632,0.00116591374322734,0.00107574819812977,0.000982634155813386,0.000886826099758949,0.000788584925605546,0.0006881826113697,0.000585894327728129,0.000481998676095085,0.000376781040798413,0.000270530362763621,0.000163539262291875,5.60990267024676e-05,-5.14943853372746e-05,-0.0001589480215479,-0.000265964274038119,-0.00037225140665853,-0.000477517357748967,-0.000581473797292341,-0.000683835559772627,-0.000784322070716544,-0.000882657620836012,-0.000978573597423537,-0.00107180553910199,-0.00116209867530752,-0.00124920398803881,-0.00133288709489392,-0.00141291098493097,-0.00148906401334176,-0.00156113244312566,-0.00162892205568012,-0.00169224489113265,-0.00175092655633148,-0.00180480891242338,-0.00185374428041297,-0.00189759782075057,-0.00193624963420593,-0.00196959342214973,-0.00199753841363495,-0.00202000873755985,-0.00203694105358218,-0.00204829138659938,-0.0020540270742972,-0.00205413389603224,-0.00204860960240849,-0.0020374721179928,-0.00202074889760086
-0.00169067604402329,-0.00166779090230998,-0.001640334470638,-0.00160838356845786,-0.00157202544249556,-0.0015313592861859,-0.00148649462360316,-0.00143755861173324,-0.00138468281622175,-0.00132801244151102,-0.00126770278570673,-0.00120392145355649,-0.00113683819055513,-0.00106664337426343,-0.000993523344142847,-0.000917683157037444,-0.000839328059031017,-0.000758673118869494,-0.000675938772423541,-0.00059135552439223,-0.000505148462229441,-0.000417557739061303,-0.000328823425239986,-0.000239188397903258,-0.000148898061785819,-5.81993031572606e-05,3.26603437994149e-05,0.000123430185035748,0.000213861006920068,0.00030370756925967,0.000392720529381058,0.000480657475163807,0.000567277847791023,0.000652343048949827,0.000735621214882653,0.000816881309738886,0.000895903575202162,0.0009724714189284,0.00104637417981574,0.00111740881448729,0.0011853823911075,0.00125010691072623,0.00131140711954104,0.00136911382306116,0.00142306848887236,0.00147312516917432,0.00151914390415014,0.00156100388188532,0.00159858286975598,0.00163178276660422,0.00166051024833836,0.00168468762863232,0.0017042484637094,0.00171913841299964,0.0017293159414996,0.00173475519308065,0.00173543948319473,0.00173136862291738,0.00172255039398911,0.00170901017309617,0.00169078670963693,0.00166792946588022,0.00164049723105754,0.00160857003173424,0.00157223193695933,0.0015315835924226,0.0014867382502136,0.00143781589934489,0.00138495066040305,0.00132828895314064,0.00126798405815259,0.00120420342097923,0.00113712055338929,0.00106692078383798,0.00099379313766974,0.000917940800493476,0.000839571646195708,0.00075890034063352,0.000676146724987394,0.000591538527814985,0.000505308755253228,0.000417694447700393,0.000328935056350418,0.00023927273706959,0.000148953833423294,5.82269418440677e-05,-3.26596483274331e-05,-0.000123457528744981,-0.000213916485749591,-0.000303788673075902,-0.000392827813448499,-0.000480790360712806,-0.000567434566949902,-0.000652521387019463,-0.000735820640566235,-0.000817101976772784,-0.000896142031397947,-0.000972724635109924,-0.00104664041218128,-0.00111768479282266,-0.00118566560640237,-0.00125039384451661,-0.00131169531796005,-0.00136939937713235,-0.00142334779596672,-0.00147339319798961,-0.00151939999254368,-0.00156124251066514,-0.00159880326272262,-0.00163198081014153,-0.00166068535431239,-0.00168483791266157,-0.00170437107310284,-0.0017192332099329,-0.00172938256677733,-0.00173479259002103,-0.00173544597288114,-0.00173134371228852,-0.00172249620758014,-0.00170892853453547
-0.00141943806160878,-0.00139964989882316,-0.00137602394810096,-0.00134862651741628,-0.00131753399918054,-0.00128283195908995,-0.00124461321428481,-0.00120298504040044,-0.00115805914960322,-0.00110996025048687,-0.00105882066217476,-0.00100477909047438,-0.000947984719619114,-0.000888594621167261,-0.000826767029820807,-0.000762676511122397,-0.000696495753137087,-0.00062840873186084,-0.000558597468386235,-0.000487256980683213,-0.000414581828719712,-0.000340770871919303,-0.000266027232772665,-0.000190553325098832,-0.000114556970536217,-3.82480924110698e-05,3.81663672299501e-05,0.000114477248293678,0.000190473501212542,0.000265948980668188,0.00034069381516479,0.000414504420902585,0.000487181457873584,0.000558521904506955,0.000628331135145343,0.000696418586135117,0.00076259629167473,0.0008266854735947,0.000888507729540686,0.000947896630946139,0.00100468852558754,0.0010587256653596,0.00110986361092584,0.00115795885744971,0.00120288153490037,0.00124450978760935,0.00128272844943124,0.00131743216690999,0.00134852631384457,0.00137592504646725,0.00139955405605842,0.00141934618903837,0.00143525091378255,0.00144722146376514,0.00145522650730055,0.00145924344109913,0.00145925972175733,0.00145527863928109,0.00144730649603107,0.00143536978479969,0.00141949871788998,0.00139973453176683,0.00137613549457148,0.00134876385218477,0.00131769473973816,0.00128301268696473,0.00124481363513987,0.00120320158807544,0.00115829301331615,0.00111020581307793,0.00105907607212679,0.00100504036542676,0.000948251899528418,0.000888860804307115,0.000827031567767359,0.000762935167377553,0.000696745643607933,0.000628644201868482,0.000558820676405867,0.000487462319784073,0.000414768470660536,0.000340935444167883,0.000266169379885203,0.000190671926201591,0.000114651657850678,3.83168052304637e-05,-3.81205754581035e-05,-0.000114457828310445,-0.000190479488668052,-0.000265979934343712,-0.000340751973689307,-0.000414589137994125,-0.000487289477788962,-0.00055865324654561,-0.000628484892224659,-0.000696594422627516,-0.000762793822727249,-0.000826900495598756,-0.000888740152007048,-0.000948142948804555,-0.00100494489131382,-0.00105899171860318,-0.00111013467793353,-0.00115823275101699,-0.00120315468957733,-0.00124477894695923,-0.00128298850395481,-0.00131768071753057,-0.00134876125680343,-0.00137614419653961,-0.00139975386212954,-0.00141952528751867,-0.00143540730602995,-0.00144735350039239,-0.00145533238340678,-0.00145932074874763,-0.001459311946508,-0.00145530320047246,-0.00144730380553939,-0.00143533828834718
-0.00118258942092715,-0.00116473635720086,-0.00114369185580366,-0.00111951149446066,-0.0010922635407525,-0.00106202237665378,-0.00102887059629789,-0.000992901056597601,-0.000954209872825527,-0.000912902262753078,-0.000869096214114432,-0.000822906866514321,-0.00077446439502326,-0.000723898247406364,-0.000671349681669456,-0.000616962358917244,-0.000560885811717423,-0.000503270817049274,-0.000444279210892732,-0.000384069622715001,-0.000322807732356905,-0.000260663133074075,-0.000197802394082222,-0.000134402755754507,-7.06331912748781e-05,-6.6710093195424e-06,5.73100287852671e-05,0.000121133860119643,0.000184626114372486,0.000247612228153077,0.000309920960806094,0.000371377341665824,0.000431817154967137,0.000491072912100635,0.000548982414869922,0.000605388585227426,0.000660134157072815,0.000713069910686719,0.000764051596740492,0.000812940694949425,0.000859600423145607,0.000903906112493005,0.000945733972751545,0.000984971404719323,0.00102151022968233,0.00105524921133437,0.00108609881809033,0.00111397166800214,0.00113879340747237,0.00116049532523133,0.00117901683541783,0.00119430731933321,0.00120632710232805,0.00121503853887053,0.0012204210963233,0.0012224603842445,0.0012211478704049,0.00121648911369041,0.00120849665130886,0.00119719304530541,0.00118260623900198,0.00116478043064218,0.00114376105051396,0.00111960647658536,0.00109238161248768,0.00106216351673766,0.0010290312068039,0.000993081319104152,0.000954406683766492,0.000913115373304327,0.00086932202890526,0.000823143200832734,0.00077470834208959,0.000724147714778677,0.000671601382836848,0.000617212195901134,0.000561130880376979,0.000503508620510677,0.000444505074150352,0.000384282105096891,0.000323007552134708,0.00026084408793793,0.000197967182905337,0.000134545774473195,7.07550466080975e-05,6.77227524705326e-06,-5.72324913374628e-05,-0.000121078135811604,-0.000184595242133811,-0.000247605287914443,-0.000309936438120107,-0.000371419411386738,-0.000431882816727011,-0.000491162744713421,-0.000549096142948383,-0.000605524007561852,-0.000660291813177187,-0.000713248518838109,-0.000764247842060597,-0.000813154215330265,-0.000859828419229966,-0.000904144904055008,-0.00094598289467915,-0.000985226159676832,-0.00102176827327091,-0.00105550849971127,-0.00108635388559005,-0.00111422091736921,-0.0011390337716658,-0.00116072159097363,-0.00117922960313078,-0.0011945028341999,-0.00120650243932895,-0.00121519408150292,-0.0012205548279452,-0.0012225702515054,-0.00122123550972862,-0.00121655006758531,-0.00120853267807357,-0.00119720078593199
-0.000977240075835089,-0.000960632399915534,-0.000941391291585628,-0.000919571888371154,-0.000895230613290872,-0.000868435906766744,-0.000839262602538855,-0.000807789020700298,-0.000774102916451267,-0.000738292727982064,-0.000700462493797223,-0.000660711511370067,-0.000619150817814528,-0.00057589412484433,-0.00053105881224132,-0.000484771147736752,-0.000437152434074995,-0.00038833740485469,-0.000338461144163516,-0.000287656729395907,-0.000236065643331189,-0.00018382503502553,-0.000131084259120553,-7.79838372289732e-05,-2.46704080675302e-05,2.87108883293343e-05,8.20130940510379e-05,0.000135091543005426,0.000187799255060427,0.000239993119493855,0.000291526735128136,0.000342262421780547,0.00039206011793975,0.000440783176672435,0.00048829587233899,0.000534471371175576,0.000579182647800247,0.000622305218979551,0.000663723236084563,0.000703320057043066,0.000740991251053611,0.000776632071876901,0.000810144742451829,0.000841436711472667,0.000870425252074169,0.000897028075806881,0.000921172027524349,0.00094279358877352,0.000961835153209742,0.000978237753415152,0.000991962178863892,0.00100296669666782,0.00101122420145032,0.00101671093395722,0.00101941065864945,0.0010193175959157,0.00101643214588788,0.00101076048214159,0.00100231916713623,0.000991129400930034,0.000977225757853642,0.000960641778961926,0.000941424973724786,0.00091962975496335,0.000895312899245586,0.000868540684934313,0.000839388167372343,0.000807934939210095,0.000774266103340882,0.000738474718847366,0.000700657050163939,0.000660921264014936,0.000619371692001189,0.000576122763523903,0.000531291660094875,0.00048500498040397,0.000437387063035311,0.000388570336131022,0.00033868539137611,0.000287870994740323,0.000236267566441342,0.000184013692019274,0.000131258692547331,7.81414659500626e-05,2.48099242494955e-05,-2.85904117137253e-05,-8.19131338731441e-05,-0.000135011138387098,-0.000187740947259864,-0.000239953974829562,-0.000291511968531502,-0.000342271260319263,-0.000392092379650292,-0.000440836733574782,-0.00048837448988933,-0.000534573522817498,-0.000579305758201609,-0.000622448926036597,-0.000663887782822704,-0.000703503020496418,-0.000741189858943221,-0.000776844479025812,-0.000810367771677988,-0.000841670559465692,-0.000870663883230389,-0.000897270055561495,-0.000921415209535918,-0.000943035427919521,-0.000962068711497508,-0.000978463170883253,-0.000992176609517356,-0.00100316866291942,-0.00101141018689952,-0.00101687968256577,-0.00101956153054833,-0.00101944862377194,-0.00101654128688897,-0.00101084794535252,-0.00100238203520848,-0.00099117059665666
-0.000800267818064426,-0.000784565483130444,-0.000766712521234583,-0.000746758265087518,-0.000724757823239798,-0.000700770725017011,-0.00067486396459088,-0.000647107333149157,-0.000617577825050613,-0.000586355403205839,-0.000553527970720991,-0.000519182193760133,-0.000483414484266576,-0.000446321458555466,-0.000408007921666214,-0.000368577299574592,-0.000328134209817547,-0.000286795174234802,-0.000244670943653691,-0.000201875418218727,-0.000158529128610514,-0.000114748204314272,-7.0654720584133e-05,-2.6364896208629e-05,1.79945527651901e-05,6.23033078337801e-05,0.000106444162325053,0.000150290619964458,0.000193726984774074,0.000236631991876963,0.000278888549979816,0.00032038023560139,0.000360992237108932,0.000400615513349939,0.000439139274972023,0.000476460697558266,0.00051247368321639,0.000547085254404744,0.00058019544445843,0.000611714723254802,0.000641558323756277,0.000669644018824309,0.000695895784846948,0.000720240237778622,0.00074261083152597,0.000762946366011873,0.000781192225575854,0.000797299181967635,0.00081122105038652,0.000822921374764935,0.000832367228918278,0.000839532163747664,0.000844395359828456,0.000846946746067282,0.000847176898483408,0.000845085625761438,0.000840679051009247,0.0008339674085389,0.000824972066482601,0.000813714783865182,0.000800228709539198,0.000784548868024819,0.000766719602060853,0.000746787856236257,0.000724811671204025,0.000700845834098636,0.000674959487515504,0.000647222450372527,0.000617711029964325,0.000586506455751776,0.000553694052457283,0.00051936382341955,0.000483609264998072,0.000446527739138932,0.00040822041130498,0.000368792955234707,0.000328352594889979,0.000287011803953529,0.000244882967970142,0.000202082197408043,0.000158725861203202,0.000114936484116798,7.08277609931973e-05,2.65271852802923e-05,-1.78470409572591e-05,-6.21734294485819e-05,-0.000106330466369067,-0.000150196281992765,-0.000193649941204813,-0.000236573353682893,-0.000278850134303822,-0.000320362915366894,-0.000360997175274794,-0.000400643315972211,-0.000439188969174671,-0.000476530922589166,-0.000512568078140796,-0.000547199217862781,-0.000580329460639052,-0.000611868009830545,-0.000641729209698026,-0.000669828523633123,-0.000696093500729097,-0.000720446669327614,-0.00074282718786224,-0.000763168219497344,-0.000781418799751109,-0.000797524553817968,-0.000811444854220318,-0.000823139172312798,-0.000832575512983258,-0.000839731699994094,-0.000844583263688002,-0.000847119857128109,-0.000847334352070745,-0.000845226627290412,-0.000840799665087946,-0.000834071507442462,-0.000825055263269278,-0.000813776440449654
-0.000648609642272762,-0.000633720157242448,-0.000617096022620507,-0.000598776797513407,-0.000578819593156847,-0.000557274835482502,-0.000534204220269504,-0.000509669612513841,-0.000483738232682586,-0.000456480357645549,-0.000427971819016078,-0.000398291820403611,-0.000367518697709006,-0.000335741622164457,-0.000303043569730032,-0.00026951406349745,-0.000235249346860673,-0.000200340460613603,-0.000164881742367037,-0.000128972901093284,-9.27111832356684e-05,-5.61955050916272e-05,-1.95262513941249e-05,1.71948681152076e-05,5.38679534658115e-05,9.03961191416383e-05,0.000126672466588715,0.000162604712710668,0.000198089400900974,0.000233031933847047,0.000267335637162776,0.0003009066427857,0.00033365204529625,0.000365482179235427,0.000396310962292679,0.000426051285078512,0.00045462593638645,0.000481952050635493,0.00050795979284465,0.000532573781106669,0.000555728486956617,0.000577360168729075,0.000597410165918075,0.000615823755743528,0.000632549665040486,0.000647542681771754,0.000660760467556635,0.000672167634694878,0.000681736562703916,0.000689436095203815,0.000695247952484519,0.000699154214314055,0.00070114563081595,0.0007012155067429,0.000699363881442,0.000695595826076381,0.00068992256709832,0.000682359398941695,0.000672924690935465,0.000661646397545798,0.000648556119791044,0.000633687611191194,0.000617082874145162,0.000598787364471509,0.000578850735588947,0.000557328206808271,0.000534275704001267,0.000509758921694867,0.000483845686026467,0.000456605087271639,0.000428112486889945,0.000398447716961404,0.00036768918031085,0.000335921133257611,0.000303231962696577,0.000269710130313631,0.000235447557761953,0.000200538083833133,0.000165078719765475,0.000129165248133676,9.2898134351567e-05,5.63741126191167e-05,1.96958833956476e-05,-1.70365986209513e-05,-5.37234527868311e-05,-9.02631507633439e-05,-0.000126555397602921,-0.000162501223423496,-0.000198003363573133,-0.000232962236814342,-0.000267285142570517,-0.000300874209963857,-0.000333639009274918,-0.00036548933612723,-0.000396340309326502,-0.000426100300546087,-0.000454696543585743,-0.000482043213501898,-0.000508068604207219,-0.000532700088675316,-0.000555871450212906,-0.000577520137352651,-0.000597581961149674,-0.000616006182395867,-0.000632740292469183,-0.000647741189861649,-0.000660963720132455,-0.000672375732774196,-0.000681942145020657,-0.000689639746225804,-0.000695444943465306,-0.000699344472569772,-0.000701326132830467,-0.000701383866987269,-0.000699519000072151,-0.000695738188976588,-0.000690049080766311,-0.000682468053045061,-0.000673016546496058,-0.00066172007538527
-0.000519425227237454,-0.000505419638182535,-0.000490028929353269,-0.000473293771995814,-0.000455263820929838,-0.000435985649135345,-0.000415510911532207,-0.000393900533058351,-0.000371207923194615,-0.000347500169085444,-0.000322838653553327,-0.000297293352711026,-0.000270932437447345,-0.000243831355574034,-0.000216061666190286,-0.000187700325582099,-0.00015882538088319,-0.000129515786616311,-9.98526200297018e-05,-6.99157185366735e-05,-3.97896282475088e-05,-9.55278814145631e-06,2.07102738510654e-05,5.09127320119792e-05,8.09775648330879e-05,0.000110820193752104,0.000140359013365925,0.00016951131743106,0.000198198947713548,0.000226344610115795,0.000253868849801052,0.000280697668574392,0.000306757182311425,0.000331976249694358,0.000356283229935805,0.000379614518504866,0.000401905433595804,0.000423090481160415,0.000443120372791159,0.000461933933973523,0.000479482290747652,0.00049571605106565,0.000510591687257369,0.000524068471988986,0.000536109042305353,0.000546682255293474,0.000555755230749895,0.000563306906149213,0.00056931514048287,0.0005737652552436,0.000576643853550943,0.000577941678294868,0.000577657091313608,0.00057578846204433,0.000572343929239004,0.000567330053648683,0.000560761555338442,0.000552655738284415,0.000543036307061464,0.000531928832825318,0.000519364024667833,0.00050537749975222,0.000490005983221402,0.000473290777588284,0.000455279897704736,0.000436019579073052,0.000415564624431848,0.000393968485220036,0.000371293275760429,0.00034760019574784,0.000322954870056163,0.000297424148805723,0.000271077002816906,0.000243987454551208,0.000216226362083984,0.000187871234172089,0.000159001987972907,0.000129694153933357,0.000100030315597467,7.00909098023345e-05,3.99600152539514e-05,9.71679140453742e-06,-2.0551791167671e-05,-5.07655116067104e-05,-8.08382061221555e-05,-0.000110691476980314,-0.000140242105663953,-0.000169407696868766,-0.000198111164921613,-0.000226271197522499,-0.000253812741904,-0.000280657297951589,-0.000306735706860212,-0.00033197083600851,-0.000356295929446828,-0.000379645890869732,-0.000401955961276355,-0.000423160620315135,-0.00044320806913633,-0.000462037257771481,-0.000479601825814617,-0.000495850939730726,-0.000510738212011953,-0.000524226406058744,-0.000536275687338917,-0.000546856589977542,-0.000555936822431582,-0.00056349251747097,-0.000569501167814917,-0.000573949356195381,-0.00057682382134609,-0.000578114412309182,-0.000577824134912732,-0.000575945304613705,-0.000572489644551131,-0.000567464652156814,-0.000560883610417309,-0.000552766189397815,-0.000543129358077294,-0.000532008111995813
-0.000410160182155416,-0.000397195769635687,-0.00038314189410772,-0.000368039092589612,-0.000351926366499423,-0.000334849837661477,-0.000316854736767412,-0.000297992872364667,-0.000278314061019861,-0.000257873820407337,-0.000236725637798306,-0.000214928887659571,-0.00019254272558813,-0.00016962953140365,-0.000146252760902772,-0.000122475381679797,-9.83629386284936e-05,-7.3982389271855e-05,-4.93990749537566e-05,-2.4680253983836e-05,1.05816698114177e-07,2.48896176131835e-05,4.96060003252804e-05,7.41836902931077e-05,9.85584362302517e-05,0.000122664386816376,0.000146432026073704,0.000169800750297913,0.000192702149778774,0.000215077503635471,0.000236860216071321,0.000257995356433532,0.000278421510390657,0.000298085363107332,0.00031693098818716,0.00033490759480919,0.000351967553914955,0.000368062166958577,0.000383146773255023,0.000397180156282973,0.000410127204212581,0.000421949769278325,0.000432615444667204,0.000442096045193793,0.000450364409447879,0.000457399825293449,0.000463183920431748,0.000467697865651309,0.000470930665119117,0.000472872240693444,0.000473521096213437,0.000472870734934228,0.000470927277293129,0.000467690415921019,0.0004631744726102,0.000457389435416742,0.000450350012099001,0.000442077197239746,0.000432593207820097,0.000421925009570408,0.000410098328251639,0.000397148710171359,0.000383112793149281,0.000368027332669148,0.00035193258558418,0.000334872680219359,0.000316893314784643,0.000298046806900528,0.000278383411378195,0.000257956583322296,0.000236822207829711,0.000215039158723577,0.00019266695240643,0.000169763154695184,0.000146394717363642,0.000122623965144102,9.85164469990535e-05,7.41369431819066e-05,4.95543772013349e-05,2.48339750045052e-05,4.57580597904909e-08,-2.47423501646495e-05,-4.94636585097652e-05,-7.40505461948927e-05,-9.84328691564528e-05,-0.000122547495814023,-0.000146326124102235,-0.000169703203588301,-0.000192617378104882,-0.000215003548788334,-0.000236801953256741,-0.000257950253481263,-0.000278391502734418,-0.000298071406106826,-0.000316934477180174,-0.000334928250642851,-0.000352002582294276,-0.000368114312571973,-0.000383215702422315,-0.000397264600163704,-0.000410226035651315,-0.000422061801417025,-0.000432739087809167,-0.000442229090692395,-0.00045050965298774,-0.000457551635555094,-0.000463340406230015,-0.00046785911566234,-0.000471093841119516,-0.000473036751087342,-0.000473681185587184,-0.000473027993727103,-0.000471076656198287,-0.000467833527394846,-0.000463308722287313,-0.000457513669155942,-0.000450463140352479,-0.000442178584829099,-0.000432682815442954,-0.000422000027146727
-0.000318532578378551,-0.000306798041935659,-0.000294225108222839,-0.00028084217109758,-0.000266693156624599,-0.000251808721848593,-0.000236237532678399,-0.00022001987236347,-0.000203197073719289,-0.000185818215337881,-0.00016793003295202,-0.000149581176868165,-0.000130825080126646,-0.000111708821911631,-9.22866344115075e-05,-7.26134655970122e-05,-5.27382489498228e-05,-3.27222401095068e-05,-1.26165119534736e-05,7.52301478891397e-06,2.76413509688208e-05,4.76837915369674e-05,6.75936788932169e-05,8.73195395769514e-05,0.000106804706272277,0.000125997652829169,0.000144844774064754,0.000163295281592493,0.000181298634842806,0.000198804543382212,0.000215764554837809,0.000232131670924973,0.0002478655170713,0.000262918361717508,0.000277250958186675,0.000290820242389213,0.00030359440256384,0.000315538132347135,0.000326614739789414,0.00033679612590436,0.000346053893792506,0.000354364214970295,0.000361703863170498,0.000368052463508047,0.000373391820559235,0.000377708392807574,0.000380990062209171,0.000383228000153012,0.00038441621517513,0.000384550801320699,0.000383634877323948,0.000381665834608645,0.000378652098384507,0.000374602317088585,0.00036952310491148,0.000363433966897448,0.000356347136870622,0.000348286199856053,0.000339269060917823,0.00032932218284735,0.000318474770200637,0.000306754732600106,0.000294193329296912,0.000280828129784269,0.000266690977444966,0.000251823255307116,0.000236265462090238,0.000220059283887739,0.000203249888146743,0.000185884734265409,0.00016800899426309,0.000149670485921567,0.000130925853584614,0.000111819940740229,9.24057586913e-05,7.27389480068575e-05,5.28687905519816e-05,3.28556003087334e-05,1.27510994988229e-05,-7.38859608451802e-06,-2.75093344245403e-05,-4.75560071231544e-05,-6.74716020772798e-05,-8.72013918519059e-05,-0.00010669326065898,-0.000125895373998393,-0.000144750602889509,-0.000163209459258053,-0.000181221328009098,-0.000198738109154968,-0.000215707280844609,-0.000232089829188397,-0.000247836262398537,-0.000262901551648447,-0.000277247768956271,-0.000290833892490346,-0.000303622686078102,-0.000315577394515429,-0.000326669647847589,-0.000336864071143047,-0.000346135204516035,-0.000354456946290812,-0.000361807190435103,-0.000368163278055284,-0.000373512143125075,-0.000377836166600788,-0.000381121923249019,-0.000383365537056875,-0.000384555724398449,-0.000384690999731962,-0.000383773027762083,-0.000381803194835705,-0.000378783843282102,-0.000374726272738163,-0.0003696408020349,-0.000363544783349846,-0.000356448326954724,-0.000348376577411371,-0.000339350154258033,-0.00032939273789559
-0.000242503507648281,-0.000232177069186713,-0.000221214272467409,-0.000209646266879293,-0.000197503133568809,-0.000184817398430002,-0.000171627333526221,-0.000157965105114731,-0.000143871294191636,-0.000129381869732554,-0.000114539952362992,-9.93825516925945e-05,-8.39536943001567e-05,-6.82954110067517e-05,-5.24499653289731e-05,-3.64627743415416e-05,-2.03733877940988e-05,-4.23011996464958e-06,1.19246046373793e-05,2.80471100954252e-05,4.40920711622212e-05,6.00141450185187e-05,7.57725908620575e-05,9.13223015056264e-05,0.000106621666312016,0.000121629474489452,0.000136302862133475,0.000150600458942541,0.000164488970457297,0.000177924604770699,0.000190873787836331,0.000203298808266392,0.000215166761783317,0.000226442827865297,0.000237098956457624,0.000247105632858245,0.000256434633280849,0.000265060309232704,0.000272959220723826,0.000280111431793873,0.000286494162126581,0.000292090552857242,0.000296888699917303,0.000300874528071063,0.000304033456652788,0.000306360102169401,0.000307848564452445,0.000308492001392192,0.000308292579588405,0.000307245250485313,0.000305361109007385,0.0003026374279573,0.000299086609649006,0.000294714458887698,0.000289535597069846,0.000283563614880343,0.000276815589659781,0.000269308681119,0.000261063366390982,0.000252102610980963,0.0002424526852585,0.000232136831635709,0.00022118588285396,0.000209630645690701,0.000197499115171232,0.000184827367080652,0.000171646809252473,0.000157996914963614,0.000143911357876525,0.000129435173162152,0.000114602869579665,9.94566565640838e-05,8.40360458581642e-05,6.83878884454633e-05,5.25488508661111e-05,3.65646995086441e-05,2.04821354641284e-05,4.3394588224142e-06,-1.18124350351124e-05,-2.7935727187884e-05,-4.39800946183199e-05,-5.99053014827433e-05,-7.56665886211818e-05,-9.1220241921535e-05,-0.000106527165914741,-0.000121537899909238,-0.000136218149009153,-0.000150527017432287,-0.000164421841881328,-0.00017786565441277,-0.000190822796960226,-0.000203258874103949,-0.000215138608374639,-0.000226426360518574,-0.000237093672083256,-0.000247112491629119,-0.000256454592808997,-0.000265090587914876,-0.000273003544624197,-0.000280164038005066,-0.000286558929187359,-0.000292166115714325,-0.000296973669352266,-0.000300966804273708,-0.000304133112133937,-0.000306466022140145,-0.000307960247411489,-0.000308607329524969,-0.000308408946787705,-0.00030736535076679,-0.000305477775755804,-0.000302750865872028,-0.000299195644537018,-0.000294820080638693,-0.000289635573844013,-0.000283658364638065,-0.000276902399199148,-0.000269389938944921,-0.000261134191968408,-0.000252164259878132
-0.000180223394788851,-0.000171435861327687,-0.00016218105987657,-0.0001524834139729,-0.000142365432555888,-0.000131857820173773,-0.000120990236433364,-0.000109790146335722,-9.82885785983863e-05,-8.65179398902336e-05,-7.45113384345246e-05,-6.2298715276154e-05,-4.99178494326132e-05,-3.73994382764749e-05,-2.47766241899306e-05,-1.20903002149381e-05,6.31645584423973e-07,1.33491103049471e-05,2.60334193096759e-05,3.86438869815897e-05,5.11460524384156e-05,6.35094100864747e-05,7.56992473560077e-05,8.76802150314011e-05,9.94219483881642e-05,0.000110888692031855,0.000122052834239527,0.000132881144648172,0.00014334601938108,0.000153418692332753,0.000163069690658499,0.000172275318320087,0.000181007197761537,0.00018924290786872,0.000196959672116385,0.000204135470717118,0.000210752693891498,0.000216792305576504,0.000222237763228937,0.000227072428801083,0.000231286366398274,0.000234866974812336,0.000237802422146601,0.000240085150677712,0.000241711135045375,0.000242676567192672,0.000242974840526547,0.000242608645565579,0.000241579388405359,0.000239885977224926,0.000237538183978839,0.000234537486590777,0.000230894932077205,0.000226620084214883,0.000221723645099573,0.000216221882586522,0.000210125941687272,0.000203454311604721,0.000196226164153024,0.00018845941536051,0.000180176469995753,0.000171400879487255,0.000162155517313485,0.000152467110933388,0.000142358632540198,0.000131863207304958,0.000121002569261232,0.000109812581763339,9.83196337035494e-05,8.65605688782206e-05,7.4559797583414e-05,6.23574652488612e-05,4.99831518354995e-05,3.7472832802615e-05,2.48569116179903e-05,1.217212297465e-05,-5.43426003879414e-07,-1.32603176568682e-05,-2.5940943544139e-05,-3.8551020917318e-05,-5.10579592735023e-05,-6.34223982708967e-05,-7.56134630256184e-05,-8.75983208322311e-05,-9.93426397616889e-05,-0.000110815452996142,-0.000121984376918565,-0.0001328199563586,-0.000143291875352127,-0.000153368699536833,-0.000163027983727975,-0.000172240149457697,-0.000180982456813468,-0.000189226596862553,-0.000196953948113082,-0.000204140964124604,-0.000210766145021638,-0.000216816353550658,-0.000222271081112979,-0.000227116519784648,-0.000231337284286839,-0.000234925251118369,-0.000237867362541748,-0.000240160529950896,-0.000241792991728705,-0.000242760333730316,-0.000243064539624423,-0.000242702912069296,-0.000241672304292067,-0.00023998167454803,-0.000237632227812176,-0.000234631442882623,-0.000230985589932943,-0.000226706510705159,-0.00022180736584607,-0.000216299106194179,-0.000210197761184973,-0.00020352087721432,-0.000196285622717615,-0.000188511819427941
-0.000129982652511795,-0.000122806406599771,-0.00011529673525685,-0.000107468045016129,-9.93485923064109e-05,-9.09550133878898e-05,-8.23117789391865e-05,-7.34435953410352e-05,-6.43740181052088e-05,-5.51276403454506e-05,-4.57304081986851e-05,-3.62072721390765e-05,-2.65855294571533e-05,-1.68913142938642e-05,-7.15214767549724e-06,2.60860734490764e-06,1.23612963912847e-05,2.20800634419536e-05,3.17349492393344e-05,4.13062476511199e-05,5.07617079703043e-05,6.00787900063458e-05,6.92301796854343e-05,7.81932602021277e-05,8.69398930433649e-05,9.5449425885239e-05,0.000103696636200057,0.000111660374355156,0.000119315589977223,0.000126646248492016,0.000133628697457811,0.00014024580325784,0.000146477404695196,0.000152307235312893,0.000157720460559116,0.000162700871117383,0.000167233567707197,0.000171307869127952,0.000174914407739616,0.000178041399414508,0.000180679761723401,0.000182823688666575,0.000184466041642069,0.000185603254473736,0.00018623044257311,0.000186347159427931,0.000185956747409071,0.000185052744399688,0.000183644823840777,0.000181734736482268,0.000179325839416577,0.0001764222902204,0.000173039384755749,0.000169182256140336,0.000164859928820146,0.000160086432388092,0.00015487547927553,0.000149239597230419,0.00014319587138909,0.000136758026247978,0.000129947095248517,0.00012277985212863,0.000115275911579928,0.000107457443568384,9.93433408030518e-05,9.09582760522957e-05,8.23243893035999e-05,7.34613615399784e-05,6.43979837092062e-05,5.51578843414129e-05,4.57685903950005e-05,3.62539445777852e-05,2.66386257311266e-05,1.6948541519897e-05,7.21272759316676e-06,-2.54244374524685e-06,-1.22911711354882e-05,-2.20072638423058e-05,-3.16635072642325e-05,-4.12337071716494e-05,-5.06890935950822e-05,-6.00089145011739e-05,-6.91627358899685e-05,-7.8127816803512e-05,-8.68774980826487e-05,-9.53924530114284e-05,-0.000103644295231342,-0.000111610976249942,-0.000119271092256898,-0.000126607782119238,-0.000133596672653194,-0.000140217023347279,-0.000146457007585064,-0.000152294987764812,-0.000157715607237792,-0.000162701600221482,-0.000167243383157262,-0.000171327525994236,-0.000174941434473277,-0.000178074165357726,-0.000180718636402261,-0.00018286912592349,-0.000184516236340789,-0.000185659017348961,-0.000186291112410043,-0.000186414292278502,-0.000186024864174717,-0.000185126384638209,-0.000183720123958912,-0.000181807355539052,-0.00017939968147103,-0.000176497339176909,-0.000173110562523908,-0.000169250719180964,-0.000164925286548153,-0.000160147482157954,-0.000154933513815432,-0.000149291970431059,-0.00014324213041446,-0.000136800070650219
-9.02023287186031e-05,-8.46323308239152e-05,-7.88315486006572e-05,-7.2813196779349e-05,-6.65964841107018e-05,-6.01951630509369e-05,-5.36300679685268e-05,-4.69176917040909e-05,-4.00786308074799e-05,-3.31274085393004e-05,-2.60853100849606e-05,-1.89736397696152e-05,-1.1809592319912e-05,-4.61370376063586e-06,2.5972134081801e-06,9.79749507764444e-06,1.69727519949805e-05,2.40990996252752e-05,3.11609568498701e-05,3.81380521055795e-05,4.50099266453888e-05,5.17557161881547e-05,5.83643910779413e-05,6.48065847832338e-05,7.10759339117522e-05,7.71495160076469e-05,8.30104942069155e-05,8.8642245725721e-05,9.40342017567155e-05,9.91660509030508e-05,0.000104028569624345,0.000108604585327106,0.000112882116574019,0.000116852417273981,0.000120498419122541,0.000123817162388008,0.000126796230187633,0.000129425263672247,0.000131702355411821,0.000133616096261453,0.000135165787252056,0.000136342915589646,0.000137146931712076,0.000137576340039857,0.000137627660650223,0.000137302931883201,0.000136599617577269,0.00013552560756591,0.000134078993284794,0.000132263506206401,0.000130088293538356,0.000127555733789146,0.000124673581476057,0.000121450631645939,0.000117892767458555,0.000114015093623837,0.00010982346517683,0.000105331593971523,0.000100551735358363,9.54948479906255e-05,9.01761470782279e-05,8.46114924699715e-05,7.88148288911141e-05,7.28029041014073e-05,6.65905462722399e-05,6.01973035258033e-05,5.36371470709057e-05,4.6930207552293e-05,4.00971754857065e-05,3.31504494196592e-05,2.61131735126262e-05,1.90070723938076e-05,1.18470749040135e-05,4.65524769405103e-06,-2.54981646966062e-06,-9.74889788376712e-06,-1.69223572421531e-05,-2.40480833431157e-05,-3.11091595759038e-05,-3.80846413335167e-05,-4.4958143021568e-05,-5.17056123401103e-05,-5.83120836697614e-05,-6.47600950643658e-05,-7.10317087499069e-05,-7.71048385065117e-05,-8.29692124876156e-05,-8.86078366789045e-05,-9.4002114212628e-05,-9.91379672080239e-05,-0.000104002882049598,-0.000108584569537055,-0.000112868429617339,-0.000116842559094176,-0.000120496676415875,-0.000123818114002105,-0.000126799676175152,-0.000129438548253975,-0.000131721644561329,-0.0001336416207294,-0.000135193494798268,-0.000136375810732512,-0.000137184973002449,-0.000137618262734978,-0.000137673621947287,-0.000137351575794772,-0.000136652300342798,-0.000135579988468895,-0.00013413516767294,-0.000132320338969167,-0.000130143718091187,-0.000127611129175247,-0.000124727730116857,-0.000121500676256567,-0.000117942672268158,-0.000114060743806954,-0.000109867358825842,-0.000105370509902618,-0.000100585394746426,-9.55264981481896e-05
-5.94164295551183e-05,-5.53651573938164e-05,-5.11629661929723e-05,-4.68208340929026e-05,-4.23494471451306e-05,-3.77634259442917e-05,-3.30719804972168e-05,-2.82912874823732e-05,-2.34347463390239e-05,-1.85112250911476e-05,-1.35411850013325e-05,-8.52940421460387e-06,-3.49691077691943e-06,1.54544861916841e-06,6.58434624059273e-06,1.16055683506939e-05,1.65954597593636e-05,2.153617576257e-05,2.64195648009795e-05,3.12280745709923e-05,3.59558583882391e-05,4.05839571576956e-05,4.50968982866678e-05,4.94888145149268e-05,5.37472003798415e-05,5.78534244516705e-05,6.18006308411997e-05,6.55825274043852e-05,6.91825052157328e-05,7.25927920622341e-05,7.58054116923162e-05,7.88081609813162e-05,8.15949764093472e-05,8.4161375251187e-05,8.64944362186743e-05,8.85906877015796e-05,9.04437706404476e-05,9.2049990792274e-05,9.33998205698125e-05,9.44991303938562e-05,9.53370913310598e-05,9.59139560985242e-05,9.62281853249115e-05,9.62783126932103e-05,9.60638006857926e-05,9.55882184813201e-05,9.48487998112011e-05,9.38523684146393e-05,9.25937364183457e-05,9.10849553339842e-05,8.9327957072411e-05,8.73220709111461e-05,8.50791935941778e-05,8.26053425338454e-05,7.99048892078613e-05,7.6983024752734e-05,7.38507673920923e-05,7.05170473053915e-05,6.6991200372788e-05,6.32792771519478e-05,5.93957398841129e-05,5.53503152557382e-05,5.11525049379444e-05,4.68145925981516e-05,4.23485276123833e-05,3.7764098275138e-05,3.30790519678784e-05,2.83036955347134e-05,2.34496560404045e-05,1.85290639267796e-05,1.3559551659021e-05,8.55380108693413e-06,3.52243773853591e-06,-1.51675938804359e-06,-6.55153958838057e-06,-1.15712734361645e-05,-1.65572747997765e-05,-2.15000891740117e-05,-2.63819852876259e-05,-3.11942309655436e-05,-3.5919234635619e-05,-4.05444714475117e-05,-4.5063456288152e-05,-4.9456152276794e-05,-5.37130722741442e-05,-5.78219961594388e-05,-6.17753175530561e-05,-6.55562010374503e-05,-6.91602214291897e-05,-7.25710584633483e-05,-7.57879734763604e-05,-7.87955480406488e-05,-8.15862298999169e-05,-8.41543386461733e-05,-8.64920621233327e-05,-8.85919959014951e-05,-9.04496171490885e-05,-9.2057875801977e-05,-9.34144828125586e-05,-9.45163825198269e-05,-9.53571295474427e-05,-9.59381829135322e-05,-9.62555346114245e-05,-9.63081732412994e-05,-9.6097093830574e-05,-9.56224310308585e-05,-9.48848477513235e-05,-9.38880219064849e-05,-9.26325886429213e-05,-9.11246452554176e-05,-8.93663670189427e-05,-8.73609970421224e-05,-8.51175499879485e-05,-8.26395598802712e-05,-7.993796864864e-05,-7.70156019648173e-05,-7.38814666054984e-05,-7.05458734325945e-05,-6.7017619530213e-05,-6.33022501574012e-05
-3.62805772588119e-05,-3.35895574000133e-05,-3.0809122461059e-05,-2.79423807635788e-05,-2.4999425472911e-05,-2.19880028237244e-05,-1.89153701816781e-05,-1.57925995865918e-05,-1.26232192258636e-05,-9.42345641939658e-06,-6.19752931402913e-06,-2.95169805005961e-06,2.9814318126722e-07,3.55332030371143e-06,6.79366969064246e-06,1.00162136948714e-05,1.32127671692867e-05,1.6373661149625e-05,1.94869627081497e-05,2.25470891214203e-05,2.55454079878284e-05,2.84724481104283e-05,3.13233229238908e-05,3.40889657945283e-05,3.67587258447499e-05,3.93294801276937e-05,4.17917909987813e-05,4.41396642549773e-05,4.63660119220223e-05,4.846710335862e-05,5.04343787443161e-05,5.22618801404211e-05,5.39494444691613e-05,5.54819596604462e-05,5.68703269202824e-05,5.80979072595479e-05,5.91684373478974e-05,6.00781198392303e-05,6.08219963842528e-05,6.1396730210606e-05,6.18019787232965e-05,6.20445273374422e-05,6.21099969409761e-05,6.20098236121377e-05,6.17395005838056e-05,6.12984058885514e-05,6.06879953526765e-05,5.99134112150605e-05,5.89752187471877e-05,5.78746121362805e-05,5.66140432774458e-05,5.52019647534399e-05,5.36379775918684e-05,5.19249847385658e-05,5.00708388683917e-05,4.80795927028232e-05,4.59563854060358e-05,4.37071994206798e-05,4.13396736597919e-05,3.88558083010623e-05,3.62685860979986e-05,3.35843666712247e-05,3.08019383423069e-05,2.79374112884394e-05,2.49969556124672e-05,2.19876211242805e-05,1.89180197736745e-05,1.57956786357181e-05,1.26325572694127e-05,9.43264392612855e-06,6.20835976875483e-06,2.96644870242865e-06,-2.82113711557657e-07,-3.53497175610174e-06,-6.77475722760109e-06,-9.99623951779486e-06,-1.31900729500854e-05,-1.6349978336046e-05,-1.94636167871304e-05,-2.25223036694525e-05,-2.55200951564854e-05,-2.84494958257126e-05,-3.13009835290514e-05,-3.40663895618404e-05,-3.67386337918544e-05,-3.93097511464396e-05,-4.17739298362604e-05,-4.41228160742566e-05,-4.63526126890311e-05,-4.84536834560751e-05,-5.04219669071055e-05,-5.22515671989236e-05,-5.39384687876009e-05,-5.54824803148407e-05,-5.68667652060492e-05,-5.8098297515287e-05,-5.91696651460686e-05,-6.00807120291566e-05,-6.08280032689317e-05,-6.14070427151515e-05,-6.18169426676986e-05,-6.20582096583999e-05,-6.21296652845786e-05,-6.203051111882e-05,-6.17610327561717e-05,-6.13188159640127e-05,-6.07132077012566e-05,-5.99400547962868e-05,-5.90001986609324e-05,-5.78998226251226e-05,-5.66431443390314e-05,-5.52278624788479e-05,-5.36619277404384e-05,-5.19475443213322e-05,-5.00932231973781e-05,-4.80998578517793e-05,-4.59800382391998e-05,-4.372561851647e-05,-4.13563504311049e-05,-3.88713147685589e-05
-1.96227769755549e-05,-1.80655466624285e-05,-1.64617385978691e-05,-1.48070438836294e-05,-1.31172431236396e-05,-1.13891166040153e-05,-9.62823242951394e-06,-7.84403000778124e-06,-6.03524462811811e-06,-4.21372173688138e-06,-2.37730477553181e-06,-5.38532027318416e-07,1.30916177845592e-06,3.14789903073478e-06,4.9767912514214e-06,6.79374412076369e-06,8.59251354747703e-06,1.03689267156918e-05,1.21131321553186e-05,1.38288908789404e-05,1.54999825729214e-05,1.71348130370991e-05,1.87209618381677e-05,2.02552176604541e-05,2.173392610458e-05,2.31533166804566e-05,2.45091265032871e-05,2.57962376182352e-05,2.70128614962793e-05,2.81587238119469e-05,2.92230024594273e-05,3.0211094168171e-05,3.11149934828593e-05,3.19325597213865e-05,3.2662077300106e-05,3.33027427248448e-05,3.38557431123182e-05,3.43142400402882e-05,3.46732992034005e-05,3.49409772141217e-05,3.51126360876063e-05,3.51902655497906e-05,3.51673752744479e-05,3.5054041779768e-05,3.48390869673577e-05,3.45290649672327e-05,3.41284387186539e-05,3.36306074505986e-05,3.30424431300681e-05,3.2362625766414e-05,3.15940204533339e-05,3.07410909723876e-05,2.98026548341392e-05,2.87815632196159e-05,2.76788188068547e-05,2.65077807784037e-05,2.52634341144704e-05,2.39447644140806e-05,2.25622555074398e-05,2.11184364757645e-05,1.96156910814953e-05,1.80619316498554e-05,1.64561879730188e-05,1.48034054597818e-05,1.31160432193896e-05,1.13900403998665e-05,9.63110016775047e-06,7.84803564142034e-06,6.04350769254495e-06,4.21984842767477e-06,2.38704356483337e-06,5.43971081644456e-07,-1.29796821167698e-06,-3.13312724826547e-06,-4.96664536146216e-06,-6.78194748866597e-06,-8.58160767974777e-06,-1.03546268394874e-05,-1.21010809223349e-05,-1.38143837908373e-05,-1.54888544509366e-05,-1.71219124841651e-05,-1.87082887753173e-05,-2.02424688109687e-05,-2.17231402129377e-05,-2.31389863047452e-05,-2.44971266857433e-05,-2.57888760488197e-05,-2.7005187551206e-05,-2.81496750373342e-05,-2.92179084138924e-05,-3.02053513758772e-05,-3.11093577340172e-05,-3.1927733427773e-05,-3.26631358214016e-05,-3.33062402981426e-05,-3.38558057194803e-05,-3.43138947812371e-05,-3.46787474151983e-05,-3.49487622275194e-05,-3.51219517099852e-05,-3.5200302242727e-05,-3.51795379053074e-05,-3.50621593585579e-05,-3.48533084749317e-05,-3.45434189586903e-05,-3.41416007645198e-05,-3.36443109221737e-05,-3.3055728586361e-05,-3.23770423246494e-05,-3.16106840078981e-05,-3.07538473155451e-05,-2.9816248063372e-05,-2.87963280602101e-05,-2.76962423062684e-05,-2.65202137141153e-05,-2.52717270375672e-05,-2.39548120099345e-05,-2.25708669707393e-05,-2.11249675236525e-05
-8.4688951970264e-06,-7.7592398586677e-06,-7.03172809060918e-06,-6.2850419286703e-06,-5.52426636134783e-06,-4.74351991715231e-06,-3.95492054287172e-06,-3.15032398178225e-06,-2.33920998337399e-06,-1.51816805060796e-06,-6.96172600746608e-07,1.26237572556838e-07,9.49583972686621e-07,1.76829833933702e-06,2.58429495524465e-06,3.39575831357051e-06,4.19485464098115e-06,4.98173201664868e-06,5.75158210769269e-06,6.51472876001661e-06,7.254924426606e-06,7.97721978952363e-06,8.67635204409706e-06,9.35010915197988e-06,1.00020266568889e-05,1.0620769033228e-05,1.12157708841543e-05,1.17804616796797e-05,1.23076516139622e-05,1.28018371854427e-05,1.32620401162374e-05,1.36893288249909e-05,1.40737820235326e-05,1.44241863751911e-05,1.47325469557751e-05,1.50022665970861e-05,1.52294699660851e-05,1.54143274381499e-05,1.55564596562921e-05,1.56591651987694e-05,1.57176177968442e-05,1.57324278565128e-05,1.57053706189751e-05,1.56290581259765e-05,1.55152895002817e-05,1.53598407875273e-05,1.51635889699951e-05,1.49198452737132e-05,1.46403020568347e-05,1.43234088192161e-05,1.39594379636734e-05,1.35622416529392e-05,1.31237545220921e-05,1.26531736457038e-05,1.21460389732146e-05,1.16060562787631e-05,1.10337568907589e-05,1.04356078112819e-05,9.80561871850532e-06,9.14800826918325e-06,8.46273535401974e-06,7.76089103620608e-06,7.03378241525636e-06,6.28770666927214e-06,5.5224101289155e-06,4.74467253014514e-06,3.95501327376682e-06,3.15466764719068e-06,2.34072968987209e-06,1.52164674004052e-06,7.02326150301608e-07,-1.22259663039175e-07,-9.45648344497806e-07,-1.76733767500084e-06,-2.58402697431026e-06,-3.38900764403599e-06,-4.18894198259063e-06,-4.97608483217206e-06,-5.7492278251449e-06,-6.50940814461074e-06,-7.24967167495482e-06,-7.96726102230236e-06,-8.67051509865962e-06,-9.34490815110051e-06,-9.9936303117327e-06,-1.06186466322438e-05,-1.12127748067265e-05,-1.17732172958053e-05,-1.23027016394332e-05,-1.28010013286383e-05,-1.32615389349862e-05,-1.368907247196e-05,-1.40757300117258e-05,-1.44226036867381e-05,-1.47345323294511e-05,-1.50025202924195e-05,-1.52336297286642e-05,-1.54194119122734e-05,-1.55625135501646e-05,-1.5662185664065e-05,-1.5721656754233e-05,-1.5735773037453e-05,-1.5709684023769e-05,-1.5636549652189e-05,-1.55237118152687e-05,-1.53710813396557e-05,-1.51693616074317e-05,-1.49298253329706e-05,-1.46478658522433e-05,-1.43294821028137e-05,-1.39672227694753e-05,-1.35699758496046e-05,-1.31326025430456e-05,-1.26576387116044e-05,-1.2153478064613e-05,-1.16119355172196e-05,-1.10429558290145e-05,-1.04361678617795e-05,-9.80612686961802e-06,-9.14835192903809e-06
-2.0820801029374e-06,-1.89772244898144e-06,-1.71465334732978e-06,-1.52592260390761e-06,-1.33163148138997e-06,-1.13807620598269e-06,-9.35004093352488e-07,-7.35903068031288e-07,-5.30417435817783e-07,-3.24487148180553e-07,-1.21236387990391e-07,8.75502214408335e-08,2.88012519840847e-07,4.95639442367033e-07,7.02266166409699e-07,9.05290667445958e-07,1.10890381399421e-06,1.30071892499836e-06,1.49440482884981e-06,1.68793079011301e-06,1.86625196662611e-06,2.05085843245403e-06,2.22419055510351e-06,2.39403633024669e-06,2.55435947847801e-06,2.70769984769185e-06,2.85082060050157e-06,2.98916888996992e-06,3.12364380584726e-06,3.24529778667801e-06,3.35537677334473e-06,3.46475798536299e-06,3.55723941193511e-06,3.64146871998498e-06,3.71985719929337e-06,3.77746183680328e-06,3.84050736046921e-06,3.88094731935515e-06,3.91055112013874e-06,3.93348148292595e-06,3.94898046181933e-06,3.94528241072384e-06,3.94083072175157e-06,3.92360631149303e-06,3.8855587919298e-06,3.84196608671276e-06,3.79129999233657e-06,3.72650117290563e-06,3.65214549224483e-06,3.57296396678438e-06,3.478675947231e-06,3.37464335144269e-06,3.26106698356143e-06,3.14168771939416e-06,3.01634738356501e-06,2.87409802819711e-06,2.73209999629005e-06,2.57570236983889e-06,2.41262202965894e-06,2.2490699550029e-06,2.07655499997115e-06,1.89375034574526e-06,1.71418004374944e-06,1.52846008029161e-06,1.33224375304603e-06,1.13926951841546e-06,9.38262590654798e-07,7.34774316242267e-07,5.36759042780878e-07,3.26011787378097e-07,1.22898531903631e-07,-8.33083257052291e-08,-2.92270134385094e-07,-4.95092507350719e-07,-7.01917537407071e-07,-9.0057255318082e-07,-1.10455846829118e-06,-1.29818010457659e-06,-1.49338075539573e-06,-1.68152473885065e-06,-1.86975647552376e-06,-2.0483602793136e-06,-2.22134743147255e-06,-2.39232679678044e-06,-2.54822422553338e-06,-2.70341927069404e-06,-2.854157612726e-06,-2.9882939444369e-06,-3.11937309331597e-06,-3.24173343696283e-06,-3.35728656533328e-06,-3.4578650653348e-06,-3.55651440597548e-06,-3.64414243964046e-06,-3.71363879732035e-06,-3.78383458429049e-06,-3.8330787498366e-06,-3.87944906168861e-06,-3.91122927123607e-06,-3.93569186880354e-06,-3.94656978695201e-06,-3.94466980759245e-06,-3.93830232443487e-06,-3.9197957493606e-06,-3.88627043003659e-06,-3.84331644058427e-06,-3.79224790394096e-06,-3.73047097359727e-06,-3.65707068600461e-06,-3.57223482158084e-06,-3.47980706207501e-06,-3.3738621565686e-06,-3.26464444552205e-06,-3.14815596515705e-06,-3.01621606149782e-06,-2.87342852142453e-06,-2.7310380946072e-06,-2.57862389132306e-06,-2.41892181369967e-06,-2.24942554578558e-06
-9.36850433979838e-09,2.67022964145134e-09,4.89761171012214e-10,7.17154067816395e-09,6.13180651333265e-09,1.41315228760511e-08,6.77634028931177e-09,5.79543063975198e-09,4.32641708669046e-09,1.40798213228858e-08,-1.96487158001774e-09,-5.23655501752401e-09,4.63440378199071e-09,1.79274747914875e-08,-6.68867071234516e-09,7.94786656634341e-09,1.64293862650728e-08,-7.95279621966869e-09,-4.64112982421217e-09,3.69282984120155e-09,6.6280918986423e-09,-8.68635286146764e-09,-1.39225434673418e-09,-4.11517626785264e-09,4.0175494283859e-09,4.6894209313093e-09,-3.27523819745485e-09,8.61411510919166e-11,-1.02310138143943e-10,-9.3022996045345e-10,-2.3875432826403e-09,2.60396656184365e-10,2.86721273777625e-09,1.29060496230475e-08,-2.12845458799833e-09,1.19098077196497e-09,4.05053454920897e-09,-1.37673531259116e-08,6.32565384550975e-09,-3.31528743452883e-09,-5.4796356956859e-09,6.74480743631379e-09,-1.63139127876322e-08,-2.07246686128984e-09,-8.20209493048075e-09,5.7837226117917e-09,-2.37708434632355e-09,1.31301948031359e-08,1.22241736576378e-09,-1.79974879502682e-08,1.02415672285474e-08,7.8496055796489e-10,-1.96171139783607e-09,-6.18351811475923e-09,2.95071241450679e-09,-7.7050271912428e-09,-4.63331248108753e-09,-8.34739157963166e-09,-1.65631579718843e-08,-8.32810300567984e-10,-1.92606314448363e-09,-4.93476953566745e-09,1.40912807906916e-08,-1.42610636176045e-08,1.28339754952358e-08,-1.91628904715709e-08,6.76519125137984e-09,-3.1561923385599e-09,-1.94106449776595e-09,5.12822091132715e-10,-3.49106664751844e-09,2.35718462782645e-09,-1.32133946480568e-08,6.86889091368881e-09,-3.32878669224164e-09,-6.58570875738075e-09,-9.90374408961054e-09,6.20458305172763e-10,-5.61012375162845e-09,-2.93594015012284e-09,8.56036236199179e-09,-1.05138317846711e-08,2.51275611163191e-09,2.03166565074921e-09,-3.62300300611547e-09,1.39762992639297e-08,-4.52780790203718e-09,1.08059996500315e-08,1.43497781117734e-08,-1.47544354475232e-09,2.37656013279553e-09,-4.26672169732295e-10,7.47038286077818e-09,5.34480676589411e-10,-3.03102680384645e-09,6.93857289017009e-09,-1.28601129969167e-08,-8.68940596404991e-09,-1.05125019117879e-08,6.68229893916712e-11,9.9554130417909e-11,-1.40121786442985e-08,-2.7495285451914e-09,4.75748370558754e-09,6.44067889857724e-09,-4.35219164255365e-09,-6.74177977701694e-09,-3.47800646155131e-09,9.06117857064446e-09,1.20337864357657e-08,-1.2526050949527e-08,-3.18209400382356e-09,-6.30918579495023e-09,2.36844121387962e-09,1.48966917396174e-10,-3.15166557051117e-09,-5.50194966040296e-09,8.07100823478805e-09,-5.50467161687986e-09,-1.08473220960178e-08
