1.05305862635907e-07,5.33640046119739e-08,9.4313271104126e-08,-4.46190688451276e-08,1.63587260863059e-07,-1.44044848130166e-07,2.10732469726083e-07,-2.88682497211764e-07,6.44872812643161e-08,-2.03206392332225e-07,-3.07830376433036e-08,2.79170773093933e-08,6.68248646711885e-08,2.70798469254126e-08,-1.29555320640134e-07,7.94418918589131e-08,9.86811569257391e-08,1.79028878598037e-08,1.71378806529722e-08,1.75376102892124e-07,-6.71541628431981e-08,5.49647495952495e-08,-1.85314369892521e-07,3.22247227364763e-07,5.58758264805905e-08,-5.7232421504992e-08,8.50701931366888e-09,7.02362485769344e-08,5.72534296749381e-08,7.38101326340423e-08,4.13836978949277e-08,-4.04773378650867e-08,9.51492515235959e-08,-3.58065080455465e-09,-2.14588471075023e-07,-7.76671912798572e-08,-1.33761228134349e-07,-1.37311607521425e-07,-7.94984099233753e-08,7.02629735970362e-08,1.06215703394853e-07,-1.19525162573176e-07,-8.09100397811228e-08,8.41785182422789e-08,-1.13637561747167e-07,-2.80390360703194e-08,3.17454056042291e-07,1.09065766167853e-07,-6.58891823849945e-08,-7.40390614986948e-08,1.24963557163716e-07,4.89647742811199e-09,5.67902296332319e-08,8.59874442258891e-08,-9.93646087630507e-08,1.60123416283896e-07,1.10325420203786e-08,1.10547006824193e-07,8.59191692088974e-08,-2.28566635807846e-07,-7.75414773468212e-08,9.5116247954032e-08,-3.87841991764999e-08,4.53247782670064e-08,2.41182636717366e-08,-8.89873632087266e-08,-1.33745384014244e-07,4.45884642660845e-08,7.38401357593269e-08,-1.30193456472712e-07,9.58705561341984e-08,5.80243427459276e-08,-1.60540596390957e-07,4.37536759160968e-08,-1.7478530073775e-07,2.30698359552501e-08,1.22853767005201e-07,-8.54218035152267e-08,-8.40138409133246e-09,-2.69790066562023e-08,7.58435396345972e-08,-3.17860246980224e-08,-1.41155468822177e-07,3.76584930393251e-08,-7.8240053450394e-09,8.07788749851177e-08,4.99473955074339e-09,1.09896477140279e-07,-5.48629552030722e-08,-8.31405123357861e-08,-7.53245816723401e-08,-2.11239453917587e-07,1.48779768690185e-08,-1.17147843108135e-08,-1.5037778756765e-07,1.13872142482905e-07,2.74139629563026e-08,-8.76904749026891e-08,-2.19232891919953e-08,-9.4562451737524e-08,7.38310814945396e-08,7.66562624454483e-08,-6.67444618165599e-09,7.17253937444921e-08,9.10297060950039e-08,-2.97604410563688e-08,-1.21564394441727e-07,-2.36725350003275e-08,2.0555539353519e-07,-1.48577679456222e-08,-2.4777957870474e-07,1.19143023869597e-07,1.29141163599713e-07,1.41558764482581e-08,1.47880222965422e-07,-1.07213856603387e-07
-2.06040280382662e-06,-2.36791595150228e-06,-2.83348268153138e-06,-3.91163019654484e-06,-4.33199244122968e-06,-4.69198215300766e-06,-5.244317014368e-06,-5.7062814384899e-06,-5.81212243685698e-06,-5.95603898240346e-06,-6.26350128987538e-06,-6.27835425192492e-06,-5.98119539742333e-06,-6.25215057423284e-06,-6.08483986001707e-06,-5.51825487962712e-06,-5.85541749852303e-06,-5.45529031583876e-06,-4.81767967621125e-06,-5.0820126953502e-06,-4.73395784200658e-06,-4.01151841262392e-06,-4.00970005760889e-06,-3.99844333316448e-06,-3.5662961986402e-06,-3.1141292933182e-06,-2.87155118008986e-06,-2.8654100954728e-06,-2.83938378988949e-06,-2.66917890139303e-06,-2.24596813086823e-06,-1.93207185768816e-06,-1.41863071817902e-06,-1.00169551399625e-06,-1.04970403066486e-06,-1.03137689201382e-06,-4.19791107307399e-07,1.05828494352072e-07,-2.84561492141827e-07,-3.82072745126992e-08,7.35469333449473e-07,3.88641303135451e-07,4.84620350480523e-07,1.18006329230601e-06,8.14291867322114e-07,8.78233453438108e-07,1.40611185860383e-06,9.30334678109424e-07,1.14618364252535e-06,1.28135492476035e-06,8.14319114294026e-07,1.02822157789261e-06,1.08352494793636e-06,6.10252430704197e-07,6.31074608173382e-07,6.34151898894154e-07,2.73995391373441e-07,1.26970126365463e-07,1.32969853280985e-08,-2.59743224375904e-07,-3.96861993243508e-07,-6.06925790257595e-07,-7.37451776729004e-07,-8.52363264251669e-07,-1.00235683860383e-06,-1.1760317251412e-06,-1.33034128928396e-06,-1.19219466031097e-06,-1.39472347227473e-06,-1.65716161296512e-06,-1.57671862027819e-06,-1.41023911717396e-06,-1.12290447064743e-06,-1.06495537056573e-06,-1.22934877333393e-06,-1.34556440631724e-06,-1.10926979963722e-06,-7.26398052327803e-07,-3.67828891965573e-08,6.4873686155433e-07,1.18999647023076e-06,1.55400412834845e-06,1.96650407782885e-06,2.43723500815035e-06,2.85942049837505e-06,3.36861177008019e-06,3.83677682947302e-06,4.30255104687328e-06,4.92480918117006e-06,5.48079895046958e-06,6.13674981402092e-06,6.69041157286171e-06,7.17193770963466e-06,7.68668178906315e-06,8.15137659436357e-06,7.7621333431451e-06,6.99576795642123e-06,6.85678540369148e-06,6.62354748807255e-06,7.33618313286815e-06,8.39052483667902e-06,8.70092604348933e-06,8.25617408773221e-06,6.35947863012068e-06,5.66907255501428e-06,6.02931970325871e-06,6.53045346241641e-06,5.72308130213902e-06,3.93614661945545e-06,3.03092610557823e-06,3.46010306631217e-06,2.80534901251398e-06,9.87504069933062e-07,2.73223349474541e-07,2.64844704457402e-07,-9.2653728802228e-07
-6.16087702845602e-06,-8.68572258780193e-06,-1.1155521611761e-05,-1.31892524512075e-05,-1.50369721145436e-05,-1.68408371154075e-05,-1.8203005262697e-05,-1.94058954965392e-05,-2.03522996916053e-05,-2.10536545181455e-05,-2.13444320673826e-05,-2.15887197279223e-05,-2.16392640520332e-05,-2.12285058698509e-05,-2.08055301739447e-05,-2.04167189442311e-05,-1.94583699516145e-05,-1.87304568800086e-05,-1.81089724904919e-05,-1.68998891472133e-05,-1.6042439271192e-05,-1.52190231931933e-05,-1.41698405663935e-05,-1.31713197696802e-05,-1.25258504919702e-05,-1.18434709438625e-05,-1.13025746360879e-05,-1.08811789318809e-05,-1.02931281914563e-05,-9.60860899032575e-06,-8.60562141742509e-06,-7.45376582819702e-06,-6.25136585957422e-06,-4.79631107575807e-06,-3.95396310836162e-06,-2.87848738567158e-06,-2.19149468793619e-06,-1.34038193230785e-06,-7.25971360730729e-07,1.61417050327134e-07,3.43654374736447e-07,1.27091115052044e-06,1.92610628715787e-06,1.96418163216973e-06,2.6778150588973e-06,3.00986969516874e-06,3.03188223035284e-06,3.30678731493588e-06,3.34680072525022e-06,3.21000768478019e-06,3.20859627821812e-06,2.90696745908155e-06,2.58286303009372e-06,2.20741507774234e-06,1.78397876259382e-06,1.21656816508614e-06,7.96086145647584e-07,9.1541516839054e-08,-4.89199546350119e-07,-1.10908189754143e-06,-1.71324376405415e-06,-2.32405510054787e-06,-2.94128933120205e-06,-3.45498165973859e-06,-3.97892379208835e-06,-4.38719823166589e-06,-4.77242934518999e-06,-5.19218892061193e-06,-5.36431139023258e-06,-5.39098932217301e-06,-5.38732330232013e-06,-5.36677255044661e-06,-5.24216198610865e-06,-4.88409301784821e-06,-4.30196457337079e-06,-3.57837007475963e-06,-2.80193840652708e-06,-1.97034039846972e-06,-1.01492030563568e-06,-8.50536329839279e-08,1.0919001596493e-06,2.44791220516768e-06,3.9457052907787e-06,5.47873072999279e-06,7.13428429071565e-06,8.81804163066761e-06,1.05919661501147e-05,1.23510855859349e-05,1.40746087091324e-05,1.58034937579761e-05,1.74874639977411e-05,1.90383303361807e-05,2.05227837962191e-05,2.18512220890612e-05,2.29804206199915e-05,2.40090165701008e-05,2.51240786087201e-05,2.60872807739298e-05,2.64208353760208e-05,2.66959115484063e-05,2.60511624876029e-05,2.50975072065236e-05,2.41470114432691e-05,2.32463175508164e-05,2.25848175194811e-05,2.09582009113286e-05,1.88281933705878e-05,1.64764822915825e-05,1.44863863732447e-05,1.24745348719883e-05,9.83164191043708e-06,6.78244965642803e-06,4.32126659458421e-06,1.90119039800949e-06,-1.02991589882632e-06,-3.845980841634e-06
-1.12340658294e-05,-1.52827512515611e-05,-1.89727761319586e-05,-2.30506167004835e-05,-2.63371552442917e-05,-2.91352991456147e-05,-3.17364982982075e-05,-3.3870579579511e-05,-3.54205561953061e-05,-3.65067555975364e-05,-3.73223247715658e-05,-3.77330778125279e-05,-3.73355295580097e-05,-3.70837522975556e-05,-3.63560040380861e-05,-3.51600215760573e-05,-3.41698806966597e-05,-3.27589001913267e-05,-3.10619921342319e-05,-2.96587752729924e-05,-2.81873203282581e-05,-2.60475201518386e-05,-2.46996686471068e-05,-2.34483802457995e-05,-2.19037931671722e-05,-2.06080010531079e-05,-2.00080104729003e-05,-1.99016320683026e-05,-1.94087739798014e-05,-1.83859389180598e-05,-1.6427214489465e-05,-1.38903058933644e-05,-1.12178239015953e-05,-8.25736195537726e-06,-7.0612321054999e-06,-5.59908154705818e-06,-3.73811415302001e-06,-1.83160547106431e-06,-1.499468286347e-06,-2.35968468124486e-08,1.20217104420114e-06,1.97330606526584e-06,3.06345909777967e-06,4.0718122897703e-06,4.40890894441774e-06,5.11363865032134e-06,5.82991582933122e-06,5.47755020036879e-06,5.90548364600079e-06,5.93773559338922e-06,5.34297762658488e-06,5.19067551749896e-06,4.72839297858891e-06,3.73066909034023e-06,3.18216607092434e-06,2.29765900939705e-06,1.24781550671479e-06,2.41366008114471e-07,-7.41384323953295e-07,-1.93327720667454e-06,-2.96469951548869e-06,-4.03106035483743e-06,-4.99815917159026e-06,-5.96341699326656e-06,-6.86217167769675e-06,-7.75506081294995e-06,-8.33467203901252e-06,-8.74616945616198e-06,-9.17568818442075e-06,-9.6093052947989e-06,-9.68049946821373e-06,-9.36788503930603e-06,-8.62501288762034e-06,-8.09670596509868e-06,-7.48271095931648e-06,-6.829219070851e-06,-5.58101773750625e-06,-3.99869816558387e-06,-1.83084283923787e-06,5.91325951439158e-07,3.12251098619818e-06,5.60175674962261e-06,8.23336578652563e-06,1.08704330529967e-05,1.37916084772607e-05,1.66148348651232e-05,1.96503007603442e-05,2.2690733331967e-05,2.59494540448211e-05,2.90018573485397e-05,3.21039570128289e-05,3.4908232286093e-05,3.77150085526448e-05,4.00628304293385e-05,4.22459789821607e-05,4.37441704091388e-05,4.42942494275706e-05,4.41333868952803e-05,4.46517175398355e-05,4.43520695996736e-05,4.50822382771651e-05,4.51138948792891e-05,4.40348298689799e-05,4.14566987495825e-05,3.78553268191036e-05,3.53037343644072e-05,3.3097835057897e-05,3.02330248706168e-05,2.56061891319052e-05,2.05503221687766e-05,1.68014519295666e-05,1.30243797715999e-05,7.76614445164869e-06,2.44547721983179e-06,-1.6098188085035e-06,-6.09075779433184e-06
-1.39192241718394e-05,-1.96352374095534e-05,-2.53555759112042e-05,-2.98652242100519e-05,-3.40645762555582e-05,-3.82347443102942e-05,-4.13572847111892e-05,-4.407214725013e-05,-4.60993328061139e-05,-4.77252108846013e-05,-4.8542041524594e-05,-4.89172084800555e-05,-4.90023565339078e-05,-4.81360021696459e-05,-4.71050098089377e-05,-4.6359215186929e-05,-4.40846250605074e-05,-4.24197841639012e-05,-4.11163135168848e-05,-3.81581632044571e-05,-3.63542167995605e-05,-3.47070514126523e-05,-3.22676968880812e-05,-3.0143710257573e-05,-2.91699565564915e-05,-2.88730843081112e-05,-2.91621136512583e-05,-3.01850341072892e-05,-3.04959436708488e-05,-2.96673594949367e-05,-2.6681432898777e-05,-2.24084214440483e-05,-1.78581810140129e-05,-1.28834817124885e-05,-9.84691496236569e-06,-6.81454611677143e-06,-5.10727407086066e-06,-3.25789762272138e-06,-1.63399228594802e-06,3.28326921073961e-07,7.25878287288112e-07,2.85197474183281e-06,4.37876442649205e-06,4.40522609323518e-06,6.12170242556637e-06,6.88343969952855e-06,6.87069779518251e-06,7.63008478659334e-06,7.63748390245387e-06,7.30471735762494e-06,7.43610021138201e-06,6.5379963550139e-06,5.88443482756958e-06,5.21287780557925e-06,4.02415026204136e-06,2.79666910310327e-06,1.77766352594144e-06,2.6255570166811e-07,-1.09029405181963e-06,-2.44591322802892e-06,-3.86751143590144e-06,-5.24827069486106e-06,-6.54379628095282e-06,-7.89954128958436e-06,-8.93633074220215e-06,-9.93174545918901e-06,-1.08258385970899e-05,-1.1713422624768e-05,-1.21488079037441e-05,-1.22580961491021e-05,-1.20888487505344e-05,-1.21275389050326e-05,-1.19194705100308e-05,-1.12422911565593e-05,-9.9192544048432e-06,-8.02847267665437e-06,-6.17819269454683e-06,-4.24136240876939e-06,-2.18438792610102e-06,-1.86036815365251e-07,2.28003091487844e-06,5.28937803660163e-06,8.58963107805278e-06,1.21661394539537e-05,1.58982593018023e-05,1.97932304510571e-05,2.38290423419213e-05,2.7895622591136e-05,3.18665357626805e-05,3.57329553609974e-05,3.93767796126357e-05,4.2992805318294e-05,4.61866137377768e-05,4.93643783502145e-05,5.19045583153876e-05,5.39273787092476e-05,5.66407930383897e-05,5.95090309872054e-05,6.01222074351604e-05,6.12463837409192e-05,5.95322546597915e-05,5.70606632481974e-05,5.46233299116986e-05,5.22976878724124e-05,5.14513639376253e-05,4.79835538438993e-05,4.30128675356618e-05,3.71479925959333e-05,3.2603503010004e-05,2.85802581721761e-05,2.2691595977674e-05,1.53328258736391e-05,9.65914112871479e-06,4.45139766664834e-06,-2.22582329507974e-06,-8.86568319095217e-06
-1.62802589943247e-05,-2.26332051585656e-05,-2.76956239496286e-05,-3.35155851937842e-05,-3.86183008421793e-05,-4.25587142105507e-05,-4.63549658569215e-05,-4.94455086279061e-05,-5.18071790317e-05,-5.33462682640116e-05,-5.44306520579299e-05,-5.51239105961782e-05,-5.45872287169881e-05,-5.40549293373742e-05,-5.32477035886171e-05,-5.13836079066497e-05,-4.98130972267104e-05,-4.78795175198622e-05,-4.54585189242096e-05,-4.32365471278529e-05,-4.12967657556565e-05,-3.81581464401044e-05,-3.65613416538651e-05,-3.55677188452855e-05,-3.51296653719001e-05,-3.67951207623142e-05,-4.18649257371681e-05,-4.89446647757711e-05,-5.43324806301708e-05,-5.53917228739944e-05,-5.02042030672642e-05,-4.04795542336689e-05,-2.93691780239211e-05,-1.91840140154681e-05,-1.35540384682295e-05,-9.56204083547004e-06,-6.19432305712398e-06,-2.85649716573768e-06,-2.40181691781623e-06,-2.22178432285446e-07,1.62646904992403e-06,2.80784516007037e-06,4.3421067934253e-06,5.7044119702117e-06,6.23999594858052e-06,7.35396559860133e-06,8.23066502570207e-06,7.8809787609122e-06,8.50110145104097e-06,8.52684230899702e-06,7.66497022881905e-06,7.4266606931902e-06,6.69459625381224e-06,5.38059092303276e-06,4.54556744329501e-06,3.19381610494354e-06,1.64018597459504e-06,2.20805797359726e-07,-1.2026484808482e-06,-2.90424366690938e-06,-4.4192220260285e-06,-6.06002504864486e-06,-7.44940744031623e-06,-8.82031938423969e-06,-1.01047568420627e-05,-1.14997446052631e-05,-1.22621887194877e-05,-1.29260052224689e-05,-1.34139701292387e-05,-1.40877300802412e-05,-1.43053985289008e-05,-1.38123901459175e-05,-1.2777402997663e-05,-1.19275826193299e-05,-1.08793116169452e-05,-1.01002340096708e-05,-8.3022232010072e-06,-6.1394841248125e-06,-3.04766388794783e-06,5.98979206500764e-07,4.49260777133566e-06,8.08025794899863e-06,1.20482488370354e-05,1.58804101813733e-05,2.01538294265607e-05,2.42966432091135e-05,2.87600236779641e-05,3.30437097495768e-05,3.77430819904019e-05,4.21566826919954e-05,4.68465435322957e-05,5.09266850448175e-05,5.51487923130091e-05,5.8260060720547e-05,6.16536776624715e-05,6.44462298887715e-05,6.54215902671222e-05,6.42525371974908e-05,6.53339274703493e-05,6.36951390634261e-05,6.46629539410633e-05,6.52026750264994e-05,6.42731485843295e-05,6.17206831824617e-05,5.52786593513526e-05,5.08450231251788e-05,4.73435661609587e-05,4.40794766137014e-05,3.81366571588276e-05,2.99547787340512e-05,2.35891428047805e-05,1.89189102800619e-05,1.18203163707773e-05,3.33257654078075e-06,-2.91511139761258e-06,-8.69020161137857e-06
-1.6112815618301e-05,-2.25392503867058e-05,-2.96336464131958e-05,-3.49108219332951e-05,-3.9522830843912e-05,-4.45865342297512e-05,-4.8164848061905e-05,-5.13497809582984e-05,-5.36436268770536e-05,-5.5673340614577e-05,-5.66142996885338e-05,-5.69436898749424e-05,-5.71628471029464e-05,-5.6123766505384e-05,-5.47841423452428e-05,-5.42029922006918e-05,-5.12824300225878e-05,-4.93678376921376e-05,-4.81897322091353e-05,-4.42958276455027e-05,-4.24397507837399e-05,-4.11476552151066e-05,-3.89702035303142e-05,-3.94335631446665e-05,-4.64963468641411e-05,-6.12886328810186e-05,-8.41920782150392e-05,-0.000112527865779293,-0.000136214945950136,-0.000144742494147952,-0.000132360976858767,-0.000104749708161085,-7.22318243893402e-05,-4.38682244592773e-05,-2.45407790535287e-05,-1.23646339200984e-05,-7.4122302315428e-06,-4.42968663930739e-06,-1.8958811620063e-06,7.19860236583333e-07,6.18888618840335e-07,3.46578450124613e-06,5.30255349141622e-06,5.02043866421849e-06,7.31616976185255e-06,8.07270955145674e-06,7.98950844750593e-06,9.07512262504172e-06,8.98168215315497e-06,8.53119702732918e-06,8.80020241201892e-06,7.67031536736026e-06,6.93106661521375e-06,6.22521054276604e-06,4.73491896880081e-06,3.34288011734115e-06,2.18695552663953e-06,3.75566948404646e-07,-1.19593148604066e-06,-2.82646015945424e-06,-4.4415697078545e-06,-6.04855877657209e-06,-7.57893107014759e-06,-9.18240755636284e-06,-1.04188192787642e-05,-1.14200847717345e-05,-1.25648844665825e-05,-1.36568014775397e-05,-1.41362645139611e-05,-1.41897772447821e-05,-1.39100268856878e-05,-1.40527598874682e-05,-1.39719109885041e-05,-1.32308498673942e-05,-1.16298397581668e-05,-9.17863106333033e-06,-6.88507532471522e-06,-4.50585399531957e-06,-2.31303859477456e-06,-3.10336117115939e-07,2.26544084626255e-06,5.72847447182125e-06,9.50342150107154e-06,1.36663462742769e-05,1.80043995955861e-05,2.26223286188955e-05,2.73296519229978e-05,3.21644892081532e-05,3.67031620497207e-05,4.12415962397488e-05,4.53324308115544e-05,4.95392465796962e-05,5.31230651263231e-05,5.70105855697021e-05,5.98741718965629e-05,6.18216922612666e-05,6.52969411542955e-05,7.00076930931458e-05,7.0459589499146e-05,7.29094366315618e-05,7.04464319584428e-05,6.65713492537986e-05,6.31231283599072e-05,5.98224081555426e-05,6.0569384838445e-05,5.69232825023025e-05,5.08833609813954e-05,4.28494823920436e-05,3.73641279145206e-05,3.3783126962664e-05,2.73701704821814e-05,1.75893633689304e-05,1.08772055623585e-05,5.66509542626032e-06,-2.1397071493067e-06,-1.07008170606074e-05
-1.72818577727079e-05,-2.43113938139731e-05,-2.91806603490595e-05,-3.53698324305499e-05,-4.10442780452367e-05,-4.49515163290554e-05,-4.89983391461797e-05,-5.22955917490566e-05,-5.48374276816835e-05,-5.6381607752014e-05,-5.74947332935914e-05,-5.83905639105287e-05,-5.76745860299859e-05,-5.70604246979249e-05,-5.64322494124427e-05,-5.4168412405949e-05,-5.26918733261223e-05,-5.06352604601304e-05,-4.79186451657671e-05,-4.59087843403591e-05,-4.42965982919922e-05,-4.16804991933444e-05,-4.62291685985018e-05,-6.03337845801759e-05,-9.3982417897757e-05,-0.000164304700440612,-0.000272378404893242,-0.000394235273000514,-0.000491394510594194,-0.000528520471933417,-0.000490959457286496,-0.000392439066655305,-0.000265290157236867,-0.000152526285573488,-7.39576513570634e-05,-3.40669761281141e-05,-1.48444922838421e-05,-4.42678376314467e-06,-3.47856806158813e-06,-6.11802584552883e-07,1.79870511365417e-06,2.83412545992447e-06,4.37654189304392e-06,6.05961255073214e-06,6.3942667189086e-06,7.68391318063733e-06,8.76384002831696e-06,8.03199679052077e-06,8.98704944641155e-06,8.92904925080266e-06,7.86583567064141e-06,7.79953156668705e-06,7.03476766785495e-06,5.45965934762953e-06,4.75727833602885e-06,3.26117128141105e-06,1.62531029588491e-06,1.46260591048954e-07,-1.35959608168065e-06,-3.19680943292134e-06,-4.71363578774557e-06,-6.51050308751972e-06,-7.9752378967108e-06,-9.39992736031586e-06,-1.07623853394373e-05,-1.22988239785353e-05,-1.30379728635162e-05,-1.37059580289128e-05,-1.42147769567108e-05,-1.50593683706398e-05,-1.53740251721103e-05,-1.47708926705662e-05,-1.34899631595167e-05,-1.24863623692141e-05,-1.14180706094726e-05,-1.09771186798377e-05,-9.11032780654352e-06,-7.04408571560483e-06,-3.49633206801582e-06,5.83927000798973e-07,5.12112979854171e-06,8.93852433225883e-06,1.32989115405428e-05,1.72604759452293e-05,2.18532378313986e-05,2.60736363743402e-05,3.09020450393447e-05,3.52541767175794e-05,4.03417532118648e-05,4.49072769570814e-05,5.0141427570082e-05,5.43544959770165e-05,5.90484193239057e-05,6.20766852618726e-05,6.58530575678524e-05,6.92921067075472e-05,7.00095299145221e-05,6.72280961873194e-05,6.87247282175552e-05,6.5537170674335e-05,6.71461451428721e-05,6.87241169262305e-05,6.85619556015069e-05,6.65905028518628e-05,5.78948471367545e-05,5.25637863263705e-05,4.91802499247839e-05,4.71079977705483e-05,4.1132307560589e-05,3.11428664949246e-05,2.38451045912598e-05,2.02884625535547e-05,1.30332986669912e-05,3.03691666770849e-06,-3.52615491569995e-06,-8.82289877746595e-06
-1.6251695541494e-05,-2.25332151847154e-05,-3.01765624635089e-05,-3.55533186170687e-05,-3.99021714049321e-05,-4.53576711335038e-05,-4.88620019808533e-05,-5.21590000211924e-05,-5.43625593119339e-05,-5.65531689404881e-05,-5.74446132123848e-05,-5.76798050134759e-05,-5.8060356506726e-05,-5.69748969027749e-05,-5.53562825597061e-05,-5.52939999226439e-05,-5.17647341664914e-05,-4.99213061306109e-05,-4.95606547662816e-05,-4.4562911545356e-05,-4.58485970719094e-05,-5.40344290364634e-05,-7.93669067544325e-05,-0.000165166689745958,-0.000360849861291739,-0.000676016616066317,-0.00105118316952989,-0.00139999318850001,-0.00164358420775453,-0.00173701407636128,-0.00166148483548549,-0.00142720157002104,-0.00107495051577,-0.000695876956303504,-0.000355556818937358,-0.000143804921004958,-5.02505233030331e-05,-1.77186008167173e-05,-5.16401648692205e-06,1.31603644888963e-06,-2.31136165266725e-07,3.78858193349079e-06,5.90719642848283e-06,4.72090075748809e-06,7.75633174393518e-06,8.42434377650061e-06,8.08364453714556e-06,9.43196294315867e-06,9.25866840532033e-06,8.69137379518305e-06,9.22066950965848e-06,7.76499491213878e-06,7.19500801096815e-06,6.47501198989972e-06,4.88987657371943e-06,3.45369859935302e-06,2.4112063670871e-06,3.99091688926493e-07,-1.04481274741333e-06,-2.74952480575056e-06,-4.42083181421634e-06,-6.09685723521286e-06,-7.56094916438531e-06,-9.33089191375561e-06,-1.0412308004751e-05,-1.14977985078725e-05,-1.26077950896803e-05,-1.39180971386786e-05,-1.43377519831264e-05,-1.43195496901341e-05,-1.38359598769578e-05,-1.42249050427978e-05,-1.4205023191123e-05,-1.3638333070655e-05,-1.18841808008922e-05,-9.06373436551339e-06,-6.60815698698315e-06,-4.117160639838e-06,-2.08369944246014e-06,-4.45601729500435e-07,1.81137228948617e-06,5.13375727296828e-06,8.93537061505865e-06,1.31717980635096e-05,1.75811004752198e-05,2.23211155100069e-05,2.71270058220605e-05,3.20757112961218e-05,3.67107958650674e-05,4.12599227869119e-05,4.52886681290871e-05,4.95378562062493e-05,5.30197732005038e-05,5.71637854438615e-05,5.99123574061604e-05,6.14061896662606e-05,6.53559351737949e-05,7.17972654289911e-05,7.19765255630703e-05,7.58274311240197e-05,7.28459493062524e-05,6.77032848538792e-05,6.34592519062581e-05,5.91974852497028e-05,6.2101074211489e-05,5.90112134653851e-05,5.26474712307969e-05,4.29042591894904e-05,3.70839325421308e-05,3.48351679127545e-05,2.89757391697927e-05,1.7545001225087e-05,1.04999518847549e-05,6.2669986189774e-06,-1.64712663927333e-06,-1.13797512058985e-05
-1.75223906606704e-05,-2.4973844247117e-05,-2.92631570438808e-05,-3.55773555109892e-05,-4.15660065122008e-05,-4.5272082230476e-05,-4.93753343972283e-05,-5.27306168969162e-05,-5.53038260836389e-05,-5.67895112127704e-05,-5.78465868704772e-05,-5.89471830497781e-05,-5.80346053047068e-05,-5.73682814170491e-05,-5.69457150510587e-05,-5.43649673334692e-05,-5.32607387547743e-05,-5.08677279041461e-05,-4.86036927768361e-05,-5.07999516251512e-05,-6.31069828070968e-05,-0.000119906100684104,-0.000328125558362528,-0.00077264653742503,-0.00145242104988873,-0.00220017544175367,-0.00284306677044436,-0.00332928365796514,-0.00364272483003154,-0.00377075636103308,-0.00370240801096358,-0.00343436731710261,-0.00297121984198271,-0.0023221419342029,-0.00153150886747214,-0.000798914829545461,-0.000319983353756011,-9.12964607451096e-05,-2.44222471673188e-05,-5.78387050241301e-06,1.39139792718487e-06,2.73894104710008e-06,4.10467558691722e-06,6.19507455886052e-06,6.1697531848834e-06,7.72025871087786e-06,8.90569837396462e-06,7.69273438095835e-06,9.13302736191687e-06,8.94533562806253e-06,7.7476291012946e-06,7.80434135051824e-06,7.03664465040435e-06,5.29618235327469e-06,4.78290826671381e-06,3.13855951481817e-06,1.54745940674644e-06,4.72849515572391e-08,-1.4245368952285e-06,-3.35351773080183e-06,-4.78363575611352e-06,-6.74454769073429e-06,-8.1006966795334e-06,-9.54123552398303e-06,-1.08968941225608e-05,-1.26050317588161e-05,-1.32162048240568e-05,-1.38833469169442e-05,-1.43072116311917e-05,-1.53736797920405e-05,-1.56770162488772e-05,-1.5058909920147e-05,-1.35168357883107e-05,-1.25415432900822e-05,-1.14694847261709e-05,-1.14511410981504e-05,-9.6508781892948e-06,-7.7596776818124e-06,-3.86762129504481e-06,5.31478166998485e-07,5.59965903807523e-06,9.48296409087309e-06,1.40202267006269e-05,1.78956652254983e-05,2.26550952724466e-05,2.67517265436511e-05,3.16215963483615e-05,3.58332839303489e-05,4.10995397921856e-05,4.56440529693237e-05,5.11638931125828e-05,5.53408388025504e-05,6.03760094126531e-05,6.31352550624304e-05,6.71417778193498e-05,7.10525919043045e-05,7.14948405641259e-05,6.68902569222731e-05,6.88186443745075e-05,6.41340145763687e-05,6.63070312990766e-05,6.90579326825729e-05,6.97602770975532e-05,6.85948212101503e-05,5.77290887378817e-05,5.16646435373591e-05,4.86349079390587e-05,4.79919043710973e-05,4.23622876395323e-05,3.08019736264423e-05,2.29117969954666e-05,2.07212820911375e-05,1.37169476146452e-05,2.44024116412149e-06,-4.04240198477506e-06,-8.42435377018501e-06
-1.62156361541704e-05,-2.23037379071192e-05,-3.03468141505792e-05,-3.590798680515e-05,-3.97533353623777e-05,-4.56374766705448e-05,-4.89701448924572e-05,-5.24104325363515e-05,-5.44269778750304e-05,-5.68205535056453e-05,-5.75092580308499e-05,-5.78456040251208e-05,-5.82768975007382e-05,-5.69904549561831e-05,-5.50871929856135e-05,-5.62408991538566e-05,-5.09054876369353e-05,-5.09214328425209e-05,-5.70463194425606e-05,-7.37541958813606e-05,-0.000214990518411445,-0.000633050037202258,-0.00148765595793105,-0.00253642141181958,-0.00350716193660098,-0.00435524855593578,-0.00505281667241335,-0.00557441815827791,-0.00592105391210695,-0.00607961881042004,-0.0060459896311152,-0.00580651828564983,-0.00536149291448099,-0.00469193403153648,-0.00382137094097028,-0.00277429196715622,-0.00161974875410881,-0.000675105206573163,-0.000192510441886461,-3.01149385218714e-05,-9.06782244750147e-06,2.79318368046155e-06,7.36939363335776e-06,3.56946476385578e-06,8.35763572819561e-06,8.81040773544418e-06,8.04463217161982e-06,9.62545892825517e-06,9.60495199657699e-06,8.68902036251255e-06,9.61780895997461e-06,7.75235085358507e-06,7.47703768356788e-06,6.58249247801916e-06,5.11144203719458e-06,3.49201527122725e-06,2.675221245941e-06,4.35634494453544e-07,-8.24949821958314e-07,-2.77815838098817e-06,-4.19672472912172e-06,-6.06731132091897e-06,-7.38129817302465e-06,-9.40981426686497e-06,-1.02990707805776e-05,-1.15035524134624e-05,-1.2502770297014e-05,-1.40487850273045e-05,-1.43139430636064e-05,-1.4368107128773e-05,-1.36133547373775e-05,-1.42902661188331e-05,-1.42940608719334e-05,-1.39349038146928e-05,-1.19448455456732e-05,-8.95348573944629e-06,-6.2199942721001e-06,-3.7525356571152e-06,-1.81541036330009e-06,-7.14603280990523e-07,1.35122658077174e-06,4.40370299959729e-06,8.23684003979147e-06,1.23759034995716e-05,1.69193645486787e-05,2.16012233066052e-05,2.65649769810238e-05,3.15419319198488e-05,3.62171451976358e-05,4.06997556719104e-05,4.46972591719645e-05,4.88463813681382e-05,5.2258957660625e-05,5.65467120968167e-05,5.92927995820066e-05,6.01969166459811e-05,6.4583094726646e-05,7.26237652751385e-05,7.26004113101252e-05,7.7780778059633e-05,7.4478989187937e-05,6.79619332128369e-05,6.30829525485648e-05,5.775574773894e-05,6.28603610928374e-05,6.03171149096332e-05,5.38740877202487e-05,4.24959781777383e-05,3.63612477850788e-05,3.53132111069726e-05,3.03348965996978e-05,1.72383228845078e-05,9.94397116253506e-06,6.71428634945534e-06,-1.0587678299503e-06,-1.19666393043002e-05
-1.74346547876685e-05,-2.59345912763247e-05,-2.91305210860017e-05,-3.60934359093609e-05,-4.18518552741688e-05,-4.59169914505073e-05,-4.94595915033377e-05,-5.34878573653134e-05,-5.54220805988927e-05,-5.75536274771545e-05,-5.77821694657331e-05,-5.98957658014713e-05,-5.7941735229851e-05,-5.80019776493584e-05,-5.68044354296891e-05,-5.49870483510695e-05,-5.54526106661986e-05,-5.87592931956816e-05,-0.000112616398140478,-0.000385834303232022,-0.00117755301242253,-0.00241052766932653,-0.00363752270815371,-0.00477171301121807,-0.00578485053614214,-0.00664199124697569,-0.00736766985982374,-0.00792338768743009,-0.00831611808388574,-0.00851602164925551,-0.0085310634596842,-0.00833230452688769,-0.00793133909090221,-0.00729982644162758,-0.00647138679552766,-0.00540797254649774,-0.00415513383244827,-0.00274878580645681,-0.00130547601389422,-0.000387473279009192,-6.99916675441159e-05,-6.46872452039707e-06,1.78268566593438e-06,5.88799187366419e-06,6.43178313423025e-06,7.48156327686682e-06,9.52566235192572e-06,6.86452890653639e-06,9.82260865808085e-06,8.64675933987613e-06,7.92905070024226e-06,7.56969125453031e-06,7.42428150182367e-06,4.82691348440707e-06,5.18150304795367e-06,2.7656429453614e-06,1.78029092462948e-06,-3.12906157593059e-07,-1.20706376602571e-06,-3.7999664694125e-06,-4.5604942744113e-06,-7.15672818791966e-06,-7.90791115476265e-06,-1.00167169516612e-05,-1.07801148598206e-05,-1.31419345405831e-05,-1.30963527522394e-05,-1.43551369239311e-05,-1.41620415600904e-05,-1.59489094107848e-05,-1.57689367007917e-05,-1.55936715585589e-05,-1.33859672329251e-05,-1.28922809339307e-05,-1.12865538959338e-05,-1.22115406841554e-05,-9.92789041597257e-06,-8.71942731599848e-06,-4.01905175186412e-06,1.45299606757382e-07,6.16651416116715e-06,9.59883048557884e-06,1.48740169226391e-05,1.81467039668824e-05,2.35156330031277e-05,2.69919705941841e-05,3.2519801537022e-05,3.60568928423552e-05,4.19698914408646e-05,4.59796810982562e-05,5.23064786083708e-05,5.59483372140671e-05,6.17943373940977e-05,6.37958089069768e-05,6.85224092992196e-05,7.23246465524272e-05,7.3128098473116e-05,6.63325772913999e-05,6.91412718181125e-05,6.25785624087877e-05,6.57247159013865e-05,6.90685306850643e-05,7.10463180098282e-05,7.02442363264071e-05,5.79243694643715e-05,5.06229261433333e-05,4.82753121805769e-05,4.84480798368218e-05,4.38074846659805e-05,3.02905281920291e-05,2.21834412084355e-05,2.08012629550234e-05,1.47000347392126e-05,1.67412267324581e-06,-4.38439444404334e-06,-8.40890692830067e-06
-1.60503802930066e-05,-2.24386659989376e-05,-3.04018320672634e-05,-3.67102472846244e-05,-3.95085297419894e-05,-4.64193987336399e-05,-4.89677622203088e-05,-5.31226703680651e-05,-5.4391276190449e-05,-5.75965676779618e-05,-5.73960711194783e-05,-5.83825508871918e-05,-5.87981490233113e-05,-5.67888333446049e-05,-5.49328048574681e-05,-6.06007862668793e-05,-6.24290791987775e-05,-0.000185500769491436,-0.000690422600640076,-0.00192695994790686,-0.00331066920146586,-0.00465732330528601,-0.00591043722789389,-0.00704035629631479,-0.00807464171258598,-0.00897298407550229,-0.00974085690330104,-0.0103501021115985,-0.0107959456068212,-0.0110554422749878,-0.0111265710339379,-0.0109875945277829,-0.0106380201567569,-0.0100593647172279,-0.00926879406973336,-0.0082449607428982,-0.00702586039742594,-0.00558232720440067,-0.00396722075392902,-0.00226916974245363,-0.000759058509626371,-0.000156101055827022,-5.10659680626761e-06,-2.1380382072993e-06,8.91333074853123e-06,1.00901347010607e-05,7.526204346338e-06,9.75217325208513e-06,1.03363089249708e-05,8.54348025130316e-06,1.02379211865904e-05,7.56809252206186e-06,8.08216670718094e-06,6.52734316889366e-06,5.52887901146214e-06,3.38380199855448e-06,3.18212453791128e-06,1.82894234707178e-07,-3.80851860014159e-07,-2.99979590568364e-06,-3.84257634278789e-06,-6.31589167441965e-06,-7.04098614116708e-06,-9.7381569082246e-06,-9.98721267491157e-06,-1.18026583530256e-05,-1.22313764128992e-05,-1.44405166453634e-05,-1.41139263638668e-05,-1.47233039547021e-05,-1.32708621170122e-05,-1.47233399922733e-05,-1.41801590989978e-05,-1.45702539061075e-05,-1.18668569730157e-05,-9.25661887457733e-06,-5.78358641898457e-06,-3.83035459128152e-06,-1.49166298604532e-06,-1.24489216210173e-06,1.06246289086769e-06,3.40554085337301e-06,7.77866841702069e-06,1.13378221564366e-05,1.65021397318068e-05,2.06635669967561e-05,2.62609748211935e-05,3.07232771690845e-05,3.60602350658899e-05,3.99642958262284e-05,4.44292980441146e-05,4.79939131653685e-05,5.18888477417575e-05,5.57762883750258e-05,5.91703112806679e-05,5.9043912598143e-05,6.4283000161926e-05,7.32727242374885e-05,7.36043567652784e-05,7.9378538718056e-05,7.648628414793e-05,6.8191394677222e-05,6.33068603307927e-05,5.63011217414634e-05,6.39361252936348e-05,6.14080726424828e-05,5.54918657258673e-05,4.20355812990922e-05,3.60049883922657e-05,3.55193909214426e-05,3.19885471312579e-05,1.68134720507459e-05,9.68639391510374e-06,6.78944962150724e-06,-1.6965647048647e-07,-1.28700166419114e-05
-1.83191373502458e-05,-2.61177257076761e-05,-3.00701561839548e-05,-3.5807467756883e-05,-4.33267862007529e-05,-4.5725229259535e-05,-5.08220892211696e-05,-5.3385800052999e-05,-5.69840163844484e-05,-5.72520521094706e-05,-5.91405441173617e-05,-5.96271452393567e-05,-5.96573064995441e-05,-5.79124765297575e-05,-6.02009974040112e-05,-8.61015156533663e-05,-0.000310906493772602,-0.00120809338210395,-0.00265361104289429,-0.00412940429838505,-0.00553785193053579,-0.00686826800493054,-0.00812203957839469,-0.00929895190387292,-0.010364767421528,-0.0113238420993407,-0.0121418069618176,-0.0128255992881839,-0.0133327135474219,-0.0136713519978276,-0.0138044022913404,-0.0137428451793353,-0.013450028463284,-0.012945694282063,-0.0122029537035111,-0.011241956409768,-0.0100397563006582,-0.00863540191482151,-0.00703548669836389,-0.00525432648686735,-0.00333639137712756,-0.00145430155658143,-0.000315995430661598,-2.95974443855505e-05,1.59660007075976e-06,8.82504270840783e-06,8.13050978523062e-06,7.7260365381488e-06,9.06076103963986e-06,1.02724720530651e-05,6.28952093321257e-06,9.08136892606889e-06,6.39306040000459e-06,5.83366710927349e-06,4.2956123024363e-06,3.69801988931114e-06,8.1539118863102e-07,6.07142673228073e-07,-2.15299988155716e-06,-3.03302244717255e-06,-5.506093398557e-06,-6.53253397334686e-06,-8.8562520011208e-06,-9.39444912679338e-06,-1.17372718311007e-05,-1.26520937287115e-05,-1.40790924114829e-05,-1.38653722562355e-05,-1.51293131532057e-05,-1.56042065621957e-05,-1.69043036929313e-05,-1.52829611783535e-05,-1.43289036542732e-05,-1.24513685209695e-05,-1.22547425704647e-05,-1.21238988854574e-05,-1.11828688824568e-05,-8.84490778983303e-06,-5.14022782638698e-06,5.20776189319548e-07,5.70545406609709e-06,1.05031408875605e-05,1.46685792753123e-05,1.91493517298291e-05,2.33977193500829e-05,2.80066892367644e-05,3.23951424034169e-05,3.70820187519502e-05,4.2005778681397e-05,4.71577861012755e-05,5.26297002374419e-05,5.74320244191089e-05,6.24116721361901e-05,6.53734321094427e-05,6.91192766513501e-05,7.44609720713123e-05,7.40626266117489e-05,6.6897342368957e-05,6.89582621190624e-05,6.23606103215604e-05,6.46262901842104e-05,7.01401222583669e-05,7.15694765972766e-05,7.2866574782999e-05,5.76660877996866e-05,5.07309283417864e-05,4.72714108616946e-05,4.98007845076073e-05,4.45609834907353e-05,3.09090900773374e-05,2.07207740677929e-05,2.16734642253438e-05,1.48448656313547e-05,1.85410375325977e-06,-5.6805924592197e-06,-7.55774458068126e-06
-1.77222994602572e-05,-2.11107007157003e-05,-3.22878752073336e-05,-3.61249466370546e-05,-4.11772912236857e-05,-4.58209882216341e-05,-5.09857349262309e-05,-5.24318973926875e-05,-5.6385205763484e-05,-5.71904330366496e-05,-5.87816428334502e-05,-5.76043328301712e-05,-6.2842323567788e-05,-5.74361162734542e-05,-0.000127173993643118,-0.000533798673087794,-0.001824776490742,-0.00329105735900864,-0.00478180060836309,-0.00622276116679461,-0.00761834784434978,-0.00898184496148276,-0.0102703659203653,-0.0114993383850476,-0.0126271398218959,-0.0136608969663385,-0.014554882398428,-0.0153195498002634,-0.0159078379941551,-0.0163295980763982,-0.016543518995594,-0.0165623160881957,-0.0163461717071271,-0.0159157915217024,-0.0152383558976372,-0.0143388012351159,-0.0131897289374284,-0.0118295404463648,-0.0102429708893493,-0.00847736830473488,-0.00654306831910769,-0.00447065982080417,-0.00240527135242503,-0.000620262060364181,-8.55485669137629e-05,1.13183547277931e-05,2.13942751334817e-06,1.17086826932614e-05,1.02914901434468e-05,9.95243392138865e-06,8.991056470155e-06,9.41256030483541e-06,6.95477241743861e-06,8.31495310744775e-06,4.13508923560162e-06,5.14683489898763e-06,1.84893893070259e-06,1.74281568709635e-06,-1.70142866534299e-06,-1.47734464321527e-06,-5.24271406086728e-06,-4.87845144908181e-06,-8.47388016617525e-06,-8.41501125675943e-06,-1.14458005858274e-05,-1.04919889549738e-05,-1.37573940580753e-05,-1.3247232218097e-05,-1.56824695846459e-05,-1.35175862364969e-05,-1.48076432326012e-05,-1.36548391812486e-05,-1.58211066803015e-05,-1.3667737276391e-05,-1.36013395906526e-05,-8.07445618751914e-06,-7.21772892415011e-06,-2.47130473313673e-06,-2.99847649844895e-06,-3.08398920774231e-07,-8.99019805450243e-07,3.94510743210237e-06,5.63989605108323e-06,1.19088685385058e-05,1.44516935477692e-05,2.13146211306047e-05,2.43774496736644e-05,3.15529979072865e-05,3.43155779636346e-05,4.09089410226974e-05,4.26818323321655e-05,4.89229502455227e-05,5.01544151238768e-05,5.69236038154151e-05,5.77929993245081e-05,5.9901397290382e-05,6.27060808842429e-05,7.57289074697253e-05,7.32363635893607e-05,8.26327434328442e-05,7.71269521656582e-05,7.04261314230088e-05,6.24535605264238e-05,5.68321795743475e-05,6.35330282386544e-05,6.42384391909315e-05,5.57500061085871e-05,4.35407408620358e-05,3.42175348120101e-05,3.7332663223431e-05,3.21003792455623e-05,1.81926768824087e-05,7.80376263661291e-06,8.41339592433379e-06,-9.68069683078859e-07,-1.22385463710572e-05
-1.79594696402129e-05,-2.79298358935899e-05,-2.97532279374617e-05,-3.73235249181296e-05,-4.35465359222571e-05,-4.75094862829892e-05,-5.06392568036009e-05,-5.57127609857026e-05,-5.65186262826204e-05,-6.00706756654014e-05,-5.79333625767103e-05,-6.30940801852113e-05,-6.81132473831602e-05,-0.000197355671828979,-0.000920407722909151,-0.00230478919517551,-0.00378325014254656,-0.00523748023675183,-0.00669102333025826,-0.00813049316764533,-0.00957866528630927,-0.0109746447690498,-0.0123453192429449,-0.0136415927029194,-0.0148666443619268,-0.0159765957542401,-0.0169750954353784,-0.0178210401035629,-0.0185152854691384,-0.0190170869811222,-0.0193334507363329,-0.0194265170734828,-0.0193077970881076,-0.0189447424530813,-0.0183583655766341,-0.0175145694951869,-0.0164414346491873,-0.0151154187797062,-0.0135939423745146,-0.0118295302747555,-0.00991411929824462,-0.00783014430999127,-0.00564502826253341,-0.00336690003504245,-0.00124687040598122,-0.000194757790952484,1.0953635622591e-07,1.36905981062356e-06,1.38780594099309e-05,7.74391008799593e-06,8.08306760638514e-06,7.51328821217071e-06,8.84037382430465e-06,3.74847368100363e-06,6.37981701939862e-06,2.10218932567321e-06,2.37183427781882e-06,-7.90609873585165e-07,-8.45782491414351e-07,-4.42975695247699e-06,-4.31816718025047e-06,-7.9059803290614e-06,-7.9071389376307e-06,-1.06639139003999e-05,-1.09842617526565e-05,-1.39839326813174e-05,-1.34075946088736e-05,-1.51839570479187e-05,-1.46428403706173e-05,-1.69295323290438e-05,-1.65852784399142e-05,-1.65778164027739e-05,-1.40194191718886e-05,-1.36626971808409e-05,-1.20010131085212e-05,-1.35368182229183e-05,-1.12031110362992e-05,-1.0394818896553e-05,-5.03623230125864e-06,-5.56419335062763e-07,6.30072940465959e-06,9.91857784080036e-06,1.5580259369163e-05,1.87635067295929e-05,2.43851019474957e-05,2.77171725794817e-05,3.34307388750662e-05,3.68779069539217e-05,4.31390992621486e-05,4.72240834870238e-05,5.41284369187353e-05,5.78661832105406e-05,6.42842713182266e-05,6.60053097722173e-05,7.09677094678576e-05,7.55638790809576e-05,7.63558813393047e-05,6.67816492928666e-05,7.03227195866996e-05,6.16838976724176e-05,6.5055472019489e-05,7.03876173645549e-05,7.33583399705047e-05,7.46906766960702e-05,5.90609171616978e-05,5.01878306965462e-05,4.77181999722467e-05,5.0140188287082e-05,4.67116219790666e-05,3.07084985783147e-05,2.05846154557785e-05,2.1319836664895e-05,1.63604309524546e-05,8.73346519404726e-07,-5.80679082019228e-06,-8.16131120752295e-06
-1.65544809680913e-05,-2.30743912079432e-05,-3.13627877633238e-05,-3.90087283472371e-05,-4.01529849153124e-05,-4.87024905479006e-05,-5.03778896470007e-05,-5.5110890212834e-05,-5.59605184133529e-05,-6.06662454018661e-05,-5.74530942241966e-05,-8.44660877952952e-05,-0.000311907892111408,-0.00135306970275015,-0.00264006022343375,-0.0040322881343944,-0.005433932523554,-0.00688508047482735,-0.00837726675849714,-0.00986331656857928,-0.0113803067931227,-0.0128703126238197,-0.0143350022892992,-0.0157332949849135,-0.0170631347270522,-0.0182826197918006,-0.0193861833144743,-0.0203377311315798,-0.0211317530477908,-0.021733816806265,-0.0221431484936505,-0.0223295202393818,-0.0222966973675317,-0.0220195015398929,-0.0215086680508994,-0.0207407353630836,-0.0197351376565228,-0.0184764398763828,-0.0169963511238835,-0.0152773729216041,-0.0133907248765286,-0.0112992740758353,-0.00907756042815182,-0.00677796047159495,-0.00440177336199432,-0.00216236643568634,-0.000400875979517556,-3.07454443168207e-05,1.57108982389375e-05,6.20807003307692e-06,1.08527860089822e-05,8.64103563896531e-06,9.36569643318615e-06,6.45843284582586e-06,6.45508137061589e-06,3.45144948888005e-06,4.19000480398024e-06,-2.57129951407745e-07,5.20599678226325e-07,-3.47086767857067e-06,-3.23563330475786e-06,-6.89909601472581e-06,-6.56981111167213e-06,-1.05606378708241e-05,-9.5722320581436e-06,-1.26829159501489e-05,-1.21507769448615e-05,-1.55050949240879e-05,-1.40929890600925e-05,-1.58296756315218e-05,-1.32401643136089e-05,-1.60940713538264e-05,-1.44536463531985e-05,-1.61305879842006e-05,-1.22840080866641e-05,-1.03681803612338e-05,-5.75550919509582e-06,-4.57443853124456e-06,-1.6315571507945e-06,-2.68198754381088e-06,1.34896460462872e-07,1.29616600452771e-06,6.51485308101626e-06,9.28531082570564e-06,1.54307903828374e-05,1.88469630204089e-05,2.55184607373277e-05,2.93285017075283e-05,3.5706041138681e-05,3.89140754328656e-05,4.41977880078402e-05,4.7068043796156e-05,5.17852305771967e-05,5.53624749663921e-05,5.98617600687226e-05,5.82914810635323e-05,6.45655224139704e-05,7.5499127067442e-05,7.61945864775229e-05,8.30758474063377e-05,8.11686253627265e-05,7.00888535889569e-05,6.52245246146183e-05,5.48338264797359e-05,6.6405348118314e-05,6.42890556297589e-05,5.93662656232749e-05,4.25222697769988e-05,3.57032905951142e-05,3.61820903292905e-05,3.54369678444385e-05,1.67336268248376e-05,8.92379991029704e-06,6.91132013801084e-06,1.32442604603785e-06,-1.4807075779598e-05
-1.98328529395377e-05,-2.80392064363948e-05,-3.18372886548087e-05,-3.67472033977135e-05,-4.71389225862239e-05,-4.62153931348876e-05,-5.45481653702483e-05,-5.47822414453751e-05,-6.01791404850593e-05,-6.14206873764872e-05,-0.000112313347983278,-0.000514613955714371,-0.00156025492987038,-0.00275019783240531,-0.00401633056856246,-0.00536133815841443,-0.00677792618006898,-0.00829846239844562,-0.00985168514868142,-0.0114586488157381,-0.0130762774155076,-0.0146958246259202,-0.0162759242661382,-0.0178125429004841,-0.0192561246921594,-0.0206057341817541,-0.0218156185519915,-0.0228885267797734,-0.0237781853687689,-0.0244909971245969,-0.0249841730631638,-0.025271310552098,-0.0253118433522877,-0.025128046542874,-0.0246817894785416,-0.0240017986917092,-0.0230488294940314,-0.0218683845721002,-0.0204301361799358,-0.0187830659410531,-0.0169012598245519,-0.0148623954945432,-0.0126161651223398,-0.0103099988854687,-0.00789098108180753,-0.00546226479955318,-0.00303431234974543,-0.000887152994004467,-0.000100353034687315,1.21046722674934e-05,-1.2027980837554e-06,1.50758422351414e-05,4.54661546092405e-06,7.40933320418244e-06,3.15419286263808e-06,5.81351040760396e-06,-9.0587640493342e-07,2.410333791275e-06,-3.69183635400629e-06,-1.85326895406004e-06,-6.91786651320973e-06,-5.75661919442869e-06,-1.03323565562872e-05,-8.848659734683e-06,-1.34244127571118e-05,-1.24647078549176e-05,-1.56551367551121e-05,-1.39146251902824e-05,-1.69611897033429e-05,-1.59251111170701e-05,-1.89059760368596e-05,-1.56458736826333e-05,-1.62764795000151e-05,-1.2904655074108e-05,-1.41973244106055e-05,-1.30392797472723e-05,-1.3480371462656e-05,-1.01507408766791e-05,-7.10854924915566e-06,5.11475367610332e-08,4.74084669018132e-06,1.09915041399967e-05,1.44634013719078e-05,1.99879184758957e-05,2.34399439096049e-05,2.9031212919916e-05,3.26738998026158e-05,3.83375012766993e-05,4.26570571696088e-05,4.8952559546885e-05,5.41303055707293e-05,6.00602724277376e-05,6.47889450828717e-05,6.8451917970144e-05,7.14570667456058e-05,7.83981996679083e-05,7.7538737846467e-05,6.86917316236394e-05,7.07463022311668e-05,6.32538920658735e-05,6.45068939982039e-05,7.25989351601621e-05,7.39665348254698e-05,7.8492937921374e-05,5.94890358094866e-05,5.17133916109833e-05,4.69267091099824e-05,5.22161452782624e-05,4.76273974718255e-05,3.25283971888635e-05,1.89252183405374e-05,2.27177793311035e-05,1.62881232283654e-05,1.71344297129843e-06,-7.97971480128117e-06,-6.83865772673902e-06
-1.92323915022049e-05,-2.18459435517019e-05,-3.44524471095464e-05,-3.86836452451808e-05,-4.35419874028533e-05,-4.85767961131959e-05,-5.34021047292785e-05,-5.57131936520126e-05,-6.27080217514309e-05,-0.000145423667872534,-0.000685123197878107,-0.00151339745595299,-0.00252837348164587,-0.00365087741926849,-0.00493503831134558,-0.00635433987421512,-0.00785803126966115,-0.00949500156748327,-0.0111949058169934,-0.0129451435266055,-0.0147160406190547,-0.016491468945684,-0.0182241897141789,-0.0199025962779878,-0.0214879106743785,-0.0229663893585623,-0.024301394250309,-0.0254833707868886,-0.026480150854657,-0.0272846824169444,-0.0278701989984783,-0.0282346875954732,-0.0283566945858044,-0.0282392027104705,-0.0278654603878123,-0.0272427714994998,-0.0263603913134784,-0.0252342363824403,-0.0238557541865396,-0.0222503683125798,-0.020427995889256,-0.0184035378692841,-0.0161907174442693,-0.0138840535424667,-0.0114359691114304,-0.00891605650452751,-0.00643321467141397,-0.0039562130783405,-0.00174050748732705,-0.000237218662287197,-4.49093861142092e-06,1.29986683196089e-05,8.27803321340543e-06,7.14237294532469e-06,6.15643560935852e-06,5.3861696785668e-06,2.7216697191992e-06,1.61012391452476e-06,-1.04023545600757e-06,-1.57977463827856e-06,-5.14224348163151e-06,-5.08782578962181e-06,-8.63521530966387e-06,-8.92145740090164e-06,-1.17162735256644e-05,-1.1142798326353e-05,-1.45361029393054e-05,-1.40883493967081e-05,-1.64912037624468e-05,-1.45413844643138e-05,-1.57881056189479e-05,-1.50240702756575e-05,-1.70472858534153e-05,-1.50966757267602e-05,-1.49138467529888e-05,-9.29789048756372e-06,-8.30828417459959e-06,-3.31290020748491e-06,-4.23982020664772e-06,-1.67685616133741e-06,-2.64455998124273e-06,2.09944954354834e-06,3.66195865327102e-06,1.01613114366199e-05,1.27431042923326e-05,1.99163335385544e-05,2.3070701279112e-05,3.06766970591936e-05,3.35672656592408e-05,4.05787088930165e-05,4.2358086763239e-05,4.90344463229263e-05,5.01835308168694e-05,5.77072833974344e-05,5.89192163198009e-05,6.0756089749907e-05,6.3405095187e-05,7.92171837107956e-05,7.61125153538617e-05,8.73497470081961e-05,8.22865310941334e-05,7.38971747034162e-05,6.52197465499391e-05,5.68456841994639e-05,6.61163138238311e-05,6.82173200517924e-05,6.00090065891639e-05,4.5508918158977e-05,3.39382827950397e-05,3.86833792783662e-05,3.55631537243319e-05,1.90259985341446e-05,6.43078465130254e-06,9.00141583075735e-06,6.16513924154648e-09,-1.40870375873023e-05
-1.94008403536811e-05,-3.18789624823664e-05,-3.02923393051662e-05,-4.0197562343318e-05,-4.88378724032479e-05,-4.66933818645536e-05,-5.69813709477772e-05,-5.94787984218475e-05,-0.000150581943649072,-0.000539156692353714,-0.00112076744644457,-0.00194135099785012,-0.00293304957771693,-0.00413248134406771,-0.00553821842980758,-0.00708993467194733,-0.00878558494208046,-0.0105970915010486,-0.0124912521432483,-0.0144342338644169,-0.0164016664326447,-0.0183494582737212,-0.0202618976863585,-0.0220955786055773,-0.0238346917113921,-0.0254386857271795,-0.0269009520769226,-0.0281820681802589,-0.02928163987997,-0.0301613811301807,-0.0308296619747621,-0.0312504877634283,-0.0314412487763907,-0.0313676071660033,-0.03105620217661,-0.0304715189198741,-0.0296482048023587,-0.0285532087343813,-0.027238615308539,-0.0256650642331487,-0.023893983681952,-0.021892493622419,-0.0197406732812503,-0.0174085101817445,-0.0149955060548401,-0.0124244552117996,-0.00990326400103675,-0.00736263563780633,-0.00489484127009477,-0.00254422493758485,-0.000587304968754482,-4.72932515479837e-05,1.25245842702996e-05,-3.18372365706781e-06,1.22430181475692e-05,-2.50797990758217e-07,4.51685160438287e-06,-2.43118269391299e-06,1.10620989096611e-06,-6.37228397959873e-06,-2.82919317644897e-06,-9.91867040504769e-06,-6.95376250535001e-06,-1.26418110828948e-05,-1.06831641028274e-05,-1.61306339771596e-05,-1.32085077379417e-05,-1.7484180446006e-05,-1.50880867285097e-05,-1.94371618711102e-05,-1.72977053186298e-05,-1.89153499952804e-05,-1.50045078367069e-05,-1.61975467516395e-05,-1.31370085115991e-05,-1.63460115928285e-05,-1.25842289289311e-05,-1.34738127213519e-05,-6.17016500945404e-06,-2.77101004082277e-06,5.98261198225508e-06,8.79870174828673e-06,1.6061856344778e-05,1.81836033363255e-05,2.51476301379143e-05,2.74826683921745e-05,3.45219011581827e-05,3.71318018589969e-05,4.47906898655197e-05,4.82691192656677e-05,5.67968984460033e-05,6.00539562191254e-05,6.80682962252328e-05,6.88865385299203e-05,7.46761052368913e-05,7.92761552728265e-05,8.15077579760698e-05,6.89661186089616e-05,7.41217222276352e-05,6.34230976378997e-05,6.68285114515956e-05,7.32918175820663e-05,7.71641304438138e-05,8.08470790103881e-05,6.27900474890188e-05,5.17337405080345e-05,4.8683378085308e-05,5.2558643319463e-05,5.12580300728433e-05,3.26399451968991e-05,1.95262427483105e-05,2.1994764377789e-05,1.87123264162493e-05,1.99673481256541e-07,-8.0172293279925e-06,-7.9590875703759e-06
-1.76874104573028e-05,-2.62268667575453e-05,-3.35581611060463e-05,-4.14255588706245e-05,-4.73491574644192e-05,-4.81549969975529e-05,-2.24662750950647e-05,9.47822719446742e-05,4.86955416501691e-05,-0.000280896075076683,-0.000878185211987755,-0.00177514926666177,-0.00293474502251888,-0.00431044208991252,-0.00593200847051992,-0.00772790453898819,-0.00966570837381746,-0.0117227007900641,-0.0138643208792267,-0.0160373927805547,-0.0182223865281082,-0.0203782326901106,-0.0224737127167993,-0.024474119537469,-0.0263579676951787,-0.0280937801830168,-0.0296623130103063,-0.03103896927498,-0.0322101484915357,-0.0331567845365659,-0.0338704163196185,-0.0343379566855289,-0.0345563381851648,-0.0345175759677234,-0.0342228768940198,-0.0336686104521579,-0.0328623378330027,-0.0318053615745783,-0.030505640294676,-0.0289725482230273,-0.0272275123611371,-0.0252693338170873,-0.023130765134272,-0.0208493721263799,-0.0184193784628034,-0.0158764955841479,-0.0133277852597873,-0.010736268098872,-0.0081414940137597,-0.00568745392360991,-0.00334413417685946,-0.00133036210878731,-0.000145074918414466,2.29905758496526e-06,8.84145721576807e-06,5.84765184464953e-06,2.24065181557742e-06,2.03878676618418e-06,-3.85055376061578e-07,-2.26703585786098e-06,-4.40563414540085e-06,-6.15594405458049e-06,-7.92417243249719e-06,-1.04144118261016e-05,-1.09434429075299e-05,-1.28347349931078e-05,-1.41003927380427e-05,-1.59667536503718e-05,-1.60140662901047e-05,-1.66162714326371e-05,-1.55897929534803e-05,-1.7472943716681e-05,-1.68776244996519e-05,-1.74747122574665e-05,-1.4794120456714e-05,-1.1654777552777e-05,-8.25921233308071e-06,-5.51203049089543e-06,-4.2694464603151e-06,-4.00384597267886e-06,-2.71002166827121e-06,-3.72208394991969e-07,3.58706449356533e-06,7.81606383760455e-06,1.28816220575968e-05,1.78241678069642e-05,2.34645900731416e-05,2.89293016662659e-05,3.43718002355391e-05,3.93053787788713e-05,4.36450306034058e-05,4.82539328482801e-05,5.19264407918862e-05,5.75051099073013e-05,6.15500446209612e-05,6.09934716380823e-05,6.58088357228323e-05,8.06578231122534e-05,7.95927165094958e-05,8.91906811526835e-05,8.71519616900714e-05,7.54846120746212e-05,6.91959117016507e-05,5.64087642837546e-05,6.93847692250949e-05,6.96593831447864e-05,6.44145836455952e-05,4.60471367251579e-05,3.55509889153443e-05,3.82679893249279e-05,3.93625248487593e-05,1.82232228013197e-05,7.08531529068556e-06,7.97486647877793e-06,2.00593318130761e-06,-1.74539774560374e-05
-1.79834886569835e-05,-4.02565994011802e-05,-2.33929951340202e-05,-4.62726732321077e-05,-1.83798367100205e-05,0.000209829399192495,0.000807696368435778,0.00118323148897849,0.00107578071369457,0.000671809414047268,-0.000154769335776742,-0.00127520865492607,-0.00272094018258458,-0.00440105421310394,-0.00634556664025905,-0.00844149704241401,-0.0107104026246805,-0.0130582454316676,-0.0154853766401144,-0.0179191533943721,-0.0203503563424066,-0.0227116075893773,-0.0249999388753974,-0.0271600530922827,-0.0291821631172134,-0.0310256221913739,-0.0326829883015117,-0.0341249404575687,-0.035343466221201,-0.0363212037182332,-0.0370505255519453,-0.0375257403305934,-0.0377389076935774,-0.0376960747797825,-0.037387816065273,-0.0368300338169019,-0.0360091546147316,-0.0349532195137627,-0.0336507849297974,-0.0321369020329053,-0.0303885833251941,-0.0284662616499632,-0.0263449122443683,-0.0240865415573709,-0.0216693634772398,-0.0191748699158671,-0.0165832678972275,-0.0140114680290495,-0.0113465584315929,-0.00882869833915145,-0.00640115056393629,-0.004115468611531,-0.00203414524440417,-0.00041664486575654,-2.4885231963207e-05,6.31396757973564e-06,-4.71378263111464e-06,6.28209012503533e-06,-5.7042670955537e-06,-5.09916858420655e-07,-8.27587499106282e-06,-5.36704113217427e-06,-1.18689778735109e-05,-8.9001097127873e-06,-1.53384449417623e-05,-1.32199848714489e-05,-1.73203166834409e-05,-1.52036685107571e-05,-1.92731738159635e-05,-1.77464035247577e-05,-2.12157386925752e-05,-1.74332387989788e-05,-1.88921958250663e-05,-1.53084800570225e-05,-1.69066565852707e-05,-1.57911974543756e-05,-1.61472743100127e-05,-1.32777372097108e-05,-9.34841168656499e-06,-2.35989397402071e-06,3.34526305721895e-06,9.75011429431967e-06,1.42067724351111e-05,1.93101811005556e-05,2.36838466746591e-05,2.87166935497046e-05,3.34605792263793e-05,3.86071473396084e-05,4.43899663983195e-05,5.02304191987726e-05,5.73317887976432e-05,6.27790797341271e-05,6.9607856961095e-05,7.20469502368875e-05,7.63320849773945e-05,8.26240305659009e-05,8.43147978303757e-05,7.17092651908226e-05,7.66688948648882e-05,6.61827738087573e-05,6.83981699065718e-05,7.6223400733905e-05,7.96545700015502e-05,8.54147443636902e-05,6.57494097581743e-05,5.35069811392397e-05,5.00600419636275e-05,5.42492913018963e-05,5.49014831959746e-05,3.3813086928739e-05,1.96780765962521e-05,2.19537217559162e-05,2.12545011192851e-05,-1.29834054724105e-06,-8.30508325572641e-06,-9.4582930764178e-06
-1.33067756585414e-05,-3.72419119965761e-05,-2.50028584612351e-05,0.000125509711345902,0.00115998628958844,0.00227586018675287,0.0029054118220365,0.00307664719378023,0.00275259586584362,0.00199125434214411,0.000828148230365083,-0.000698624095379403,-0.0025460411161869,-0.00464383336548609,-0.00697650774453701,-0.00947786668973911,-0.0120987034384419,-0.014795530001578,-0.0175311740044203,-0.0202465710092058,-0.0229155789185929,-0.0254958191796377,-0.0279549497412949,-0.0302594230152018,-0.032388799107699,-0.034316231430124,-0.036024166561044,-0.0374948642164707,-0.0387174028489349,-0.0396824729544346,-0.0403835931173087,-0.04081869283419,-0.0409854310826494,-0.0408883400951516,-0.0405274425096449,-0.0399129041443019,-0.0390491190224604,-0.0379505534295169,-0.0366176395515495,-0.0350729939544526,-0.0333261561860556,-0.0313908401927692,-0.0292804870655511,-0.0270355417542398,-0.0246419455225938,-0.0221526632688978,-0.0196052025391093,-0.0169977169829974,-0.0143572456103316,-0.0118049190215119,-0.0093011838415985,-0.00688786924160889,-0.0046755375808639,-0.00268610478844693,-0.00103020775405765,-0.000105653250482754,6.1097599899651e-07,3.44887250087498e-06,-5.39164681828851e-07,-2.34090674658309e-06,-4.78140345946091e-06,-5.91545932042022e-06,-8.9151655844045e-06,-1.04112879747417e-05,-1.20722849253738e-05,-1.29356301775784e-05,-1.58231349994677e-05,-1.63032552464506e-05,-1.76698324544301e-05,-1.71679381534414e-05,-1.76081122058497e-05,-1.85488093659084e-05,-1.89116627299013e-05,-1.84460405671622e-05,-1.68904724354255e-05,-1.26762284849135e-05,-1.04700607264509e-05,-6.43662498119307e-06,-6.58362215685061e-06,-5.10479755137814e-06,-4.81528920142466e-06,-1.49488500537077e-06,1.49822354151371e-06,6.83604137958493e-06,1.10350593774408e-05,1.70574817548146e-05,2.1976141032036e-05,2.86190580762718e-05,3.34803788553155e-05,3.965680185308e-05,4.34984861285845e-05,4.93774517981582e-05,5.25085464469764e-05,5.94279729344927e-05,6.32601150196113e-05,6.35144308004742e-05,6.73460201380931e-05,8.4569573883473e-05,8.23263197068546e-05,9.34679285486548e-05,9.14534196161268e-05,7.96402885100436e-05,7.26701768674298e-05,5.81964443915084e-05,7.18002605461211e-05,7.36325221693593e-05,6.79284294826218e-05,4.91015497170606e-05,3.55385302374482e-05,4.04497214259743e-05,4.15855975224283e-05,1.9829629279674e-05,4.3595314512379e-06,1.18756059520601e-05,-8.72323634418878e-07,-1.87297435138863e-05
-2.12819652417822e-05,4.8187802406214e-05,0.000868465138428086,0.00285416016835163,0.00451446978306857,0.00539204321619219,0.00573010591229018,0.00538987226841536,0.00464835789474326,0.00334058978295711,0.00168378113262908,-0.000402884702503695,-0.00272795251801596,-0.00536202268982597,-0.00814053003941788,-0.0110976861507531,-0.0141070375096008,-0.0171864054454557,-0.0202181763665314,-0.0232303390334245,-0.0261175937591582,-0.02889631613802,-0.0314896375307843,-0.0339134047200443,-0.0361005360071945,-0.0380693630103565,-0.0397709106252942,-0.0412228049322309,-0.0423898041021062,-0.043290476438838,-0.0439025781348348,-0.044244071774747,-0.0443044458731388,-0.0441011244274879,-0.0436340105207958,-0.0429173777311169,-0.0419585517292234,-0.0407688226905845,-0.0393694450792602,-0.0377623165339034,-0.0359690393884057,-0.0340004355037157,-0.0318879550025579,-0.0296164874676346,-0.0272498197770273,-0.0247710168849496,-0.0222356221690336,-0.0196408220854404,-0.0170436433680786,-0.0144434261120881,-0.011957743301904,-0.00946437424999344,-0.00718818776758869,-0.00508933032453592,-0.00318310614189388,-0.00154037264868066,-0.000344435627026699,-1.984892367942e-05,-3.261170109565e-06,-4.79485199322516e-06,-3.58916296342033e-06,-1.00981661855045e-05,-8.78147232754995e-06,-1.24435366762689e-05,-1.35474363477579e-05,-1.6732507703073e-05,-1.59131676166283e-05,-1.83879593500492e-05,-1.89565670503929e-05,-2.10047995725275e-05,-2.14074149172446e-05,-2.01787763703989e-05,-1.96099557946261e-05,-1.82608239133711e-05,-1.81308869845693e-05,-1.87042254291589e-05,-1.75001485672783e-05,-1.61347058818217e-05,-1.0675152261027e-05,-4.49597477550139e-06,2.28809682647166e-06,8.72352715777081e-06,1.37857553900076e-05,1.8922070153222e-05,2.32587620525193e-05,2.87537450269806e-05,3.32002265414453e-05,3.93438291048669e-05,4.45945950226803e-05,5.21015322273974e-05,5.84507481328474e-05,6.6137833632617e-05,7.17148696267468e-05,7.64263085955129e-05,7.80890580322175e-05,8.74723381945253e-05,8.69660904994022e-05,7.65547837173532e-05,7.87193183061174e-05,7.1797129113255e-05,6.87867023466911e-05,8.28119885107843e-05,8.02831027437846e-05,9.45880892142107e-05,6.59321224725111e-05,6.00326139825421e-05,4.75120677604628e-05,6.21475958966756e-05,5.36870377046136e-05,4.20518060696883e-05,1.172117947087e-05,3.28742339695147e-05,1.14240357832626e-05,1.06760262310743e-05,-2.12424565030705e-05,-2.78596825743742e-06
0.000537016662926045,0.00311454215480928,0.00583293594293564,0.00755789228513708,0.00868883994474207,0.00899370221386578,0.00871966073821235,0.00772826132617307,0.00630397093826951,0.00431811763859815,0.00200758080167956,-0.00071564419209007,-0.00364960132684952,-0.00684462050105415,-0.0101351455304739,-0.0135710979052095,-0.0169845837683969,-0.0204277357776223,-0.0237654819311871,-0.0270275188175992,-0.0301049728585367,-0.0330357662070462,-0.0357193719069225,-0.0381939894034616,-0.0403840462300872,-0.0423263816438062,-0.0439589185340976,-0.0453194754155424,-0.0463629917424322,-0.0471280553908092,-0.0475827483766208,-0.0477640908023351,-0.0476521137274129,-0.0472821672256786,-0.0466437151599434,-0.0457690158902795,-0.0446588430704992,-0.0433398003200532,-0.0418137539933095,-0.0401056837928863,-0.0382331718932292,-0.0362007896697912,-0.034033694569838,-0.0317509486062136,-0.0293625713523798,-0.0268862491972808,-0.0243724242158335,-0.0217882784491174,-0.0192088768999861,-0.0166491828122473,-0.0141296633956636,-0.011655314271978,-0.00935729049671533,-0.00715856151749348,-0.00515417430294966,-0.00338759740057962,-0.00191531215062448,-0.000741984501695296,-9.31471988682905e-05,-7.19953903626029e-07,-8.71561425621549e-06,-4.18440976695304e-06,-1.07086833128046e-05,-1.03287819468301e-05,-1.38290153320719e-05,-1.27515720753002e-05,-1.8211915015147e-05,-1.66972387469049e-05,-2.00752755904167e-05,-1.76172299531025e-05,-2.056583559278e-05,-1.96514442406546e-05,-2.21514516240778e-05,-1.92279685295442e-05,-2.0264853788495e-05,-1.33456525629291e-05,-1.4194732948256e-05,-6.84240778765523e-06,-1.07489835956834e-05,-5.70000754157252e-06,-8.76464904467642e-06,-1.77811495233447e-06,-2.43597885082012e-06,6.92339710620966e-06,7.1177232863539e-06,1.75246517253189e-05,1.8223790627162e-05,2.97478499931519e-05,3.02823030928739e-05,4.19320433345279e-05,4.11574677893401e-05,5.30457046862759e-05,5.10470908071208e-05,6.45224236973464e-05,6.30041224245733e-05,6.96422477155448e-05,6.6679821975001e-05,9.30652929290942e-05,8.28844633597389e-05,0.000102474487662299,9.33450256153629e-05,8.88846959106698e-05,7.3156353486896e-05,6.51280874114349e-05,7.06199500475783e-05,8.39393578780693e-05,6.69047562634283e-05,5.86105090437589e-05,2.95461181620835e-05,5.15352414510909e-05,3.52882513386669e-05,3.09849851365967e-05,-1.03924178585565e-05,3.07008300310223e-05,-1.05641944724964e-05,1.36627369252918e-05
0.00674051968889576,0.00964862675582026,0.0117220923924635,0.0127760390914309,0.012953033567375,0.0124961880009291,0.0112826892047292,0.00949480019263081,0.00717612935479008,0.00443613806611556,0.00131258970905325,-0.00208660286423255,-0.00570507227966507,-0.00946987431083783,-0.0133216959766918,-0.017184708756919,-0.0210249740542608,-0.0247716936122597,-0.0283848810183602,-0.0318252412148754,-0.0350557685415045,-0.0380385937019364,-0.0407581440464799,-0.0431888292868447,-0.0453164206947352,-0.0471282989243967,-0.0486214848340774,-0.0497912073283953,-0.0506415373513943,-0.0511763816941718,-0.0514055885653564,-0.0513387938672969,-0.0509900372102598,-0.0503744930307077,-0.0495089221639129,-0.0484107367468109,-0.0470956308507471,-0.0455828464082818,-0.0438931920712865,-0.0420410143943682,-0.040037218250492,-0.0379113198194938,-0.0356715150251627,-0.0333263855118317,-0.0309089563326348,-0.0284303750658378,-0.0258928817435606,-0.0233448359692269,-0.0207818579364385,-0.0182354199334209,-0.0157412203089794,-0.0133039158332772,-0.0109647949261493,-0.00878658555861937,-0.00671651719169422,-0.00488755608491708,-0.00330472325848349,-0.00194114160418855,-0.000914673822018926,-0.000238499800610191,-2.08838149171213e-05,-6.21847928169014e-06,-1.39044489061779e-05,-9.2832196842394e-06,-1.68255770988375e-05,-1.69255255562383e-05,-1.81888543556006e-05,-1.8680940065398e-05,-2.15288985550257e-05,-2.26012392939127e-05,-2.43807971799061e-05,-2.13745465356447e-05,-2.24883597521033e-05,-2.0171765523344e-05,-2.12941138951664e-05,-2.13601574373125e-05,-2.03620680567296e-05,-1.90904383324623e-05,-1.32106195960903e-05,-6.9243235171842e-06,7.16451362783953e-07,7.67639593359135e-06,1.36150152838691e-05,1.83114898262856e-05,2.33099821186526e-05,2.80501385115825e-05,3.37256466887086e-05,3.91395775634002e-05,4.61659014842151e-05,5.29538041653819e-05,6.1812341167511e-05,6.87165182307994e-05,7.7233061578947e-05,7.99927851039787e-05,8.337104668713e-05,9.0394791687659e-05,9.36077401517207e-05,7.88681992927353e-05,8.56527991008079e-05,7.42768582336874e-05,7.48021857429579e-05,8.65753783004565e-05,8.7575663198634e-05,9.99004925823322e-05,7.28815700650927e-05,5.93684859121128e-05,5.52575597005661e-05,6.23654423207624e-05,6.4103489151076e-05,3.72274389771056e-05,1.70210499919723e-05,3.76567382508957e-05,6.86223811057698e-06,1.72116999782217e-05,0.000347498857078565,0.00289408450180268
0.0147813726274309,0.0167105710573021,0.017547306177133,0.0176411594015825,0.0166753594065498,0.0151335470813532,0.0128407323451974,0.0100740384761265,0.00676559129312625,0.00315062645788302,-0.000815650286936501,-0.00493846578984458,-0.0092533552094797,-0.0135785968833191,-0.0179477645089569,-0.0222211769841973,-0.0264061897216187,-0.0303944493462814,-0.0342060311327981,-0.0377363668497822,-0.0410136531814541,-0.0439645287287274,-0.0466091624690418,-0.0488931205547274,-0.0508473977351389,-0.0524324274231703,-0.053678560435796,-0.054561662664101,-0.0551163004747779,-0.0553318546259377,-0.0552426994402807,-0.054847907731193,-0.0541811007225294,-0.0532498500105271,-0.0520843220958519,-0.0506987354435977,-0.0491216544129174,-0.0473702782046443,-0.0454603268307046,-0.0434165581092425,-0.0412575813365664,-0.0389948547656142,-0.0366402839151166,-0.0342302761291582,-0.0317468740384985,-0.0292331330702996,-0.0266943654962731,-0.0241404328622437,-0.0215868667535363,-0.0190855340080349,-0.0165919873210224,-0.01419443752151,-0.0118844008301453,-0.00969269420300248,-0.00762566086010108,-0.00579546198654426,-0.00410575541097037,-0.00268612991407381,-0.00153850613857693,-0.000676735318062747,-0.000144373557180111,1.85596996501925e-05,2.35288616304543e-06,-1.44193483268526e-05,-1.28765777578798e-05,-1.72890264760125e-05,-1.43095168291388e-05,-2.45898293460342e-05,-1.65141764627083e-05,-2.50444358699586e-05,-1.71680677426905e-05,-2.8098773767353e-05,-1.977245153799e-05,-2.73213255160227e-05,-1.76834925252994e-05,-2.13098414173879e-05,-1.14259293752976e-05,-1.46592747338941e-05,-8.87618456919198e-06,-1.47387572376244e-05,-6.17017552324385e-06,-1.02142456773352e-05,7.09990320317621e-07,-1.68271336334262e-06,1.04430263972014e-05,8.65869238320908e-06,2.20885027655414e-05,2.11763927586588e-05,3.5368270488275e-05,3.42125553303522e-05,4.80904706176323e-05,4.67593318142964e-05,6.03139292035692e-05,5.94795654604328e-05,7.44859197917439e-05,6.44412660080382e-05,7.89497277303437e-05,9.13368147742241e-05,9.88858656289373e-05,9.89504313896519e-05,0.00011148748456288,8.35078237872437e-05,9.13603606276434e-05,5.48173707658339e-05,9.22705028744298e-05,7.32268299712482e-05,9.07058956042457e-05,3.93186705541297e-05,5.71456174069669e-05,4.02814654201758e-05,4.05960233020599e-05,3.75902400940738e-05,0.000240525397383547,0.00240702237423058,0.00737005021909802,0.0117258270614579
0.0225049382041868,0.0230946122542973,0.0225647350537924,0.0212244903602601,0.0189773234427656,0.0161632445862536,0.0126785887760165,0.00879576811747626,0.00447085054280104,-6.97763855300892e-05,-0.00486678095509636,-0.00972108882277378,-0.014652076312949,-0.0195090978775566,-0.0243042468121809,-0.0288968959289971,-0.033321351986046,-0.0374552945293297,-0.0413191662554272,-0.044835751688822,-0.0480234373824565,-0.0508145048382443,-0.0532445910958832,-0.0552670653691017,-0.056911887859085,-0.0581525068412612,-0.0590244533320328,-0.0595151183904423,-0.0596607890750443,-0.0594624495500527,-0.0589551441526163,-0.0581497156913072,-0.0570788501756026,-0.0557622591649168,-0.0542282553850045,-0.0525017398673675,-0.0506024859649283,-0.0485596888679359,-0.0463916215600245,-0.0441242026837229,-0.0417581125555834,-0.0393375844501018,-0.0368531175106116,-0.0343288733924623,-0.0317757020316707,-0.029219693692761,-0.0266337192700843,-0.024088203189792,-0.0215414596333369,-0.0190414277591577,-0.0165914810680543,-0.0142238845578114,-0.0119201564483131,-0.00977249452687395,-0.007721390905441,-0.00586415980515635,-0.00417712198263146,-0.00272361129806701,-0.00148169482022158,-0.0005532620917028,0.000117114806021186,0.000450789156886789,0.000443361413004165,0.000138116229963028,8.22273769366273e-06,-2.54595839911408e-05,-1.25757668267084e-05,-2.99942086147668e-05,-1.0692225094649e-05,-3.74774647012875e-05,-1.7902626400194e-05,-3.3479707091198e-05,-1.5672086266792e-05,-3.15377868228898e-05,-1.57235108305839e-05,-3.51470788373889e-05,-1.45579648695053e-05,-3.26183649806985e-05,-7.7810518224471e-06,-1.95753539583274e-05,8.29466933065087e-06,-1.81097995343867e-06,2.34739377015739e-05,9.08961693139447e-06,3.28450229830454e-05,1.84089069491179e-05,4.3648299825434e-05,2.9981928907343e-05,5.75822972966907e-05,4.51868074404829e-05,7.59194600607143e-05,6.35968098965115e-05,9.52285744661835e-05,7.65338632557122e-05,0.00010053951597917,8.36698657161656e-05,0.0001111732960245,7.11052696345911e-05,0.00010510927030336,6.46701406132791e-05,9.41182987303584e-05,8.40637250214273e-05,0.000109141986702349,9.39245942949739e-05,9.31344051078962e-05,3.61892204986153e-05,9.73752731534054e-05,4.43411308989084e-05,7.2513782845592e-05,5.80178953797943e-05,0.000213800207476445,0.00224877173632356,0.00816171006538849,0.0139552698024243,0.0179550363605358,0.0209534486384257
0.0289919450615806,0.0277736380189867,0.0256310307819881,0.0227163344203459,0.0190514414976263,0.0148256519724595,0.0101309678451958,0.00508847831118019,-0.000220669898618859,-0.00568097778574869,-0.0112136267488426,-0.0167304484021597,-0.0221697970075509,-0.0274458023890977,-0.0325095914187795,-0.0373135495442115,-0.041794208369081,-0.0459306655067864,-0.0496828271905764,-0.0530297371067056,-0.0559463606848927,-0.0584412780369728,-0.0604856246933576,-0.0621036928574216,-0.0632814929563552,-0.0640550434452279,-0.0644116295377069,-0.0643995447106343,-0.0640117847427197,-0.0633062679788947,-0.0622759450466289,-0.0609847260071422,-0.0594246482902977,-0.0576637793859474,-0.0556900443227301,-0.0535740255528376,-0.051301422718497,-0.0489410522318742,-0.0464643798141329,-0.0439443539410732,-0.0413551738405606,-0.0387506196962504,-0.0360983779693264,-0.0334744516608935,-0.0308142828974221,-0.0281963033730832,-0.0255812503082899,-0.0230095915517643,-0.0204541651271163,-0.0179897778805942,-0.0155372123504466,-0.0132054744786118,-0.0109418224284546,-0.00880308042124193,-0.00677468237640526,-0.00494412448589975,-0.00323300416081582,-0.00176658164157422,-0.000503953887007475,0.000490319902241343,0.00124708443571219,0.0016630620150219,0.00180534933459252,0.00161363807863416,0.00104097098706537,0.000271483080367239,2.28109594897914e-05,-3.09862245038583e-05,-1.25533285711082e-05,-4.10648128479128e-05,-5.3045539178424e-06,-4.07452896069335e-05,-1.72393846985718e-05,-3.85073035559642e-05,-1.46074637219015e-05,-3.24085563369125e-05,-5.10831906037283e-06,-2.39171327379769e-05,-6.94688495246559e-06,-2.846051115374e-05,-3.25192302425315e-06,-2.12674047117791e-05,4.35615642731378e-06,-1.35001182891281e-05,1.29855325658962e-05,-3.64762318839459e-06,2.47977084755441e-05,9.5909246113948e-06,3.90526044346922e-05,2.3914668391871e-05,5.34748393943e-05,3.91601674836712e-05,6.93108675162329e-05,5.56048948688944e-05,8.51986134000454e-05,5.83501254142271e-05,9.01917840360094e-05,9.81875606726238e-05,0.000119255009764941,9.87156053923852e-05,0.000124531076156822,8.52275599032524e-05,9.96340612808031e-05,5.25934967013875e-05,0.000135118974157621,4.07176112184457e-05,0.000102130079203546,7.20171026114937e-05,0.000303641621767408,0.0025930502269317,0.00962200807709059,0.0167463056211738,0.0216927457529229,0.0257742707294274,0.0279904393765962,0.0290343103853035
0.0327585377079511,0.0296471977807379,0.0257947222228979,0.0211522146865084,0.0160323716810369,0.0104164816616539,0.00453738292473895,-0.00160697363574861,-0.00779782165732201,-0.0140523383164837,-0.0201827411430554,-0.0262134510603259,-0.0319646540741951,-0.0374912274923139,-0.0426306435621686,-0.0474322836412976,-0.0517763691782495,-0.0557189211722502,-0.0591396180779892,-0.0621318889110988,-0.0645860898872258,-0.0665936976187251,-0.0680732971834411,-0.0691280240671859,-0.0696783288929942,-0.069838827670545,-0.069542236305196,-0.0689077832501465,-0.0678740801592175,-0.066564846453003,-0.0649217363127653,-0.0630693226084372,-0.0609503535944371,-0.0586894984625034,-0.0562282537882876,-0.0536878266488481,-0.0510033929405589,-0.0482923631703465,-0.0454919553230709,-0.0427079386502106,-0.0398622046330709,-0.037072802998277,-0.0342543682051851,-0.0314966295315321,-0.0287390823994189,-0.0260650055321897,-0.0233799759437704,-0.0208079143603031,-0.018240812893226,-0.015773799987939,-0.0133529579054208,-0.0110487287990998,-0.00878880031919524,-0.00670189904754958,-0.00468475141858565,-0.00285249406609317,-0.0011559237447218,0.000316633913963814,0.00162913174211473,0.00265356144825734,0.00346966313344403,0.00396697257620088,0.0042241029351249,0.0041222453330386,0.00370911780661875,0.00299685844807532,0.00186184045989186,0.000554812568133738,8.18793171335712e-05,-3.86512008315642e-05,-2.05962174964922e-05,-4.41584846275959e-05,-2.02536955330699e-05,-2.23885481396569e-05,-2.32821897191058e-05,-4.42042948413862e-05,-1.83485640932098e-05,-3.91787285443575e-05,-1.57709191590594e-05,-2.55549471061685e-05,8.71860263952492e-06,1.70385314518747e-06,2.78450292757683e-05,1.16391635510185e-05,3.47954766890743e-05,1.99857760197324e-05,4.53740285556449e-05,3.29985818471677e-05,6.05940450322915e-05,5.09648712630434e-05,8.16435370125979e-05,7.50216404957334e-05,0.000107398022993208,9.51197521559174e-05,0.000108590275715073,9.07097732253837e-05,0.000106546813533765,8.13318086479284e-05,0.000108064567663208,6.71254605772101e-05,8.6701425756752e-05,0.000152734775714852,9.12671905373304e-05,8.93955739806602e-05,9.97956873901276e-05,7.6636924492054e-05,0.000643051400867059,0.00387069415450901,0.0123563982868878,0.0204758425993673,0.0263293072176096,0.0313134663601107,0.0341666064807169,0.0356077418829546,0.0359949514435028,0.0348490085817364
0.0328398367383237,0.0276726453137939,0.0220621363305327,0.0157846162111106,0.00927959802551329,0.00235674215486597,-0.00454584170420448,-0.0116212722402066,-0.0184986060312335,-0.0253476430059941,-0.0318369955288116,-0.0381377255175836,-0.0439704243104324,-0.0494836529008119,-0.0544385254235826,-0.0590034061791339,-0.0629478025397115,-0.0664479623493884,-0.0693188181386136,-0.0717182662959044,-0.0734941946248459,-0.0748186163533976,-0.0755487650196952,-0.075855864648403,-0.075625822099412,-0.0750263134420625,-0.0739551066473707,-0.0725770344027761,-0.0708047357322362,-0.0687978467867613,-0.0664775946912617,-0.0639953570579661,-0.0612789050451921,-0.0584697715189743,-0.055498828456579,-0.0524970090960227,-0.0493998945611425,-0.0463238532470905,-0.0431970350773651,-0.0401289007310813,-0.0370579168096119,-0.0340619339048037,-0.0310816282105541,-0.0282074030959134,-0.0253518438137412,-0.0225991484506597,-0.019897106103241,-0.0172800821714128,-0.0147170624724523,-0.0122673797046686,-0.00985575495661936,-0.00756879190577933,-0.00536240746899867,-0.00326642190390476,-0.00128441863682832,0.00053753402498099,0.00223953951961462,0.00374340144011694,0.00506067806654386,0.00615908033483473,0.00703259271578862,0.00763192221055441,0.00797661725401373,0.00799293574939813,0.00774409490432558,0.00717094995505739,0.00619864474708741,0.0050125444756888,0.00340078188751936,0.00146049250534168,0.000271911544620763,7.87787188681431e-06,-4.14058196257785e-05,-1.80825813697084e-05,-6.37663125218099e-05,-1.61570674874487e-05,-1.23192180727812e-05,4.18278324206391e-06,-3.82696594646466e-05,-2.31082648813255e-05,-3.12453502271625e-05,-6.82303499619133e-06,-2.41493884666144e-05,-4.41683280898695e-06,-1.97932289659797e-05,4.70699516224861e-06,-8.10647606828335e-06,2.00470510141721e-05,5.86743352123084e-06,3.5841123211297e-05,1.90475200460453e-05,5.54684996314848e-05,3.97581466726526e-05,8.63944909614117e-05,5.81067972736066e-05,7.8567967002877e-05,5.85663483772563e-05,0.000178518500919446,0.000137077734681929,0.000135946493915616,1.79130528606457e-05,0.000157759015749823,8.86767886147076e-05,0.000260689766308406,0.00152421565905299,0.00772199348773193,0.0176224348787043,0.0257574212620244,0.032380238255839,0.0379367914174153,0.0412569548620564,0.0428988862712932,0.0436409814649085,0.0424942435254883,0.0403843313089145,0.0369429256284139
0.0279064634239489,0.0210004750624231,0.0136654675200949,0.00600648122464597,-0.00180085510122698,-0.00964526360004819,-0.0174374330586303,-0.0250562020975283,-0.0324267859659157,-0.0394516344301454,-0.0460904250127802,-0.0522577056176739,-0.057924386616777,-0.0630376867259904,-0.0675895292830149,-0.0715201967060986,-0.0748694120199653,-0.0775835938515401,-0.0797029805182522,-0.0812099868463851,-0.0821560880576413,-0.0825181356896481,-0.082376892595839,-0.0817157303261377,-0.0806157639471936,-0.0790676320554899,-0.077165019573103,-0.0748975716268619,-0.0723620921066139,-0.0695462993836356,-0.0665494413334265,-0.0633550904380793,-0.0600615076305422,-0.0566459949477912,-0.0532046935525361,-0.0497062459045846,-0.0462393658145024,-0.0427640605802022,-0.0393717818123872,-0.0360060727236562,-0.0327432795469598,-0.0295371005770628,-0.0264572537629374,-0.0234239978313841,-0.0205351855006,-0.0177002946627995,-0.0149856423881238,-0.0123404420443605,-0.00981666221717525,-0.00733292365590765,-0.00500000207778034,-0.00270492383211534,-0.000544747254679957,0.00153687403353597,0.00347322985104808,0.00533402318384187,0.00699366445972223,0.00855226774321129,0.00989471005425912,0.0110816363029179,0.0120077256578193,0.0127532931917237,0.0131923673234673,0.0134138464323866,0.013300808632335,0.0129038313684698,0.0121804323141597,0.0112531758601165,0.00973884801332214,0.00813665611631375,0.00622216929400548,0.00373637875047354,0.00114270409756139,0.000275223998810883,1.56119839155456e-05,-3.59452550593124e-05,-3.87045826780613e-05,-4.89281147719344e-05,-7.42259729343531e-05,-2.05697032585532e-05,6.17438976690709e-06,4.77925861220787e-05,2.99569309657456e-05,4.83512518287694e-05,3.04729506833098e-05,5.42024909417187e-05,4.16785905522962e-05,6.92943538591426e-05,6.08581354657898e-05,9.09692417880031e-05,8.7774722691491e-05,0.000122176611802326,0.000130317265468768,0.00016664891688108,0.000136249927596784,9.01213372849169e-05,2.48959192073881e-05,4.50366906766076e-05,0.000132456455943963,8.44564625031045e-05,0.000343685160427724,0.00117033064916949,0.00495149880586503,0.0156843426383064,0.0257418604902722,0.0333892775952039,0.0402306135109724,0.0462112177970001,0.049236156506233,0.0511567434867045,0.0517590088131357,0.050661710591094,0.0482010270967212,0.0445139551921355,0.0398868723831839,0.0342664158132972
0.0174833553819452,0.00897140433989985,0.000226893640935056,-0.00848632715505879,-0.0171857967312268,-0.0256641856202386,-0.0338894194584475,-0.0417091618677662,-0.0491191311784132,-0.0559892556389455,-0.062319098436081,-0.0680157438994571,-0.0731045367514672,-0.0775004137254859,-0.0812420529240872,-0.084289976656639,-0.0866670168773171,-0.088364282634635,-0.0894322184585385,-0.0898565073112393,-0.089699150779764,-0.0889773864565555,-0.0877421458315887,-0.0860214560380686,-0.0838767325214366,-0.0813422014821269,-0.0784741911310486,-0.0753142731948228,-0.0719153356187495,-0.0683208015136718,-0.0645768340123882,-0.0607270643563363,-0.0568087517776209,-0.0528624867673517,-0.0489146937558364,-0.0450031055062816,-0.041145525626283,-0.0373729696261137,-0.0336838446445266,-0.0301119044150066,-0.0266548906696099,-0.023321807176817,-0.0201040598913925,-0.0170329270111178,-0.0140593762703986,-0.0112195231012508,-0.00849143922232267,-0.00586745590369245,-0.00334069883918957,-0.000937053379528673,0.00140589527640356,0.00362393426006294,0.00575898110268217,0.00779521533250661,0.00973244301996696,0.0115336096288728,0.0132470476414199,0.0147952056326654,0.0162080350692836,0.0174418052590813,0.0185105857250039,0.0193509508253012,0.0199932096277049,0.0203660156196915,0.0205074598481875,0.0203641890924623,0.0199536251462652,0.0191811493592568,0.0181238164322845,0.0169118545803284,0.0151623562183317,0.013032403732567,0.0110214342795766,0.00855232196375062,0.0054997871533504,0.00207743296238086,0.000568097272638578,0.000253023522555345,8.91979505657355e-05,-4.90932652111776e-05,-2.89339200140673e-05,-6.84594265194427e-05,-6.71118868986118e-05,-9.8242237124037e-05,-7.03081363220741e-05,-8.94213093586756e-05,-5.38346108583014e-05,-7.26033863690771e-05,-4.18471490094958e-05,-6.76775993038178e-05,-4.13182930193374e-05,-6.06501347894403e-05,-2.06226299931478e-05,1.64199504855478e-05,9.27753200664593e-05,9.97533350130168e-05,0.000426911449942178,0.000839158148563652,0.00171510843086007,0.00689985372920305,0.0183231568635583,0.0278745834313816,0.0361627769468051,0.0434471994346795,0.0506234305631186,0.0557966763556661,0.0582679939478477,0.0602919399621476,0.0604382292482953,0.0591086494579498,0.0561151470615692,0.0519776924982255,0.0467341583323666,0.040533507258619,0.0333724305070063,0.0256860835318091
0.00110475625067084,-0.00858683063278006,-0.0181444219577355,-0.0275524335780084,-0.0365841172361801,-0.0452300156932585,-0.0533479857939554,-0.060932689729691,-0.0678503103867499,-0.0741299686523517,-0.0796678425273609,-0.0845092309382594,-0.0885574677065193,-0.0918987371418798,-0.0944516839606539,-0.0962965222819213,-0.0973950018370325,-0.0978352482354167,-0.0975758725856151,-0.0967404983324899,-0.0952893334444705,-0.0933393918125984,-0.0908739495066971,-0.0880157140197489,-0.0847409504210948,-0.0811759721607234,-0.0773023972110394,-0.0732452148400726,-0.0689813230712874,-0.0646309365563438,-0.0601663537984421,-0.0557020841154144,-0.0512042415572867,-0.046780104239442,-0.0423882231678963,-0.0381258727748349,-0.0339389106826589,-0.0299184692714653,-0.0260106136803211,-0.022290177973045,-0.0186841112688022,-0.0152813642582081,-0.0119992250927916,-0.00889562703489557,-0.00591502133445079,-0.00310580396155553,-0.000378726059249156,0.00217197035440215,0.0046556842975716,0.00700487234396816,0.00927183950482384,0.0114209382554322,0.0135193427733901,0.0154710097422435,0.0173805232241134,0.0191586352733722,0.0208554146149959,0.0224105230458518,0.0238855918240794,0.0251769908298547,0.0263587236186743,0.0273372875943733,0.0281697307665461,0.0287681637598314,0.0291864286310551,0.0293178038261207,0.0292560276772379,0.0289057500394183,0.0283203147923572,0.027391147923501,0.0261491496846195,0.0247810507650963,0.0233856157449331,0.0210492788211455,0.0185920657091538,0.0164997427636507,0.0142092784892998,0.0116294434393863,0.00810502252559217,0.00390815527741653,0.0014804130167032,0.000755317108459772,0.000607166023532603,0.000556726265422098,0.000560890380523195,0.000545884078370028,0.000566906297372044,0.000578112765671179,0.000631853958824223,0.000674801462354321,0.000745889229561191,0.000809078589132778,0.000942116006227368,0.00130971730058453,0.00295951751281827,0.00925457218111341,0.0197776602774076,0.0280471575468633,0.0346853045685098,0.0423294297386855,0.049246616755479,0.0567514728420491,0.063180586247707,0.0659112334482167,0.0683429272371885,0.0697153959004656,0.0692634712037829,0.0673086484444109,0.0637218113391939,0.0588105696476856,0.0529143385113935,0.0458840143369043,0.0379309287449231,0.0292904412154961,0.0202438772829145,0.0107625843979496
-0.0207744811474408,-0.0310186338530484,-0.0408735315989368,-0.050240048946394,-0.0590422756831123,-0.0672308651539159,-0.0746963579148014,-0.0814323282321384,-0.0873722975594748,-0.0925218845621162,-0.0968299497153425,-0.1003258879859,-0.1029930462739,-0.104857942077903,-0.105924402376957,-0.10625631406371,-0.105842566410058,-0.10476667323788,-0.103050164186103,-0.100757868690448,-0.0979248213432668,-0.0946366506359967,-0.0909146454839014,-0.0868457332715723,-0.0824639224289622,-0.0778511747043904,-0.0730344549565932,-0.0680940764427889,-0.0630534994722493,-0.0579860985948038,-0.0529085368964305,-0.0478864361190052,-0.0429285439757614,-0.0380906327693281,-0.0333719591940423,-0.028819154764955,-0.0244256244129185,-0.0202272747712498,-0.0162008996533892,-0.0123818655386921,-0.0087496375321598,-0.00531076211442633,-0.00204444219727267,0.0010227939548708,0.00395094347650136,0.00670852190751283,0.00932375728727919,0.0118141474929688,0.0141861371586894,0.0164287243555424,0.0186025166120638,0.0206573535087505,0.02263352245233,0.024533413287959,0.0263497860270494,0.0280707127806759,0.0297344663997031,0.0312899316704974,0.0327576792069828,0.0341211304376161,0.0353804850558755,0.0365026406456159,0.0375000199449165,0.0383300564465912,0.0390086510050515,0.0395096305259217,0.0398164028735127,0.039886075536012,0.0397696017659212,0.039441770271606,0.03889633684314,0.0381630114207011,0.0371185748026285,0.0357239004401677,0.034530126443007,0.0335020482702823,0.0316768227658013,0.0291458441940398,0.0268895176623491,0.0253305066310223,0.0240855213392359,0.0232436863605006,0.0229086897717082,0.0227621461898406,0.0226548380952017,0.022529950316097,0.0226236564728908,0.0232035876279484,0.0244334222944144,0.0260934643699768,0.0279382142598123,0.0298322676101398,0.0321087079176776,0.0352873570330896,0.0405207896795078,0.0471175888761477,0.0532464211540293,0.059742951549215,0.0667983697618634,0.0718645866940551,0.0742415207849933,0.0768840913952057,0.078980760966971,0.0789135318037004,0.0774677859893553,0.0745813899522759,0.0701061616566793,0.0644190545731634,0.05767541529879,0.0497738629405098,0.0408725795967778,0.0312846041312582,0.0212965124530943,0.0109067696052436,0.000283855572926742,-0.0103329528124648
-0.0471214115059932,-0.0571089725473806,-0.0664565244221434,-0.0751289983146493,-0.0830093959986009,-0.0900653262438019,-0.0962683575509084,-0.101591771827153,-0.106012373218262,-0.109537771865153,-0.112173772540404,-0.113939767097018,-0.114845074149452,-0.114947228375525,-0.114266170809187,-0.112849583207957,-0.11075741167905,-0.10803812370958,-0.104741259167454,-0.100945702812176,-0.0966972344894754,-0.0920615541748654,-0.0871013682468994,-0.0818816337954034,-0.0764524104603839,-0.0708779720267853,-0.0652087647939067,-0.0595016352338303,-0.0537973962120574,-0.0481444177791371,-0.0425762499046325,-0.0371326709524676,-0.0318377193883654,-0.0267214441550892,-0.0217992332461578,-0.0170901155826059,-0.0125967732339702,-0.00833200108434926,-0.00429916013945127,-0.000494364602832122,0.00309655228147124,0.0064608627787686,0.00962303745720769,0.0126006746435717,0.0153862987732974,0.0180084749335843,0.0204922280516316,0.0228174458086942,0.0250317999380117,0.0271406622847295,0.029132588621336,0.0310492181918585,0.0328911452142265,0.034640478931143,0.0363389181438149,0.0379739017640395,0.0395334778906766,0.0410379194782226,0.042483751886099,0.0438501398996942,0.0451470803652751,0.0463624604078874,0.0474884399806583,0.0485184141216615,0.0494374283602521,0.0502232868553218,0.0508930285391091,0.0514391687331894,0.0518272332051363,0.0520362004046347,0.052108869634513,0.0520670816384078,0.0518839088517075,0.0515222980904324,0.0511778275187074,0.0506340737009522,0.049681951551746,0.0487293655274056,0.0484794313746603,0.0489664190121803,0.0491581175189192,0.0489535236729847,0.0488514917418649,0.0489892432912816,0.0493744666366405,0.0500579863605285,0.0511126071665818,0.0525408142478251,0.0543029786153692,0.0563618931255634,0.0587686812094764,0.0616551591441078,0.0652476088095783,0.0698189342756495,0.0749476510537431,0.0785498573719482,0.0803632982832852,0.0831356105846966,0.0863808835552342,0.0879892497062455,0.0876599417540774,0.0864608990591124,0.0841114445996397,0.0798046585611517,0.0742539216204152,0.0676727144575358,0.0599912292029877,0.0511638297029992,0.0413160870220514,0.0307972573824706,0.0199017747276802,0.00863491504879987,-0.00287876191171607,-0.0143531887949069,-0.0255833700341037,-0.0365548560287727
-0.075717666980894,-0.0846713545116722,-0.0927803872147911,-0.0999618566109774,-0.106227617663913,-0.111545744547092,-0.11588933840613,-0.119270284109923,-0.121701472594057,-0.123202788471338,-0.123796813138985,-0.12352339705295,-0.122435093853806,-0.12056236363244,-0.117971790342314,-0.114726998877255,-0.110871783770234,-0.106484399367013,-0.101632736094992,-0.0963678814331626,-0.0907664346845723,-0.0848950634413352,-0.0788084350449015,-0.0725691686370359,-0.0662391233831326,-0.0598713742840084,-0.0535156292778404,-0.0472188080331559,-0.041022776037446,-0.0349652624659444,-0.029078700337551,-0.0233913378332999,-0.0179252151550709,-0.0126978518105102,-0.00772106016254972,-0.00300432469708813,0.0014457907693281,0.00563033406305187,0.00955918650488589,0.0132307726833788,0.0166509089601728,0.0198464876526198,0.0228211160425208,0.0255793219216335,0.0281639095569998,0.030570148311612,0.0328097563608655,0.0349280626958426,0.0369110216626885,0.0387771080757764,0.0405682871101308,0.0422597059111918,0.0438773997321962,0.0454496774730262,0.0469531364329146,0.0484061848218419,0.0498315969338035,0.0512065933875046,0.0525408954625332,0.0538463677822278,0.0551115952091258,0.0563335522961262,0.0575129356947561,0.058636953298622,0.0597114330474127,0.0607359170346577,0.061683526988749,0.0625419063488942,0.0633402835927776,0.0640851858344307,0.0647559376041364,0.0653244024429657,0.0657774883389421,0.0662230170727778,0.0666779432141185,0.0670570118771218,0.0673048585290556,0.0676992241148285,0.068543481550752,0.0695023502134752,0.0701829421438346,0.0706174859249122,0.0710505871499888,0.0716641219396884,0.0725805207926339,0.0738352023742573,0.0753694419933718,0.0770393176944353,0.0787794602734288,0.0806688441139171,0.0828987106978399,0.0855852582185875,0.0887148679703445,0.0919489331270245,0.0944188595273182,0.0952171648998303,0.0948907899130143,0.0944889645275757,0.0937035484184659,0.0912044023345207,0.0868557073144897,0.0814796266258341,0.0750541898261903,0.0675010163720269,0.0587695042359923,0.048959202155803,0.0382439484075313,0.0269422683714316,0.0152778487683188,0.00327087466440432,-0.00898374530957742,-0.0211507766529127,-0.0329966416683584,-0.0445033394678511,-0.0555884400538071,-0.0660222928474663
-0.103910619010744,-0.110979009610449,-0.11704718522573,-0.122130450440767,-0.126175599734054,-0.129194891676349,-0.131221441251185,-0.132268841221218,-0.132368938291473,-0.13156443922617,-0.129909423624265,-0.127451696539654,-0.124241789869899,-0.120359775273876,-0.115858131076919,-0.110799755617035,-0.105271527719641,-0.09932825011829,-0.0930375728621663,-0.0864798949475768,-0.079711411216063,-0.0727927651580621,-0.065792734259512,-0.0587655161356649,-0.0517613120162978,-0.0448300560736583,-0.0380184606931682,-0.0313653219326711,-0.024905339707319,-0.0186673554273796,-0.0126770583461631,-0.0069535174258381,-0.00151251141899684,0.00363607175094989,0.00848471064774414,0.0130333161237613,0.0172858566691239,0.0212465550908474,0.0249167345961871,0.0283163006755879,0.0314615123873691,0.0343522651537218,0.0370157316238548,0.0394794387924734,0.0417339596606176,0.0438197148776321,0.0457584068354892,0.0475386614568119,0.0492081184279813,0.0507783235013882,0.0522367936895833,0.0536355705683036,0.0549713791459596,0.0562375992829421,0.0574766244634713,0.0586841836499636,0.0598508421818286,0.0610088345716362,0.0621552460279295,0.0632829357445709,0.0644047566494501,0.0655212851749471,0.066629041752661,0.067734908649849,0.0688268818765899,0.0698983151497734,0.0709688931772238,0.0720414394428867,0.0730841447303441,0.0740911443617667,0.0750882870723672,0.0760971087518438,0.0771268723118629,0.0781267308217377,0.0791053563858842,0.0800297878442571,0.0810241871648388,0.0822095930639609,0.0835606871743537,0.0849127565242386,0.0859803073771499,0.0868044101977575,0.0875776434704054,0.0884582354989497,0.0895158353744035,0.0907409299273205,0.0920373445621252,0.0933175768795729,0.09455671656311,0.0958254611534167,0.0971804824458941,0.0985866225843967,0.0998071053926822,0.100382888404145,0.0996471477862217,0.0972206251905208,0.0935897675680873,0.0894842224129701,0.0845307085213878,0.0783031085266744,0.0708897804447939,0.0623600285474004,0.0527645938054002,0.0420672714158119,0.0306579011291846,0.0188055515713982,0.00660944908885983,-0.00591202119490011,-0.0186333920522375,-0.0312135914145094,-0.0433914932504502,-0.0551677894800529,-0.0664855150337973,-0.0771022097904681,-0.0868733679118082,-0.0958330865399848
-0.128219155222226,-0.132786819114548,-0.136291193086819,-0.138708034500373,-0.140105031070307,-0.140502290051587,-0.139920101883928,-0.138416808370889,-0.136045677816643,-0.132863928961339,-0.128926475133758,-0.124303815408127,-0.119072606851878,-0.113284368623691,-0.107023558862859,-0.100366659482907,-0.0933662735999146,-0.0861075482876057,-0.0786591475169425,-0.0710720117806905,-0.0634191458181156,-0.0557610241753998,-0.0481434360306811,-0.0406193109977237,-0.0332378886930344,-0.0260388951828912,-0.0190565307787509,-0.0123224606245956,-0.00586272234649386,0.000300863356616102,0.00615244713477958,0.0116795769809954,0.0168757007787894,0.0217377256936731,0.0262677651186583,0.0304687085450371,0.0343456054675967,0.0379103767209052,0.0411823803947444,0.0441673208120857,0.0468786860660233,0.0493498970707575,0.0515883405732833,0.0536033530250903,0.0554415075139718,0.0570989457518127,0.0585920578069854,0.0599680762359036,0.0612131049511795,0.0623505465168656,0.0634232737834296,0.0644076409372145,0.0653353170072345,0.0662358690121248,0.0670889648536944,0.0679191751871673,0.0687521019168887,0.0695693739010604,0.0703875390081033,0.0712228187828101,0.0720697234389609,0.0729321711063744,0.0738167611172807,0.0747176237259603,0.0756479313913148,0.0766116090206446,0.0775879859939633,0.0785723049406037,0.0795966863914382,0.0806661165878148,0.0817584056527104,0.0828477020068008,0.0839309440048631,0.0850677126692844,0.0862485860218794,0.0874790726768839,0.0887281638998018,0.089991128608508,0.0912398540971952,0.0923048565241727,0.0931895720284049,0.0939469795255789,0.0946152216842822,0.0952483851932052,0.0958849246409881,0.0964818877011729,0.0969591495464691,0.0972308987215628,0.0972672894015098,0.0970592051660993,0.0965714086647069,0.0956514998994095,0.0940282692320094,0.0913203917451654,0.0872437500999441,0.0819172723634238,0.0756989766762529,0.0685689622141583,0.0604608357506899,0.0512052277552668,0.0408358705526665,0.0297224854980727,0.0180208899694301,0.00595867571995982,-0.00648651350767889,-0.0192316249678043,-0.0320514398666297,-0.044635094412203,-0.0567664839068394,-0.0684507309533664,-0.0796479158657116,-0.0900910004686184,-0.0996035667062575,-0.108231841122143,-0.115961812267495,-0.122632094495242
-0.145527628612621,-0.14711646452061,-0.147654896782954,-0.147210626629901,-0.145779517624586,-0.143419350591006,-0.140205081032974,-0.136185073150405,-0.131424488599531,-0.125992339947484,-0.119967208767254,-0.113414800141378,-0.106401170756024,-0.0990170682110959,-0.0913215055299394,-0.0833802480339754,-0.075280971709739,-0.0670728657824537,-0.0588183010463888,-0.0505887997587203,-0.0424287696859943,-0.0343857562712126,-0.0265149640004225,-0.0188538255788461,-0.0114359715057166,-0.00429339065523532,0.00254494451606634,0.0090587277065952,0.0152303802375048,0.021048850418701,0.0265050997625735,0.0315964668592934,0.0363216300738855,0.0406847541963321,0.0446906729353578,0.0483511961605727,0.0516800082522693,0.0546901477781322,0.0573902218609762,0.0598075486872315,0.0619625918276085,0.063859492785154,0.0655299268014708,0.0670029516043116,0.0682704125477341,0.069376674785293,0.0703422382665066,0.0711575988277496,0.0718728500422623,0.0724980857826107,0.0730231267834802,0.0735026398255652,0.0739318238718789,0.0743083253491103,0.0746765348356989,0.0750326154839688,0.0753711381266062,0.0757277913439186,0.0761004303260747,0.0764865723502483,0.076902097106405,0.0773510069500592,0.0778334898851191,0.0783597575477932,0.0789194257924524,0.0795107437337964,0.0801547142892258,0.0808534093124868,0.0815742174757586,0.0823116131748073,0.0830858027168465,0.0839150264827618,0.0847915841449113,0.085653687152699,0.0865003907808894,0.0873089744176642,0.0881262323682549,0.0889190345556156,0.0896138684264063,0.0901838109684622,0.090526538896495,0.0906488824952161,0.0905862992844891,0.0903589424008535,0.0899454269910755,0.0892974396623488,0.0883390502501987,0.0870144442981837,0.0852676530464819,0.083038663680711,0.0802135720649986,0.076641489876458,0.072129002592261,0.066522591759481,0.0597558614186923,0.0518581840411398,0.0429568698364129,0.0333136469783954,0.0229119796881101,0.0118564258035052,0.000350149460276485,-0.0116251767859504,-0.0239347703874082,-0.0365008632490269,-0.0489723093116857,-0.0610805586772597,-0.072731701323212,-0.0839248552543241,-0.0945878401927119,-0.104449767921263,-0.113318006008842,-0.121259117797547,-0.128293696060967,-0.134251572758346,-0.139059073565703,-0.142819167167738
-0.152954208250742,-0.151500688642647,-0.149096448133109,-0.145763242374886,-0.141608349043092,-0.136686726589836,-0.131047374588107,-0.124774928672279,-0.117941998216477,-0.110622113922035,-0.102880962580406,-0.094798383035162,-0.0864529427207189,-0.0778967915405744,-0.069211188775838,-0.0604655116421464,-0.0517022688161413,-0.0429961402532072,-0.0344000559924432,-0.0259503981445475,-0.0177027494978392,-0.00969958337532228,-0.00196705760897389,0.00546040061924965,0.0125539816737177,0.0192931241373526,0.0256637922309124,0.0316523876788711,0.0372512114651389,0.0424549091994516,0.0472643017365168,0.0516811572302504,0.055712847089576,0.0593677903005656,0.0626594327490134,0.0655992601926122,0.0682007883922044,0.0704826673016806,0.0724701294162676,0.0741721584843852,0.0756069039412827,0.0768101248814796,0.077789907105191,0.0785578709513726,0.0791617215007856,0.079595830195431,0.0798793344851693,0.080058382398484,0.0801178266277556,0.0800834748991557,0.0799967101043184,0.079832992346076,0.0796272246209561,0.0794069525782333,0.0791523018549647,0.0788905035702147,0.07864607768579,0.0784011108241253,0.0781743242849525,0.0779812326516734,0.0778171710936923,0.0776871263830403,0.0775973448139071,0.077542123333425,0.0775345870171579,0.0775754025875445,0.0776416847852488,0.0777277609622432,0.0778605338476642,0.0780363591621721,0.0782247642792543,0.0783910439842104,0.0785266191768001,0.0786703796433259,0.0787979675601804,0.0788924636213155,0.0788728394039815,0.0787015549091697,0.0783546980234137,0.0777541786605263,0.0769384838690247,0.0758983357399817,0.074591767546712,0.0729878898416932,0.0710601559992745,0.0687536557662345,0.0660097108939453,0.0627560762184699,0.0589302997586653,0.0544584254385139,0.0492652645037428,0.0432553778334975,0.0363506835954187,0.0285048585115327,0.0197595622687388,0.0102886559660436,0.000256416540623522,-0.0103844180086603,-0.021499381103478,-0.033000386624979,-0.0448173976697163,-0.0566182954442505,-0.0682202351083976,-0.0793939099409802,-0.0901626711922561,-0.100493402722217,-0.110206379741397,-0.119059250108225,-0.126901934461961,-0.133812146464639,-0.139827457068165,-0.144763773471997,-0.148516425547975,-0.15120585869483,-0.152884514535052,-0.153455537460918
-0.149140482246124,-0.14479514962827,-0.139658135691988,-0.133826719922098,-0.127323142625012,-0.120228365617121,-0.112634147183839,-0.104599870641868,-0.09619944098539,-0.0875050004532242,-0.0785958738387361,-0.069533312415106,-0.0603773883841905,-0.0512088966401877,-0.042073835150757,-0.0330236781948591,-0.024129664295401,-0.0154215012360494,-0.00694352949343859,0.00125338662063659,0.00914610199054094,0.0167079181381054,0.0239043330854415,0.0307194415263077,0.0371398518823272,0.0431533899393423,0.0487497492098226,0.0539267534446288,0.0586830217098443,0.0630232217962065,0.0669519521431812,0.0704795722411816,0.0736153928532314,0.0763735991014863,0.0787670098204604,0.0808149976825298,0.0825367162523692,0.0839496009106912,0.085065791931427,0.0859161402198873,0.0865215287838552,0.0868874447942285,0.0870470145583061,0.0870280917057255,0.0868222241409106,0.0864751876547235,0.0860038046451899,0.0853993308013925,0.0847118636968864,0.083947924529948,0.0830981691602833,0.0822172251867977,0.0812963084564574,0.0803352234515157,0.0793767252904161,0.0784143932714843,0.0774434509949646,0.0764988021012223,0.0755746952912787,0.0746688021840745,0.0737947455688825,0.0729545859590582,0.0721460613091591,0.071376357865037,0.0706300542948948,0.0699034523367122,0.0692115684067116,0.0685487689829196,0.0678742883512705,0.0671768149207292,0.0664662799928904,0.0657524810319996,0.0650104469414636,0.0641691705284209,0.0632104593921047,0.062103257236199,0.0608703362071581,0.0594750828899319,0.0578650235550754,0.05603670971806,0.0538934003888282,0.0514059157398583,0.0485737996176367,0.0453764028330311,0.0417655733033032,0.0377007302027239,0.0331339687010251,0.0280329289655056,0.0223549087745145,0.0160630494446301,0.00910980062070559,0.00147175961410677,-0.00685509247287122,-0.0158147660055681,-0.0253222001027459,-0.0353444842667948,-0.0458114206626727,-0.056435530195108,-0.0671237321503229,-0.077702469477795,-0.0879593569837853,-0.0979260542325126,-0.107491311005574,-0.116615050212506,-0.125014347958859,-0.132478159410268,-0.138983299214881,-0.144599754459399,-0.14933358397912,-0.152996594125774,-0.155476195411999,-0.156911535305869,-0.157391681728613,-0.156810590387165,-0.155156190955283,-0.152585541742417
-0.133842596114186,-0.127156048116406,-0.119877661301604,-0.112048950207996,-0.10379033759389,-0.0951642950701511,-0.0862241167281839,-0.0770547002294739,-0.0677244092629363,-0.0582996079043079,-0.0488357132557442,-0.0394006751882737,-0.0300567771260607,-0.0208391594001644,-0.0118109930082481,-0.00302016726698039,0.00551192886022934,0.0137314805317974,0.0216090683778848,0.0291301323574376,0.036260819794275,0.0429808588106348,0.0492854185519202,0.055159857336301,0.0605948467514694,0.0655880796318169,0.0701424488940229,0.0742598848651057,0.0779469034637015,0.0812108689514768,0.0840639265805357,0.0865177766789875,0.0885882498368515,0.0902910675890717,0.0916454153961677,0.0926674330565753,0.0933742789079949,0.0937878323858785,0.0939347464609816,0.0938245499394748,0.093476711140227,0.0929267623240287,0.0921807672382363,0.0912514409482471,0.090184955602346,0.0889728038053487,0.0876350559069146,0.0862149856437032,0.0846947162655616,0.0831012188853954,0.0814716466473006,0.079779701991764,0.0780608151413559,0.07633816613301,0.0745899242245393,0.0728433458963448,0.0711182469653694,0.0693945181609868,0.0676891949441443,0.0660134917066378,0.0643592729938817,0.0627286182360775,0.0611226072461847,0.0595317678042714,0.0579642171137651,0.0564133518081541,0.0548497785610115,0.0532635964797111,0.0516732923739925,0.0500648939862398,0.0483982712991729,0.0466317077773808,0.0447536422765687,0.0427897230083524,0.0407080436486509,0.0384865099020156,0.0360384602707018,0.0333408365389858,0.0303712789598627,0.0270764471652505,0.0234910539774049,0.0195892471557951,0.0153330309231475,0.010690683548233,0.00563738124644193,0.000146244419876162,-0.00579800733886738,-0.012216087228302,-0.0191148844987498,-0.026496061003703,-0.034340737600264,-0.0426269561288121,-0.0513079956848761,-0.0603156384226426,-0.0695477709599307,-0.0788380421774044,-0.0880307270748021,-0.0971365767655279,-0.106016038862136,-0.114568942937115,-0.122759480453173,-0.130306097482545,-0.137080210019991,-0.142922659708174,-0.147916640379861,-0.152109783775753,-0.155398017318167,-0.157621105917648,-0.158706670395579,-0.158805207195082,-0.158021760856147,-0.156237523172895,-0.153407400776892,-0.149705680633301,-0.145227544042069,-0.139915840822287
-0.108754216022846,-0.100359531699562,-0.0915911421228555,-0.0825476798568244,-0.0732516929311616,-0.0637816730851725,-0.0542220474371045,-0.0446207719887792,-0.0350395095547512,-0.0255344263516979,-0.0161677466526569,-0.00698024735265203,0.00198722288620143,0.0106764258123253,0.0190642154627801,0.0271214084301263,0.0348000173117551,0.0420942361604683,0.0489808138646021,0.0554318796910394,0.0614455296613283,0.0670152961416684,0.0721255988093703,0.0767794928461219,0.0809798579393035,0.0847303163303134,0.0880340699978907,0.0909021930120631,0.0933441793667298,0.0953749766320862,0.0970071651490463,0.0982587196976946,0.0991445423912113,0.0996839738807138,0.0998931277521575,0.0997948134690089,0.0994096376613137,0.0987562289734072,0.0978470965366331,0.0967140128855284,0.0953757886020771,0.0938376476145863,0.0921320971674018,0.0902843694050146,0.0882847218148444,0.0861787623179922,0.0839783255120924,0.0816748883233533,0.0793165518906868,0.0769052537814316,0.0744315346563622,0.0719478050863598,0.0694398446628341,0.0669081220405481,0.0643913492619102,0.0618787378816915,0.0593640609348104,0.0568789461740161,0.0544120383922003,0.0519589069844577,0.0495283721057918,0.0471181648027458,0.0447214725641444,0.0423405038301651,0.0399537529642652,0.0375545568693046,0.0351516639440211,0.0327323013305673,0.0302494853205966,0.027688704535059,0.0250547376571865,0.0223545790812036,0.0195549195354637,0.0165848447157316,0.01342483639982,0.0100532513078038,0.00649458470835429,0.00272280197474561,-0.00129948756798428,-0.00556567087040083,-0.0101588645301057,-0.0150963488734544,-0.0203577053500943,-0.0259431701836269,-0.0318734990537718,-0.0381465829995386,-0.0447552230940144,-0.0516703182561431,-0.0588674774129662,-0.0663100206210412,-0.0739665420443792,-0.0817833367015704,-0.0896955233188703,-0.0975991074268385,-0.10538791190191,-0.113035527480277,-0.120482275089582,-0.12746673848923,-0.133918382661776,-0.139708614777569,-0.144678652768261,-0.148918881388405,-0.152390313175134,-0.15512078060663,-0.156911747994482,-0.157627779441151,-0.157322800741145,-0.15613342928423,-0.154130293437784,-0.151187850006045,-0.147253706395692,-0.142516287483322,-0.137105591144409,-0.130950358710347,-0.124073120171142,-0.116654960598886
-0.0764520127728741,-0.0672008316658802,-0.0577794610410308,-0.0482246248144609,-0.0386464071498836,-0.0290925758038646,-0.0196021381877554,-0.0102421668330821,-0.0010614624379052,0.00789468270422794,0.0165926908143272,0.0249868836232216,0.0330387511874542,0.0407365134661192,0.0480393040235834,0.0549237666906666,0.0613903834246423,0.0674066585890236,0.0729649437617034,0.0780705460535211,0.0827075890689541,0.0868745186121789,0.0905825728284277,0.0938321089396764,0.0966272861777463,0.0989784863394089,0.100899110299318,0.102400956538129,0.103498773088276,0.10420711623136,0.104543724049137,0.104525358300309,0.104171550462282,0.103501109241324,0.10253491578385,0.101290475382386,0.0997854864215109,0.0980425335224731,0.0960872295021652,0.0939280944034051,0.0915843203620776,0.0890896185023821,0.0864470167816173,0.0836697415245821,0.0808007619461704,0.0778285497902541,0.0747731158846139,0.071673723850562,0.0685093656115777,0.0653072063068511,0.062098810234855,0.0588558041674678,0.0556125226998539,0.052386490746896,0.0491534210927209,0.0459390581421238,0.0427571651485364,0.0395850257364706,0.036437045668707,0.0333194131449797,0.0302200785212632,0.0271377098431252,0.0240686713123758,0.0210005112443719,0.0179378847995872,0.014869051417152,0.0117616183385866,0.00860559734494567,0.0054165836045531,0.00217658592296999,-0.0011559051947169,-0.00462033926345679,-0.00822098572156718,-0.0119318811128393,-0.0157776232337806,-0.0197731346367896,-0.02399413374689,-0.0284435153440335,-0.0331319196093537,-0.0380839452345087,-0.0432455358188172,-0.0486222910576047,-0.0542217541977021,-0.0600418377176969,-0.0660697923602828,-0.072286931987153,-0.0786592497431355,-0.0851551804645055,-0.0917293432841194,-0.0983319281454388,-0.104897126282508,-0.111362424079881,-0.117653478666541,-0.123693115653917,-0.129393418078069,-0.134610522620389,-0.139221350044304,-0.143280313540532,-0.146700943530743,-0.149440455092556,-0.151525567596995,-0.152746446984377,-0.153047609399663,-0.152340319068877,-0.150777253461893,-0.148476161933194,-0.145391243676834,-0.14141814084248,-0.136540138489429,-0.130953772122656,-0.124799605071236,-0.117991051681095,-0.110514556588432,-0.102564955936422,-0.0942481652622084,-0.0855168165157752
-0.0407072775551767,-0.031314631844991,-0.0219404386315904,-0.0126649029190686,-0.00349360695636878,0.00551324201106879,0.0142921181711999,0.0228173095231812,0.0310490958161531,0.0389544047438113,0.0464942089742886,0.0536518914160047,0.0604080852484856,0.0667280650302364,0.0726108539520786,0.0780473855307131,0.0830105068297922,0.0875143094919841,0.0915519696083262,0.0951136266832635,0.0982128098375472,0.100857075308964,0.103043692925681,0.104788126131842,0.106103202532391,0.107001962464186,0.10749496472289,0.107600578923916,0.10733390656756,0.106714822493553,0.105759189178021,0.104488261353542,0.102918788846139,0.101071799257934,0.0989638856419405,0.0966185155771646,0.0940556882428958,0.0912932029657055,0.0883429026172957,0.0852358670404513,0.0819881126628086,0.078603750420968,0.0751138674303104,0.0715402672477024,0.0678718438943615,0.0641529296321147,0.0603902524654117,0.0565750363700643,0.052752603437707,0.0489199275028109,0.0450672862458873,0.0412435739908773,0.0374292927481938,0.0336248695555001,0.0298645163815127,0.0261329961693217,0.0224228601025577,0.0187620182500681,0.0151348099559841,0.0115351966085804,0.00796837228956338,0.00442900834957682,0.000908175009897853,-0.00259447599432551,-0.00610236989888147,-0.00962118059172661,-0.013143233126471,-0.0166825981290766,-0.0202843287701529,-0.023958148781217,-0.0276947856749739,-0.0314825143639776,-0.0353518587356107,-0.0393615451704297,-0.0435197421766486,-0.0478311870931679,-0.0522553603307339,-0.0568022695971453,-0.0614830740107697,-0.066275502989437,-0.0712341911015539,-0.0763463398540057,-0.0815683827178876,-0.0868695689307965,-0.0922308705422142,-0.0976142824954905,-0.1029794847521,-0.108268568247084,-0.113430119828011,-0.118405214764722,-0.1231436197138,-0.127579821274251,-0.131648270073873,-0.13527004430475,-0.138378741478017,-0.140977939756927,-0.143046378542127,-0.144394823082975,-0.144998479060303,-0.144800824402933,-0.143704196027046,-0.141863352606925,-0.139306402395587,-0.136108039769413,-0.132134195828443,-0.127304760872613,-0.121721665596048,-0.115555924707435,-0.108909690920744,-0.1016860926011,-0.0938599468544475,-0.0856364808379508,-0.0771540816632525,-0.0683447518200909,-0.0592371296754907,-0.0500082647543367
-0.00508324340146141,0.00370129709816934,0.0123295102019549,0.0207822586063222,0.0289712194550576,0.0368723663741156,0.0444676661127359,0.0517130334257642,0.0585826115908182,0.0650539154524867,0.0711154068075012,0.0767427073441725,0.0819189617536532,0.0866520657285968,0.0909196681424056,0.0947176058803774,0.0980623860058975,0.100937350299857,0.103350137233504,0.105318734310972,0.106839206896819,0.107921491232876,0.10858631952848,0.10884239960561,0.108701425899629,0.108180470014546,0.107298064388068,0.106070526716609,0.104516220427627,0.102652680757039,0.100499489728429,0.0980749747096572,0.0953995954964725,0.0924925915811017,0.0893746306454482,0.0860623924671628,0.0825730635910392,0.0789282505838482,0.0751517997811918,0.0712503029224897,0.067242354913331,0.0631588722312825,0.0589999308438454,0.0547782528999937,0.0505331425147574,0.046249977319947,0.0419486044101035,0.0376631682516823,0.0333703002039511,0.0290963948414237,0.0248673715395639,0.0206529917576415,0.0164862606192024,0.0123787367341242,0.00830498473531332,0.00428877208725102,0.000339104535521605,-0.0035684950219843,-0.00742049116835009,-0.0112143531009454,-0.0149633505161466,-0.0186702417610783,-0.0223396280940148,-0.025983682425826,-0.0295966903997428,-0.0331910466532336,-0.0367957193830004,-0.0404156415672785,-0.0440306996316523,-0.0476554589108375,-0.0513242137333949,-0.0550682805534518,-0.0588777700646854,-0.0627162188023498,-0.0665932234542195,-0.0705151240953598,-0.0745346044571767,-0.0786381652038009,-0.082814654447294,-0.0870659682249775,-0.0913162366234411,-0.0955469354514823,-0.0997533793609832,-0.10391102780653,-0.107976850796078,-0.111912001354578,-0.115671225916289,-0.119217623082844,-0.122502691555662,-0.125477880459984,-0.128081299895987,-0.13025878352504,-0.131954252119825,-0.13313278761064,-0.133760905914716,-0.133727685906693,-0.13295782319244,-0.131575261607574,-0.129537932790521,-0.126868219399907,-0.123637625821455,-0.119690821861654,-0.115024574546898,-0.109590306984299,-0.103584606304484,-0.0971609278444874,-0.0902971012097981,-0.0829093571290215,-0.0750046922195953,-0.0667927453150024,-0.0584156937775841,-0.049788203240222,-0.0409011180838722,-0.0319425006526195,-0.0230043229840783,-0.0140276910429158
0.0267900278621261,0.034504918197246,0.0419496508018148,0.0490684074094819,0.0558771926986328,0.0623366312866663,0.0684064282500513,0.0740820086368507,0.0793447031081249,0.0841816278015698,0.0885735936578778,0.0925229197428986,0.0960273106399371,0.0990690555811102,0.101663459871103,0.103814514929649,0.10550935756089,0.106774495870553,0.107613433351165,0.108026567307152,0.108036926477511,0.107658845999006,0.106896860304081,0.105772324351523,0.104303100921029,0.102506093067254,0.100395624362584,0.0979922730399351,0.0953133545384705,0.0923799837939958,0.0892091223358786,0.0858219804451326,0.0822355207976433,0.0784699619993557,0.0745416104485,0.0704724465040833,0.0662813338090096,0.0619837936581836,0.0575907858065644,0.0531312305537175,0.0486184131880531,0.0440548028496769,0.0394698323319924,0.0348805914829725,0.0302750902729009,0.0256950551026897,0.0211427806273185,0.016608468188043,0.012134532142,0.00771287900355081,0.00333405864990753,-0.000957471664756348,-0.00518500665255118,-0.00934850301153268,-0.0134173414301207,-0.0174104730423459,-0.0213348004985182,-0.0251657129742157,-0.0289205205178789,-0.0326054099659769,-0.0362158033881796,-0.0397577462647829,-0.0432385533597762,-0.0466584048453051,-0.0500379923559797,-0.05337878227965,-0.0566693790093163,-0.0599214249176057,-0.0631723349857951,-0.0664223707625778,-0.0696527851433199,-0.072845426594619,-0.0760240035863807,-0.0792311487113229,-0.0824613129874729,-0.0857054677229419,-0.0889049881437369,-0.0920609603860441,-0.0951620117961404,-0.0981810088710015,-0.101154990694866,-0.10405254996864,-0.106829651435006,-0.109447109634263,-0.11187081806803,-0.114059521930981,-0.115977971050808,-0.117580040297291,-0.118827811818699,-0.119679744456438,-0.120104144154016,-0.120058427177523,-0.119508269793868,-0.11842256065453,-0.116785920319739,-0.114637156744088,-0.111996049430007,-0.108731501919874,-0.104855274297768,-0.100360777636297,-0.0951911892225204,-0.0895393892007303,-0.0834657145983998,-0.0770667529043729,-0.070232031143638,-0.0629014744928875,-0.0551934180765369,-0.0472859114711048,-0.0392798366593968,-0.0310771776239396,-0.022652753289884,-0.0142043490656257,-0.00585374786298241,0.00248130701754728,0.010783681033333,0.0188952471453378
0.0524773745200204,0.0587094461576794,0.0646192185040912,0.0702054133480106,0.0754016579371116,0.0802048765369721,0.0846162351363287,0.088610101561677,0.0921793440708201,0.0953185257009429,0.098032309165626,0.100310785455442,0.102152675548361,0.103577741091732,0.104575896682631,0.105154585053424,0.105339498194365,0.105122738890691,0.104521116744635,0.103558197994662,0.102236714184058,0.100571780271685,0.0985886284569895,0.096298934564333,0.0937179586122809,0.0908647819816681,0.0877601143707687,0.0844207834606394,0.0808661895167537,0.0771136771669732,0.073183099419125,0.069091717680952,0.0648595358821944,0.0605041509022049,0.0560452315318593,0.0514970447114466,0.0468756163196724,0.0422002250163762,0.0374923643704451,0.0327557819421913,0.0280079216295359,0.023275829791878,0.0185569639430624,0.0138621763171752,0.00922679643093459,0.00463275583893768,9.93495068634678e-05,-0.00434505206911381,-0.00872561354018857,-0.0130176398076666,-0.0172003666149928,-0.0213056999235673,-0.0253016862593177,-0.0291823664172358,-0.032973154454351,-0.0366519208035978,-0.0402128309965921,-0.0436808935412072,-0.0470422427776255,-0.0502963222269451,-0.0534551022158472,-0.0565207463400146,-0.0594962602806812,-0.0623914265293891,-0.0651973115755598,-0.0679245846121739,-0.070596297402916,-0.0732108958167688,-0.0757422481222722,-0.0781999638029637,-0.0806106724248323,-0.0829973851703198,-0.0853376271107071,-0.0875869593083353,-0.0897450375619909,-0.0918139044005065,-0.0938323513578102,-0.0957794680941663,-0.0976358130972229,-0.0993940307333939,-0.100974590034081,-0.102357122251362,-0.103540737725919,-0.104502848015834,-0.105203447418309,-0.105613827566257,-0.105705044376501,-0.105460026826721,-0.104852076216044,-0.103856714216682,-0.102438719263133,-0.100574627254532,-0.0982446326095034,-0.0954527944244441,-0.0922008353545091,-0.088414179978925,-0.0840618790098419,-0.079298944206412,-0.0741194872015929,-0.0685742341110658,-0.0627559553152723,-0.0565316713582046,-0.0499131549464805,-0.0428733039643249,-0.0356152631432813,-0.0282928015795351,-0.020880154653453,-0.0132934643726947,-0.00553756773855176,0.00218793879437987,0.00976012337614384,0.0172794164357228,0.0247675577987356,0.0320538687459168,0.0390711708376585,0.0458965230978634
0.0701551712655541,0.0748186669389217,0.0791205409022838,0.0830260423945475,0.0865684612062614,0.0897243753245351,0.0924716994870931,0.0948207207373228,0.0967675767935863,0.0983126122531259,0.0994497213481091,0.100192817801117,0.100549820582944,0.100512965049523,0.10010687558114,0.0993418977810639,0.0982132958980838,0.0967533151734843,0.0949702337723,0.0928691751275993,0.090477307185145,0.087810986482668,0.0848777317144948,0.0817005028068618,0.0782986925405421,0.074689403258859,0.070887803143414,0.066913888338267,0.0627848445264592,0.0585204583710002,0.0541370133548779,0.0496537746071118,0.0450862951679389,0.0404524657356299,0.0357668809174992,0.0310489328226021,0.0263150823484774,0.02157760707838,0.0168455434795333,0.0121445344498533,0.00748432743107333,0.00286481973259746,-0.00168700338773262,-0.00615933748797485,-0.0105654618652641,-0.0148673653844277,-0.019067418344853,-0.0231766488105124,-0.0271563029507268,-0.0310192924913396,-0.0347749494245294,-0.0383835902310832,-0.041871333816997,-0.0452383954016001,-0.0484575856672184,-0.0515503019675708,-0.0545224092915938,-0.057351838691865,-0.0600566874874585,-0.0626421513142069,-0.0651031802436373,-0.0674450929032339,-0.069672823094114,-0.0717854667787889,-0.0738005415993499,-0.0757150591506322,-0.0775144898862238,-0.0792083340506256,-0.0808275582487486,-0.0823650973262379,-0.083796312730356,-0.0850999664828658,-0.0862969385631665,-0.0874211212835539,-0.0884618444138641,-0.0894031660922604,-0.0901834144434006,-0.0908035907723988,-0.0912489113196374,-0.0914991171659812,-0.0915923408299587,-0.091501239776944,-0.0911913729017606,-0.0906352045120745,-0.0898120127185394,-0.0886980493264732,-0.0872775351926121,-0.0855266439792881,-0.0834313224580035,-0.0809761216239982,-0.0781570095195356,-0.0749621922932438,-0.0713892664517858,-0.0674360686339731,-0.0631130122030245,-0.0584894547534936,-0.0536087807488623,-0.0483593752238003,-0.0427756365643804,-0.0368638156579003,-0.0305868916594022,-0.0241452619071002,-0.0176020220692382,-0.0110536899633392,-0.0043838463357987,0.0024711886452392,0.00939710624883901,0.0162259202912307,0.0228768164114378,0.0294634641087323,0.0360223049727546,0.0423733219451278,0.0484207127500784,0.0542648671813408,0.0599039227160286,0.0652013419467761
0.0795480490546878,0.0825888481234862,0.0852856772540543,0.0876499918212492,0.0896314401986404,0.0912414856354562,0.0924936154246039,0.0933742242259236,0.093887670294358,0.0940387049225007,0.0938410682394896,0.0932927866517369,0.0924011200382581,0.0911914641123996,0.0896596686300869,0.0878189382534664,0.0856984004018491,0.0832937579214061,0.0806256094183379,0.0777188187332852,0.0745780518798906,0.0712198985101888,0.0676701130152335,0.063940203129483,0.0600455594223007,0.0560045111215794,0.0518369623928524,0.0475582154752345,0.0431861857549572,0.0387361383946869,0.0342260300569073,0.0296705301574324,0.0250873064409407,0.0204909723758653,0.0158983854383202,0.0113205157710801,0.00677052103589095,0.00226439737480413,-0.00218015864536109,-0.00656304318624021,-0.0108693903358043,-0.015076831548546,-0.0191914817144275,-0.023204918391892,-0.0270868074628975,-0.0308587847240921,-0.034503360725368,-0.037997956658782,-0.0413698505547802,-0.0445965107205834,-0.0476624382662825,-0.0506007981688308,-0.0533813378390943,-0.056002713163871,-0.0584904349513446,-0.0608237517875791,-0.0629996824836401,-0.0650430748655396,-0.0669400927375464,-0.0686914360996121,-0.0703078652547962,-0.0717906892413082,-0.0731418707011739,-0.0743691042381224,-0.0754617932996327,-0.0764298040896918,-0.0772924008729198,-0.0780439348174447,-0.0786563083942722,-0.0791381107047591,-0.0795132444928456,-0.0798007895493977,-0.0799731356886175,-0.0799866271431025,-0.0798407070241887,-0.0795406200649865,-0.0791250222251748,-0.0785750933536074,-0.0778776629880053,-0.0770271171942131,-0.0759548792454926,-0.074653498120922,-0.0731323911666432,-0.0713836012940619,-0.0693861753019064,-0.0671307056520829,-0.064607939121846,-0.0618207950712571,-0.0587637753405952,-0.0554346419730193,-0.0518222847967103,-0.0479283754256918,-0.0437567098813749,-0.0393281095616805,-0.0346569698556573,-0.0296906252139493,-0.0244195667763569,-0.0190028697377208,-0.0134484896690578,-0.0078092799413729,-0.00217641138181403,0.0035844231528847,0.00946621685256066,0.015494047393862,0.0214759110789869,0.0272751202226996,0.032933963448572,0.0385479159790986,0.0441234563180879,0.0494791217977484,0.0545164858326364,0.0593544963817411,0.0640287893944084,0.068387330210374,0.0723865167433158,0.0761192326389046
0.0809970956108026,0.0826436883353101,0.0839572665706854,0.0849177271438397,0.0855686618427611,0.0858962205123031,0.0858892937232102,0.0855664944521078,0.0849318535542608,0.083992525267742,0.082749032801861,0.0812207715865365,0.0794197725137485,0.0773428431684106,0.0750181005419385,0.0724575473072889,0.0696595996251172,0.0666576368716312,0.063460370693035,0.060074012514401,0.0565257329088425,0.0528308288190125,0.0489964720519587,0.0450444112738169,0.040992425401155,0.0368556015214717,0.0326471426766354,0.028384577948334,0.0240825420945412,0.0197578222445138,0.0154237847275138,0.011096359069297,0.00678775838351674,0.0025122139132258,-0.00171912750642204,-0.00589060890071698,-0.00998979866575297,-0.0140085461867709,-0.0179411849222933,-0.0217663441413284,-0.0254789940519864,-0.0290824353424951,-0.0325534954696378,-0.0358857294663836,-0.0390946505814546,-0.0421465622780839,-0.0450487989468838,-0.0478139020442197,-0.0504075466379043,-0.0528468881795185,-0.0551418294285208,-0.0572572756273761,-0.0592220614425332,-0.0610366047940457,-0.0626774004522702,-0.0641676204867533,-0.0655127290442572,-0.0666929246528047,-0.0677273083560153,-0.0686203800850239,-0.0693674290302565,-0.069973548023414,-0.0704428444426174,-0.0707743801158497,-0.0709844183530681,-0.0710678837406955,-0.0710103125638512,-0.0708217329900579,-0.0705310141911621,-0.0701286969898806,-0.0695899239032459,-0.0688953208831675,-0.0680689333741705,-0.0671441797802361,-0.0661125840310315,-0.0649583932853499,-0.063627378169471,-0.0621264646213908,-0.0604483927246869,-0.0585851005339946,-0.0565835649066577,-0.0544280736968264,-0.052095731343158,-0.0495743921716538,-0.0468615338249969,-0.0439503791809123,-0.0408406746761529,-0.0375242608475163,-0.0340035294818715,-0.0302800858925022,-0.0263673913314332,-0.0222709218221676,-0.0180030518743917,-0.0135704278614413,-0.0089909998844138,-0.00434548313689036,0.000321112112454414,0.00512016538636191,0.0100143171723504,0.015003029627873,0.0201200580867703,0.0251740454274198,0.0301126010628067,0.0348537000146682,0.0395291870079926,0.0442133835734852,0.0488032871113456,0.0531476998748546,0.0571890286586116,0.0610576206107835,0.0648008662239943,0.0682563386339767,0.0713515157088148,0.0742015897056127,0.0768159567908757,0.0790758175979081
0.0761083495193811,0.0765436944512028,0.0767038574940409,0.0766069371458242,0.076211992848436,0.0755385280324128,0.0746055847846767,0.0734057347499206,0.0719484826248232,0.0702430174824557,0.0683064679710777,0.0661397175166334,0.0637531238827323,0.0611730963181253,0.0583966933755481,0.0554386817378588,0.0523274005428771,0.049058474641302,0.0456524241008608,0.0421323351569171,0.0385014360025256,0.0347751184480603,0.0309765605118071,0.0271148055370662,0.0232027123156614,0.0192557257850879,0.0152905655831269,0.0113191790467976,0.00735592001640626,0.00341242594330769,-0.000497246505958625,-0.00436228513095716,-0.00816915083000129,-0.0119073371122203,-0.0155644150162778,-0.0191335960899364,-0.022605948165024,-0.0259696287663178,-0.0292119109413576,-0.0323367898542543,-0.0353331460497908,-0.0381837097349719,-0.0408987818551204,-0.0434727398101891,-0.0458807499677341,-0.0481478581817477,-0.0502590967635031,-0.0521973321926774,-0.0539920650144221,-0.0556230443700417,-0.0570798990593882,-0.0583965694464694,-0.0595450102056047,-0.0605278643069666,-0.061370798944964,-0.0620545084159674,-0.0625789985701092,-0.0629687874280772,-0.0632108623137624,-0.0633073041350908,-0.0632688012390957,-0.0630967461843322,-0.0627935133162547,-0.0623661867070709,-0.0618046263923126,-0.0611197833624683,-0.0603300379508969,-0.0594286597087723,-0.0583896306561729,-0.0572241950888075,-0.0559576032677721,-0.0546084725288952,-0.0531495350254385,-0.0515433863481577,-0.0497940759797229,-0.047913707467773,-0.0459461691763782,-0.043877989661505,-0.0417059302200659,-0.0394284036632566,-0.0369895061802931,-0.0343950029435582,-0.0316625370756294,-0.0287962061925727,-0.0257905212656043,-0.0226491012960617,-0.019374141069752,-0.0159786438067029,-0.01246753894415,-0.0088488203226647,-0.00512203824335775,-0.00129868299628153,0.00261070406662258,0.00658452970523291,0.0106100238168954,0.0147348235363265,0.0189638945735476,0.0231464323345398,0.0272765034752771,0.0313101121259222,0.0351699001050201,0.038999893791662,0.0428043665646174,0.0466142172826643,0.0502518596209644,0.0536005896275418,0.0567206336671651,0.059719960438717,0.0626147615858268,0.0652399678682845,0.067518389488559,0.0695828596274584,0.0714775749697529,0.0730652811595919,0.0743198258079715,0.0753437024446631
0.0665789461092554,0.0661821162430507,0.0655417095266343,0.0646460038329762,0.0635426258803201,0.06222179720207,0.0606773553650803,0.0589309008093429,0.0569890365731239,0.0548607626874275,0.0525484807271111,0.0500725836206337,0.0474448141465705,0.0446627276334281,0.0417537874718912,0.0387283566521452,0.035584542644263,0.0323535444971867,0.0290416082188114,0.0256533453972544,0.0222130896985906,0.01873286387488,0.0152170691537339,0.0116841749534698,0.00814822106453422,0.00462044917777136,0.00111026134535746,-0.00236885325288936,-0.00580639890850823,-0.00918987900550522,-0.0125102902971407,-0.0157561751857808,-0.0189198109258952,-0.0219914814866402,-0.0249645012101075,-0.0278276870902165,-0.0305733686977198,-0.0331979277893084,-0.0356997293067322,-0.038061951588753,-0.0402844853306257,-0.0423739242304685,-0.0443112953048441,-0.0460950402461952,-0.0477430475959775,-0.0492257216368832,-0.0505549682208307,-0.0517444516658875,-0.0527642332086754,-0.0536348042969855,-0.0543665882380834,-0.0549286063874645,-0.0553518018809762,-0.0556366996990045,-0.0557631602922893,-0.0557556391768186,-0.0556194385740595,-0.0553370140601157,-0.0549283815695914,-0.0543977919689853,-0.0537417499434937,-0.0529657611437578,-0.0520742660189839,-0.0510672885087073,-0.0499612256727648,-0.0487506384769765,-0.0474231843763683,-0.0459909362609553,-0.0444830331843164,-0.0428903522446137,-0.0411903785208408,-0.0393676425705164,-0.0374512110849723,-0.0354765337998682,-0.0334388627412437,-0.0313241610957399,-0.0290869101506111,-0.0267395147565015,-0.024282136742291,-0.0217165697365714,-0.0190958455873104,-0.0164121411024617,-0.0136494183489337,-0.0108045617895516,-0.00788518132531092,-0.00489267513961024,-0.0018328378182022,0.00129695018621538,0.00448883519000098,0.0077359986321673,0.0110203928996963,0.0143330019254632,0.0176602870706574,0.0209976853906693,0.0243292241851065,0.0275767569389957,0.030704958963786,0.0338312859277616,0.0369253618162131,0.0399970019655054,0.0430829214306429,0.0460046654194168,0.0487227479725898,0.0511728078115056,0.0535001057991226,0.0557871369508021,0.0579410523190099,0.0598259313044337,0.0614030295989933,0.0628138615079036,0.0641117871474978,0.0651470681209236,0.0658638631605697,0.0663860150618417,0.0667283171802562,0.0667837247640764
0.0547121957915148,0.0537234594260879,0.0525601962501908,0.0512418782187767,0.0497318708058312,0.0480525612411645,0.0462236052897342,0.0442393292135171,0.0421098925457458,0.0398448658556923,0.0374607796682355,0.03495791904105,0.0323459988686914,0.0296493497256714,0.0268632118292254,0.0240009449177101,0.0210875150243501,0.018116068870438,0.0151045039337921,0.0120721533171206,0.00901880978833789,0.00595668890247756,0.00290476806877096,-0.000131904672921544,-0.00314452295151815,-0.00612179263749334,-0.00905146208447708,-0.0119258569175441,-0.014735258345515,-0.0174724341482737,-0.0201279962463411,-0.0226955343848488,-0.0251661819504358,-0.0275338585281631,-0.0297908388035589,-0.0319346851733169,-0.033960775247516,-0.0358613733461457,-0.037628529608536,-0.0392699682503022,-0.0407781255331358,-0.0421403004672569,-0.0433703357496538,-0.0444649678025603,-0.0454042841566418,-0.0462156167872069,-0.0468861578327434,-0.0474031933763425,-0.0477975537602836,-0.048050687390119,-0.0481562477882921,-0.0481481915702973,-0.0480003523621916,-0.0477181748973559,-0.0473270367393265,-0.0468087975278824,-0.0461657298928404,-0.0454217903874844,-0.0445646614210965,-0.0435977129182395,-0.0425317616387707,-0.041368636095442,-0.0401115071499214,-0.038767273811453,-0.0373270531884473,-0.0358032227222451,-0.0342139747110625,-0.0325525902902444,-0.030796013838953,-0.0289586715663207,-0.0270674233039117,-0.0251408158167917,-0.0231527016443105,-0.0210715391956302,-0.0189052873659825,-0.0166715047386577,-0.0144173401908632,-0.0121325274606796,-0.00981980127327534,-0.00747860643287985,-0.00506058906658449,-0.00257833456987209,-5.24205704926207e-05,0.00250841342706891,0.00510348542268459,0.00772510295935003,0.010368162401737,0.0130181629185603,0.0156689537105829,0.0183119472470366,0.0209471836132185,0.0235639978817161,0.0261545436860716,0.0287025908950126,0.0312022389606804,0.0337046963775645,0.0362168659966385,0.0385981488000133,0.0408504423553335,0.0429390504105245,0.0448027969779725,0.0465943231724749,0.0483273635814012,0.0500382926626364,0.0515602635928142,0.0527927680652714,0.0538095178186456,0.0547266570459358,0.0555647117936333,0.0561698848421874,0.0564801260029307,0.0566355287550602,0.0566826384258225,0.0564937873883706,0.0560537438526501,0.0554683591647037
0.0422168765779005,0.0409907668679465,0.0396177971758509,0.0380897625714723,0.0364539889363783,0.0347008904509629,0.0328252376395938,0.0308478997554453,0.0287746520693401,0.0266131520942167,0.0243646909727849,0.0220477743723296,0.0196713387231183,0.0172312358695118,0.0147520020546988,0.0122403928481968,0.00969222742874004,0.0071347962734663,0.00457040929061297,0.00200063382692363,-0.000554394944964408,-0.00308696824200202,-0.00559647216105836,-0.00806862416296935,-0.0104938345403575,-0.0128652643226494,-0.0151778705301585,-0.0174224890052384,-0.0195930259345523,-0.0216814577159586,-0.0236831012116909,-0.0255908745626063,-0.0274013048724399,-0.0291089050471122,-0.0307109868562934,-0.0322003818902094,-0.0335735228735924,-0.0348306006015071,-0.0359731930357177,-0.0369882227064744,-0.0378793626289209,-0.0386555350774893,-0.039300981746988,-0.039817819149263,-0.0402251082677851,-0.0404963924559813,-0.0406464725820901,-0.040689351159125,-0.040598154992736,-0.0403952819941996,-0.0400908155192309,-0.0396567403162609,-0.0391248738772716,-0.0384951347776406,-0.0377497841427828,-0.0369135513583992,-0.0359911297762834,-0.0349664682485639,-0.0338597883113315,-0.032674883896849,-0.0314090326991303,-0.0300679365131104,-0.0286562087142184,-0.0271745972989964,-0.0256392881905314,-0.0240446475459564,-0.0223801094370377,-0.020659322954676,-0.0189111889498741,-0.0171266163367391,-0.0152848427798566,-0.0133733996785221,-0.0114246689249339,-0.00947427491877897,-0.00751894298947062,-0.00554474276284129,-0.00351108007600657,-0.001432671532383,0.000687248455999196,0.00284182951720032,0.00497744286431353,0.00710012675655627,0.00922391338747505,0.011349692752236,0.0134681335009427,0.0155770233370727,0.0176709445992649,0.0197530794247911,0.0218166022685858,0.0238562128196892,0.025856274236841,0.0278110318924592,0.0297111347487271,0.0315565350984792,0.0333353137334589,0.0349770617733471,0.0364581176227683,0.0379009173547373,0.0392834819324049,0.0406235426425184,0.0419601913435367,0.0431253190095252,0.0440892941369292,0.0448023264355779,0.0454174495261176,0.0460199626978679,0.0465229477544549,0.0468012813426543,0.0468287826087886,0.0467518459713341,0.0466243588123183,0.0463040487875149,0.0457454621826013,0.0450752994949179,0.0443087446687199,0.0433453595991971
0.0308243819360334,0.0295120823256605,0.0281129214448603,0.0266445365811537,0.0250712020515724,0.0234149337846722,0.0216932721269441,0.0198994427771971,0.0180419103932887,0.0161282420004625,0.0141723440870984,0.012171967787986,0.0101344981666777,0.00808056054685414,0.00600235707384588,0.00391045266473051,0.00182536382924196,-0.000262988622645283,-0.00234017971212431,-0.00439131799361839,-0.00642042330765193,-0.00841885704236137,-0.0103721117860615,-0.0122792284004679,-0.0141354118037398,-0.0159333197140767,-0.0176650058780255,-0.0193267041388942,-0.0209127785970375,-0.022419888234504,-0.0238425642079998,-0.0251780888774744,-0.0264213254112589,-0.0275697172140083,-0.0286191708754701,-0.0295705098049093,-0.0304221352682836,-0.0311692958990579,-0.0318073743969511,-0.0323464593715419,-0.0327811755821781,-0.0331019311117973,-0.0333244548632866,-0.033446724404361,-0.0334519289354437,-0.0333683126553481,-0.0331838501691271,-0.032888637148899,-0.0325133661644608,-0.0320400784161792,-0.0314648742513062,-0.0308205087724996,-0.0300816605981439,-0.0292552703337604,-0.0283653739245186,-0.0273942497761734,-0.0263452256836786,-0.025240984780599,-0.0240691474082994,-0.0228336017468997,-0.0215446500671103,-0.0202039600796024,-0.0188147703603609,-0.017383343469626,-0.0159012817880881,-0.0143815091330181,-0.0128412843335865,-0.011273263035132,-0.00965621372091445,-0.00800608222745624,-0.00634986983967909,-0.00470472289779657,-0.00304417631733205,-0.00133976107474959,0.000399067365239651,0.00215215168850481,0.00387306890614024,0.00557151858724817,0.00724378870134955,0.00889236924602747,0.0105629014247204,0.0122415591434372,0.013908309066588,0.0155547479289416,0.0171805535644474,0.0187789743519153,0.020346225208719,0.0218699604100151,0.0233466180726966,0.0247707931506628,0.0261460537395585,0.0274659778542637,0.0287276063818516,0.0299200228751671,0.0310436852456202,0.0321545907089106,0.0332613436928132,0.0342312644881313,0.0350731222904885,0.0357583814108572,0.0362390561738376,0.036672062434822,0.037076330807101,0.0374898921112034,0.0377521126243741,0.0377734281540066,0.037635562095728,0.0374575110067601,0.0372593018178701,0.0368935476972468,0.0363077857362171,0.0356438222474854,0.0349460963227147,0.0340921204214901,0.0330725396505746,0.0319919322328534
0.0212814287356675,0.0201099296474657,0.0188621815038096,0.0175306548907497,0.0161601292633455,0.0147391484912339,0.0132614779408569,0.0117454847088854,0.0101945904120551,0.00861381527491241,0.00700210231778927,0.00537493161698955,0.00373780647357353,0.00208407083636439,0.000434688500406261,-0.00120743147231042,-0.00284911513248142,-0.0044670768069531,-0.00606285285259944,-0.00763795316420634,-0.00917609235630228,-0.0106735523323448,-0.0121329831825643,-0.0135437718735466,-0.0149000529503232,-0.0161986140730021,-0.0174377324471469,-0.0186117776150117,-0.0197179495349893,-0.0207514875324336,-0.0217108394447283,-0.0225919868915273,-0.023394412163087,-0.0241153566011789,-0.0247547200729333,-0.0253078426066728,-0.0257736586216901,-0.0261546012975221,-0.0264538153399534,-0.0266604348746241,-0.026780136186764,-0.0268226307142355,-0.0267737468141239,-0.0266375504548082,-0.0264328749752661,-0.0261348160123515,-0.0257593684074526,-0.0253196644408839,-0.0247903673476618,-0.0241942622136367,-0.0235400923445299,-0.0228014846044505,-0.0220097276148606,-0.0211634536788031,-0.0202460240228655,-0.01928147618825,-0.0182730855456635,-0.0172054582871112,-0.0160980385921779,-0.0149535706242729,-0.0137692612739863,-0.0125502602173399,-0.0113005375476658,-0.0100207698268109,-0.00872609468929961,-0.0074099520809958,-0.00606249616125146,-0.00469766389143518,-0.003342805674267,-0.00198769070882703,-0.000611874707923583,0.000795492729473243,0.00220120167022585,0.00357163997391447,0.00491085365975051,0.00623440892935487,0.00758138799756442,0.00893696901515463,0.0102983081762264,0.0116565620470559,0.0129608418806393,0.0142188652343202,0.0154449071879432,0.0166409316867946,0.0177998718794952,0.018921603554609,0.0200030772400979,0.0210496360020547,0.022057156107302,0.0230232835107021,0.0239362295813833,0.0247943369835621,0.025592281156498,0.0263331087637086,0.0270076084965551,0.0275525067100851,0.0279532488308226,0.0283341710117505,0.0286790274195836,0.0290095023942601,0.0293640748529872,0.029581170449374,0.0296369747313847,0.0294915622630183,0.0293007051968023,0.029148108397737,0.0289487826248432,0.0285839630385794,0.0280350439725146,0.0274485151550332,0.026875180986809,0.0261764160406217,0.0253127927945487,0.0244098004605407,0.0234799751531708,0.0224261351270101
0.0142101529969969,0.0131919212317799,0.012141069440753,0.0110720145502489,0.00994859111254522,0.00879103674869338,0.00761391894459867,0.006408584184864,0.00518102290447048,0.00393631573322844,0.00268537148507231,0.00142323260715682,0.000154763154208021,-0.00110299832063,-0.00236064795365218,-0.00361024792558432,-0.0048352282116599,-0.0060482667424771,-0.00723792396013198,-0.00839298387551788,-0.00952027784425776,-0.0106140703126352,-0.0116632012664678,-0.0126696836712429,-0.0136314941572539,-0.0145441381921586,-0.0154024942319068,-0.0162054505004332,-0.0169499804160348,-0.01763517220565,-0.0182578837664477,-0.0188175719132564,-0.0193112539049264,-0.0197383019599336,-0.020096562745298,-0.0203884741559924,-0.0206138614996484,-0.0207693221588317,-0.020851856893202,-0.0208722891218592,-0.0208259387205843,-0.0207046435016478,-0.020524439247071,-0.0202832336650504,-0.0199658157345702,-0.0195997888022865,-0.0191728146638537,-0.018676366920461,-0.0181397323950288,-0.0175446800647271,-0.0168883080819728,-0.0162013830753305,-0.015458493829649,-0.0146669986163121,-0.0138488562944585,-0.012986099710273,-0.0120821289758004,-0.0111577610683411,-0.0102000305701865,-0.00921253009332353,-0.00820439208985073,-0.00717651745101196,-0.00613142154410342,-0.00507415962368347,-0.00399608468840915,-0.00290979272292137,-0.00183075716145081,-0.000750354010066555,0.000352067501145734,0.00146038008083584,0.0025488339854972,0.00360244021014978,0.00464922154879891,0.00571653904838053,0.00679499195405004,0.00786364522512854,0.00887893829534523,0.00985135620073957,0.0107786688036909,0.0116662816752976,0.0125592912604466,0.0134448619579577,0.0143043797073698,0.0151313500116012,0.0159277004056168,0.0166888777743393,0.0174129277978923,0.0180897482103707,0.018718448878056,0.0192966490874197,0.0198311554520221,0.0203190694540394,0.0207610238758836,0.0211491935687691,0.0214879887530715,0.0218360039587673,0.022201439848931,0.0224563303100917,0.0226134785566947,0.0226471985160329,0.0225187909604385,0.022385421130781,0.0222674033772202,0.0222010859730969,0.0220286164769159,0.0216674900722717,0.0212031299489077,0.0207535201079936,0.0203353429793186,0.0198044933318729,0.0191143314206383,0.0184050603650361,0.0177167901116403,0.0169295940661109,0.0160368977647225,0.0151397907887936
0.00932928367787861,0.00856407589114757,0.00775901307059105,0.00690631857150622,0.00604769009345129,0.00516956641823576,0.00426431454247971,0.0033477687288443,0.0024210745225483,0.00148675701778628,0.000541692237529435,-0.000401298140554297,-0.00133954697793483,-0.00228173003999807,-0.00320962055045238,-0.00412334123263432,-0.00503152745583869,-0.00591389802857046,-0.00677467418596476,-0.00761739298918781,-0.00842843055086748,-0.0092067373711066,-0.00995694956174829,-0.0106707725837566,-0.0113446325545189,-0.0119774426879999,-0.0125693872204257,-0.0131167712565352,-0.0136185491246279,-0.0140717999807413,-0.0144763803974679,-0.0148298769864332,-0.015133018859427,-0.015384351847028,-0.0155847088831641,-0.0157305143291996,-0.0158216410070734,-0.0158612298524606,-0.0158526416153568,-0.0157858113403859,-0.0156669321160732,-0.0155053158778693,-0.0152871625487094,-0.0150171040909367,-0.0147127990027298,-0.0143498316532265,-0.0139440984509253,-0.0135072128415833,-0.0130144064883959,-0.0124878628944811,-0.0119345227795149,-0.0113287222071162,-0.0107005183641799,-0.010046905775632,-0.00935164402987263,-0.00863747460216234,-0.00790600093096044,-0.00714195381289667,-0.00636350883943475,-0.00557207026945979,-0.00476422462129607,-0.00394422687070864,-0.00311492467878384,-0.00227644944477835,-0.00144242380136105,-0.00060509888178444,0.000245413269521377,0.00109555912978805,0.0019202461520235,0.00273132441643209,0.00354958942336943,0.00438500480551168,0.00520487106112079,0.00597846167463546,0.00671131467125496,0.00742110809764389,0.00814671011722016,0.00887384308245121,0.00960108178065271,0.0103186127783607,0.0109788216133411,0.0115919174358841,0.0121724329057635,0.0127237579117805,0.0132414757451982,0.01372749074351,0.0141806504724302,0.0146077754875233,0.0150065145977384,0.0153764607818757,0.0157083567297162,0.0160031163315383,0.0162575944906559,0.0164757871687238,0.0166492006547015,0.016719305132261,0.0166776696872181,0.0166476471740661,0.0166158981456268,0.0166048211867394,0.0166499151614891,0.0165932864170959,0.0164139829415427,0.0160783291932405,0.0157417486554859,0.0154838151092501,0.0152191701029862,0.0148326462869003,0.0143100991658347,0.0137957101670231,0.0133355701299915,0.0127929150219241,0.0121319672508769,0.0114751487379135,0.0108313150080236,0.0101049820582861
0.00647938733866057,0.0058812310700227,0.00527371831827949,0.00466828394611381,0.00402833787641302,0.00337238847575044,0.00271259253200505,0.00203868647705443,0.00135484459186504,0.000664252993448834,-2.44806170828943e-05,-0.00071818838831148,-0.00141366849614999,-0.00209647571829339,-0.00277894512829567,-0.00345481326029197,-0.00411010549294741,-0.00475902437616153,-0.00539186665328981,-0.00599972816665617,-0.00659102193800613,-0.00716148403084455,-0.00770197626592713,-0.00821603025080759,-0.00870305744843851,-0.00915994183043048,-0.00958292767751084,-0.00997217507022928,-0.0103258315608173,-0.0106439955230796,-0.0109244947500309,-0.01116757565842,-0.0113710556515864,-0.0115349306718085,-0.0116576355213644,-0.0117420502226278,-0.0117881675910074,-0.0117928471137088,-0.0117535113936383,-0.0116807436366307,-0.0115695456113599,-0.0114121967717382,-0.0112241780116824,-0.0110026397978178,-0.010732959983778,-0.0104415096520393,-0.010115207504626,-0.00974596411027755,-0.00936134108305896,-0.00894247079166821,-0.00848677677502864,-0.00802278798286152,-0.00752480574691715,-0.00700005618419302,-0.00646838168610032,-0.00591136516082828,-0.00533208798858757,-0.00474954831823035,-0.00415004152728589,-0.00353662363059555,-0.00291710206298407,-0.00229147605327992,-0.00166133311232343,-0.00103050975728244,-0.000389900750398308,0.000248603624234441,0.000871370933921076,0.00148834552653821,0.00211998195014059,0.00275044879338743,0.00335556200332095,0.00392260925805441,0.00448111584738398,0.00505790299469317,0.00564384955651248,0.0062179257194165,0.00673937930789333,0.00721969893381769,0.00765826829239903,0.00806308387294271,0.00847868756396214,0.00889313440130033,0.0092891990786117,0.00966177588429078,0.0100142158651945,0.0103432710792415,0.010648062879585,0.0109199010828468,0.0111594063889055,0.0113658252148288,0.0115474278575826,0.0117028359795034,0.0118342162428848,0.0119354213428946,0.0120131006297065,0.012125392274561,0.0122782084556864,0.0123468339739343,0.012345038499737,0.0122486300492528,0.0120246437284515,0.0118285209273079,0.0116799254314108,0.0116110956308906,0.0114660324711142,0.0111671692999259,0.0108009788078263,0.0104824001660709,0.0102240349634668,0.00988383005768502,0.00941908860763921,0.00896716080544174,0.00856357343598348,0.0080898639467672,0.00754108970292524,0.00701439066622267
0.00492032152654766,0.00452438649748497,0.00410066862112794,0.0036412922452418,0.00318548915067946,0.0027181785501554,0.00223105457887006,0.0017380475555789,0.00123889783424719,0.000734526228128139,0.000220624133774549,-0.000291665699757834,-0.000801408458440119,-0.00131825724512661,-0.00182568752006725,-0.00232554366842636,-0.00282721916305687,-0.003312261228973,-0.00378624291768061,-0.00425361006293337,-0.00470212241123182,-0.00513214289838612,-0.00554905633366255,-0.00594568492688959,-0.00631940439935188,-0.00667016956290897,-0.00699877889978019,-0.00730240136693191,-0.00758056578651672,-0.00783093846478045,-0.00805386003365475,-0.00824741901929354,-0.00841257502023377,-0.0085482243333642,-0.00865516459754875,-0.00873007191977011,-0.0087728358507996,-0.00878661069621368,-0.00877422768805268,-0.0087257786885955,-0.0086472772685584,-0.00854719964113205,-0.00841161784303103,-0.00824515193898304,-0.00806389110377059,-0.00784369270868743,-0.00759996111654199,-0.00734264600476038,-0.00704728432305654,-0.00673527857157651,-0.0064117498194947,-0.00605163373950597,-0.00568355793731586,-0.00530315619140523,-0.00489437467382598,-0.00447873396814238,-0.00405630213928639,-0.00361192539560838,-0.00316259370058186,-0.00270857602309386,-0.00224582727054321,-0.00177770797983033,-0.00130611291066675,-0.000830666867431836,-0.000363631564521052,0.000103794499678492,0.000581513968930718,0.00105646105175937,0.00150558814784515,0.00194210695079576,0.00238707132134141,0.00284982739470687,0.00329820103540545,0.00370394332450457,0.00407396756154447,0.00442775234087067,0.00480344246077654,0.00518758453658817,0.00557921135897051,0.00596792608172971,0.00630865745373054,0.00661280442542648,0.00689551949280922,0.00716090160971342,0.00740551710868283,0.00763210543627997,0.00784058220497546,0.00803841446948525,0.00822409606699712,0.00839776083309683,0.00855098553917474,0.00868514247120071,0.00879748626232352,0.00889240437823164,0.00896149058880074,0.00894810436828807,0.00884742935568846,0.00878157677665016,0.00873710177527084,0.00873654224259027,0.00881065603606699,0.00880432529922489,0.00869810278763365,0.00846190010274928,0.00824999696840661,0.00813745733747443,0.0080376168974369,0.00783748406291614,0.00752626392837685,0.00724519162179396,0.00703565856949036,0.00676234853339118,0.00639242924716635,0.00604483196865642,0.00572507080576382,0.00533928730728149
0.00434378250963888,0.00403418369362893,0.00372123635044767,0.00341424614309028,0.00307675217114407,0.00272626278132749,0.00237334437374605,0.00200701548504762,0.00163041516893796,0.00124572544509123,0.000860295108822276,0.00046635274203998,6.63767073874167e-05,-0.000326743763070554,-0.000726030398210905,-0.00112592416320393,-0.001513948561903,-0.00190484350414911,-0.00228962589429985,-0.00266065664352482,-0.00302684046573065,-0.00338453147268994,-0.00372547520144685,-0.00405383719929249,-0.00436946447639845,-0.00466974152709205,-0.00495144746127685,-0.00521512491026027,-0.00545924493318434,-0.00568414678511802,-0.00588789433996285,-0.0060708802675767,-0.00623096299613637,-0.00636822301316711,-0.00648109459395039,-0.00657233358304195,-0.00664169938934693,-0.00668587025494278,-0.00670226768333321,-0.00670089786428737,-0.006676284668821,-0.00662085284435398,-0.00654929716559178,-0.00645795674308728,-0.0063325402647455,-0.00619823314805129,-0.00604121287084446,-0.00585376186780004,-0.00566179827934208,-0.00544603583560093,-0.00520401377527758,-0.004962457654893,-0.00469546277827715,-0.00441011369663608,-0.00412456560468008,-0.00382010395447119,-0.00349957694811707,-0.00318048222692738,-0.00284869289804089,-0.00250683409742694,-0.00216164327364496,-0.00181250931059454,-0.00146031610904563,-0.00110793932732972,-0.000746046619154628,-0.000386017390931758,-3.99655616298378e-05,0.000302925197533027,0.000662788561273307,0.0010239849678587,0.00136354770011012,0.00167072340679221,0.0019759667589048,0.00230516430523404,0.00264932710313733,0.00298721679077776,0.00328014201227605,0.0035402446434338,0.00376779283412039,0.0039726713562375,0.00419841652752834,0.00443300969154613,0.00466042450383062,0.00487611379303863,0.00508351985880168,0.0052796508629237,0.00546400451138108,0.00562858056913429,0.0057745435440427,0.00590160884426136,0.00601820022296707,0.00612311254739303,0.00621884491981301,0.00630024681205724,0.00637511897592816,0.00649957795018006,0.00667659880745111,0.0067839535901086,0.006835132174926,0.00680677465381427,0.00666998698712461,0.00657777795009995,0.00654835053638545,0.00660973940513233,0.00660743119581262,0.00646783968519704,0.00627765964619303,0.00614858439629288,0.0060894453018178,0.00596016546888967,0.00572122237293581,0.00550715725270364,0.00534963318198972,0.00513170821759053,0.00484986160800716,0.00459784727421469
0.00409822574012336,0.00390513424140093,0.00368604900927111,0.00343350089501573,0.00318505698889383,0.00292493299294886,0.00264470386526364,0.00235730233655633,0.00206180929158534,0.00175837718454085,0.00144224750385772,0.00112376070423857,0.000802975765898691,0.000470004493384129,0.000140535656204862,-0.00018820518204295,-0.000525546771875798,-0.000854084693624261,-0.00117996021549651,-0.00150779084053378,-0.0018259775137653,-0.0021355072492725,-0.00244188152729073,-0.00273836542748557,-0.00302271718129616,-0.00329519568977072,-0.00355678922263102,-0.00380487588346681,-0.00403907857752966,-0.00425727122338479,-0.00445980012959975,-0.00464483278203948,-0.00481327694241442,-0.00496397266545659,-0.00509756314153437,-0.00521059017271366,-0.00530286981655296,-0.00537733340127711,-0.00543627790904704,-0.00546982951999852,-0.00548376071781766,-0.00548575182637107,-0.0054617923270044,-0.00541642753420728,-0.00536446482849732,-0.00528197762339101,-0.00518406238586872,-0.00507930438758907,-0.00494363166264475,-0.00479779342449714,-0.00464556413325009,-0.00446249377393439,-0.0042761390427494,-0.00408108085870668,-0.00386166230353912,-0.00363842027775122,-0.00341043365163037,-0.00316269634536959,-0.00291142915111136,-0.00265601199264928,-0.00239214201685868,-0.00212257388598811,-0.0018486352571334,-0.00156963706440575,-0.00129686366274724,-0.00102088780398227,-0.000732001085147425,-0.000442987375933536,-0.000175400360222928,8.48811226328931e-05,0.000358765722171438,0.000654935180858024,0.000941435640061514,0.00119180148501331,0.00141394872744238,0.00162839649878738,0.00187226932056738,0.00213241852884098,0.00240778505359149,0.00268720997858412,0.00292735742326873,0.00314010858531445,0.00334066750450379,0.00353323067023161,0.00371451833071534,0.00388743057867782,0.00405221124143332,0.00421639021456452,0.00437846285504046,0.00453846716036606,0.00468793593793529,0.00482805338032055,0.00495584960462585,0.00507548660010138,0.0051780957528221,0.00520831448239501,0.00516392878906864,0.00516520992624352,0.00519823025041753,0.00528499424923761,0.00545193900202727,0.00554622211832544,0.00554946951707577,0.00543466907180771,0.0053544828697642,0.005379808089383,0.00542306929809084,0.00537341307902862,0.00522283942681014,0.00510982451678079,0.00507192294849376,0.00497550583145524,0.00479034514898957,0.00463253851237583,0.00450510065046784,0.00431604116264276
0.00409875224708249,0.00391918934086421,0.00373720574604954,0.00356081821118999,0.00335409585002669,0.00313412538716441,0.00291057907895146,0.00267233292352642,0.00242210728730453,0.00216170864346057,0.00189784225752551,0.00162243558406333,0.00133774027500912,0.00105584427472738,0.000763558352742375,0.000466213298201453,0.000175418962744374,-0.000123504423188754,-0.000421908064798158,-0.000712812994102396,-0.00100518951305855,-0.00129554336084181,-0.00157614207288428,-0.00185130204419917,-0.00212100526320871,-0.00238278068458111,-0.00263363830269612,-0.00287418907152824,-0.00310301183635073,-0.00332047317161462,-0.0035247031667074,-0.00371603011998068,-0.00389229410775971,-0.00405352864157014,-0.00419814063790829,-0.00432869088555462,-0.00444472185236407,-0.00454276999461815,-0.00462026949419392,-0.0046868031500897,-0.00473650400117484,-0.00476197556750246,-0.00477736575157684,-0.00477840529823015,-0.0047512260206757,-0.0047200884400429,-0.00467074117258943,-0.00459585945643982,-0.00452016886215456,-0.00442416048247779,-0.00430571050307373,-0.00419010481172754,-0.00405152445553087,-0.00389707612776967,-0.0037436497485867,-0.00357252163639714,-0.00338656103443879,-0.00320209731377669,-0.00300488686163234,-0.0027973984210609,-0.0025856896295607,-0.00236878743126612,-0.00214720679606051,-0.00192322555821132,-0.00168754940565054,-0.00145129866105638,-0.00122548400026773,-0.000998841300415128,-0.000751763179432005,-0.000499989019999068,-0.000265529559995157,-5.77593254494511e-05,0.000154125749380078,0.00039494033287469,0.000655537170171736,0.0009142314246398,0.0011338087149394,0.00132668917118553,0.00149356861949198,0.00164552938364416,0.00182476394728778,0.00201901333762218,0.00221272171180986,0.00240152260697202,0.00258850712518202,0.00277061527623301,0.00294723474994893,0.00311055570775429,0.0032618132743445,0.00340080942894411,0.00353571761474477,0.00366520895101828,0.00379185486900258,0.00391092804829455,0.00403075401653244,0.00420554353195645,0.00443560746314397,0.00460065504574476,0.00471394152047384,0.00475278172805722,0.0046916365578335,0.00468116567018665,0.00473817460185527,0.00488731286757039,0.00497549812358203,0.00493265068283879,0.00484572450530586,0.00482363953011479,0.00487226086049032,0.00485360095660305,0.00473107022502614,0.00463692349478464,0.00459974425921028,0.00450449536683599,0.00434911553154915,0.0042247842360942
0.00395791055680272,0.00384090286082345,0.00369841112320593,0.00352358033482375,0.00335286122380483,0.00317026361431744,0.00296758623593636,0.00275722258549407,0.00253802122506903,0.00230977582091614,0.00206772599251125,0.00182174512582169,0.00157149077428305,0.00130715563527244,0.00104395969363369,0.000778661589781266,0.000502139532153374,0.000231190740600428,-4.05938155210479e-05,-0.000317744184378331,-0.000589082290545749,-0.000855935349992748,-0.00112373418131228,-0.0013859944324808,-0.00164067337795038,-0.00188819365558078,-0.00212959203515188,-0.0023623645453012,-0.00258619320833374,-0.00279907335343694,-0.0030013162833846,-0.00319117349922868,-0.00336950375850268,-0.00353515251281883,-0.00368862328250149,-0.00382647754966361,-0.00394849823811711,-0.00405748305841094,-0.0041554203796888,-0.00423254060129139,-0.00429451929431942,-0.00434849203283171,-0.00438054952146901,-0.0043952501636035,-0.00440653112142886,-0.00439082358727861,-0.0043630080954168,-0.00433075113052749,-0.00427050890078245,-0.00420258516881668,-0.00412983836279335,-0.00402850308447143,-0.00392538844876684,-0.00381439591680976,-0.00368036206281544,-0.00354315516173102,-0.00340119117257298,-0.00323983107014676,-0.00307471869463862,-0.00290477986949434,-0.00272558243814167,-0.00253962744507359,-0.0023478565088076,-0.00214956344149444,-0.00195533938467132,-0.0017554584067883,-0.00154057397847811,-0.00132338258839644,-0.00112431940685712,-0.000928804866763969,-0.000716204725147434,-0.000478727017559363,-0.000248143805313256,-4.96353020734604e-05,0.000125270476810187,0.000297758410936807,0.000503786840415938,0.000730263794977477,0.000975802809378401,0.00122839002892958,0.00144597852090949,0.00164067984164701,0.00182738670513614,0.00201016704586431,0.00218575154967906,0.00235699760539092,0.00252418101269087,0.00269463765211772,0.00286668166031503,0.00304008132682706,0.00320624258583537,0.00336612611307657,0.00351650477772907,0.00366115187130951,0.00379068642553964,0.00385108490735915,0.00384229681154941,0.00388272543473908,0.0039582378024295,0.00409015376725776,0.00430146083601648,0.00444150154099481,0.00449295588374444,0.00443166937829183,0.00440876275146058,0.00449166387566833,0.00459239391844306,0.00460238513581056,0.00451611311503969,0.00446977304420788,0.00449794051963046,0.00446888858916944,0.0043548269563651,0.00426962377620477,0.00421455169225059,0.00409959120864877
0.00382478399308833,0.00368795773350494,0.00355011780122104,0.00341843463506055,0.00325766168718217,0.00308475612007526,0.00290879302525211,0.00271877197275437,0.00251720667991458,0.00230581626405081,0.00209087114676808,0.00186426575816982,0.00162819949923212,0.00139420763443057,0.0011491053540549,0.000898182464579889,0.000652461249956851,0.000397275348840344,0.000141188531467781,-0.000109306783847199,-0.000363193458543702,-0.00061708778552807,-0.000863582394742574,-0.00110716051782546,-0.0013478417790709,-0.00158331255483149,-0.00181077101503852,-0.00203093453264568,-0.00224248673975151,-0.00244584795392007,-0.00263924862230785,-0.00282302261161748,-0.00299512861792135,-0.00315555915052535,-0.00330281806669307,-0.00343941461011294,-0.00356477799957332,-0.00367546950979467,-0.00376906716603763,-0.00385481177182584,-0.00392676126247342,-0.00397776230658525,-0.00402158943599885,-0.00405365033555379,-0.00406057048047164,-0.00406593365386309,-0.00405531566699556,-0.00402185296725656,-0.00398936647904387,-0.00393840219871795,-0.00386717564695963,-0.00379992233318171,-0.003711073506102,-0.00360787533329484,-0.00350628421846766,-0.00338771439453138,-0.00325516415068232,-0.00312420323527538,-0.00298054907808528,-0.00282668467345985,-0.00266822764644977,-0.00250405680666909,-0.00233450489772862,-0.00216147664043381,-0.00197586565552958,-0.00178863032396592,-0.0016100671220032,-0.00142862845633209,-0.00122538727341732,-0.00101613653187069,-0.000822277494493843,-0.000652156134833659,-0.000474862717314968,-0.000266650750963904,-3.69551306937823e-05,0.000192154709697648,0.000384561334507992,0.000552772234208261,0.000697792681617198,0.000831469236530908,0.00099480704837125,0.00117519776375967,0.00135743023677194,0.0015370801095896,0.00171698555495872,0.00189398553710836,0.00206727857784756,0.00222913969052805,0.00238083408388522,0.00252216909771954,0.00266120447167996,0.00279654645788443,0.00293082963252862,0.0030596409173587,0.00319171339562474,0.00337966416706713,0.00362174369085082,0.00379938109224783,0.00392593399359208,0.00397926558666014,0.00393696695439517,0.00394755077837713,0.00402681069490557,0.00419668643139375,0.00430572511079295,0.00428696854396068,0.00422762848022426,0.00423445176460777,0.0043110282770842,0.00432148610373827,0.00423190816178843,0.00417264703962116,0.00416997709288893,0.00411083430791063,0.00399454506211626,0.00391022854590094
0.0034817030947294,0.00338948824719657,0.00327358082158642,0.00312776465792221,0.00298761194945428,0.00283712064209491,0.00266839493991415,0.00249342219317408,0.00231093450410067,0.00212059499745157,0.00191762247889283,0.00171163184960149,0.00150195320637961,0.00127893866303375,0.00105740105490384,0.000833793827344105,0.000599165926690488,0.000369848857929121,0.000139226648228525,-9.72058816936003e-05,-0.000328647339051915,-0.000556639555509885,-0.000786615097843533,-0.00101233870625606,-0.00123198197738608,-0.00144614229515306,-0.00165592654736513,-0.00185903088575417,-0.00205522951709896,-0.00224265325076842,-0.00242172496587611,-0.00259080855080695,-0.00275081879909078,-0.002900677052786,-0.00304091603016859,-0.00316816107807877,-0.00328228872397591,-0.00338608428485233,-0.00348138856505514,-0.00355862703971368,-0.00362348859631021,-0.00368278411279615,-0.00372278197517074,-0.00374817359404146,-0.00377224472584196,-0.00377188677423016,-0.00376185863745405,-0.00374918701185952,-0.00371090065969192,-0.00366699219598058,-0.00361966909773684,-0.0035458988834568,-0.00347180241911229,-0.00339099244562641,-0.00328871812994911,-0.00318440318585948,-0.00307599217262843,-0.00294926456387845,-0.00281946575493203,-0.0026851813887392,-0.00254202333831381,-0.00239231896271136,-0.00223679466724351,-0.00207478865661046,-0.00191640662461732,-0.00175176876633006,-0.00157191223923839,-0.00138948308103891,-0.00122408474424806,-0.0010608169697779,-0.000879434592137258,-0.000672893992663662,-0.000472872527954049,-0.000303468816768614,-0.000155816746723538,-8.3579196516473e-06,0.000173910073147139,0.000377819312968881,0.000601675005157815,0.000832798005524379,0.0010302216138015,0.00120614888475356,0.00137524274387787,0.00154139118361006,0.00170144812756345,0.00185820266013981,0.00201196571448973,0.00216991196248033,0.00233023794964205,0.00249251557567565,0.00264820746080555,0.00279808555729458,0.00293882839322853,0.00307390331691638,0.00319362729290698,0.0032453267508427,0.00323083742252334,0.00326695403375161,0.00333951811181184,0.00346932532999107,0.00367665000419246,0.00381293785684696,0.00386192650851707,0.00380194474402496,0.00378281131368292,0.00386915870195271,0.00397297360908157,0.00398780058461698,0.00391028641033404,0.00387472860590538,0.003913433008266,0.00389646473569711,0.00379819705456169,0.00373067404847605,0.00369394805508923,0.00359981572451605
0.00317532616607132,0.00305690681703867,0.00294001412133138,0.00283116051310714,0.00269575808343441,0.00255062850718252,0.00240442923202689,0.00224627762560704,0.0020785865721726,0.00190290317069975,0.00172526554783349,0.00153748704582149,0.00134173405457547,0.00114907700242755,0.000946356267643636,0.000738767991781759,0.000536760400804228,0.000325855908496713,0.000114350201187641,-9.16596378014154e-05,-0.000301203916277617,-0.00051101652830203,-0.00071405352314707,-0.000914907448844922,-0.00111378379230676,-0.00130853179871615,-0.00149650553668656,-0.00167861633944798,-0.00185371358819137,-0.0020223394719024,-0.00218285424840099,-0.0023357274305659,-0.00247898927829555,-0.00261275812140153,-0.00273568778383312,-0.00285030884498461,-0.00295604130307639,-0.0030495314732977,-0.00312858041648207,-0.00320222476767593,-0.00326450826943383,-0.00330857373206475,-0.00334795082012531,-0.00337790921280896,-0.00338549649223518,-0.00339380238214835,-0.00338836528350775,-0.00336277041603653,-0.00334013762030258,-0.00330111647244426,-0.00324427046930591,-0.00319304053878723,-0.00312211568457156,-0.00303889280755265,-0.0029586147269445,-0.00286293522325891,-0.0027549074711852,-0.00264950526043418,-0.00253257256495271,-0.00240656166389998,-0.00227682414190194,-0.00214209472945417,-0.00200262118387085,-0.00186008955423035,-0.00170550588873009,-0.00154974696130058,-0.00140254256843172,-0.00125219510475024,-0.00108034439152204,-0.000902844112864219,-0.000740572252908595,-0.000601069035409279,-0.000453418203134632,-0.000274747537700036,-7.47464963713513e-05,0.00012420979744629,0.000286983540210777,0.000426133365456572,0.000542927932193959,0.000649842934572223,0.000786834451113397,0.000941163462902201,0.00109782303879115,0.00125242235898297,0.00140771174981529,0.0015603952942036,0.00170964926119112,0.00184784522491606,0.00197632853305785,0.00209501843046617,0.00221193543209249,0.00232575933889511,0.00243922763770683,0.00254829931938724,0.0026620261423303,0.00283180909853741,0.00305430710777328,0.0032125816163246,0.00332010886297634,0.00335547032163948,0.0032987875826245,0.00329684522404271,0.00336463630913428,0.00352206377866764,0.00361914244762231,0.00359167557190389,0.00352706130266479,0.00353022703524247,0.00360306371663335,0.00361163573846452,0.00352425855424799,0.00346965994211599,0.00347241946025092,0.00342115028756249,0.00331633798556842,0.00324551483893982
0.00272730865641102,0.0026524798420414,0.00255658196878373,0.00243384029057876,0.00231917781914297,0.00219657468934531,0.00205829926491352,0.00191607966610362,0.0017685445851561,0.00161513777522954,0.00145111433446871,0.00128584065677368,0.00111835300661744,0.000939105801525362,0.000762538188007535,0.000584819829510897,0.000397142567538505,0.000215333158233344,3.26018471779146e-05,-0.000155581697853574,-0.000338671343667229,-0.000518594658464126,-0.000700759937300142,-0.000879202815353609,-0.00105230490271662,-0.00122086354696446,-0.00138612778447655,-0.00154598881584144,-0.00170034531766101,-0.00184752478082814,-0.00198806575239284,-0.00212053222856018,-0.00224590165408088,-0.00236321552633653,-0.00247306333349017,-0.00257224923443132,-0.00266073942152571,-0.00274134859259185,-0.00281583528498978,-0.00287490667115019,-0.00292424560581309,-0.00297045469107283,-0.00300000803412519,-0.00301774044063877,-0.00303644562894862,-0.00303344346807839,-0.00302341352213813,-0.00301291644258317,-0.00297943757545443,-0.00294277458705444,-0.00290467317627736,-0.00284261481153349,-0.00278234006773768,-0.00271710275687195,-0.00263261370066012,-0.00254786848004494,-0.00246051870395072,-0.0023566688089802,-0.00225120928068876,-0.00214253512166658,-0.00202629159411854,-0.00190462119374215,-0.00177815684466552,-0.00164622824665343,-0.00151855224702123,-0.00138517923245889,-0.00123738239783428,-0.00108780283875693,-0.000955321035663413,-0.000824848407896681,-0.00067643129256793,-0.000503637954653891,-0.00033798996848573,-0.000202688820488794,-8.8534953915792e-05,2.63240494908314e-05,0.000176095282131303,0.000347596650834591,0.000538964381684192,0.000736975770153593,0.000901605703208783,0.00104520328280775,0.00118222040404107,0.00131654406015926,0.00144510869847814,0.00157074242361921,0.00169386027858089,0.00182153083077155,0.00195191471191862,0.00208452885524712,0.00221087912062082,0.0023317218642091,0.00244370478923527,0.00255014141221688,0.00264119812680942,0.00266540442718492,0.00262617568082933,0.00263900846610194,0.00268976836745626,0.00279881851499376,0.00298439098233524,0.00309971577830284,0.00312956118276424,0.00305422589010351,0.00302243480314167,0.00309660721813159,0.00318879457472161,0.00319439038064543,0.00311176675512091,0.00307366180838302,0.0031105660178016,0.00309415917299507,0.00300051121343048,0.00294018808761451,0.00291227999687729,0.00283010566631837
0.00238448933323336,0.00228548298599852,0.00219079051707816,0.00210642348582586,0.00199832831524617,0.0018831281043504,0.00176915279511854,0.00164558282023407,0.00151467815103431,0.00137791313758524,0.00124101597398319,0.00109574990598238,0.000944225707569807,0.000797063510636656,0.000641109622762928,0.000481459694351276,0.000328094505681936,0.000166545200054421,4.92813245680431e-06,-0.000151052867765779,-0.000310498040944794,-0.000470257495516002,-0.000623652324311953,-0.000775433199912322,-0.000925916303396453,-0.00107316951651642,-0.00121477515206395,-0.00135175612661078,-0.00148315322764409,-0.00160969060047223,-0.00172981758886435,-0.00184417038764839,-0.00195092120573731,-0.00205028504943191,-0.00214106679483911,-0.00222583755489898,-0.00230409345799814,-0.00237256755578417,-0.00242920676275679,-0.00248299044859699,-0.00252792628006251,-0.00255745264443376,-0.00258490704435146,-0.00260544278130517,-0.00260650942085096,-0.00261077438323099,-0.00260382404676637,-0.00257952482353185,-0.00256053505176308,-0.00252755472727086,-0.00247942640729397,-0.00243894121777983,-0.00238106514075873,-0.00231324423889483,-0.00225019756986794,-0.00217372934572667,-0.00208696827667041,-0.00200442028961036,-0.00191197255404034,-0.00181210280482992,-0.0017098752622952,-0.00160396251807251,-0.00149450803433638,-0.00138297180231519,-0.00126052449011524,-0.00113790087167973,-0.00102436981397754,-0.000908118268327012,-0.000771205844575934,-0.000629500766927936,-0.000503436203086085,-0.000399877760855948,-0.000287954042296916,-0.00014541411219338,1.7844397626885e-05,0.000179300542216815,0.000304615656967541,0.000406435718111669,0.000486312659312429,0.000557135096263294,0.000658174219405897,0.000776573418292469,0.000897560730573229,0.00101686043108902,0.00113707775750955,0.0012549873173711,0.00136972040950014,0.00147383992195024,0.00156877955023727,0.00165461473154003,0.00173937494177378,0.00182182028953875,0.00190489178353839,0.00198481601531025,0.00207096641696896,0.0022137523934348,0.00240867388528917,0.00254012294017007,0.00262179486571983,0.00263288323789238,0.00255549809274638,0.00253502817207726,0.00258586393620586,0.00272623996368564,0.00280755414939312,0.00276777105503889,0.00269441194872266,0.00269089703900529,0.00275784283559231,0.00276289459786172,0.00267610776636316,0.00262494638658754,0.00263254951915998,0.00258899419003711,0.00249561075553258,0.00243861030033775
0.00195050409044322,0.00189680879003508,0.00182460463796288,0.00172848251743404,0.00164275337360024,0.00155141370902794,0.00144684171893209,0.00134048047785509,0.00123085561454425,0.00111727676091403,0.000994932429814992,0.000872937799638263,0.00075013492550837,0.000616956290025306,0.000487557720678786,0.000357851331538965,0.000219062255981526,8.66250384354409e-05,-4.64135164943635e-05,-0.000184623440415369,-0.000317862135449121,-0.000448164214360625,-0.000581099687284428,-0.000710881073847096,-0.000836127233127162,-0.000957828295316701,-0.0010773445907595,-0.00119277518827451,-0.00130414501053642,-0.00140996846853861,-0.00151090857569813,-0.00160566515353113,-0.00169534152291563,-0.00177909644049988,-0.00185757298049055,-0.00192772774001705,-0.00198960404817554,-0.00204609308463278,-0.00209892746446466,-0.00213892449858678,-0.00217190169743595,-0.00220424068718613,-0.00222262767451992,-0.00223198039826036,-0.00224471924424585,-0.00223852549477165,-0.00222797815613782,-0.00221930302070068,-0.00219033358800309,-0.00216069770235369,-0.00213176459823402,-0.00208146277669429,-0.00203515840742111,-0.00198586053362052,-0.00191961951310016,-0.00185507174884498,-0.00178962825240287,-0.00170961391941406,-0.00162970141736267,-0.00154803227054714,-0.00146030579388958,-0.00136848016453497,-0.00127311001114361,-0.00117348253636399,-0.00107899511964125,-0.000979609810131028,-0.000866835008154425,-0.000753191160014263,-0.000656973350514305,-0.00056295750081512,-0.000451460975800109,-0.000316378441790765,-0.000189102061876856,-9.21198634067476e-05,-1.59529637006593e-05,6.15131015608594e-05,0.000173895781053421,0.000308044015777744,0.000461904039967284,0.000622003060055509,0.000749038819939821,0.000855503234903626,0.000955750409665846,0.00105366089181021,0.00114629926506233,0.00123653619296863,0.00132492259053844,0.00141844865570639,0.00151532753300066,0.00161503952256074,0.00170916728802676,0.00179848747815114,0.0018796039770491,0.00195580703459147,0.002017200935825,0.00201330756885056,0.00194868260538372,0.00193789638864416,0.00196677475654431,0.00205539550605912,0.00222037848651321,0.00231647264079212,0.0023292202530476,0.00224047040559796,0.00219800737750704,0.00226257670430025,0.00234629023056605,0.00234599005801817,0.00226139888049508,0.00222393608725744,0.00226273573355974,0.00225075021695003,0.0021653551179139,0.0021158780645559,0.00210072463468333,0.00203433256525506
0.00164925165325752,0.00157288962638656,0.00150334198930594,0.00144620881562856,0.00136778194011723,0.00128456083387129,0.00120456859168339,0.0011170106925196,0.00102400573776715,0.000926920593493754,0.000831268575833294,0.000728721468620225,0.000621285053978475,0.000519239548160296,0.000409390378279145,0.000296728159738171,0.000190828140571467,7.72245512864111e-05,-3.61642503583383e-05,-0.000143920645630495,-0.000255258192849413,-0.000367162337573339,-0.000473250126335426,-0.000578376123552205,-0.000683067424057538,-0.000785497450388078,-0.000883464778876784,-0.000978159355689236,-0.00106875377986861,-0.00115608836065447,-0.00123878193215111,-0.00131757294428366,-0.0013907531065649,-0.0014586719091311,-0.00152021184991433,-0.00157801495752743,-0.00163164690392469,-0.00167790719779741,-0.00171488045608208,-0.0017514618475533,-0.00178170192525055,-0.00179921301243347,-0.00181719585700417,-0.00183074382190832,-0.00182758676323928,-0.00183008525696443,-0.00182381581414546,-0.0018029026868736,-0.00178956211732097,-0.00176460888098011,-0.00172704676345441,-0.00169917125659255,-0.00165611187612273,-0.00160539724540021,-0.00156125863020575,-0.00150567141274721,-0.0014417447449785,-0.00138361106413437,-0.00131721947275176,-0.00124497587465271,-0.00117177032500494,-0.00109616998263431,-0.00101820501118818,-0.000939189987818941,-0.000850326986536687,-0.000762276702875148,-0.000683893434001794,-0.000603291045342731,-0.000502803546429433,-0.000398281710925546,-0.000309737967365155,-0.000243580491617211,-0.000168937189372397,-6.40087673016938e-05,6.12129273619248e-05,0.000184102478579063,0.000270982998607937,0.000334573638620405,0.000376666288907028,0.000410523091845167,0.000474882123010396,0.000556806261929961,0.000641763395356836,0.00072557864533954,0.000810811081028493,0.000894264428400077,0.000975100636639311,0.00104600919919957,0.00110856677237845,0.00116295424652071,0.0012172569743455,0.00127031760105322,0.00132518214542168,0.00137834389085191,0.00143944704929627,0.00155814244016782,0.00172899166760127,0.00183758660129444,0.00189765009906707,0.00188893292385517,0.00179504683732378,0.00176030579790903,0.0017985382820397,0.00192683759206309,0.00199763574798332,0.00195057469556387,0.00187317481785001,0.00186772490994312,0.00193385534470403,0.00194045906501513,0.00185888460339571,0.00181554460076381,0.00183256965045688,0.00180108341352948,0.00172305719450929,0.00168364432076854
0.00126575165302942,0.00123489872856954,0.00118775790659841,0.00111912702820028,0.00106292534919117,0.00100301896219802,0.000931924453963082,0.000860855011825018,0.000788191584819034,0.000713152594108714,0.000630834407068869,0.000550144504869769,0.000469723733036113,0.000380030766803919,0.000294905215805054,0.000210064666346518,0.000116732580574343,3.00425087834808e-05,-5.71606717979388e-05,-0.000149489570739608,-0.000237039325449731,-0.00032209207910106,-0.000410263015809871,-0.000495983541192532,-0.000578039332209985,-0.000657611585580244,-0.000736164534617587,-0.000811952633521285,-0.000885140703051984,-0.000954387708330015,-0.00102046082686884,-0.00108222022448898,-0.00114082963806561,-0.00119556992800614,-0.00124714706438108,-0.00129259771804462,-0.00133207367484924,-0.0013685323917191,-0.00140363520280276,-0.00142839363736401,-0.00144861609755644,-0.00147058105842863,-0.00148111874856765,-0.00148518117437508,-0.00149496176657547,-0.00148832971849834,-0.00147982372334522,-0.00147540745769769,-0.00145319488406882,-0.00143256704125148,-0.00141472732954984,-0.00137784382003253,-0.00134699489822823,-0.00131502556654904,-0.00126817607665474,-0.00122481216949998,-0.00118218941204442,-0.00112674061717344,-0.00107290459722298,-0.00101871433968975,-0.000959782972755324,-0.000897990969454954,-0.000833785076037344,-0.000766366487514446,-0.000704921726823485,-0.000639289716416448,-0.000561123156450135,-0.000482836947456533,-0.000422325446588755,-0.000364164379564613,-0.00028883092972779,-0.000190531465911321,-0.00010047287082206,-4.06057597364674e-05,-1.19355119604342e-06,4.00541218960885e-05,0.000116303046516884,0.000214506290815737,0.000332500689134467,0.000456611538675514,0.000548116173979657,0.00061963255110876,0.000685449546060762,0.000749456663068423,0.000808855017321677,0.00086657572700937,0.000923238893518222,0.000985853333447356,0.00105261023254698,0.00112303514175045,0.00118877531191954,0.00125060622821482,0.00130519290859753,0.00135573123268562,0.00139234854003257,0.00136526478612517,0.00127994982108748,0.00125020088119031,0.00126184501722049,0.00133475924381404,0.00148440800739695,0.00156668629662489,0.00156765619992001,0.00147034159692181,0.00142180274269805,0.00148149231179156,0.00156167976653435,0.00156026078154263,0.00147786518531427,0.00144499373384703,0.00148972732381751,0.00148600619650935,0.00141208469748507,0.00137641544179308,0.00137684029888617,0.00132867737344519
0.00101154137146847,0.00095790951756099,0.000913199246884574,0.000882721933246298,0.000833007529737413,0.000780392940484738,0.00073271545120767,0.000679158298458305,0.000621716162685481,0.000561666799443232,0.000504287368235446,0.000441200813083886,0.000374306761367591,0.000313616193704547,0.00024587455769574,0.000175925037845564,0.000113069144707876,4.28176513957103e-05,-2.70985136839254e-05,-9.15276248761648e-05,-0.000159741706431937,-0.000228912076300304,-0.000292830719282757,-0.000356516924251058,-0.000420626305048495,-0.000483481333282086,-0.00054304307729606,-0.000600607158628236,-0.000655535773431802,-0.000708709386573785,-0.00075894270358537,-0.000807012100542705,-0.00085135863059113,-0.000892407947276764,-0.000929136044631658,-0.000964248144249415,-0.000997344035107384,-0.00102530467686654,-0.00104631582432995,-0.00106921719920689,-0.00108808282701991,-0.00109664684617544,-0.00110803590160568,-0.00111726170976905,-0.00111226184695246,-0.00111517947778466,-0.00111156628553492,-0.00109572294997349,-0.00108955497456653,-0.00107390992047417,-0.00104792359756409,-0.00103349972769463,-0.00100591629971313,-0.000972634233454583,-0.000947644857744843,-0.000912897745032728,-0.000871588155853616,-0.000837493690007094,-0.000796581055606148,-0.000751235304993965,-0.00070610437895922,-0.000659739250990695,-0.000612052164326464,-0.000564203101334292,-0.000507422717164916,-0.000452231203747175,-0.000407257652886258,-0.000360464879684151,-0.000294404571711268,-0.000224829494916677,-0.000171521889828282,-0.000140494284987096,-0.00010081729734042,-3.10592135749878e-05,5.8763864380233e-05,0.000146035372565824,0.000197495359037927,0.000225961646880025,0.00023342196825816,0.000233416326453795,0.000264242318534094,0.000313059356242976,0.0003654439553555,0.000417298152688777,0.000471202835501311,0.000523966444485407,0.000574816064755004,0.000616546943651268,0.000650814393357757,0.00067791112338258,0.00070594421496492,0.00073387493805427,0.0007648586749178,0.000795522391690176,0.000835693812246596,0.000934467093239264,0.00108592951150524,0.00117633138013155,0.00121960823837506,0.0011957953986774,0.00108957746857809,0.00104445638742071,0.00107395157443967,0.00119440249516765,0.00125889591814753,0.00120827014415226,0.00113001291462206,0.0011256599752169,0.00119417062097976,0.00120529364762787,0.00113125195516032,0.00109772691885142,0.00112610765223011,0.00110828760187404,0.00104666412409905,0.00102564140000419
0.000665864426103561,0.000656960844792866,0.000633696528202709,0.0005910027295557,0.000562459259982182,0.000531948691690531,0.000491946717193734,0.000453495754837521,0.000414916559198573,0.000375235622019611,0.000329546094692077,0.00028656010423003,0.000244732628426277,0.000194505959664915,0.000149488557354928,0.000105232065124062,5.29222485526997e-05,7.42973781830486e-06,-3.85351799241797e-05,-8.97014143949216e-05,-0.000136326333933666,-0.000180908524222928,-0.000229127889141527,-0.000275573979313464,-0.000319240619205016,-0.000361375264784088,-0.000403636874892784,-0.000444376461002924,-0.000483893165519832,-0.000520949231600684,-0.000556440872912634,-0.000589305931845998,-0.000620828734411061,-0.00065037445755833,-0.000678687765044055,-0.000702908800075345,-0.000723265361208448,-0.000742744452597457,-0.000763002285295383,-0.000775161901239501,-0.000785054469175656,-0.000798888966783733,-0.000803549204289158,-0.000804055093032928,-0.00081242333630013,-0.000806648283958833,-0.0008012373479698,-0.000801959696503172,-0.000787069227792475,-0.000775884330084079,-0.000769332427069544,-0.000745815173209691,-0.000730162172859399,-0.000715120561949807,-0.000687001924178773,-0.000664008644460809,-0.000643205112827377,-0.000611114139892125,-0.000581995224597975,-0.000553748174491721,-0.000521958939406606,-0.000488384550944641,-0.000453368448943445,-0.000416078449277928,-0.000385476072177836,-0.000351326481546902,-0.000305333367314843,-0.000259814049380643,-0.000232365281868359,-0.000207448062006276,-0.000165605946936328,-0.000101172153967141,-4.52388674764141e-05,-1.9382263368987e-05,-1.3693615517233e-05,-5.75659544684699e-06,3.73631901922536e-05,0.000102670548275433,0.000187977320215767,0.000279499016049893,0.000338892574046438,0.000378900038351927,0.000413731852029965,0.000447350843117059,0.000477041298802857,0.000505796380965075,0.000534288975700443,0.000569560937334416,0.000609823082722593,0.000654580853731338,0.000695591051530679,0.000733665784827562,0.000765495599795499,0.000794270169127633,0.000810033542173126,0.000763604916685513,0.000660973707066707,0.000615466547634558,0.000612945990759074,0.000673125804483863,0.000810790000776279,0.000882593596786639,0.00087492026604197,0.000771569827535633,0.000719103355729141,0.000776207314227513,0.000855217528969552,0.000854762160454649,0.00077603640154192,0.000748916299250943,0.000800880874045903,0.000806443511492412,0.00074444398316737,0.000722752144199442,0.000738841107401564,0.000708617135952643
0.00043857466428893,0.000406308832739681,0.000384814345568265,0.000379250089272374,0.000356218486215759,0.000332003843043592,0.000314242089714214,0.000292080545486812,0.000267413103794259,0.000241409780485787,0.000219212519794971,0.000192323565475403,0.000162562375079335,0.000139728254675483,0.00011047474314523,7.95313932617159e-05,5.5985627129711e-05,2.52529214149377e-05,-5.08912109179522e-06,-3.00713643614759e-05,-5.90897589485146e-05,-8.93985165161315e-05,-0.000115050827398587,-0.000141148163699896,-0.000168473797064557,-0.000195476898637251,-0.00022027905350419,-0.000244302930950956,-0.000266995439064002,-0.000289377825030298,-0.000310362188036376,-0.000330813672735449,-0.000349273807181993,-0.00036623410359112,-0.000380769858922288,-0.000395664680860603,-0.000410505935897021,-0.000422287574775745,-0.000429228810902321,-0.000440166381058827,-0.000449214458158505,-0.00045015071336446,-0.000456075739455235,-0.000461960829656966,-0.0004558446204453,-0.000459732013813201,-0.000459186295202938,-0.000448522180813841,-0.000449527651794754,-0.000443025356139962,-0.000428171697132063,-0.000426654276134717,-0.000413820235986569,-0.000397046281908915,-0.000390152091169083,-0.000375094431097797,-0.0003549966243377,-0.000343449460562714,-0.000326408642113033,-0.000306157571859456,-0.000287253035995733,-0.000268149277653329,-0.000248671235251032,-0.000229814035902577,-0.000202846182554457,-0.000178160308360181,-0.000164184869892468,-0.000148778058756985,-0.000114591261476195,-7.73005795231943e-05,-5.65090678993643e-05,-5.79521779696264e-05,-5.07112514929804e-05,-1.34602441977801e-05,4.37768806237988e-05,9.83958523570601e-05,0.000117449789966294,0.000113804147717555,8.95633592479416e-05,5.8425736173108e-05,5.85602923718494e-05,7.7104267248057e-05,9.97655491347052e-05,0.000122489639578517,0.000147889844922382,0.000172847629423524,0.0001965799927705,0.000211995043582868,0.00022081046102403,0.000223381049040733,0.000227865363141418,0.000233319232443288,0.000242954741524541,0.000253538158474006,0.000274930192679572,0.000356047274873002,0.000490647644088966,0.000565438477059894,0.000594455483552655,0.000557933180217214,0.0004411484689507,0.000387200866237477,0.000409441068133604,0.00052379074782853,0.000583775810214288,0.000530835529014079,0.000452523565523603,0.000449936008527582,0.000521687573088461,0.000538026554008088,0.000471604274027634,0.00044774179569318,0.000487413144940755,0.000482935166848145,0.000436956872887399,0.000433388955849327
0.000109711158795652,0.000121528437272663,0.000120783134374133,0.000102397881239461,9.98308395087691e-05,9.6889349668937e-05,8.59695787280364e-05,7.80549104393984e-05,7.13187618532254e-05,6.47252143218025e-05,5.32303865663912e-05,4.54441181531993e-05,3.96710262662307e-05,2.62324049296278e-05,1.86420446342848e-05,1.2231688697094e-05,-1.86902481348024e-06,-8.97345781082796e-06,-1.65196018909784e-05,-2.93240686365786e-05,-3.78577568262344e-05,-4.47281118755198e-05,-5.57411761134098e-05,-6.56606168122394e-05,-7.35817221090788e-05,-8.09100363708684e-05,-8.94007208817225e-05,-9.75323917767546e-05,-0.000105730309862402,-0.000112876252927982,-0.000119921162094724,-0.000125943695722656,-0.000132305935948815,-0.000138452444586344,-0.000145194836490536,-0.000149731150033171,-0.000152376899534225,-0.000156138257750417,-0.000162696288534377,-0.000163247972132514,-0.000163621622913252,-0.000170019265333568,-0.000169358310352651,-0.000166677496531174,-0.000173900526617993,-0.000169103214060316,-0.000166717490478134,-0.000172433886316119,-0.000164561589766815,-0.000162297148742413,-0.000166502303216918,-0.000155622254634485,-0.000154347155764011,-0.000155304471489154,-0.000144842127298874,-0.000141018743071622,-0.000140807765606076,-0.000130696489778764,-0.000124824555279537,-0.000121008633635206,-0.000114730735338331,-0.000107696189799418,-0.000100129136655526,-9.11104237276306e-05,-8.94863038060635e-05,-8.49588668623597e-05,-6.91719783342967e-05,-5.43447763525913e-05,-5.79302658655078e-05,-6.42823830674011e-05,-5.39432481431693e-05,-2.12541427034469e-05,2.80064640336818e-06,-3.15202335743091e-06,-2.91149031046077e-05,-5.2560716846177e-05,-4.06385914880715e-05,-6.29573142342376e-06,4.83257019651157e-05,0.000109402076709329,0.000138822560785947,0.000149343490064949,0.000155237356423,0.000160499430723753,0.00016245412238933,0.000164169169948906,0.000166416186224772,0.000176191881406426,0.00019176364520773,0.000212711467010735,0.00023080050870051,0.000246941367424455,0.000257818427964989,0.000266677531195939,0.000263557280416404,0.00019954783679564,8.08969813686235e-05,2.07642424611051e-05,5.06550031327126e-06,5.34686173370199e-05,0.000180492926661355,0.000243133856179843,0.000227999114964912,0.000119215895742072,6.31302305868298e-05,0.000118140266026746,0.000196671020922272,0.000197660149502545,0.000122525243696268,0.000100932022751608,0.00016010256614637,0.000174793802148105,0.000124106047554408,0.000115621468480445,0.000146728241898649,0.000133488440191036
-0.00010963868331742,-0.000121458153526521,-0.00012071046996968,-0.000102348615386851,-9.98022855300862e-05,-9.68487366855573e-05,-8.59535457257843e-05,-7.8030230815392e-05,-7.13183863088777e-05,-6.47292595051235e-05,-5.32448832091936e-05,-4.54564798928458e-05,-3.96883930555894e-05,-2.62679775775985e-05,-1.86718882537848e-05,-1.22807045070137e-05,1.8044670979606e-06,8.91138111005206e-06,1.64539945529116e-05,2.92513181469038e-05,3.77720839989177e-05,4.463073692135e-05,5.5644152522632e-05,6.55546272017469e-05,7.34534958054385e-05,8.07980582016193e-05,8.92715738607284e-05,9.74162019446536e-05,0.0001056176832933,0.000112741793431655,0.000119795466541826,0.000125812762307501,0.000132174256150467,0.000138312142089921,0.000145046769494864,0.000149589410967023,0.000152230527049752,0.000155989648566869,0.000162557710939735,0.000163100888317279,0.000163469624021351,0.000169876966153213,0.000169226085060635,0.000166551563835307,0.000173782685818665,0.000168980293273214,0.000166585385054761,0.000172308540522035,0.000164445998887798,0.000162178614212118,0.000166409787148751,0.000155514840943368,0.000154236859818518,0.000155197448446544,0.000144748080675451,0.0001409335858682,0.000140711798226351,0.000130617631114507,0.000124757969683301,0.000120943826022368,0.000114695367617765,0.000107652540320003,0.000100078103421071,9.10737354815536e-05,8.94737238583087e-05,8.4939527722772e-05,6.91631098167784e-05,5.43563511703013e-05,5.79359239015571e-05,6.43082471909296e-05,5.39670155730332e-05,2.12763491937712e-05,-2.76921408136201e-06,3.19062323202047e-06,2.91609666374882e-05,5.26253868479269e-05,4.07036329552063e-05,6.36519699558003e-06,-4.82491045135331e-05,-0.000109330790819745,-0.000138739278103495,-0.000149256912314481,-0.000155143531753994,-0.000160385226419271,-0.00016235185349096,-0.000164073930724568,-0.000166292776091913,-0.000176071628001696,-0.000191646549785768,-0.000212580428461182,-0.000230668587357732,-0.000246819948165074,-0.000257703406627097,-0.000266543770509624,-0.000263434165424559,-0.000199422658246404,-8.07597361101653e-05,-2.06231012917445e-05,-4.92589366546452e-06,-5.33310408168598e-05,-0.000180352534597369,-0.00024299785823085,-0.000227864610485642,-0.000119073625083906,-6.29952133541626e-05,-0.000118006701005748,-0.000196544284132872,-0.000197519228086722,-0.000122414074805703,-0.000100813900218673,-0.000159976268969149,-0.000174686816421634,-0.000124011352182885,-0.000115532451089208,-0.000146630506870682,-0.000133405535010905
-0.00043848851469603,-0.000406219185413815,-0.000384740761665852,-0.000379191924244714,-0.000356169918785653,-0.000331956188987091,-0.000314194266293896,-0.000292054411803561,-0.000267394010826137,-0.000241399751603963,-0.000219204919408224,-0.000192332880386994,-0.000162572936001245,-0.000139743832886373,-0.000110504488282624,-7.95684692776695e-05,-5.60349733037101e-05,-2.53099821707879e-05,5.02684001326927e-06,3.00012654279401e-05,5.90037726945284e-05,8.93247885100739e-05,0.000114961081081147,0.000141056578472288,0.000168370281271375,0.000195375079937021,0.000220171938873684,0.000244190124075918,0.00026687340318011,0.000289245147990868,0.000310238112349823,0.000330674255662719,0.000349129475453794,0.000366096379423512,0.000380643346422415,0.000395518585554215,0.0004103718407519,0.000422143554791141,0.000429094417303097,0.000440029817451094,0.000449073531925359,0.000450012075741994,0.000455939105675379,0.00046182511924474,0.000455711927627601,0.000459596238728605,0.000459048050201649,0.000448405273183847,0.000449413049265821,0.000442917460309599,0.00042807294202039,0.000426564516311858,0.00041372116275916,0.000396964687951889,0.000390069009148057,0.00037501829919124,0.000354923045743037,0.000343386713003552,0.000326344434171472,0.000306102325774217,0.000287218246202756,0.000268108787109531,0.000248631662994467,0.000229791898527964,0.000202816406777802,0.00017813415724301,0.00016415632865155,0.000148766195265929,0.000114582716362919,7.7318338321539e-05,5.65220715318333e-05,5.79835381846466e-05,5.07452750524945e-05,1.34891477302104e-05,-4.37384822028503e-05,-9.8357529301469e-05,-0.000117390355288875,-0.000113746829357306,-8.94869160581149e-05,-5.83550481228832e-05,-5.84726887717294e-05,-7.70143501855289e-05,-9.96779660768837e-05,-0.000122400906166721,-0.000147782662731762,-0.000172745766690574,-0.000196471328662957,-0.000211878931926304,-0.000220697891248202,-0.000223257925481639,-0.000227738984821017,-0.000233195046746282,-0.000242827157428509,-0.000253408947647942,-0.000274801274149807,-0.000355912653037882,-0.000490521355291455,-0.000565325770770355,-0.000594312251029122,-0.000557781512321197,-0.000440995301541056,-0.000387055489877861,-0.000409297492238773,-0.000523652205779222,-0.000583633692349615,-0.000530703857395121,-0.000452402575604113,-0.000449810719525459,-0.000521570286455502,-0.000537901969072448,-0.00047148103436008,-0.000447621024251072,-0.000487315206864488,-0.000482845166314746,-0.000436840341374435,-0.000433305596351553
-0.00066577767633015,-0.000656869629202767,-0.000633613680537632,-0.00059092681152552,-0.000562398555032824,-0.000531882146942452,-0.000491884059511671,-0.000453445561794357,-0.000414870580014719,-0.000375201098737992,-0.00032950966107572,-0.00028654153939583,-0.000244722109389723,-0.000194499511234677,-0.000149499679953411,-0.000105252938131954,-5.29409283578514e-05,-7.45309640250463e-06,3.84961048823904e-05,8.96531140513211e-05,0.000136255459674438,0.000180836353342624,0.000229040410703639,0.000275505016307264,0.000319144349413607,0.00036129817389537,0.000403541035091042,0.000444279457317509,0.000483793747589955,0.000520836688851922,0.000556330144932616,0.000589184350602598,0.000620712787314544,0.00065024871500983,0.000678564685850067,0.000702774841315895,0.000723142902981358,0.000742613798122666,0.000762870221457907,0.000775029714605586,0.000784925866544925,0.000798753500487388,0.000803425017728339,0.000803927462120688,0.000812300564953487,0.000806529615482598,0.000801117768972244,0.000801847510402129,0.00078697426357922,0.0007757567995531,0.000769221385006219,0.000745706753343406,0.000730064835527453,0.000715029977718717,0.000686899308744911,0.000663913010799894,0.000643123658498664,0.000611039363918297,0.000581926556287552,0.000553687862819957,0.000521901102025088,0.000488340242607096,0.000453318950661544,0.0004160325149257,0.000385444331753347,0.000351306280847498,0.000305315758788321,0.000259808202092387,0.000232364912097343,0.000207447483001841,0.000165607169240175,0.000101191952344979,4.52575525621854e-05,1.94055936673149e-05,1.37305784130161e-05,5.80021712739483e-06,-3.73257109868012e-05,-0.000102614253729461,-0.000187908011729147,-0.00027943666329439,-0.000338834316514771,-0.000378819841455229,-0.000413651236416075,-0.00044727426049081,-0.00047694144805316,-0.000505688432313137,-0.000534193177924878,-0.000569451360038194,-0.000609712241072256,-0.000654464141111687,-0.000695464561987986,-0.000733543142880852,-0.000765378670548298,-0.000794135701545613,-0.000809910403217875,-0.000763470994553302,-0.000660833719430865,-0.000615319765112849,-0.000612799960526835,-0.000672980181534212,-0.000810646193666069,-0.000882446711618327,-0.000874777404131757,-0.000771444718124343,-0.000718964765266702,-0.000776074913840757,-0.000855090780859894,-0.000854650753344543,-0.000775922624308402,-0.000748795867468148,-0.000800761463348345,-0.000806325395911715,-0.00074433981719732,-0.000722637510332451,-0.000738735201391301,-0.000708521260734814
-0.00101144805400849,-0.000957810796361405,-0.00091312050341783,-0.000882642532523008,-0.000832927098194059,-0.000780324194325173,-0.000732659713843894,-0.000679105607821932,-0.000621670754021457,-0.000561613872289901,-0.000504255287182543,-0.000441181205056655,-0.000374290969576805,-0.000313611874734104,-0.000245869766885621,-0.000175945482125417,-0.000113102608001213,-4.28573882316802e-05,2.70694534337274e-05,9.14761544824982e-05,0.000159693456929447,0.000228857496657933,0.000292765026334817,0.00035645513461216,0.000420563542810957,0.000483405091128409,0.000542941808542269,0.000600516928448577,0.000655432577802127,0.000708603060699999,0.000758823305437367,0.00080690028147416,0.000851243262535824,0.000892288178093131,0.000929022302323451,0.000964140970113667,0.000997230140521552,0.00102518326030684,0.00104620015550702,0.00106908688608912,0.00108795853310126,0.0010965182357145,0.00110791069603495,0.00111714324257141,0.00111213381215821,0.00111505660147586,0.00111145323042727,0.00109560722359685,0.00108944412984271,0.00107379455755662,0.00104782424267361,0.00103340138810021,0.00100580807707748,0.000972545034710359,0.000947540813545582,0.000912816946673993,0.00087151040200495,0.000837414152797802,0.000796509776853711,0.00075114837887603,0.000706034885460795,0.00065967844450119,0.000612009931132775,0.000564158269146913,0.000507378597051208,0.000452200284932258,0.000407232489755695,0.000360452543612331,0.000294379747463911,0.000224826229446727,0.000171519428322401,0.000140487788525696,0.000100831848741216,3.10776777262303e-05,-5.87394929957598e-05,-0.00014600373934494,-0.000197444584058958,-0.000225918864603368,-0.00023336982857208,-0.000233352418338916,-0.000264181938119931,-0.000313000603097874,-0.00036536776481708,-0.000417230407015318,-0.000471115279691466,-0.000523884454457936,-0.000574716561681369,-0.000616448945828279,-0.00065070225655636,-0.000677798398675954,-0.000705840998373441,-0.000733753527388106,-0.000764733121700933,-0.000795405644996778,-0.000835558270866567,-0.000934337845825669,-0.00108578357191678,-0.00117619921725081,-0.00121946384173901,-0.00119565491490779,-0.0010894365363156,-0.00104431121830578,-0.00107382486593875,-0.00119426116008411,-0.00125877025875109,-0.00120813294071666,-0.0011298792296879,-0.00112552811181923,-0.00119403465229736,-0.00120517599834861,-0.00113113666624136,-0.00109760745280095,-0.00112598614549415,-0.00110818101125355,-0.00104655879777909,-0.00102553887531271
-0.00126564185930629,-0.00123479095475155,-0.00118765755051702,-0.0011190361409733,-0.00106283132682308,-0.00100295527519762,-0.000931861484917915,-0.000860782008515615,-0.000788149683691317,-0.00071310609310453,-0.000630803607293447,-0.000550124488166102,-0.000469708389751345,-0.000380031289354457,-0.000294904762940014,-0.00021007265300352,-0.000116760879863541,-3.00621225685023e-05,5.71199534766279e-05,0.000149445459920564,0.00023697447016161,0.000322027037915206,0.000410195591488401,0.000495902558702831,0.000577969676418739,0.000657526427075086,0.000736068254106522,0.0008118504508816,0.000885045472326269,0.000954292331071024,0.0010203596651746,0.00108210748835767,0.00114070799568351,0.00119545483627724,0.00124703012003264,0.00129247943636761,0.00133195474494504,0.00136840162771411,0.00140349467658792,0.00142825935545751,0.00144848300528708,0.0014704563656048,0.00148099312042391,0.00148504922430248,0.00149483695797486,0.00148819494169853,0.00147969040749158,0.0014752752858124,0.00145306122131812,0.00143244758708758,0.00141459458247092,0.00137772759936716,0.00134687547085184,0.00131491500485337,0.00126806050023431,0.00122471386803054,0.00118209149030715,0.00112664644899844,0.00107282461075191,0.00101864104356928,0.0009597095676426,0.000897935124491783,0.0008337112545178,0.000766309170107213,0.000704871035456465,0.000639246035323283,0.000561092812619153,0.000482806018400943,0.000422299441903705,0.000364161276251254,0.000288830842402067,0.00019052734094643,0.000100477909714584,4.06156643415519e-05,1.20238053457752e-06,-4.00267402244948e-05,-0.000116271379283784,-0.000214458358373073,-0.00033245123008905,-0.000456549011843253,-0.000548052135482028,-0.000619568840027831,-0.000685378296183213,-0.000749377253964734,-0.000808781647570536,-0.000866498028984153,-0.000923145683873714,-0.000985757650970915,-0.00105251601389577,-0.00112293476861391,-0.00118866379508969,-0.001250487556785,-0.00130506456693445,-0.00135562027714124,-0.00139221139712079,-0.00136512721047476,-0.00127980606901679,-0.00125005877109954,-0.00126170736108947,-0.00133463444317494,-0.00148426343705039,-0.00156655220328146,-0.00156751790705524,-0.00147020522774725,-0.00142164711165717,-0.00148136004325825,-0.00156153081887512,-0.00156012611160663,-0.00147772711442112,-0.00144485043035452,-0.00148959518387714,-0.00148586967277454,-0.00141196355602415,-0.0013763036032977,-0.00137670780639905,-0.00132857232723239
-0.00164914153270245,-0.00157278542128633,-0.00150323552680012,-0.00144612281671593,-0.0013677070251323,-0.00128447874042279,-0.00120450295000491,-0.00111695344877702,-0.00102394436965663,-0.000926884100758583,-0.000831228734948064,-0.00072869574857166,-0.000621265280863868,-0.000519231299983396,-0.000409397750681858,-0.000296734226132118,-0.000190834690407236,-7.72519807405523e-05,3.61366698647363e-05,0.000143878606328255,0.000255211239546129,0.000367104463942928,0.000473172949959073,0.000578299964145181,0.000682973376815467,0.000785405881909785,0.000883382232535868,0.000978051216635856,0.001068655032635,0.00115596316404123,0.00123867206467908,0.00131744214350154,0.00139062918054283,0.00145853508704172,0.00152007275061189,0.00157789572385805,0.00163150149723823,0.0016777567704741,0.00171472432005496,0.00175130927081801,0.0017815377210921,0.00179904923063589,0.00181705099769317,0.00183058773894798,0.00182742981458782,0.00182994068126843,0.00182366210309473,0.00180274929811057,0.00178941190625894,0.00176445965465944,0.00172691424575083,0.00169903732655968,0.00165599289804322,0.00160525982678191,0.00156114064362479,0.00150554914912963,0.00144163747786723,0.0013835043686042,0.00131711842476717,0.00124490904221197,0.00117168367985354,0.00109608504617036,0.00101813818456342,0.000939120138002377,0.000850262215728158,0.000762219930585199,0.00068385662805055,0.000603256547659822,0.000502766122863689,0.000398271788601891,0.000309735783605848,0.00024359212812065,0.0001689382378212,6.40113600793538e-05,-6.11950870069319e-05,-0.000184067737577375,-0.000270937104395252,-0.000334533620822378,-0.000376602914363854,-0.000410468224434523,-0.000474810270910852,-0.00055673158837139,-0.000641682216904164,-0.000725492035057283,-0.000810728718113877,-0.000894176297576787,-0.00097498833828085,-0.00104590573614194,-0.00110845591971184,-0.00116283851242667,-0.0012171385356043,-0.00127019251088684,-0.00132505917913085,-0.00137822013881685,-0.0014393234167701,-0.0015580063041365,-0.00172885494260837,-0.0018374343418193,-0.00189749937214831,-0.00188878231244813,-0.00179489107295587,-0.00176015574248386,-0.00179838596940907,-0.0019267022496664,-0.00199749872330333,-0.00195042682846877,-0.00187303748339922,-0.00186757772703364,-0.00193370814406564,-0.00194033851167755,-0.0018587657537595,-0.00181542084188451,-0.00183244000747368,-0.00180094972636215,-0.0017229396692481,-0.00168352840545278
-0.00195037944909961,-0.00189668776522698,-0.0018244948093455,-0.00172837557548502,-0.00164267664979435,-0.00155133034659265,-0.00144676201030552,-0.00134040291141341,-0.00123080274628875,-0.00111722338312189,-0.000994887606439282,-0.000872902018395146,-0.00075010553504714,-0.000616945900956291,-0.000487572088869637,-0.000357862475238486,-0.000219081053819239,-8.66604329071218e-05,4.6379968160142e-05,0.000184592945937209,0.000317801276656307,0.000448092437471428,0.000581022368800613,0.0007107950030333,0.000836038297219163,0.000957725193721031,0.00107724447868327,0.00119265248223195,0.00130402126393209,0.00140984280457659,0.00151076918212012,0.00160551096968284,0.00169519158585654,0.00177895107045651,0.00185741321642755,0.00192755438926944,0.0019894255623814,0.00204592967945905,0.00209873232720291,0.00213874901016469,0.00217171615927302,0.00220406693330307,0.00222244211720214,0.00223179781585392,0.00224454699625746,0.00223835052613934,0.0022277976723622,0.00221912723871062,0.00219017805007475,0.00216054062635463,0.00213161089222062,0.00208132042476046,0.00203500685711792,0.00198571926002774,0.00191947726571231,0.00185493342366243,0.00178949648325783,0.00170951011445055,0.00162958653276902,0.00154794037801573,0.00146020076850977,0.00136838375791327,0.00127302230569903,0.00117341271290105,0.00107892862579838,0.000979549191385696,0.000866784130035992,0.000753148573037772,0.000656957120668371,0.00056294864612329,0.000451443382310809,0.000316379027076405,0.000189112838653272,9.21479789909482e-05,1.59830344364539e-05,-6.14905338623933e-05,-0.000173846336450897,-0.000307988663368569,-0.000461863819488121,-0.000621937908074411,-0.000748963910199578,-0.000855428024438328,-0.000955665013518701,-0.00105356332440309,-0.00114620134137326,-0.00123642810416167,-0.00132479751911336,-0.0014183374950627,-0.00151519572588108,-0.00161491006863823,-0.00170902394025918,-0.00179833946136671,-0.00187946534267779,-0.00195565289982139,-0.00201704701415436,-0.00201314326416573,-0.00194852829803145,-0.00193774250971121,-0.00196660978632214,-0.00205523846096535,-0.00222022148896051,-0.00231631180804648,-0.00232905559962883,-0.00224031165394602,-0.00219784877103656,-0.00226240344326682,-0.00234612350401169,-0.00234581997641642,-0.00226123314069403,-0.00222377282163717,-0.00226258295314833,-0.002250599524161,-0.00216522207957353,-0.00211575040627553,-0.0021005881530722,-0.0020342192542848
-0.00238435662826064,-0.00228534982118869,-0.00219067852146747,-0.00210632431305088,-0.00199822541700256,-0.00188303571162024,-0.0017690881256064,-0.00164551992695657,-0.00151462796499258,-0.00137787046291949,-0.00124097305904569,-0.00109572190793391,-0.000944220464226129,-0.00079706806736365,-0.0006411157610496,-0.000481479798209915,-0.000328125178811459,-0.000166577926136674,-4.97039745972296e-06,0.000150997366891589,0.000310435861691028,0.000470182049032468,0.000623561066821167,0.000775324746663172,0.000925799247907099,0.0010730364853171,0.00121463152951616,0.00135161561286938,0.00148301988983069,0.0016095126966197,0.00172967020249306,0.00184400932937099,0.0019507388619797,0.0020501153207658,0.00214088409181476,0.00222565220858041,0.00230388757339795,0.00237236928026193,0.0024290027914795,0.00248278815347379,0.00252772046632352,0.00255724920570453,0.00258470141865578,0.00260523917050094,0.00260631055629708,0.00261059081426008,0.00260363152624999,0.00257933689268068,0.00256034359183026,0.00252735704840132,0.00247925495301185,0.00243876174857929,0.00238089104273388,0.00231308375089842,0.00225004347094423,0.0021735764498254,0.00208684228145699,0.00200429978344221,0.00191185750224711,0.00181200237766237,0.00170976478748169,0.00160387998420567,0.0014944208903957,0.00138290038986599,0.00126045481003772,0.00113783808899187,0.00102432473854999,0.000908080593679358,0.000771184523378132,0.000629486663721805,0.000503427405975548,0.000399882656982928,0.000287961816689225,0.000145433647994433,-1.78188585739351e-05,-0.000179266073625374,-0.000304567811818728,-0.000406383523602278,-0.00048624443068013,-0.000557060091574943,-0.000658083988259606,-0.00077648612030412,-0.000897450598988334,-0.00101674681048639,-0.00113695286224231,-0.00125486165547308,-0.00136958637875822,-0.00147370115416126,-0.0015686395590915,-0.0016544714969731,-0.00173921959974802,-0.00182165680829705,-0.00190473428439899,-0.0019846465405827,-0.00207079598669738,-0.00221358404032685,-0.00240849422444616,-0.00253994371509117,-0.00262161030586215,-0.00263269339002552,-0.00255530997242054,-0.00253486165653098,-0.00258565457547586,-0.00272606726886635,-0.00280737067814369,-0.00276758935926798,-0.00269421824385794,-0.00269072456320231,-0.00275765817703347,-0.00276272439095265,-0.00267594389936321,-0.00262478099961029,-0.00263239195295397,-0.00258884168139377,-0.00249547396483278,-0.00243846925247719
-0.00272717802280507,-0.00265234072593563,-0.00255645548446634,-0.00243372132055443,-0.00231907568262248,-0.00219648635219581,-0.00205821319962143,-0.00191600099125326,-0.00176848559520576,-0.00161509669383067,-0.00145108167010378,-0.00128580066781907,-0.00111832755892068,-0.000939093208185233,-0.000762546703460278,-0.000584835896455264,-0.00039717164622739,-0.000215369220983198,-3.26623763136545e-05,0.000155492500330572,0.000338588624851833,0.000518506763702084,0.000700668325148106,0.000879079819432958,0.00105218593481599,0.00122073645088705,0.00138599388592881,0.00154584471050138,0.00170019255488921,0.00184735366409916,0.00198790007093656,0.00212033495477287,0.00224571810671374,0.00236302955483179,0.00247286712389953,0.00257204734777662,0.00266051818342393,0.00274113488357839,0.00281562871356358,0.00287468423974232,0.00292404397649687,0.00297024257625103,0.00299979355756124,0.00301751514514186,0.00303623014506551,0.00303322150485713,0.0030231932211174,0.00301269562422447,0.00297923748430124,0.00294258431594444,0.00290447229705766,0.00284243501176686,0.00278215774987103,0.00271693342172141,0.00263244825062903,0.00254771189409009,0.00246037865170977,0.00235652899230411,0.00225108056935538,0.0021424241638276,0.00202618932235699,0.00190453045805056,0.00177807251956876,0.0016461601144168,0.00151850418147549,0.0013851293514405,0.00123733984841615,0.00108778371155105,0.000955298335080524,0.000824829313370505,0.000676438198219809,0.000503649641220017,0.000337998440705283,0.000202724726548686,8.85715018448412e-05,-2.62792142798975e-05,-0.000176033483534381,-0.000347532683241231,-0.000538888737868757,-0.000736878946860384,-0.000901512714550117,-0.00104509484000055,-0.00118211828225954,-0.00131643201465457,-0.00144498748035947,-0.00157060342474644,-0.00169372466813602,-0.00182138086727442,-0.00195174687138102,-0.00208436723829855,-0.0022107090085879,-0.00233156270447766,-0.00244353006262612,-0.00254995800064385,-0.0026410148586073,-0.00266522633758005,-0.00262598667229354,-0.00263881530122191,-0.00268957150828401,-0.00279861253478729,-0.00298417416035945,-0.00309951361645223,-0.00312934648654611,-0.00305401852019051,-0.00302223409500773,-0.00309640124683344,-0.00318860487472644,-0.00319420211974967,-0.00311158720071637,-0.00307348469053305,-0.00311039430250811,-0.00309398778658987,-0.00300034589262764,-0.00294002774027856,-0.0029121207078728,-0.0028299443638024
-0.00317516908856206,-0.00305675325600008,-0.00293986860792431,-0.00283102285086281,-0.00269564813739631,-0.00255053532288488,-0.00240434412649236,-0.00224621448870839,-0.00207851081440876,-0.00190284731736555,-0.00172523088593857,-0.00153744449332577,-0.00134173291554604,-0.00114908014070276,-0.000946346400313688,-0.000738788035416328,-0.000536797233364985,-0.000325897953449484,-0.000114402802328512,9.15954800289418e-05,0.000301140218397379,0.000510926558797809,0.000713950435512159,0.000914791907688694,0.00111366056846082,0.00130838233636112,0.00149636762234771,0.00167846316726076,0.00185355724575436,0.0020221675675735,0.00218266897948198,0.00233552571126553,0.0024787993662243,0.00261256695030737,0.00273547648893573,0.0028500840381397,0.00295581706203114,0.0030493162180153,0.00312835963873184,0.00320201075568127,0.00326428390198036,0.00330835236891186,0.00334773568350398,0.00337768890596631,0.00338527603739709,0.00339358769897887,0.00338815330711257,0.00336255021174809,0.0033399394911849,0.00330093327929185,0.00324408914758025,0.0031928504698427,0.00312194880274343,0.00303872726485377,0.00295844629426582,0.00286277304361452,0.00275476539086522,0.00264937182958139,0.00253245474971693,0.00240645705857993,0.00227671264781505,0.0021420084997509,0.00200254353783422,0.00186001849071835,0.00170543426065405,0.00154969456137925,0.0014025023941053,0.00125216478754636,0.001080336773571,0.000902847035742882,0.000740576338660812,0.000601078554729768,0.000453452517119838,0.00027478980546047,7.48023359104286e-05,-0.000124148138072987,-0.000286909289075768,-0.000426050831883723,-0.000542845481447738,-0.000649741187269155,-0.000786730378509555,-0.00094104992765414,-0.00109769650917878,-0.00125230528762987,-0.00140757168964707,-0.00156025013287658,-0.00170948748153543,-0.00184768241612826,-0.00197615858736117,-0.0020948514973723,-0.00221175304665959,-0.00232556942138913,-0.00243904038114003,-0.00254810125534424,-0.00266182626861994,-0.00283160367642617,-0.00305409102269832,-0.00321237892539339,-0.00331988355329444,-0.00335525720242938,-0.00329857959051339,-0.00329663713650422,-0.00336443617529393,-0.0035218592415542,-0.00361893674010595,-0.0035914719669877,-0.00352686297198241,-0.00353001421943468,-0.00360286342211182,-0.00361143523301532,-0.00352405749058294,-0.00346947355206246,-0.00347223803691562,-0.00342097391129348,-0.00331617669251248,-0.00324535976470705
-0.00348155445646971,-0.0033893493256179,-0.00327345507678419,-0.00312764332012204,-0.00298750477392507,-0.00283701755810378,-0.00266830290119119,-0.00249334752903685,-0.00231087582344778,-0.00212055002531975,-0.00191759170814318,-0.00171160369673568,-0.0015019320588547,-0.00127893158105213,-0.00105741330612098,-0.000833813855065391,-0.000599206270353126,-0.000369896410519084,-0.000139285756061583,9.71472333786971e-05,0.000328548810517324,0.000556549547799135,0.000786507050166597,0.00101222777972946,0.00123185415525361,0.00144600495448913,0.00165577987577098,0.00185886452806997,0.0020550579311495,0.00224247835360352,0.00242153706821929,0.00259061728098709,0.00275061571091129,0.0029004844348237,0.00304070240590767,0.00316794731991246,0.00328206304171304,0.00338587779572779,0.00348117310640229,0.00355839819424222,0.00362326534326599,0.00368256027084287,0.00372255686501382,0.00374796104670533,0.00377202157378999,0.00377167968185293,0.00376165943779888,0.00374900218208885,0.00371071405375015,0.00366679073945033,0.00361948596979523,0.00354570313399664,0.00347163158691454,0.00339082815608666,0.0032885688404584,0.00318425943718944,0.00307586143640844,0.00294915049029053,0.00281934626992889,0.00268506727063475,0.00254192853870506,0.00239220945587564,0.00223672132161074,0.00207471900409733,0.00191635098865108,0.00175173666001322,0.00157189006765953,0.00138946450554914,0.00122407155805259,0.00106080746635672,0.000879448709303437,0.00067292555618841,0.000472914489977891,0.00030352459014901,0.00015587775717076,8.41854310260149e-06,-0.000173829697118371,-0.000377717583876018,-0.000601586677919955,-0.000832685877073564,-0.00103011723610853,-0.00120603203674571,-0.00137510689343373,-0.00154125624368695,-0.00170129746328056,-0.001858036206797,-0.00201180453814207,-0.0021697354725094,-0.00233005605547345,-0.00249235060892877,-0.0026480233558464,-0.0027978911881975,-0.00293863077388551,-0.00307369604760219,-0.00319342887095747,-0.00324510970779144,-0.00323062292424091,-0.00326675218781412,-0.00333931547231843,-0.00346911284474396,-0.0036764470595709,-0.00381271854779923,-0.00386171466504557,-0.00380173657318312,-0.00378259341573127,-0.00386895751046293,-0.00397276367948056,-0.00398758888903843,-0.00391008457764962,-0.00387452572491892,-0.00391323853875105,-0.0038962828503686,-0.00379801878077681,-0.00373049922632863,-0.00369378750458327,-0.00359964769022098
-0.00382465458125402,-0.00368784292379801,-0.00355001363765463,-0.003418334012047,-0.00325757997540918,-0.0030846690789039,-0.00290871254707019,-0.00271871207714345,-0.0025171656401177,-0.00230577487166165,-0.00209084277199356,-0.00186423651809358,-0.00162819990613438,-0.00139421928024488,-0.00114913775641041,-0.000898230118354386,-0.000652494913066481,-0.000397335234110477,-0.000141264489805284,0.000109221992605049,0.000363104099210793,0.000616982652130908,0.000863478790974206,0.00110703555034943,0.00134770202645035,0.00158317389164194,0.00181063132051318,0.00203076943810462,0.00224231426044237,0.00244567667022493,0.00263905384054824,0.00282283753638431,0.0029949228641223,0.00315535393647303,0.00330260964583715,0.00343921124452339,0.00356456671029904,0.00367525672968022,0.00376886369689525,0.0038546073181118,0.00392653036460415,0.00397754510763725,0.00402137823636806,0.00405344185563611,0.00406037201254961,0.00406573644328953,0.00405511533049962,0.00402165888454602,0.00398918970543963,0.00393822520893766,0.00386699947065407,0.0037997547649208,0.00371090704476788,0.00360771703945177,0.00350611836544049,0.00338758374229448,0.00325504796111926,0.00312407725936072,0.00298044346116658,0.00282659156915037,0.00266815287362331,0.00250397187739594,0.0023344330937099,0.00216143603554934,0.00197582744820037,0.00178860463797982,0.00161004479201751,0.00142860659012636,0.00122537606663296,0.0010161471848391,0.000822294721754687,0.000652182840105754,0.000474902907732104,0.000266701530466743,3.70299735684477e-05,-0.000192082687012439,-0.000384464835621606,-0.000552681387927575,-0.000697692340202196,-0.00083135637136877,-0.000994680875798581,-0.00117508706442117,-0.00135729258387698,-0.00153693635653228,-0.00171684495502724,-0.00189383267842435,-0.00206711272804427,-0.00222896986022559,-0.00238066687265676,-0.00252198156149724,-0.00266102499865605,-0.00279634632555149,-0.002930632864426,-0.00305944735219039,-0.00319150266331123,-0.0033794591092171,-0.00362152922105285,-0.00379917449301208,-0.00392570370975889,-0.00397905928343882,-0.0039367456728464,-0.00394732839306975,-0.00402660274281486,-0.00419647757221719,-0.00430550381564958,-0.00428675353113583,-0.00422743998623408,-0.00423425112383096,-0.00431083457991346,-0.00432129409114272,-0.00423173162750686,-0.00417246456588874,-0.00416981774632949,-0.00411068522324795,-0.00399439645876548,-0.00391008364487135
-0.00395779039400877,-0.00384078932087689,-0.00369830673650444,-0.00352350368544718,-0.0033527850891024,-0.00317020625602925,-0.00296753850837829,-0.00275718187161163,-0.00253798597242348,-0.00230975231718716,-0.00206771529408801,-0.00182175125653118,-0.00157150950397356,-0.00130718544846679,-0.00104399743919559,-0.000778715231474464,-0.000502196447575663,-0.000231273576996752,4.04856475503295e-05,0.000317631073151579,0.00058896143421414,0.000855817943937101,0.00112359420583873,0.00138583932537636,0.00164051265729132,0.00188803677641024,0.00212941653914351,0.00236219546439265,0.00258603074159848,0.00279887722316377,0.00300112490910463,0.00319097318203056,0.00336932180396958,0.00353495975862933,0.00368841475048151,0.00382626814807638,0.00394829438867084,0.00405727752927609,0.00415521721535801,0.00423233682552123,0.00429432112666459,0.00434829299501076,0.00438034425955583,0.00439506423724051,0.00440633524144119,0.00439065371303161,0.00436284231448132,0.00433057205934706,0.00427034734415718,0.00420242716101301,0.00412967891087347,0.00402837465836449,0.00392524924032877,0.00381426623919185,0.00368024000670685,0.00354304610220216,0.00340108172831793,0.00323973264501768,0.00307462767166517,0.00290470141887617,0.00272551210189791,0.00253955647970885,0.00234779924151618,0.00214952344527596,0.00195530005739348,0.00175544127486659,0.00154056790678184,0.0013233820805163,0.00112433415253211,0.000928822164003366,0.000716241148267213,0.00047877746735665,0.000248202745223138,4.9713410677063e-05,-0.000125202647537441,-0.000297677846739812,-0.000503699761494121,-0.00073015903987177,-0.000975672344755739,-0.00122825751373503,-0.00144585411180787,-0.00164053471021756,-0.00182725788558882,-0.00201000520309643,-0.0021856048055543,-0.0023568432884852,-0.00252401551436705,-0.00269446412535072,-0.00286650152353192,-0.00303987877638356,-0.00320606508266819,-0.00336592982818226,-0.00351631052215479,-0.00366096098513901,-0.00379046154582025,-0.00385086996940382,-0.00384208519076586,-0.00388250878760373,-0.00395803455039852,-0.00408995149568723,-0.00430125055204343,-0.00444128864218337,-0.00449275477621557,-0.00443146501036527,-0.00440855936393965,-0.00449146782472392,-0.00459219855604484,-0.00460219263190956,-0.00451594105601535,-0.0044696087165404,-0.00449778946225912,-0.00446872741874416,-0.00435467468852376,-0.0042694876763692,-0.00421441569826948,-0.00409945410101631
-0.00409866431325312,-0.00391910351130362,-0.0037371334061077,-0.00356075311573685,-0.0033540413260512,-0.00313408279418175,-0.00291053404722418,-0.00267230230760909,-0.00242210576472974,-0.00216171954399829,-0.00189786595753669,-0.00162246196932419,-0.00133778886804673,-0.00105589649976017,-0.000763609789590284,-0.000466285264448565,-0.000175519757719147,0.000123410801957984,0.000421804073291631,0.000712684533376738,0.00100504671429713,0.00129541177392642,0.00157600463820631,0.00185115318692537,0.00212083756004609,0.00238261727263655,0.00263346049024858,0.00287400555092447,0.00310282541097079,0.00332027803950765,0.00352449694061955,0.00371582175660924,0.00389209756770674,0.00405332778261428,0.00419793961878283,0.00432850199834423,0.00444451662567666,0.00454256299658215,0.00462007781823013,0.00468660183637467,0.00473630552695137,0.00476178712440579,0.00477717443540795,0.00477822907870448,0.00475105029540574,0.00471992077654981,0.00467056953072422,0.00459570569512719,0.00452003079512196,0.00442401900234325,0.00430558063339082,0.00418999711906652,0.00405141874399204,0.00389698623241663,0.00374355655802032,0.00357243691876047,0.00338647159821734,0.00320202982954762,0.00300482764057194,0.00279735333066575,0.00258565381130919,0.00236875298918063,0.00214718448591254,0.00192322455450164,0.00168755770608126,0.00145130625117896,0.00122551507674799,0.000998869769524243,0.000751816293239878,0.000500038426577691,0.000265592030625148,5.78220906496427e-05,-0.000154048589652917,-0.000394858458856566,-0.000655427821005282,-0.000914133236724543,-0.00113370305837802,-0.00132656861153527,-0.00149343571552804,-0.00164538613165738,-0.00182462528601444,-0.00201886165198031,-0.00221256693571835,-0.00240137051120138,-0.00258833521713266,-0.00277043781028517,-0.00294704196147921,-0.0031103652257273,-0.00326163048965799,-0.00340060298446739,-0.00353552217649385,-0.00366501151157528,-0.00379165575923133,-0.00391072000585984,-0.00403056160843019,-0.00420534372626105,-0.00443540579207083,-0.0046004478423171,-0.00471374973850314,-0.00475258703428389,-0.00469144207730402,-0.00468095686372184,-0.00473799318659224,-0.00488712182134759,-0.00497530973023334,-0.00493248349638546,-0.00484555032406917,-0.00482346125793379,-0.00487209211898105,-0.00485343588675951,-0.00473091501300533,-0.00463676569258505,-0.00459960461770337,-0.00450437102413115,-0.0043489980206095,-0.00422466611594602
-0.00409814833489838,-0.00390505929723707,-0.00368598989171075,-0.00343346496211362,-0.00318502561273591,-0.00292490738545799,-0.00264470175985541,-0.00235730296557833,-0.00206182959493091,-0.00175840930420008,-0.00144229292257577,-0.00112381927313012,-0.000803057170027282,-0.000470093956144512,-0.000140638359583038,0.000188089921674374,0.00052542630289989,0.000853958773449906,0.00117981235835836,0.00150763899681028,0.00182581521360398,0.0021353390812317,0.00244169952800957,0.00273817775046252,0.00302252832246923,0.0032950089386622,0.00355660394005232,0.00380465832103311,0.00403886429327983,0.00425706179446258,0.00445958042914543,0.00464461475367093,0.00481306287715495,0.00496376023751383,0.00509733666546381,0.00521037407153203,0.00530266111580728,0.0053771303523066,0.00543606973997999,0.00546963545761852,0.00548355873435006,0.00548555548046721,0.00546160864548575,0.00541624085519371,0.00536429079181419,0.00528182788594438,0.0051839172770407,0.00507916200887928,0.00494349275580589,0.00479767589985006,0.0046454525236492,0.00446239385539854,0.00427603987971008,0.00408099553435003,0.00386159692353926,0.00363835616187488,0.00341037413108055,0.00316264528398566,0.00291139492534465,0.00265598910797754,0.00239212496192124,0.00212258398687287,0.00184863987273923,0.00156966805231417,0.00129689929254826,0.00102093012075437,0.000732051387943734,0.000443050278211041,0.000175457482566195,-8.47846400089334e-05,-0.00035867246217673,-0.000654827766400605,-0.000941327712951217,-0.00119168640379967,-0.00141382140014875,-0.00162826955486496,-0.00187212675509881,-0.00213226232606396,-0.00240762303169978,-0.00268703369260702,-0.00292718895320961,-0.00313992242860812,-0.00334049261289929,-0.00353303932169184,-0.00371432288033926,-0.00388724037255791,-0.00405201554939259,-0.00421618842112189,-0.00437825326818845,-0.00453828045700134,-0.00468773308265124,-0.00482784058521506,-0.00495563089211425,-0.00507527250299915,-0.00517789673401853,-0.00520809665857014,-0.00516372691458674,-0.00516500038364155,-0.00519802866271438,-0.00528479259762125,-0.00545173095524212,-0.00554603695661409,-0.00554927768515168,-0.00543447801711859,-0.00535431195336851,-0.00537964384601683,-0.00542290199759381,-0.00537323528565267,-0.005222679005698,-0.005109662337712,-0.00507176769093693,-0.00497536534287483,-0.00479022093176709,-0.00463242624016673,-0.00450500295695322,-0.00431594565591939
-0.00434373243707847,-0.00403414315454555,-0.00372119837784114,-0.003414229213164,-0.00307674969061753,-0.00272627168164496,-0.00237337291494136,-0.002007053898612,-0.00163047910071135,-0.00124580397598062,-0.000860394516082304,-0.000466458861561359,-6.64881567678828e-05,0.000326617275190067,0.000725860493264658,0.00112574977942597,0.00151377694323846,0.00190465289015793,0.00228943469426632,0.00266046787213665,0.00302662381682741,0.00338432348392443,0.00372525607451924,0.00405359778606562,0.00436922447995194,0.00466949988829632,0.00495119926864961,0.00521488286256769,0.00545898738205714,0.00568388889505526,0.00588764628929783,0.00607062781294792,0.00623071269672303,0.00636796851994421,0.00648084157253289,0.00657210443396638,0.00664146576012294,0.00668563668404434,0.00670203690764404,0.00670067565853334,0.00667607161126818,0.00662064757945525,0.00654910541433635,0.00645777454319364,0.00633236812259798,0.00619807887983522,0.00604106707583961,0.0058536183585037,0.0056616803237986,0.00544592335975923,0.00520389512911512,0.00496237532814567,0.00469538508769551,0.00441006173427049,0.0041245200704109,0.00382006001901118,0.00349955099783727,0.0031804797843173,0.00284868386817593,0.00250683909100629,0.00216167950731554,0.00181254901979602,0.00146035582118405,0.00110799764558999,0.000746119491139663,0.000386113937242313,4.00637834336119e-05,-0.00030282143218312,-0.000662683945515968,-0.00102385840154599,-0.0013634175678849,-0.00167058309331293,-0.00197581915087071,-0.00230499428427505,-0.00264917227928308,-0.0029870440513174,-0.00327994133725553,-0.00354005483788963,-0.00376758771877212,-0.00397246194633626,-0.00419819801553173,-0.00443279204122696,-0.00466020283185585,-0.00487588963084584,-0.0050832961050119,-0.00527942044677135,-0.00546377513229685,-0.00562835502149253,-0.00577430935575396,-0.00590138708115051,-0.00601798239546084,-0.0061228910371317,-0.00621859534480696,-0.00630001681935638,-0.00637488109124376,-0.00649934034020308,-0.00667636707263467,-0.00678373142022952,-0.00683491484883762,-0.00680657384174138,-0.00666978487051243,-0.00657757871807502,-0.00654814444557231,-0.00660954387464985,-0.00660724240895339,-0.00646765290611707,-0.00627750069047208,-0.00614842891525367,-0.0060892980233218,-0.0059600150966392,-0.00572108500493688,-0.0055070419390409,-0.00534953119841666,-0.00513161822411414,-0.00484978342367433,-0.0045977899665869
-0.00492028018319766,-0.00452437112406262,-0.00410066432863017,-0.00364130312477937,-0.00318551981620999,-0.00271823051859501,-0.00223112636041951,-0.00173812447516127,-0.00123900288005698,-0.000734646132237882,-0.000220747746055103,0.000291519081242379,0.000801230617185064,0.00131807525828321,0.00182547777414553,0.00232534190824804,0.00282698307598097,0.00331203022424606,0.00378599406346088,0.00425335471567527,0.00470185813408256,0.005131864083731,0.00554876686897543,0.00594539232320019,0.00631911830384184,0.0066698664985453,0.00699848989946741,0.00730208778277973,0.00758024533106368,0.00783062388454671,0.00805355834727073,0.00824710513158665,0.00841228339762777,0.00854792500449721,0.0086548836951832,0.00872979087225616,0.00877257226108068,0.00878633707206286,0.00877395915987489,0.00872552302201259,0.00864703366629279,0.00854697449304587,0.00841140485741179,0.00824495157366941,0.00806371108542571,0.00784351352340406,0.00759980382286614,0.00734250853604406,0.00704715781082383,0.00673517552475106,0.00641165049440677,0.00605154988009973,0.00568349607363546,0.00530311023337068,0.00489433996241026,0.00447870016544147,0.00405631736100884,0.00361193880872832,0.00316264163199036,0.00270862571128666,0.00224589979168884,0.00177779146754677,0.00130620822525165,0.000830783241451034,0.000363750600876478,-0.000103662622895488,-0.000581364459599797,-0.00105629934383269,-0.0015054130453821,-0.00194192700771702,-0.00238688664600741,-0.00284963030218147,-0.00329799139918041,-0.00370371674020664,-0.00407372801189807,-0.00442749723545808,-0.00480319692882479,-0.00518732580661249,-0.00557893975996405,-0.00596766296095615,-0.0063083856921434,-0.00661253441212465,-0.00689524453859517,-0.00716062879842718,-0.00740522856675811,-0.00763182684331257,-0.00784029480176668,-0.00803813612279903,-0.00822381283160871,-0.00839747467324364,-0.00855070860509648,-0.00868486470796656,-0.00879719768540306,-0.00889212034347936,-0.00896120162569126,-0.00894782797107786,-0.00884716463172873,-0.00878131208954691,-0.00873684882331623,-0.00873628749652441,-0.00881039387053559,-0.00880409003671323,-0.008697863067367,-0.00846167961876628,-0.00824978514506667,-0.00813725932599478,-0.00803743468416051,-0.00783731093685667,-0.00752611339784115,-0.00724503287642972,-0.00703551705646576,-0.00676221568114662,-0.00639232746086757,-0.00604473857070294,-0.00572498143488413,-0.00533921333674808
-0.00647935243347433,-0.00588121335518298,-0.00527371794752475,-0.00466832002088429,-0.00402837243501743,-0.00337247108393729,-0.00271268199033512,-0.00203881029162419,-0.00135498541885435,-0.000664403615183646,2.42986096333218e-05,0.000717998293113304,0.00141344692782488,0.00209623801518191,0.00277868842713017,0.00345455087899938,0.00410981476764937,0.00475873157855955,0.00539154891366106,0.00599941242404417,0.00659067447870928,0.00716112592577386,0.00770161205344806,0.00821566115509209,0.00870267452169997,0.00915954926143446,0.00958254233041409,0.00997178177393846,0.0103254277741423,0.0106435909425146,0.0109240974425235,0.0111671870947048,0.0113706705672921,0.0115345432971181,0.0116572499447197,0.011741672316733,0.0117878082491795,0.0117925007922312,0.0117531724787595,0.0116804211129278,0.0115692405025791,0.011411906315525,0.0112239101971316,0.011002397172723,0.0107327189448162,0.0104413182872081,0.0101150072833373,0.00974578974012781,0.0093611832174755,0.00894233775558791,0.00848664750707538,0.0080226854311692,0.00752473860575814,0.00700000127155916,0.0064683492149122,0.00591136052635246,0.00533210968794243,0.00474958342211274,0.00415009685668179,0.00353670822568248,0.00291720831965215,0.00229159632508253,0.00166147865363873,0.00103067870071159,0.000390076015141723,-0.000248406885065799,-0.000871173261631019,-0.00148810079371706,-0.00211973913298258,-0.00275018141200801,-0.00335529080405017,-0.00392232448457361,-0.0044808252449062,-0.00505759405622254,-0.0056435458549552,-0.00621759299453811,-0.00673904341280849,-0.00721934938492458,-0.00765791892779741,-0.00806271672614739,-0.00847833267328637,-0.00889275282340771,-0.00928882541981253,-0.00966140928404029,-0.0100138337157427,-0.0103428963610309,-0.0106476834659703,-0.0109195184947429,-0.0111590305163156,-0.0113654356576612,-0.0115470410899309,-0.0117024569892547,-0.0118338380526855,-0.0119350483986075,-0.0120127288415228,-0.0121250277073441,-0.0122778621867062,-0.0123464901474231,-0.0123447048567435,-0.0122483059330762,-0.012024319550379,-0.0118282174801953,-0.0116796250472223,-0.0116108157606673,-0.0114657590827604,-0.0111669082848068,-0.0108007444959719,-0.0104821959054337,-0.0102238252107232,-0.00988366005129503,-0.00941893632183607,-0.00896702229533217,-0.00856344235091825,-0.00808976029878387,-0.00754101159753301,-0.00701433323082853
-0.00932920803658952,-0.00856402690052723,-0.00775898776743252,-0.00690633666024191,-0.00604773826996605,-0.00516962748843334,-0.00426442094060744,-0.00334789842993817,-0.00242122564524774,-0.00148694883140165,-0.000541906725696269,0.000401073252730141,0.00133928453498748,0.00228143242561616,0.00320931256516297,0.00412299485360715,0.0050311550354934,0.00591352080448891,0.00677426012352491,0.00761696418842422,0.00842798903978955,0.00920627707688322,0.00995646550715928,0.0106702975183321,0.0113441368991015,0.0119769307195538,0.0125688753083095,0.0131162408868115,0.0136180395816787,0.014071264678674,0.0144758594055728,0.0148293273479255,0.0151325075776789,0.0153838547654013,0.0155842118195913,0.015730036295829,0.0158211697864565,0.0158607772029448,0.0158521927115784,0.0157853823167509,0.015666522000836,0.015504930931853,0.0152867989281767,0.01501676370992,0.0147124878950654,0.0143495198244529,0.0139438397576281,0.0135069624463424,0.0130141865955475,0.0124876698712725,0.011934359008452,0.0113285784094004,0.0107003981088978,0.0100468246370842,0.00935157919368586,0.00863744703177193,0.00790600456075964,0.00714197596961818,0.00636355631584643,0.00557215621340148,0.00476433638894875,0.00394436252105599,0.00311508134029186,0.00227663824406576,0.00144264462410721,0.000605345611634622,-0.000245150397876941,-0.00109526589616442,-0.00191993265789162,-0.00273099686601524,-0.00354924935650511,-0.00438464578906508,-0.00520448145964177,-0.00597806201865085,-0.00671088746294032,-0.00742068010776427,-0.00814625757849559,-0.00887339739266872,-0.00960062014093058,-0.0103181342648119,-0.0109783519292523,-0.011591411394778,-0.01217193971084,-0.0127232582861959,-0.0132409642153338,-0.0137269789767953,-0.0141801373061539,-0.0146072517942074,-0.0150059931290263,-0.0153759426501991,-0.0157078552162044,-0.0160026010372391,-0.0162570946252973,-0.0164752828637224,-0.0166487030334315,-0.016718819956467,-0.0166771829560113,-0.0166471683302433,-0.0166154395564645,-0.0166043665363671,-0.0166494586504209,-0.0165928638214751,-0.0164135690854363,-0.0160779412604277,-0.0157413591106407,-0.0154834511992118,-0.0152188379241286,-0.0148323250125775,-0.0143098077524432,-0.0137954304554641,-0.0133353203014454,-0.0127926952327335,-0.0121317884482793,-0.0114750050533539,-0.0108311661631097,-0.0101048948837254
-0.0142099806437154,-0.0131917882165569,-0.0121409591086401,-0.0110719638876388,-0.00994857365506771,-0.00879103037462372,-0.00761398805404458,-0.0064086761178393,-0.00518115490073321,-0.00393649530524418,-0.00268559373611367,-0.00142349463542125,-0.000155058378250656,0.00110265816182854,0.00236028171307824,0.00360985071148264,0.00483478495910721,0.00604779538023588,0.00723743902587336,0.00839245966796566,0.00951973971408352,0.0106135041171162,0.0116626140419406,0.0126690589460831,0.0136308674321109,0.0145434943365376,0.0154018343236853,0.0162047678943924,0.0169493096005468,0.0176344883002733,0.0182572046533081,0.018816896836391,0.0193105827576186,0.0197376408067709,0.0200958941451118,0.0203878156246164,0.0206132284920884,0.0207687063247293,0.020851249379256,0.0208717023698189,0.0208253754904181,0.0207040934037688,0.0205239115966454,0.0202827318603928,0.0199653435474784,0.019599339248323,0.0191724263532286,0.018675991192394,0.0181393799389221,0.017544366191042,0.0168880168583141,0.0162011198210464,0.0154582972852343,0.0146668168453208,0.0138487244022082,0.0129859982194565,0.0120820543582595,0.0111577227399384,0.0102000345434331,0.0092125591199574,0.00820446577470244,0.0071766295649784,0.00613156273984999,0.00507434190646333,0.00399630733274875,0.00291004790728728,0.00183103164074546,0.000750663815740059,-0.000351716083963512,-0.00146000491423461,-0.00254843932402506,-0.0036020179529691,-0.00464875840142681,-0.0057160652809202,-0.00679448382237332,-0.00786311434598873,-0.00887840031730978,-0.00985078672810408,-0.0107780929664994,-0.0116657012311475,-0.0125586721668781,-0.0134442363517478,-0.0143037416993577,-0.0151306885822558,-0.0159270249642574,-0.0166881952475802,-0.0174122377618537,-0.018089062456515,-0.0187177583853906,-0.0192959408370359,-0.0198304541654695,-0.0203183735843624,-0.0207603190757905,-0.0211484830703711,-0.021487288591566,-0.0218353096816501,-0.0222007524492742,-0.022455657247923,-0.0226128141011925,-0.0226465527037866,-0.0225181592768265,-0.0223847959322555,-0.022266823238377,-0.0222004968661922,-0.022028050158313,-0.0216669659369347,-0.0212026276460261,-0.0207530279058338,-0.020334897300536,-0.0198040734809294,-0.0191139432391769,-0.0184047106092313,-0.0177164646697377,-0.016929304346481,-0.016036649727994,-0.0151395829537648
-0.0212810759400868,-0.0201096286348954,-0.0188619225117788,-0.0175304490369842,-0.0161599815104734,-0.0147390478834019,-0.013261428452336,-0.0117454816402847,-0.010194659678545,-0.00861391765489638,-0.00700227551312546,-0.00537516176713235,-0.00373809201430993,-0.0020843935753909,-0.000435073308520922,0.00120700392509093,0.00284864207529491,0.00446657538171721,0.00606230773391472,0.00763736082129214,0.00917545751810541,0.0106728876807019,0.0121322833434557,0.0135430356072108,0.0148992951795568,0.0161978282848451,0.0174369352991529,0.018610952914683,0.0197171123047216,0.0207506415696232,0.0217099739365941,0.0225911287121027,0.0233935476975013,0.024114489505906,0.0247538497537057,0.0253069828874639,0.0257728108526434,0.0261537715302035,0.0264529905540023,0.0266596401924168,0.0267793463717722,0.0268218584240192,0.0267730147706523,0.0266368431044497,0.0264321997358004,0.026134181778176,0.0257587608872318,0.0253190894892346,0.0247898295438564,0.0241937490844513,0.0235396398136595,0.0228010653123293,0.0220093382764147,0.0211631099216838,0.0202457305052469,0.0192812182686815,0.0182728684915572,0.0172052839272674,0.0160979227613064,0.0149534884051186,0.0137692189412266,0.0125502632485674,0.0113005888212291,0.0100208657452171,0.00872624228298688,0.00741013709623315,0.00606272430194148,0.00469793728916529,0.00334312061048695,0.00198804296773028,0.000612272633027957,-0.00079504123960994,-0.00220072573301775,-0.00357112623981438,-0.00491031087494622,-0.00623384405520503,-0.00758076878823652,-0.00893632286558321,-0.0102976305398254,-0.0116558587367592,-0.012960105198494,-0.0142181101608242,-0.0154441292307377,-0.0166401280700805,-0.0177990431810729,-0.0189207586122284,-0.020002212499194,-0.0210487592795731,-0.0220562596895752,-0.0230223782402143,-0.0239353030738475,-0.0247934110281973,-0.0255913663436377,-0.0263321655665629,-0.0270066904870717,-0.0275515581533317,-0.0279523184037796,-0.0283332584458935,-0.0286781160538042,-0.0290086052923994,-0.0293631970995667,-0.029580315965513,-0.029636125518623,-0.0294907360999554,-0.0292999004902014,-0.0291473233593269,-0.0289480425676107,-0.0285832533691808,-0.0280343656892596,-0.027447859164336,-0.0268745656683566,-0.0261758410561182,-0.0253122498924587,-0.0244093175933072,-0.0234795242198768,-0.0224257328731552
-0.0308237728511905,-0.0295115132880269,-0.0281124182811627,-0.0266441153934786,-0.0250708387685285,-0.0234146356025792,-0.0216930320903591,-0.0198992756740891,-0.0180418206878496,-0.0161282135580622,-0.0141723837196138,-0.012172079842427,-0.0101346720620596,-0.00808079452156677,-0.00600267472179588,-0.00391082958343341,-0.00182580427549649,0.000262490625925173,0.00233962005542023,0.00439071444900666,0.00641974229589803,0.00841812243699669,0.0103713434026535,0.0122784213177985,0.0141345535073664,0.0159324196614653,0.0176640605130172,0.0193257317748431,0.0209117842134061,0.0224188834150849,0.0238415289867995,0.025177031278785,0.0264202640552466,0.0275686366218289,0.0286180935174373,0.0295694229324125,0.0304210590719025,0.0311682275744754,0.031806303893176,0.0323454048897493,0.032780152421811,0.0331009154026323,0.0333234386032101,0.0334457302797469,0.0334509986530718,0.0333673908968012,0.0331829597933905,0.032887788260503,0.0325125419497317,0.0320393008123073,0.0314641468991654,0.0308198246660006,0.0300810124098546,0.0292546729038926,0.0283648239147443,0.0273937374071531,0.0263447776446856,0.0252405736823274,0.0240687979928309,0.0228333104896617,0.0215444073532451,0.0202037904304339,0.0188146461880487,0.0173832702323009,0.0159012725963768,0.0143815337820606,0.0128413731742832,0.0112734076722362,0.00965639680781402,0.00800634384769836,0.0063501577601602,0.00470509496886189,0.0030445898753331,0.00134023071428187,-0.000398544478402539,-0.00215158318902367,-0.00387244794372739,-0.00557085255524891,-0.00724307247679692,-0.00889160042728285,-0.0105620987039567,-0.0122407228778189,-0.0139074382936056,-0.0155538558025146,-0.0171796000329713,-0.0187779898272642,-0.0203452178020221,-0.021868920473355,-0.0233455649267752,-0.0247697009570618,-0.0261449318530028,-0.0274648392869325,-0.0287264480963003,-0.0299188548077565,-0.0310425103144031,-0.0321533854323081,-0.0332601579917796,-0.034230075646606,-0.0350719266643909,-0.0357571860486111,-0.0362378649830165,-0.0366708847987315,-0.037075157508549,-0.0374887441050155,-0.0377509698841175,-0.0377723342031622,-0.0376344922243839,-0.0374564668206391,-0.0372583029689515,-0.0368925871985733,-0.0363068649867378,-0.0356429463682422,-0.0349452573873708,-0.0340913391861309,-0.0330718043197442,-0.0319912635049645
-0.0422158800885388,-0.0409898495380634,-0.0396169567896471,-0.0380889915076281,-0.0364532974344638,-0.0347002720471014,-0.0328247111990106,-0.0308474635131507,-0.0287742819009649,-0.0266128814381188,-0.024364522894422,-0.0220476721728462,-0.019671322222315,-0.0172313202117318,-0.0147521704857168,-0.0122406359847905,-0.00969256336970159,-0.0071352041692422,-0.00457089999755123,-0.00200120015328912,0.000553761930218637,0.00308625834361018,0.00559569005346301,0.00806776286814686,0.0104929228796173,0.0128643220914569,0.0151768578228704,0.017421427939933,0.019591915199124,0.0216803148802276,0.0236819183616491,0.0255896381803367,0.0274000681057145,0.0291076241043007,0.0307097073473664,0.0321990774882614,0.0335721959879603,0.0348292834135068,0.035971860513301,0.0369868956532593,0.0378780482312768,0.0386542340867528,0.0392996823513033,0.039816543925442,0.0402238671376593,0.040495175951593,0.0406452655882121,0.0406881949922982,0.0405970268253008,0.0403941715021378,0.040089771857498,0.0396557163997726,0.0391239014100922,0.0384942127192294,0.0377489091897363,0.036912735297564,0.0359903536387021,0.0349657550514654,0.0338591329396275,0.0326742799727011,0.0314084859458229,0.0300674688262519,0.0286557852551272,0.0271742462218401,0.0256390064049315,0.024044424946372,0.0223799688785563,0.0206592309047112,0.0189111674698381,0.0171266574105556,0.0152849530337534,0.0133735803730154,0.0114249035622097,0.00947457955396697,0.00751932712849585,0.00554520000530485,0.0035115940397857,0.00143325054251477,-0.000686615520395319,-0.0028411159055016,-0.00497669450144026,-0.00709931190897638,-0.00922303139398161,-0.0113487510629012,-0.0134671451590251,-0.0155759908886822,-0.0176698470118561,-0.0197519291817445,-0.0218154186064387,-0.023854986920526,-0.0258549819297152,-0.0278097115401809,-0.0297097815844934,-0.0315551568039737,-0.033333888025398,-0.0349756264623599,-0.0364566411590207,-0.0378994393751658,-0.0392819805217022,-0.0406220380678208,-0.0419586800716306,-0.0431238197164423,-0.0440877819399514,-0.0448008252913201,-0.0454159535305634,-0.0460184961148017,-0.0465214746688963,-0.0467998544486467,-0.0468274059209701,-0.0467504808763444,-0.0466230558512734,-0.046302784804334,-0.0457442475950598,-0.0450741462416204,-0.0443076269842172,-0.0433443249439227
-0.054710765543946,-0.0537221101023694,-0.0525589126509895,-0.0512406773345451,-0.0497307565633704,-0.0480515266586041,-0.046222683236479,-0.0442384814653614,-0.0421091612107179,-0.0398442259082901,-0.0374602487557516,-0.034957480479272,-0.0323456624452032,-0.0296491159707455,-0.0268630921822667,-0.024000947105673,-0.0210876087302924,-0.018116251830412,-0.0151048021774442,-0.0120725358381507,-0.00901928941340992,-0.00595726791991197,-0.00290543686297489,0.000131148878699667,0.00314368744155602,0.00612085435227877,0.00905045945704807,0.0119247872060317,0.0147341041782464,0.0174712294746273,0.0201267295619938,0.0226942219013741,0.0251648201408946,0.0275324392323454,0.0297893858986175,0.0319332110668649,0.0339592587285108,0.0358598386405159,0.0376269667002595,0.0392683994285878,0.0407765458506438,0.0421387228862561,0.0433687445946266,0.0444634004871289,0.0454027153388041,0.0462140604371527,0.0468846272688057,0.0474016856628615,0.0477960576770208,0.0480492087312777,0.0481548266973828,0.0481468034453484,0.0479990035293297,0.0477168824993311,0.0473257733207719,0.0468075910081673,0.0461645814324749,0.0454207143914904,0.0445636302902985,0.0435967417580631,0.0425308538722209,0.0413677805965607,0.0401107231112319,0.0387665575407929,0.0373264062391276,0.035802642593936,0.034213462847068,0.0325521405427921,0.0307956593180352,0.0289583828090408,0.0270672176722734,0.0251406815913984,0.0231526354184546,0.0210715497086712,0.0189053854458415,0.0166716946320594,0.014417619334747,0.012132871338362,0.00982021775168039,0.00747909533678845,0.00506117702360104,0.00257899097613243,5.31420903554763e-05,-0.00250759814538696,-0.00510258923504865,-0.00772413372757608,-0.0103671023265792,-0.013017031721893,-0.015667751966801,-0.0183106712250704,-0.0209458384630146,-0.0235625912129956,-0.0261530689477337,-0.0287010780889543,-0.0312006601267961,-0.0337030858520793,-0.0362151805036619,-0.0385964418564226,-0.0408486851835979,-0.042937265704314,-0.0448009761883075,-0.0465924886066462,-0.0483255073333624,-0.050036422077989,-0.0515583991499107,-0.0527908986715532,-0.0538076644931004,-0.054724805468184,-0.0555628765744744,-0.0561680812503776,-0.0564783699397505,-0.0566338018019446,-0.0566809626123901,-0.0564921521978124,-0.0560521800388778,-0.0554668558099531
-0.0665769851605929,-0.0661802324107691,-0.0655399140368392,-0.0646442872180945,-0.0635409815219344,-0.0622202603284049,-0.0606759143217505,-0.058929550355598,-0.0569877935822121,-0.0548596288291744,-0.0525474842211621,-0.0500716843108942,-0.0474440488142438,-0.044662068240776,-0.0417532596790073,-0.038727960543721,-0.0355842676985713,-0.0323533925116516,-0.0290415682648895,-0.0256534410388776,-0.0222133021554892,-0.0187331937564269,-0.015217510590334,-0.0116847296491752,-0.00814888338680685,-0.00462121465058405,-0.00111111739332256,0.00236788508374907,0.00580532312754643,0.00918872855708569,0.0125090550611635,0.0157548530342928,0.0189184359122083,0.0219900250420607,0.0249629944971582,0.0278261032863786,0.0305717294703848,0.0331962495180482,0.0356980149580675,0.0380602014754019,0.0402827067166609,0.0423721247006042,0.0443094631951722,0.0460932247195876,0.0477412140912267,0.049223897055313,0.0505531250533036,0.0517426277450815,0.0527624027331687,0.0536330048352177,0.0543648093579729,0.0549268513583786,0.0553500934501587,0.0556350028056067,0.0557615193515749,0.0557540300012075,0.0556178776913559,0.055335506674552,0.0549269162186389,0.0543963924703677,0.0537404083031524,0.0529644677789536,0.0520730356434259,0.0510661154302389,0.0499601149976064,0.0487495919229314,0.0474222203340034,0.0459900479235062,0.0444822224975071,0.042889612383054,0.0411897367194212,0.0393670692301192,0.0374507366897425,0.0354761471334689,0.0334385480763907,0.0313239409270735,0.0290868002177224,0.0267394775280804,0.0242822023201197,0.0217167240746982,0.0190960910293095,0.0164124841008511,0.0136498516904972,0.0108051089722453,0.00788583152121364,0.00489340945072699,0.00183368886266966,-0.00129598987268829,-0.00448779397928928,-0.00773485169823075,-0.0110191578832504,-0.0143316588695729,-0.0176588473189641,-0.0209961651671948,-0.0243276144227821,-0.0275750574416789,-0.0307031763772887,-0.033829442263943,-0.036923446600106,-0.039995032352173,-0.0430808891883682,-0.0460025858466179,-0.0487206051061372,-0.0511706386839918,-0.0534979105746911,-0.0557849149125813,-0.0579388049880917,-0.0598236919570087,-0.0614007813873065,-0.0628116276871306,-0.064109566045931,-0.0651448710726473,-0.0658616835212423,-0.0663838932821123,-0.0667262434971736,-0.0667817043130728
-0.0761058508654467,-0.0765412548433279,-0.0767014982468236,-0.0766046437813527,-0.0762097782200148,-0.0755363981600977,-0.0746035537840561,-0.0734038002449986,-0.071946656958343,-0.0702413231638123,-0.0683048837137992,-0.0661382766535386,-0.063751810460689,-0.0611719146159451,-0.0583956358259564,-0.055437751202943,-0.0523266160296408,-0.0490578377351626,-0.0456519120106887,-0.0421319760469461,-0.0385012310872778,-0.0347750260537896,-0.0309766306742547,-0.0271150003381023,-0.0232030512759253,-0.0192561899680059,-0.0152911423572581,-0.0113198951144276,-0.00735677218749552,-0.00341337704257898,0.000496194915826076,0.00436111530752942,0.008167896485716,0.0119059840221012,0.0155629532649456,0.0191320618147592,0.0226043296150055,0.025967943608548,0.0292101622512813,0.0323349902336863,0.0353313004019796,0.0381818087904466,0.0408968261205273,0.0434707505255691,0.0458787339550204,0.0481458249894677,0.050257032596365,0.0521952763122364,0.0539899937573573,0.0556209603974413,0.0570778234697196,0.0583944952648697,0.0595429619570896,0.0605258136595131,0.0613687749515559,0.062052519678012,0.0625770286506829,0.0629668577596802,0.0632089585573196,0.0633054473889316,0.0632669839977965,0.0630949827125374,0.0627918052052504,0.0623645157849112,0.0618030296593208,0.0611182634720472,0.060328568139573,0.0594272590487577,0.0583883016990065,0.0572229250391978,0.055956410649995,0.0546073813878357,0.0531485204805017,0.0515424654334349,0.049793240595589,0.047912951239637,0.0459455222636966,0.0438774280715436,0.0417054630746158,0.0394280270045165,0.0369892630417593,0.0343948607719733,0.0316625134442728,0.0287962743228254,0.0257907271609453,0.0226494164352547,0.0193745953326923,0.0159792260922311,0.0124682465832422,0.00884965208176027,0.00512299983868485,0.00129975235337768,-0.00260951514145556,-0.00658321657666485,-0.0106085837663647,-0.0147332678906033,-0.0189622238193197,-0.023144653000465,-0.0272746109556899,-0.0313081030074369,-0.0351677926111497,-0.0389977144567877,-0.0428020837347106,-0.0466118696059428,-0.0502494237407878,-0.0535981078391552,-0.056718102050736,-0.0597173959655109,-0.0626121514131686,-0.0652373382785528,-0.0675157538294982,-0.0695802131865583,-0.0714749438676079,-0.0730626636173677,-0.0743172586145716,-0.0753411744198698
-0.0809941040865881,-0.0826407315096059,-0.083954343540199,-0.0849148641490246,-0.08556584604331,-0.0858934942985031,-0.0858866385086688,-0.0855639479739477,-0.0849294093001435,-0.0839901886223769,-0.0827468200577805,-0.0812186875827515,-0.0794178159670607,-0.0773410205454992,-0.0750164101257021,-0.07245600473286,-0.0696582092933286,-0.0666563985303983,-0.0634592874747582,-0.0600730728778371,-0.0565249599098632,-0.0528302081366477,-0.0489960124517426,-0.0450441056217034,-0.0409922763818241,-0.0368556106489827,-0.0326472976436162,-0.0283848915209928,-0.0240829958388503,-0.0197584084378133,-0.0154245203110465,-0.011097227239344,-0.00678873034935223,-0.00251331434495804,0.0017179103344068,0.00588928103741754,0.00998836248183574,0.0140070127796114,0.0179395752981725,0.0217646521402956,0.0254772169280777,0.029080579195762,0.0325515704903409,0.0358837548029752,0.0390926122367356,0.0421444736635015,0.0450466583688639,0.0478117275380597,0.0504053309803312,0.0528446744006797,0.0551395616583729,0.0572549951499403,0.0592197777618069,0.0610343108422812,0.0626751096591298,0.0641653259659213,0.0655104335920009,0.0666906444445699,0.0677250346219388,0.0686181214875977,0.069365222117,0.0699713653347434,0.0704407026985543,0.0707722765815555,0.0709823593241811,0.0710658731211041,0.0710083527762494,0.0708198080600222,0.0705291560096824,0.0701268896069782,0.069588182019077,0.068893636201686,0.0680673312630738,0.0671426453609998,0.0661111365567451,0.0649570240789586,0.0636260733654308,0.0621252703931164,0.0604472859804878,0.0585840950354844,0.0565826751181298,0.0544272781327098,0.0520950544777778,0.0495738437292266,0.0468611093679199,0.0439500870008135,0.0408405059476898,0.0375242326860147,0.0340036451184685,0.0302803459490564,0.0263677832700256,0.0222714833764455,0.018003764050785,0.0135713019175389,0.00899202735293091,0.00434666847187902,-0.000319754518374764,-0.0051186635295269,-0.010012651735832,-0.0150012197934313,-0.0201181013487514,-0.0251719591246915,-0.0301103940732086,-0.0348513834034754,-0.0395267370466358,-0.0442108261704567,-0.0488006312104021,-0.0531449557350758,-0.0571862238989084,-0.0610547545811099,-0.0647979418174693,-0.0682533683335338,-0.0713485274733141,-0.0741985735325843,-0.0768129454634525,-0.0790728047890589
-0.0795446893466416,-0.0825854849180212,-0.0852823179772505,-0.0876466585780117,-0.0896281277203284,-0.0912382303075868,-0.0924904058698256,-0.0933710855723287,-0.0938846313780698,-0.0940357535172543,-0.0938382020031188,-0.0932900347910085,-0.0923985059835697,-0.0911889808933747,-0.0896573111551071,-0.0878167285748531,-0.0856963526593275,-0.0832918530932484,-0.0806238458958625,-0.0777172524754963,-0.0745766210845636,-0.0712186492582736,-0.0676690367283587,-0.0639392908083048,-0.0600448227355664,-0.0560039324269486,-0.0518365555833909,-0.0475579748438538,-0.0431861105018853,-0.0387362228183314,-0.0342262563683323,-0.0296709250328176,-0.0250878490099933,-0.0204916618164512,-0.0158991984656423,-0.011321481517927,-0.00677159133536428,-0.00226560775505406,0.00217884719709471,0.0065616094174167,0.010867840473857,0.0150751888089403,0.0191897379350115,0.0232030929709532,0.0270848952688078,0.030856800098559,0.0345013071679059,0.037995840383404,0.0413676688988073,0.0445942798471319,0.0476601583011187,0.0505984730813839,0.0533789823011458,0.0560003121142937,0.0584880102052834,0.0608212926067792,0.0629972022473201,0.0650405727002739,0.0669376050179192,0.0686889360961037,0.0703053696960863,0.0717882000913976,0.0731393907319387,0.0743666619860625,0.07545934437991,0.0764273758887897,0.0772899833281128,0.0780415540818772,0.0786539672212977,0.0791358015756527,0.0795109719679736,0.0797985802581636,0.0799709526348433,0.0799844860582974,0.0798386238736558,0.0795386074088087,0.0791230511258828,0.0785731963004201,0.0778758501324083,0.0770253755623692,0.0759532451999379,0.0746519409950393,0.0731309464195097,0.071382268743631,0.0693849739209488,0.0671296217249847,0.064607005664927,0.061819990373708,0.0587631085276454,0.0554341386264586,0.0518219238356879,0.0479281884578253,0.0437567043828916,0.0393282893136813,0.0346573346543782,0.0296911838339512,0.024420309520242,0.0190037933642217,0.0134496334075167,0.00781061344292637,0.00217791504536215,-0.00358270714976284,-0.00946431580778739,-0.0154920005069136,-0.0214736918380269,-0.0272727421605715,-0.0329314477803696,-0.0385452515421086,-0.0441206645463607,-0.049476205477747,-0.0545134796249755,-0.0593513904486734,-0.0640256175305734,-0.0683840942969315,-0.0723832310879561,-0.076115902458821
-0.0701516639844526,-0.0748150955020898,-0.0791169260754994,-0.0830223887267655,-0.0865647932014004,-0.0897207097961056,-0.0924680652488181,-0.094817107172099,-0.0967640295512523,-0.0983091138422628,-0.0994463117254053,-0.10018949344012,-0.100546609307461,-0.1005098541888,-0.100103888907835,-0.0993390413256694,-0.0982105685701579,-0.0967507375332424,-0.094967817974926,-0.0928669128504705,-0.0904752198306843,-0.0878090481886371,-0.0848759683628311,-0.0816989352618112,-0.0782972759116028,-0.0746881674146057,-0.0708867503030674,-0.0669130205441694,-0.0627841334411727,-0.0585199375618848,-0.054136639717201,-0.0496535636638674,-0.0450862493871056,-0.0404525847878853,-0.0357671575323375,-0.0310493697044614,-0.0263156567808038,-0.0215783305745571,-0.0168464068126613,-0.0121455390983994,-0.00748546356325885,-0.00286607550849961,0.00168563221684758,0.00615784547847422,0.0105638719202084,0.0148656754952943,0.019065628027966,0.0231747509509343,0.0271543406432655,0.0310172541094996,0.0347728371668181,0.0383813983651055,0.0418690771254551,0.0452360773187798,0.0484552205411494,0.0515478603738874,0.0545199429927488,0.0573493364873606,0.0600541413760535,0.0626395767912547,0.0651005804055005,0.067442460346699,0.0696701816542336,0.0717828176649816,0.0737978578296263,0.0757123851747778,0.0775117936389537,0.0792056298279131,0.0808248607247149,0.0823623916471678,0.0837936290336006,0.0850972963563086,0.0862942718405826,0.0874184794901282,0.0884592265615305,0.0894005869162836,0.0901808488690873,0.0908010433937609,0.091246420554208,0.0914966848163369,0.0915899600977959,0.0914989147393973,0.0911891352323171,0.0906330351085062,0.0898099396760634,0.0886960806275749,0.0872756863872609,0.085524896601798,0.0834297350999471,0.0809746804912164,0.0781557132353549,0.0749610582641294,0.071388305860585,0.0674353183914916,0.0631124580502854,0.0584890968828803,0.0536086341298383,0.0483594500703789,0.0427759321743085,0.0368643476975757,0.0305876603206203,0.0241462296580597,0.0176032390175101,0.011055137617607,0.00438550887698169,-0.00246930348004326,-0.00939502082117325,-0.0162236286705076,-0.0228743357215041,-0.0294608090465945,-0.0360194855171312,-0.0423703499827829,-0.0484176007470293,-0.0542616255574986,-0.0599005760336797,-0.0651978947291982
-0.0524739643186262,-0.0587058904959428,-0.0646155763454384,-0.0702016830674629,-0.0753978783839194,-0.0802010203514331,-0.0846123423000534,-0.0886061913790025,-0.0921754554193141,-0.0953146494150948,-0.0980284782829553,-0.100307012303145,-0.102148977732518,-0.10357410836215,-0.104572372249538,-0.105151150733792,-0.105336191268293,-0.105119556643929,-0.104518069327038,-0.103555301292875,-0.102233948910373,-0.100569185477182,-0.098586194808001,-0.0962966703092274,-0.0937158687063701,-0.0908628571699908,-0.0877583638014258,-0.0844192085608352,-0.0808648024859135,-0.0771124706473423,-0.0731820710013499,-0.0690908447683249,-0.0648588573631258,-0.0605036338568323,-0.0560448771287289,-0.0514968719631806,-0.0468755930462472,-0.0422003570460616,-0.0374926450779054,-0.0327561979252557,-0.028008477782696,-0.0232765552725207,-0.0185578055962384,-0.0138631525054941,-0.00922790406288981,-0.00463398495571721,-0.000100709891702116,0.00434358389054794,0.00872404532184449,0.0130159695706089,0.0171985998001475,0.0213038321263818,0.0252997550273097,0.0291803360252441,0.0329710473019271,0.0366497367155093,0.0402105614420805,0.0436785693322127,0.0470398601634081,0.0502938589868422,0.0534526148549772,0.0565181950918336,0.059493664659079,0.0623887850529852,0.0651946227808609,0.0679218575941639,0.0705935229036458,0.0732080942737002,0.0757394013953569,0.0781970764687176,0.0806077638951977,0.0829944663150074,0.0853346653106612,0.0875839770635888,0.089742037187333,0.0918109007069937,0.0938293351507136,0.0957764333019839,0.0976327852187523,0.0993909929163956,0.100971561219882,0.102354116375445,0.103537764916644,0.104499902026534,0.105200553826255,0.105610998762226,0.105702271767927,0.105457347025355,0.104849493405972,0.103854256396045,0.10243637324602,0.100572436662962,0.0982425929284582,0.0954509476059503,0.092199173374856,0.088412701265551,0.0840606455870386,0.0792979332787719,0.0741187140315656,0.0685736921420089,0.0627556862274316,0.0565316582078156,0.0499134111911036,0.0428738212971619,0.035616056712325,0.0282938587907834,0.0208814589705178,0.0132950481623123,0.00553941933200035,-0.00218585169698753,-0.00975779863088266,-0.0172768870620554,-0.0247648204743714,-0.0320509372181276,-0.0390680626983747,-0.0458932677102386
-0.0267870484373859,-0.0345017450101025,-0.041946298244607,-0.0490648878004451,-0.0558735475423291,-0.0623328743242318,-0.0684025763766992,-0.0740780785472519,-0.0793407207428577,-0.0841775928160737,-0.0885695452101277,-0.0925188751373162,-0.0960232841345106,-0.0990650744782278,-0.101659549410117,-0.103810677307749,-0.105505589922404,-0.106770830326109,-0.107609870877282,-0.108023143242832,-0.10803363936758,-0.107655688218114,-0.106893841962082,-0.105769455477493,-0.104300391053406,-0.102503539359915,-0.100393243684263,-0.09799004515803,-0.0953113152799528,-0.0923781076985052,-0.0892074332383402,-0.0858204487683683,-0.0822341551559594,-0.0784687779379509,-0.0745405772956739,-0.070471579711337,-0.0662806400011789,-0.0619832689431394,-0.0575904175567147,-0.0531310296196582,-0.0486183568782885,-0.0440548932555494,-0.0394700678482384,-0.0348809614499432,-0.0302755955958624,-0.0256957052184207,-0.0211435496668894,-0.0166093668363105,-0.0121355457561111,-0.00771401246522925,-0.00333530778244898,0.000956123798861952,0.00518355059899489,0.00934694864972834,0.0134157024617155,0.0174087267889753,0.0213329520034031,0.0251637807579073,0.0289185020887112,0.0326033219918156,0.0362136345588324,0.0397555048629627,0.0432362359611145,0.0466559942344609,0.0500355226642009,0.0533762541944629,0.0566667747118035,0.0599187750685849,0.063169605474422,0.0664195688814582,0.0696499058401161,0.0728424849661229,0.0760210151224706,0.0792280843901786,0.0824581900706841,0.0857023057683688,0.0889017504853085,0.0920576564691866,0.0951586520691966,0.0981776187527866,0.101151547244677,0.104049073390853,0.106826140564547,0.109443594101283,0.111867279004993,0.114055980174767,0.115974442675529,0.117576531905554,0.118824348165235,0.119676343457143,0.120100825383749,0.120055203158937,0.119505156714588,0.11841958258694,0.116783110046691,0.114634488189667,0.111993582658073,0.108729257459517,0.104853254756066,0.10035901364661,0.0951896826449436,0.0895381528602115,0.0834647537981204,0.0770660883229761,0.0702316737601384,0.0629014177468017,0.0551936698554798,0.047286483208876,0.0392807042235564,0.0310783490500984,0.0226542186968157,0.0142061024812347,0.00585578233084983,-0.00247900554809668,-0.010781144113848,-0.0188924835323612
0.00508545392663218,-0.00369881838728744,-0.0123267803318417,-0.0207792974250977,-0.0289680520125659,-0.0368689954755019,-0.0444641411803616,-0.0517093768429051,-0.0585788034355637,-0.0650500058192018,-0.0711114287163779,-0.0767386788217167,-0.0819148852988947,-0.0866479641855551,-0.0909155698917153,-0.0947135364768155,-0.0980583468219898,-0.100933368697763,-0.103346236408091,-0.105314917838804,-0.106835495470873,-0.107917883087407,-0.108582831286883,-0.108839032553553,-0.108698193706824,-0.108177379258016,-0.107295141004736,-0.106067756574853,-0.104513596274831,-0.102650215844309,-0.100497197003479,-0.0980728389040507,-0.0953976249680611,-0.0924907706730892,-0.0893729846927264,-0.0860608874419605,-0.0825717258650063,-0.078927078062803,-0.0751507785769899,-0.0712494417413731,-0.0672416436682987,-0.0631583026866767,-0.0589995039000235,-0.0547779768999963,-0.0505329993614886,-0.046249959792977,-0.0419487304077976,-0.0376634307744681,-0.0333706922810947,-0.0290969015851499,-0.024867988690636,-0.0206537391553249,-0.0164871188693767,-0.0123796947730489,-0.00830603883933325,-0.00428992908358679,-0.00034037740520433,0.00356712580274183,0.00741903305092011,0.0112127837189226,0.0149617087998689,0.0186684880484569,0.0223377866696844,0.0259817530681634,0.0295946892955333,0.0331889325406226,0.0367935317946279,0.04041335184317,0.0440283382584461,0.0476529802230964,0.05132166364746,0.0550656351351579,0.0588750202051876,0.0627133677310766,0.0665902851784014,0.0705120820012157,0.0745314616238894,0.0786349056112977,0.0828113081494088,0.0870625392070604,0.0913126850990682,0.095543285618965,0.0997496544712597,0.103907217296195,0.107972974570797,0.111908048233144,0.115667212332171,0.119213566422429,0.122498614135749,0.125473760078564,0.128077200855671,0.130254714613293,0.131950224946056,0.133128819319318,0.133757024247376,0.13372392784709,0.132954187053612,0.131571792991207,0.129534662343978,0.126865149057783,0.123634779770103,0.119688247502844,0.11502227235664,0.109588301771649,0.103582901321,0.0971595503334979,0.0902960468140776,0.0829086321891807,0.0750043053127531,0.0667927046807472,0.0584159829106918,0.049788863819445,0.0409021009489695,0.0319438050849618,0.023005945943772,0.0140296071569974
0.0407084173673693,0.0313161026139277,0.0219422335521532,0.0126669952017228,0.00349598839434476,-0.00551059583016388,-0.0142892230701559,-0.022814203981655,-0.031045773737665,-0.0389509164749269,-0.0464905581498281,-0.0536481136266831,-0.0604041950422097,-0.0667240969958291,-0.0726068262730898,-0.0780433256089006,-0.0830064235259452,-0.0875102478874884,-0.0915479158459626,-0.09510963556069,-0.0982088620114678,-0.100853207305391,-0.103039910968941,-0.1047844414872,-0.106099634593087,-0.106998504806345,-0.107491630974326,-0.107597385327356,-0.107330835710976,-0.106711882496124,-0.105756400273839,-0.104485642186712,-0.102916294212938,-0.101069470807707,-0.0989617055026412,-0.0966164818396159,-0.0940537906629032,-0.0912914488963582,-0.0883413032327967,-0.0852344043343705,-0.0819867798062396,-0.0786025524232395,-0.0751128164898041,-0.0715393451000314,-0.0678710570762589,-0.0641522558323775,-0.0603897243761019,-0.0565746343203927,-0.0527523029450262,-0.048919754375089,-0.0450672295999174,-0.0412436434936573,-0.0374294510310009,-0.0336251500020192,-0.0298649214827123,-0.02613348753907,-0.0224234656440962,-0.0187627128925943,-0.015135606971424,-0.0115360924254751,-0.00796936519842675,-0.00443009659372089,-0.000909365645073367,0.00259319646443565,0.00610098770062111,0.00961969643792577,0.0131416636667545,0.016680898642868,0.0202825427235327,0.0239562570760686,0.027692776990297,0.0314803979680639,0.0353496355457896,0.0393592070303116,0.0435172648264313,0.0478285904716389,0.0522526352477078,0.0567994159137898,0.0614800736712966,0.0662723616149696,0.0712309103687604,0.0763429321892828,0.0815648232194373,0.0868658869397426,0.092227040271238,0.0976103260941209,0.102975378089144,0.108264346614128,0.113425788059434,0.118400783297719,0.123139091836336,0.127575253617741,0.1316436569925,0.135265401072409,0.13837408507373,0.140973315635146,0.143041799303447,0.144390324810188,0.144994106345587,0.144796614603366,0.143700144468076,0.141859494412846,0.139302773028275,0.136104674415933,0.132131090907966,0.12730197453963,0.121719183190806,0.115553781472385,0.10890789477521,0.101684645485777,0.0938588700703807,0.0856357795156217,0.0771537550338241,0.0683448102386547,0.0592375641916266,0.0500090461029257
0.0764518083368022,0.0672010458936918,0.0577800336186286,0.0482255842762983,0.0386477120537806,0.0290942299160326,0.0196041142056469,0.0102444442510713,0.0010640035427198,-0.00789187343025223,-0.0165896729491119,-0.0249836657252443,-0.0330353450728104,-0.0407329645585249,-0.0480356265215153,-0.0549199790588489,-0.0613865104777801,-0.067402731741981,-0.0729610013299867,-0.0780665719022934,-0.0827036367705899,-0.0868705783973648,-0.0905787002077818,-0.0938282731633179,-0.0966235477104237,-0.0989748279381275,-0.100895550755552,-0.102397504119833,-0.103495415819303,-0.104203884153557,-0.104540614800205,-0.104522367200446,-0.104168684956848,-0.10349837371777,-0.102532313654774,-0.101287995313796,-0.0997831377517582,-0.0980403185471945,-0.0960851349702926,-0.0939261345003965,-0.0915825038895411,-0.0890879230923967,-0.0864454476045455,-0.0836682711267129,-0.0807994202931949,-0.0778273144408149,-0.0747719925966286,-0.0716727132328364,-0.0685084684596933,-0.0653064236122555,-0.0620981217454917,-0.0588552119100997,-0.0556120414021551,-0.0523860989563027,-0.0491531306827259,-0.0459388542442571,-0.0427570846539745,-0.039585020720271,-0.0364371316945697,-0.0333196035748449,-0.0302203495962946,-0.0271380822690519,-0.0240691259964536,-0.0210010778113581,-0.0179385203214216,-0.0148697921067641,-0.0117624619605552,-0.00860654287882481,-0.00541762274531242,-0.00217773520053371,0.00115467172359048,0.00461897677967953,0.00821951742492756,0.0119302677171565,0.0157758909494012,0.0197712732542381,0.0239921152654247,0.0284413559513586,0.0331296088920285,0.0380814786393437,0.0432428747867849,0.0486194930011263,0.0542187577399806,0.0600386637698442,0.0660664420495511,0.0722834016558569,0.0786555293565219,0.0851512643564247,0.0917252483416809,0.0983276626541326,0.104892697091777,0.111357844775633,0.117648753983869,0.123688258808028,0.129388464170704,0.134605502704412,0.13921626841328,0.143275207025464,0.146695835617588,0.149435384018322,0.151520588363664,0.152741558986954,0.153042866338901,0.152335766477963,0.150772897254323,0.148472041809539,0.145387385600258,0.141414592219349,0.136536893143653,0.13095087741845,0.124797057923314,0.117988878426345,0.110512787124728,0.102563579797115,0.0942471787884996,0.0855162243514312
0.108752575627531,0.100358313812725,0.0915903453903578,0.0825472898643196,0.073251698229117,0.0637820936289401,0.0542228469810201,0.044621946362416,0.0350410306872359,0.025536265161751,0.0161698905822516,0.00698266033002054,-0.00198455266259936,-0.0106735283992794,-0.0190611065395471,-0.0271181243188693,-0.0347965865841949,-0.0420907036822465,-0.0489771738758816,-0.0554281685617574,-0.0614417600471273,-0.067011522745517,-0.0721218164527908,-0.0767757268283706,-0.0809761311427908,-0.0847266363652823,-0.0880304636674308,-0.0908986429039732,-0.0933407240778365,-0.0953715809049284,-0.0970038835021373,-0.0982555309074045,-0.0991414524225701,-0.0996809941463044,-0.0998902682891732,-0.0997920531181294,-0.0994069978419263,-0.0987536978159927,-0.0978446647569434,-0.0967116844919809,-0.0953735880561953,-0.0938355439623589,-0.0921301157332133,-0.0902824706135779,-0.0882829349032747,-0.0861770724127714,-0.0839767397803804,-0.0816733895179515,-0.0793151472930291,-0.0769039453423214,-0.074430291631534,-0.0719466612781231,-0.069438800357486,-0.0669071468294247,-0.064390460116277,-0.0618779236615703,-0.0593633328908699,-0.0568782798752428,-0.0544114619379619,-0.0519584134092741,-0.049527944861883,-0.047117820671728,-0.0447212038319031,-0.0423403164903627,-0.0399536485174252,-0.0375545460186296,-0.0351517263222187,-0.0327324455048845,-0.0302497267775117,-0.0276890242266683,-0.0250551566928392,-0.0223550935361454,-0.019555550771901,-0.0165855692396541,-0.0134256924418253,-0.0100542272154913,-0.00649569824333824,-0.00272404249654348,0.00129809472064346,0.00556410599813466,0.010157153634894,0.015094454665363,0.0203556298405918,0.0259408941947337,0.0318710093881785,0.0381438873415491,0.0447523291455114,0.051667193062559,0.0588641248676958,0.0663064224983866,0.0739627281515398,0.0817792989075163,0.0896912516716858,0.0975946099977289,0.105383211865003,0.113030629450699,0.120477230878416,0.127461536259839,0.133913063443399,0.139703222485342,0.144673191017557,0.14891342240684,0.152384872985532,0.155115388458992,0.156906478679948,0.157622645807957,0.157317840252857,0.156128671237129,0.15412578283387,0.151183610482978,0.14724979353696,0.142512697332419,0.137102371610514,0.130947518543506,0.124070677668639,0.11665291564734
0.133839538153595,0.127153406548068,0.119875425009559,0.112047131589569,0.103788954711518,0.0951633437198017,0.086223581833164,0.0770545856008277,0.0677247040106757,0.0583002952980268,0.0488367641778094,0.0394020648486632,0.0300585045789177,0.0208411802491162,0.0118132941351736,0.00302271272773488,-0.0055091444963365,-0.0137285208168076,-0.0216059431721422,-0.029126877421922,-0.0362574412004743,-0.0429774086890019,-0.0492819129096382,-0.0551563241533864,-0.0605912932480756,-0.0655845268611272,-0.0701389330120167,-0.0742563979733285,-0.0779434717423729,-0.0812075123446274,-0.0840606250616086,-0.0865145471561608,-0.0885851116856968,-0.0902879948212077,-0.0916424360990527,-0.0926645484341947,-0.0933714946262972,-0.0937851373871714,-0.0939321388077797,-0.0938220191038026,-0.0934742894109114,-0.0929244229514909,-0.0921785118395288,-0.0912492679030691,-0.0901828677551991,-0.0889707956328902,-0.0876331367456074,-0.0862131235887691,-0.0846929313247837,-0.0830994896913567,-0.0814699780831278,-0.0797781068419024,-0.0780592889411798,-0.076336688867211,-0.0745885127917523,-0.0728420172993036,-0.071116963562156,-0.0693932930117892,-0.0676880255590207,-0.0660123830304712,-0.064358227993823,-0.0627276211841847,-0.0611216810292411,-0.0595308937663675,-0.0579634192323655,-0.05641260506104,-0.0548490840800306,-0.0532629673894681,-0.0516727281194896,-0.0500644031908466,-0.0483978535728432,-0.046631363079957,-0.0447533803859428,-0.0427895549732425,-0.0407079691351227,-0.0384865231321168,-0.0360385989881299,-0.0333410767421639,-0.0303716360432903,-0.0270769427633528,-0.0234916886581035,-0.0195900339696143,-0.0153339923699395,-0.0106918356417344,-0.00563871221058309,-0.000147784966280385,0.00579626021891567,0.0122141139204894,0.0191126767723431,0.0264935980996219,0.0343380027022428,0.0426239363467278,0.0513046998491403,0.0603120509969823,0.0695439209440293,0.0788338924825696,0.0880263007806714,0.097131908423127,0.10601111596741,0.114563821959971,0.122754159708222,0.130300616513678,0.137074624591224,0.14291699706259,0.147910956844723,0.152104091584942,0.155392385327662,0.157615570902801,0.158701261212764,0.158799984918117,0.158016721310643,0.156232747472402,0.153402906581232,0.149701511891403,0.145223709140466,0.13991241427285
0.14913616846179,0.144791200055805,0.13965456955099,0.133823564463974,0.127320399718638,0.120226053562387,0.112632254118429,0.104598420309996,0.0961984141797464,0.0875044059700008,0.0785956973455629,0.0695335237357192,0.0603779864705494,0.0512098666671735,0.0420751343641998,0.03302529194922,0.0241315674916809,0.015423698180856,0.00694594513899002,-0.00125074642762991,-0.0091432975021282,-0.016704966580015,-0.0239012596930192,-0.0307162755462615,-0.0371366280866449,-0.043150124164684,-0.0487464807294034,-0.0539234740981695,-0.0586797725880466,-0.0630199976202142,-0.066948794710279,-0.07047642675276,-0.0736123136188883,-0.0763705902466166,-0.0787640793425485,-0.0808121182637071,-0.0825339123242317,-0.0839468733028382,-0.0850631303039054,-0.0859135698623078,-0.0865190345771312,-0.0868849938398927,-0.0870446473933129,-0.0870257935977703,-0.0868199865971643,-0.0864730024772582,-0.0860016668365672,-0.0853972617155393,-0.0847098404639317,-0.0839459406119775,-0.0830962373700701,-0.0822153431323263,-0.0812944634714684,-0.0803334094579492,-0.07937495009878,-0.0784126712877497,-0.0774417808163168,-0.0764971448737096,-0.0755730918847059,-0.0746672287320765,-0.0737932163897698,-0.0729530858795873,-0.0721446108537896,-0.0713749316262845,-0.0706286621426232,-0.0699020927402829,-0.0692102681904027,-0.0685474882934444,-0.0678730390243419,-0.0671756206172436,-0.0664651241168872,-0.0657513644561844,-0.0650093922648857,-0.0641681590338056,-0.0632094900006708,-0.0621023811342308,-0.0608695277290824,-0.0594743466279043,-0.0578643764427544,-0.0560361413553013,-0.0538929599923262,-0.0514055980094472,-0.0485735693294492,-0.0453763145876328,-0.0417656357048251,-0.0377009565140766,-0.0331343866163097,-0.0280335442700502,-0.0223557470222399,-0.0160641295433739,-0.00911113975100637,-0.00147337785326965,0.00685317963360885,0.0158125312265518,0.0253196238422401,0.0353415730935363,0.0458081642276234,0.0564319357908839,0.0671197943498277,0.0776982088659952,0.0879548058726781,0.0979212182070867,0.107486214884248,0.11660972213895,0.125008844591983,0.132472500028519,0.13897753645052,0.144593949430226,0.149327758191927,0.152990828372462,0.155470486613034,0.156905965369271,0.157386291684956,0.15680542493137,0.155151279594167,0.152580908559589
0.152948992007653,0.151495737743146,0.149091806182575,0.14575894057198,0.141604398729866,0.136683178864807,0.131044226837388,0.124772218890201,0.117939709438436,0.110620245654729,0.102879530328739,0.0947973871085549,0.086452365193692,0.0778966072569993,0.0692113945294696,0.0604660903781447,0.0517031742230914,0.0429974025687979,0.0344016205213436,0.0259522472592319,0.0177048407695043,0.00970191503897394,0.00196953911703968,-0.00545775955447055,-0.0125512252397801,-0.0192902773246202,-0.0256608936444688,-0.0316494376243958,-0.0372482454141081,-0.042451955300291,-0.0472613394804096,-0.0516782456182591,-0.0557099523760993,-0.0593649496073739,-0.0626566350872016,-0.065596508058761,-0.0681980842678498,-0.0704800221525782,-0.0724675593499626,-0.0741696319741001,-0.0756044382166092,-0.0768077023997803,-0.0777875469467246,-0.0785555514108333,-0.0791594610706334,-0.0795936091275806,-0.0798771588450467,-0.0800562439420016,-0.080115708994965,-0.0800813999359597,-0.0799946587100161,-0.079830964208894,-0.0796252025577594,-0.0794049712048114,-0.0791503323841472,-0.078888553361208,-0.0786441538981382,-0.0783992028080442,-0.0781724335903771,-0.0779793551474329,-0.0778153150558383,-0.0776852939927039,-0.0775955015522904,-0.0775403019048786,-0.0775327855089589,-0.0775736104840653,-0.0776399013999272,-0.0777260040263969,-0.0778587883059987,-0.078034619780737,-0.0782230301548046,-0.078389338620315,-0.07852492558812,-0.0786687141916427,-0.0787963132065698,-0.0788908515414952,-0.0788712675592732,-0.0787000045840686,-0.0783531627466448,-0.0777527126853862,-0.076937093600171,-0.0758970050034699,-0.0745904985236148,-0.0729867073102339,-0.0710590611834362,-0.0687526758506486,-0.0660088682669761,-0.0627553713593164,-0.0589297478028617,-0.054458059043681,-0.0492651263455298,-0.043255462745171,-0.0363510388503133,-0.0285055171329976,-0.0197605885011193,-0.0102900332934605,-0.000258150463894818,0.0103822886652024,0.0214968406245112,0.0329974645478269,0.0448140714490782,0.0566145748888225,0.0682161762186741,0.079389492686795,0.0901579220192559,0.100488373799858,0.11020109387957,0.119053757165784,0.126896273813007,0.133806359026649,0.139821613494307,0.144757901003283,0.148510582467839,0.151200124043748,0.152878895198179,0.153450090171771
0.145521933440994,0.147110921039422,0.147649534170921,0.147205497238829,0.145774653390372,0.143414799245815,0.140200892111666,0.136181255748201,0.13142104271796,0.125989327569245,0.119964603517285,0.113412593087013,0.106399386242968,0.0990157238651624,0.0913205402284382,0.0833797036210207,0.0752808150697683,0.0670730874059747,0.0588188916335659,0.0505897337834006,0.042430024218245,0.0343872848058607,0.0265167430565638,0.0188558120840768,0.0114381270502908,0.0042957054122415,-0.00254251483147447,-0.00905621799307236,-0.0152278105480084,-0.0210462444368013,-0.026502469207607,-0.0315938352115624,-0.0363190080762834,-0.0406821773721717,-0.0446881275313633,-0.0483486676435232,-0.0516775262579943,-0.0546876963111576,-0.0573878292742058,-0.0598052031343888,-0.0619602743306435,-0.0638571988293791,-0.0655276865546864,-0.0670007416848132,-0.068268230414313,-0.0693745280913678,-0.0703401063469307,-0.0711554840298537,-0.0718707552405367,-0.0724960183422343,-0.0730210591914676,-0.0735005888363399,-0.0739297730121428,-0.0743062744703578,-0.0746744963904841,-0.0750305693166184,-0.0753690975770942,-0.0757257450858897,-0.0760983873008338,-0.0764845350232664,-0.0769000602810732,-0.0773489702043442,-0.0778314604857645,-0.0783577076023293,-0.0789173699436963,-0.0795086666055377,-0.0801526481263877,-0.0808513526681447,-0.0815721384634282,-0.0823095340585134,-0.0830837262356152,-0.0839129505964298,-0.0847894980369468,-0.0856515973227452,-0.0864982779783341,-0.0873068836541527,-0.0881241157388037,-0.08891691752299,-0.0896117627194909,-0.0901817183474293,-0.0905244538999718,-0.0906468181995507,-0.0905842490054111,-0.0903569316285291,-0.0899434549083719,-0.0892955335373011,-0.0883372178315993,-0.087012667788905,-0.0852659604629088,-0.083037098664074,-0.0802121516444676,-0.076640228615107,-0.0721279475311117,-0.0665217712755703,-0.0597553454730752,-0.0518579874986493,-0.0429570263895177,-0.0333141838778809,-0.0229129090920328,-0.0118577786938238,-0.000351928056031497,0.0116229538897413,0.0239321208338439,0.0364977564252674,0.0489688067046972,0.0610766343120329,0.0727273837807511,0.0839202095822494,0.0945828841065325,0.104444519780313,0.113312555449722,0.121253511249811,0.128287937901369,0.134245775288254,0.139053256960169,0.142813388806733
0.128213436530292,0.132781090804468,0.136285553812282,0.138702484143998,0.140099650306341,0.140497119217836,0.139915173983488,0.138412166589771,0.136041341830141,0.132859952343243,0.128922854658716,0.124300578932616,0.119069739968189,0.113281920205531,0.107021514205554,0.100365014734957,0.093365057505703,0.0861067431063375,0.0786587332155455,0.0710719823641342,0.0634194942597436,0.0557616957910977,0.0481444220715616,0.0406205645762291,0.0332393780767338,0.0260405923507158,0.0190583898003544,0.012324459855239,0.00586483200071886,-0.00029869702023014,-0.00615021598212204,-0.0116773110075757,-0.0168734466201059,-0.0217354362920017,-0.0262655126347176,-0.0304664717493363,-0.0343433986154527,-0.0379082008351399,-0.0411802375359895,-0.0441652046876676,-0.046876607769767,-0.0493478310173477,-0.0515863038735931,-0.0536013429036696,-0.0554395013289533,-0.0570969600415025,-0.0585900859788835,-0.0599661014673875,-0.0612111433049981,-0.0623485878344099,-0.0634213236648001,-0.0644056942645626,-0.0653333469317914,-0.0662338972036689,-0.067086960006205,-0.0679171751543422,-0.0687500795860352,-0.0695673511477368,-0.0703854766887273,-0.0712207491228797,-0.0720676432098794,-0.0729300779819614,-0.0738146399171623,-0.0747155080559883,-0.0756458040615818,-0.0766094548410923,-0.0775858344978016,-0.0785701325759044,-0.079594504249484,-0.0806638937802335,-0.0817562114434066,-0.082845456693386,-0.0839286830385753,-0.085065414500071,-0.0862462857984155,-0.0874767558751468,-0.0887258153268937,-0.0899887458399401,-0.0912374677347841,-0.0923024270099623,-0.0931871362488145,-0.0939445350527672,-0.0946127756045733,-0.0952459324068588,-0.0958824618848673,-0.096479431007264,-0.0969567132308097,-0.0972284848242528,-0.0972648997232601,-0.0970568664844936,-0.0965691088291207,-0.0956492953870977,-0.0940261583127793,-0.0913184617520534,-0.0872419911508259,-0.081915772133463,-0.0756977436417586,-0.068568056525167,-0.0604602637914565,-0.0512050442444338,-0.0408361065083105,-0.0297231500583259,-0.0180220098606016,-0.00596025207750229,0.00648446802787137,0.0192290992499415,0.0320484426433493,0.0446316721132557,0.0567626351465498,0.0684465075911274,0.0796433342592645,0.0900861116410777,0.0995984113271893,0.108226461164376,0.115956277972275,0.122626439489841
0.103905322039273,0.110973595848861,0.117041667660353,0.1221249166506,0.126170099466386,0.129189475115637,0.131216144685229,0.132263734418538,0.132364041395414,0.131559797420807,0.129905036545884,0.127447651127023,0.124238065548958,0.120356387387725,0.115855125666768,0.110797146252277,0.105269311867559,0.0993264481886846,0.0930361805591551,0.086478924239573,0.0797108213003635,0.0727925571689812,0.0657928919114476,0.0587659748236443,0.0517620758512252,0.0448310720988348,0.0380196993366415,0.0313667386459427,0.0249069006067847,0.0186690458355022,0.0126788265100038,0.00695536851247099,0.00151438818641003,-0.00363417036336598,-0.00848280593208413,-0.0130314031496405,-0.0172839573721664,-0.0212446804173638,-0.0249149024612936,-0.0283144644677455,-0.0314596936136642,-0.0343504782546902,-0.0370139491256659,-0.0394776670816816,-0.0417321796387213,-0.0438179477483232,-0.0457566439255403,-0.0475368888826828,-0.0492063347191567,-0.0507765474281486,-0.0522350121484963,-0.0536337681754635,-0.0549695669710922,-0.0562357679074704,-0.0574747620778334,-0.0586823042602043,-0.0598489306070041,-0.0610069004544698,-0.0621532744819831,-0.0632809515764934,-0.0644027384782021,-0.0655192550917899,-0.0666269949713448,-0.0677328475038568,-0.068824816147834,-0.0698962324689865,-0.0709667909247081,-0.0720393264284419,-0.0730820050659625,-0.0740889649097058,-0.0750861176113526,-0.076094908616428,-0.0771246584273239,-0.0781244948705835,-0.0791031009226848,-0.0800275292385415,-0.0810219023707874,-0.0822072430564112,-0.0835583308062704,-0.0849103305327976,-0.0859778712684981,-0.086801953766589,-0.0875751594662432,-0.0884557539902038,-0.0895133203800056,-0.090738397340812,-0.0920348072184764,-0.093315005949545,-0.0945541358015327,-0.0958228728157963,-0.0971778921762924,-0.0985840216025751,-0.0998045173926088,-0.100380347197417,-0.0996446673345358,-0.0972182799712287,-0.0935876251745041,-0.0894822768628078,-0.0845290125585417,-0.0783016753609444,-0.0708887003108709,-0.0623593328461327,-0.0527642961101478,-0.0420674076223456,-0.0306584902145926,-0.0188066121449764,-0.00661100082109649,0.00591000372652779,0.0186309093472077,0.0312106248913445,0.0433880999731934,0.0551639941696717,0.0664813211918319,0.0770976754709253,0.086868520326609,0.0958279936073878
0.0757131436371844,0.0846665574945465,0.0927753878109475,0.0999567044541869,0.106222352396418,0.111540449894776,0.115884054988304,0.119265060120464,0.121696336298369,0.123197809301697,0.12379202845654,0.123518796302363,0.122430763148074,0.120558303332241,0.117968040383877,0.114723602091504,0.110868726314089,0.106481721999612,0.101630449295976,0.096366005018806,0.0907649695862826,0.0848939796643341,0.078807757385015,0.072568843672636,0.066239116206281,0.0598716769178179,0.0535161754515795,0.0472195877501496,0.0410237644840239,0.034966416376753,0.02907996628419,0.0233927213518311,0.017926672631007,0.0126993498415865,0.0077225902838939,0.00300585092610426,-0.00144425719533934,-0.0056288057358249,-0.009557657124782,-0.0132292449448536,-0.0166493954045501,-0.0198449850441931,-0.0228196084908422,-0.0255778084402206,-0.0281624064608691,-0.0305686361058319,-0.032808238141393,-0.0349265354432752,-0.0369094826907396,-0.0387755475253069,-0.0405667245569374,-0.0422581168297255,-0.0438758001767484,-0.0454480570959013,-0.0469514863822365,-0.0484044761001492,-0.0498298463594727,-0.0512048260344481,-0.052539092719022,-0.0538445164317304,-0.0551097366915662,-0.0563316671389698,-0.0575110394878893,-0.0586350376729754,-0.0597095172759676,-0.0607340011304891,-0.0616815904673359,-0.0625399563992937,-0.0633383265914588,-0.0640832185214827,-0.0647539577480474,-0.0653224085768773,-0.0657755042906387,-0.0662210318479853,-0.0666759645661697,-0.0670550077094216,-0.0673028488975859,-0.0676972205142264,-0.0685414325828784,-0.0695002730872476,-0.0701808376358613,-0.070615385855861,-0.071048455693401,-0.071661988822705,-0.0725783780127111,-0.0738330125996938,-0.0753672320300351,-0.0770370820649727,-0.0787771875455002,-0.0806665239540151,-0.082896342464041,-0.0855828271610212,-0.0887123855317765,-0.0919463919792624,-0.0944162763734129,-0.0952146017580479,-0.0948883051120823,-0.0944865629799793,-0.0937012339569959,-0.0912022644575188,-0.0868537747076391,-0.0814779756881599,-0.0750528233245738,-0.067499993716777,-0.0587688540797401,-0.0489589768544888,-0.0382441653970304,-0.0269429454925785,-0.0152789966299543,-0.00327250253770381,0.00898163525301066,0.0211482099816517,0.0329936054715521,0.0444998726944488,0.0555845943401391,0.0660180819974747
0.0471178675530375,0.0571050757713808,0.0664522917130972,0.0751245110538554,0.0830046885244608,0.0900604610211299,0.0962633802814261,0.101586739007662,0.106007334384227,0.10953275809995,0.112168849902745,0.113934973787935,0.114840431752841,0.11494275568293,0.114261920074291,0.112845601168333,0.110753713641617,0.108034756451219,0.104738249724257,0.100943076755536,0.0966950001081715,0.0920597110623887,0.0870999011053008,0.0818805558429732,0.076451670389935,0.0708775611623308,0.0652086426113554,0.0595017871566856,0.0537977835847538,0.0481449701088989,0.0425770056208373,0.0371335732029115,0.0318387290983391,0.0267225135062367,0.0218003504774652,0.0170912782028942,0.0125979317742538,0.00833318317527566,0.0043003558600746,0.000495563131154706,-0.00309534048361709,-0.00645964343553801,-0.00962180118421184,-0.0125994424861977,-0.015385068399552,-0.0180072349992328,-0.0204909612831612,-0.0228161527731191,-0.0250304813093184,-0.0271393445416164,-0.0291312303818473,-0.0310478418089448,-0.0328897614767642,-0.0346390477656048,-0.0363374798581766,-0.0379724177687375,-0.0395319641841545,-0.0410363552192355,-0.0424821359890865,-0.0438485038086976,-0.0451454018741598,-0.0463607851121822,-0.0474867378271261,-0.0485167081029478,-0.0494357523739785,-0.0502215942087519,-0.0508913331449998,-0.0514374724595497,-0.051825559131875,-0.0520345426208948,-0.0521072106287403,-0.0520654471449519,-0.0518822790049894,-0.0515206938226579,-0.0511762465679653,-0.0506325277259913,-0.0496804254361478,-0.0487278756019859,-0.0484779239762959,-0.0489648983675249,-0.0491565863394873,-0.0489520122205213,-0.0488499806228771,-0.0489877299636386,-0.0493729385815209,-0.0500564498957247,-0.0511110349712322,-0.0525392102679335,-0.0543013380731437,-0.0563602095896792,-0.058766938166247,-0.0616533487265545,-0.0652457022852323,-0.0698168971885747,-0.074945502354497,-0.0785476293425577,-0.0803610391994184,-0.0831333167106071,-0.0863785431959088,-0.0879869348133651,-0.0876577163454128,-0.0864587749100561,-0.0841094779706433,-0.0798029208670636,-0.0742524555649031,-0.067671544398092,-0.0599904109163502,-0.0511634044472184,-0.0413160568531423,-0.0307976966992927,-0.0199026530198186,-0.00863627170932579,0.00287694938938038,0.0143509300205496,0.0255806475559716,0.036551702806555
0.0207719981777051,0.0310157192808614,0.0408702214213463,0.0502363926088546,0.0590383202195484,0.0672266727548932,0.0746919364931889,0.0814277719151107,0.0873676125428952,0.0925171381208727,0.0968251760604779,0.100321131040387,0.102988359494781,0.104853353063197,0.105919917440947,0.106251995538734,0.10583848428989,0.104762826943969,0.103046636230677,0.100754660333277,0.0979219545220101,0.0946341454236153,0.0909125148712825,0.08684397564806,0.0824625371877558,0.0778500885723862,0.0730336991331562,0.0680935917569932,0.0630532709881476,0.0579861214770273,0.0529087552638616,0.0478868278618392,0.0429290745753558,0.0380912724769921,0.0333726722214326,0.0288199125288789,0.0244264112902537,0.0202281206873871,0.0162017577602176,0.0123827407967073,0.00875053671759174,0.00531169210618955,0.00204539420868151,-0.00102182647276939,-0.00394996202446818,-0.0067075152089178,-0.00932274990182309,-0.0118130883555776,-0.0141850862755261,-0.0164276083350344,-0.0186013699534224,-0.0206561867584026,-0.0226323293900324,-0.0245322015039433,-0.0263485677178775,-0.0280694336572426,-0.0297331535002349,-0.0312885686381171,-0.0327562990049625,-0.0341197149641908,-0.0353790424027032,-0.0365012031846693,-0.0374985547999248,-0.0383286221519288,-0.0390072164158809,-0.0395081874269536,-0.0398149928779597,-0.0398847057592918,-0.0397682531760871,-0.0394404512004332,-0.038895061801787,-0.0381617735717675,-0.0371173755864416,-0.0357227421127676,-0.0345290236331344,-0.0335009969449952,-0.0316758121060645,-0.0291449156521387,-0.0268886554471997,-0.0253296997523316,-0.0240847630095669,-0.023242959891659,-0.022907959772508,-0.0227614083593927,-0.0226541115565889,-0.022529238856853,-0.0226229523051456,-0.0232028736232006,-0.0244326806036281,-0.0260926608503787,-0.0279373748628576,-0.0298313768510773,-0.0321077579151487,-0.0352863098732647,-0.0405195854203076,-0.0471162333033955,-0.0532448774066631,-0.0597412362609667,-0.0667964759445932,-0.0718625932674499,-0.0742394778988092,-0.076882027842938,-0.078978701346288,-0.0789115507582295,-0.0774659271325513,-0.0745797167405142,-0.070104708652616,-0.0644178825544441,-0.0576745549003821,-0.0497733545099342,-0.0408724597331434,-0.0312849026867817,-0.02129724562987,-0.010907946592912,-0.000285481642786086,0.0103308808498459
-0.00110625122613834,0.00858489814459418,0.0181420825200443,0.0275496964359773,0.0365810153606189,0.0452265942516541,0.0533442904693704,0.0609287459763675,0.0678461852928349,0.074125679667362,0.0796634150103452,0.084504770535118,0.0885529438372927,0.0918942204159894,0.0944472182286135,0.0962921294879136,0.0973907342849989,0.0978311349604172,0.0975719823713662,0.0967368762396081,0.0952859939527178,0.0933363731179337,0.0908712685139172,0.088013389378073,0.0847389665678654,0.0811743091895029,0.0773010656206463,0.0732441684819853,0.0689805467176579,0.0646304059825622,0.060166054192615,0.0557019725060215,0.0512042935379217,0.0467803014213845,0.0423885400370318,0.0381262368509978,0.03393934235797,0.0299189497430194,0.0260111239565301,0.0222907322663861,0.0186847010020041,0.0152819951924397,0.0119998915922258,0.00889633752214738,0.00591577565257165,0.0031065513233075,0.000379513037873203,-0.00217114296536248,-0.0046548195491622,-0.00700395197271551,-0.00927088315746769,-0.0114199253386753,-0.0135183166358856,-0.015469969035388,-0.0173794672677174,-0.0191575595087942,-0.0208543159089212,-0.0224093870809111,-0.0238844191343158,-0.0251758050041284,-0.0263575079663794,-0.0273360882387547,-0.0281685307651889,-0.0287669618523056,-0.0291852604129404,-0.0293166617125497,-0.0292549131072418,-0.0289046811696862,-0.0283193028542308,-0.0273901924258694,-0.0261482533669986,-0.024780218764624,-0.0233848421349563,-0.0210485831293553,-0.0185914500144458,-0.0164991935927075,-0.0142088247834857,-0.0116290303115939,-0.0081047718089333,-0.00390803528652142,-0.0014803696688194,-0.000755298749917991,-0.000607150647785582,-0.000556703946109466,-0.000560884714750512,-0.000545847069012672,-0.000566893782968484,-0.000578096141162665,-0.000631823735713075,-0.000674774970235371,-0.000745857932240842,-0.000809062869214451,-0.000942095326677319,-0.00130969941879481,-0.00295942410292852,-0.00925427428899901,-0.0197770840782237,-0.0280463281510386,-0.0346843029894241,-0.0423282135251984,-0.0492452212011134,-0.0567498624845481,-0.0631788355641732,-0.065909452846225,-0.0683411456719539,-0.069713626644844,-0.0692617619060732,-0.067307099823967,-0.0637204584778989,-0.0588094655037326,-0.0529134993175319,-0.0458835057245829,-0.037930782195893,-0.0292906943903662,-0.0202445316834591,-0.0107636722025924
-0.0174840157389139,-0.00897245610072157,-0.000228353237985611,0.00848448353769377,0.0171835687638641,0.0256616149419946,0.0338865235298072,0.0417059461453727,0.0491156685557514,0.0559855297422211,0.0623152009291883,0.068011711010896,0.0731003746698294,0.0774961720179274,0.0812377822739217,0.0842857139509184,0.0866627805491327,0.0883601431279488,0.0894281961175486,0.0898526816846834,0.0896955434421255,0.0889740255676937,0.0877390641746311,0.0860186682890259,0.0838742825128053,0.0813400579700765,0.0784723460742397,0.0753127053335413,0.0719140381230242,0.0683197718181338,0.0645760228235605,0.0607264844344049,0.0568083599507307,0.0528622450770308,0.0489146120162193,0.0450030895728709,0.0411455937658928,0.0373730995972757,0.0336840380501135,0.0301121243989497,0.0266551996419857,0.0233221694734382,0.0201044488544014,0.0170333857200225,0.0140598658839932,0.0112200761421393,0.0084920329465719,0.0058680817683088,0.00334135349310543,0.000937757690035702,-0.00140510004858413,-0.00362308274128088,-0.00575808810236707,-0.00779429755004696,-0.00973154659065257,-0.0115327368301288,-0.0132461354724306,-0.0147942667746179,-0.0162070692080572,-0.0174408384574479,-0.0185096177557087,-0.0193499662612146,-0.0199922368155006,-0.0203650660744508,-0.0205065411598473,-0.0203633121924331,-0.0199527886478988,-0.0191803807600147,-0.0181231267010828,-0.0169112364907729,-0.0151618293106552,-0.0130319466680815,-0.0110210369146377,-0.00855204647035184,-0.00549959481512741,-0.00207735123424738,-0.00056808099207649,-0.000253009885999473,-8.92006726095893e-05,4.90879863321025e-05,2.89311051967614e-05,6.84499302689747e-05,6.7111597741562e-05,9.82609610035288e-05,7.02900990251999e-05,8.94244808739783e-05,5.38414103238355e-05,7.25892704480524e-05,4.18523195968199e-05,6.76663982882555e-05,4.13057576166781e-05,6.06561642886139e-05,2.0626146411042e-05,-1.64350874421213e-05,-9.27810828458516e-05,-9.97730653922577e-05,-0.000426890667778779,-0.000839125180859015,-0.00171505497516848,-0.00689965067660444,-0.0183226252882449,-0.027873775406814,-0.0361617393918449,-0.04344598671279,-0.0506220295271878,-0.0557951542619458,-0.0582664594048132,-0.0602903807280485,-0.0604367339489111,-0.0591072745656067,-0.0561139394026635,-0.0519766885466952,-0.0467334461453773,-0.0405330877822049,-0.0333723458067288,-0.0256863551324813
-0.0279064719677679,-0.0210008329063286,-0.013666182577481,-0.00600755652532303,0.00179943193504578,0.00964347880787285,0.0174352994612953,0.0250537412936841,0.0324240062198943,0.0394485809097558,0.0460871394813058,0.052254204426411,0.0579207160056873,0.0630338880201804,0.0675856133565488,0.071516222423347,0.0748653813879972,0.0775795556903345,0.0796990247758658,0.0812061225175401,0.0821523717772113,0.0825146104845117,0.0823735834060546,0.0817126432465125,0.0806129672421878,0.0790651086562331,0.077162777563272,0.074895591651722,0.0723603603108987,0.0695448316448456,0.066548184365704,0.063354067901997,0.0600606889011513,0.0566453651001639,0.0532042175902407,0.0497058964530256,0.046239089039971,0.0427638755039162,0.0393716550118473,0.0360060051398068,0.0327432960808122,0.0295372026996044,0.0264573937266776,0.0234242005580179,0.0205354856418511,0.0177006443464672,0.0149860244091548,0.0123408734110343,0.00981712798687217,0.0073334716254069,0.00500061745391603,0.00270562923973246,0.000545515510781881,-0.00153609561604232,-0.00347243439116205,-0.00533325856758936,-0.00699290357831101,-0.00855150945458749,-0.00989395685182826,-0.0110808711426822,-0.0120069420318967,-0.0127525329045352,-0.0131916264431897,-0.0134131274224231,-0.0133001581865,-0.0129032360427944,-0.0121798892509096,-0.0112527006659789,-0.00973843080104689,-0.00813634318681242,-0.00622192804167955,-0.00373624034274877,-0.00114265896311085,-0.000275209849023029,-1.5610134681472e-05,3.59404730973764e-05,3.86752333224601e-05,4.89069392406668e-05,7.42367405550544e-05,2.05731467011603e-05,-6.16328977539524e-06,-4.78089721631789e-05,-2.9955928716124e-05,-4.83635283798328e-05,-3.04616968838031e-05,-5.42161724667604e-05,-4.16699907447019e-05,-6.92619148593348e-05,-6.08655063557963e-05,-9.09574828592308e-05,-8.77836611885658e-05,-0.000122152129581687,-0.000130289732499801,-0.000166652303117065,-0.000136248819487134,-9.01020395707331e-05,-2.49022890806379e-05,-4.5016193599724e-05,-0.00013244491396601,-8.44848154840039e-05,-0.000343688717575018,-0.00117030307764583,-0.00495136489823482,-0.0156838988035076,-0.0257411564154143,-0.033388344392062,-0.0402295148502212,-0.0462099840096276,-0.049234861854683,-0.0511554337318368,-0.0517577327434846,-0.0506605253266246,-0.0482000007452583,-0.044513132469903,-0.0398862910039676,-0.0342660917106532
-0.0328394248371633,-0.0276724988345416,-0.0220622801200031,-0.0157850911324463,-0.00928038241726479,-0.00235785087276604,0.00454437208164047,0.011619485719766,0.0184965009107757,0.0253452464739339,0.0318343381677655,0.0381348102676679,0.0439672987275089,0.0494803119982147,0.054435050224846,0.0589997762884377,0.0629440952134836,0.0664441848058003,0.0693150346632128,0.0717145303564278,0.0734905063326891,0.0748150417349232,0.0755453456754738,0.0758526427303068,0.0756227842573467,0.0750235327911135,0.0739525705357137,0.0725747521988029,0.0708026593470825,0.0687960082755088,0.066475962609971,0.0639939355638337,0.0612777137497222,0.0584687747024327,0.0554980139109473,0.0524963245724362,0.0493993391553023,0.0463233750241978,0.0431966157555514,0.0401285834681675,0.0370576637152466,0.0340617583350754,0.0310815436996544,0.0282073872204914,0.0253519223262983,0.0225993024215609,0.0198973202624781,0.0172803319836616,0.0147173687636882,0.0122677670639406,0.00985620431666923,0.00756935616436482,0.00536303136456312,0.00326709841828699,0.00128510359994429,-0.000536873943313327,-0.00223889556616631,-0.00374279201168938,-0.00506004515580444,-0.00615847462723057,-0.00703201315016885,-0.00763135261462579,-0.00797608450069606,-0.00799243296259606,-0.00774364960622312,-0.00717057535400654,-0.00619834616334069,-0.00501231850929495,-0.00340062377416884,-0.00146042141410383,-0.000271919367415221,-7.89276156354652e-06,4.13982446971691e-05,1.80884765329281e-05,6.37856174339402e-05,1.6158210821736e-05,1.23316885014571e-05,-4.19658571047385e-06,3.82561906638409e-05,2.31105288252722e-05,3.12357444019338e-05,6.83634324108962e-06,2.41387761026246e-05,4.40095544219072e-06,1.97891470568053e-05,-4.71246346654074e-06,8.10270740060875e-06,-2.00406646379859e-05,-5.85870230430195e-06,-3.58403143803605e-05,-1.90404642994223e-05,-5.54475691770774e-05,-3.976053519121e-05,-8.63992979101648e-05,-5.80977803548688e-05,-7.85777498821408e-05,-5.85595865597139e-05,-0.000178500515960467,-0.000137069742024251,-0.000135937634317939,-1.7910544916632e-05,-0.000157763660250645,-8.86816714796766e-05,-0.000260705924379441,-0.00152416651456463,-0.00772178025267734,-0.0176219538534318,-0.0257567035836001,-0.0323793493644779,-0.0379357836465503,-0.0412558752154036,-0.0428977940417099,-0.0436399201351168,-0.0424932883178629,-0.0403835066133979,-0.0369422872459225
-0.0327579090552856,-0.0296467445314456,-0.0257944827929727,-0.0211522339134726,-0.0160326487381201,-0.0104170663571444,-0.00453828849494649,0.00160576888936716,0.00779631974024258,0.0140505425391922,0.0201806604859839,0.0262111062064878,0.031962069214886,0.0374884065331274,0.0426276612531902,0.0474291214401441,0.0517730574484638,0.0557154837843605,0.0591361044265246,0.0621283382858913,0.0645825595632567,0.0665902140363387,0.0680698891808772,0.0691247502612704,0.069675220644373,0.0698358886176211,0.0695394989139152,0.0689052591652606,0.0678717616107622,0.0665627304566069,0.0649198205264437,0.063067616411688,0.0609488552134269,0.0586882177056361,0.0562271288255688,0.053686860664359,0.0510025589077846,0.0482916626199772,0.045491324727733,0.0427073878576848,0.0398617298639083,0.037072404055835,0.0342540759377815,0.0314964216502177,0.0287389806400682,0.0260650025959946,0.0233800585435602,0.0208080306340466,0.0182409665942228,0.015774041656928,0.0133532534586215,0.0110491138813779,0.00878931014876612,0.00670245675133934,0.00468536214270529,0.00285304233429448,0.00115646499841871,-0.000316138428413632,-0.00162862729391547,-0.00265309373273844,-0.00346923558557958,-0.0039665958710882,-0.00422376500028961,-0.0041219650471291,-0.00370889841401389,-0.00299667947137594,-0.00186171244936046,-0.000554775691239949,-8.18900790408878e-05,3.86432246617319e-05,2.06040509928726e-05,4.41624218802202e-05,2.02571871148516e-05,2.23828081137841e-05,2.32747047507938e-05,4.41818719054282e-05,1.83277115490108e-05,3.91776608226307e-05,1.5767488522381e-05,2.55620100072462e-05,-8.72043086777187e-06,-1.72042137804979e-06,-2.78386441227819e-05,-1.16297576690847e-05,-3.47966890619949e-05,-1.99771234919682e-05,-4.53766039272804e-05,-3.29952847719702e-05,-6.05759262071812e-05,-5.09601286538648e-05,-8.16570863687323e-05,-7.50032994103749e-05,-0.000107402954596016,-9.51175695026417e-05,-0.000108582609104045,-9.07014215327107e-05,-0.000106546022498535,-8.13357483595203e-05,-0.000108045418593063,-6.71247334580784e-05,-8.66873564575747e-05,-0.000152712244728339,-9.12620411406288e-05,-8.9403245808772e-05,-9.97871329014784e-05,-7.66208381961252e-05,-0.000643009971206465,-0.00387057312964701,-0.0123560451591058,-0.0204752874951149,-0.0263286045750672,-0.0313126530664309,-0.0341657194819011,-0.0356068467928535,-0.0359940945891282,-0.0348482541645541
-0.0289912777428346,-0.0277730715342992,-0.0256306004133014,-0.0227160728720417,-0.0190514098917959,-0.0148258552057205,-0.010131430743488,-0.0050892341841608,0.000219642985731733,0.00567967914129036,0.0112120546558536,0.0167286295701192,0.0221677264800431,0.0274435024421711,0.0325070761996774,0.0373108069919311,0.0417913141803459,0.0459276061371367,0.0496796641659955,0.0530264716819764,0.0559430642885319,0.0584379607929126,0.0604823427133779,0.0621004794732931,0.0632783630946095,0.0640520467252275,0.0644087837011047,0.0643968838939128,0.0640092944843376,0.0633039281195793,0.062273817838133,0.0609827943675578,0.0594229244457421,0.0576622424952383,0.0556886689029939,0.0535728098216074,0.0513003546954465,0.0489401222098021,0.0464635734404541,0.0439436464093078,0.0413545272222545,0.0387500614894014,0.0360979166769145,0.0334741025438223,0.0308140470059827,0.0281961642038485,0.0255811817638727,0.0230096097945339,0.0204542385540797,0.0179899118277631,0.0155374022290725,0.0132057368273876,0.0109421442832026,0.0088034920347265,0.00677515914754733,0.00494460036790947,0.00323345010879696,0.00176700053028901,0.000504337001933514,-0.000489964392519211,-0.00124679133982638,-0.00166281748619862,-0.00180515151206636,-0.00161350331171425,-0.00104090599530765,-0.000271452374687481,-2.2813445676985e-05,3.09880540972229e-05,1.25540516202872e-05,4.10618509128499e-05,5.31311562114527e-06,4.07509021420497e-05,1.72311205509347e-05,3.85021185361592e-05,1.46056227331183e-05,3.23884512691722e-05,5.10552922756584e-06,2.39186317839398e-05,6.94849170620699e-06,2.84655248992542e-05,3.26466633218483e-06,2.12580517368442e-05,-4.34777080579045e-06,1.34965306969563e-05,-1.29947531014414e-05,3.65043072215195e-06,-2.47996885227015e-05,-9.59449922447685e-06,-3.90290396602505e-05,-2.39074266332572e-05,-5.34659647753038e-05,-3.91680316648557e-05,-6.93064480672983e-05,-5.5609706775462e-05,-8.51941361724709e-05,-5.83484445895475e-05,-9.01867393294921e-05,-9.81940129631598e-05,-0.000119264477044341,-9.87257320251619e-05,-0.00012453201577767,-8.52293837047969e-05,-9.96167546247795e-05,-5.25980188587477e-05,-0.000135112475951577,-4.07179900229113e-05,-0.000102131601577846,-7.20147515851467e-05,-0.000303630675317618,-0.00259300165281123,-0.00962175070004087,-0.0167458624432841,-0.0216921753606975,-0.0257736188729132,-0.0279897213800971,-0.0290336051299048
-0.0225043820490817,-0.0230940656418842,-0.0225642653239552,-0.0212241110436828,-0.0189771165018013,-0.0161632128235793,-0.0126787845396467,-0.00879618356906081,-0.00447149861872183,6.88824241564576e-05,0.00486564557979023,0.00971970513366606,0.0146504412089898,0.0195072489537666,0.0243021585792103,0.0288946214819192,0.0333188928352228,0.0374526237499465,0.0413163523260259,0.0448328199737366,0.048020392031604,0.0508114016734447,0.0532414764540324,0.055263958066586,0.0569088333637044,0.0581495143013147,0.0590215550475595,0.0595123635909575,0.0596581837467193,0.0594600200150384,0.0589528516497047,0.0581475913137984,0.0570769061574583,0.0557605216173524,0.0542266868868354,0.0525003359368622,0.0506012342476706,0.0485585834790278,0.0463906749567256,0.0441233411778376,0.041757371045991,0.0393368975314059,0.0368525493512014,0.0343284330204063,0.0317753653035621,0.029219473014771,0.026633602750582,0.0240881359712235,0.021541455728869,0.0190414855453049,0.016591585851581,0.0142240366146619,0.0119203954358877,0.00977278412449926,0.00772173246592865,0.00586451360997627,0.00417749748568669,0.00272393086483509,0.00148196431305799,0.000553475647970777,-0.000116927344918756,-0.000450666097230673,-0.000443302569257643,-0.000138104926949235,-8.2057018035174e-06,2.54456372682459e-05,1.25756617744746e-05,2.99889902545498e-05,1.06850289054814e-05,3.74929505047802e-05,1.79217209959842e-05,3.3465382413006e-05,1.56626687231915e-05,3.1523247126875e-05,1.57306010562412e-05,3.51315470389285e-05,1.4566205706004e-05,3.26209105739396e-05,7.78328558244603e-06,1.95841446256208e-05,-8.28529811093878e-06,1.82400694800686e-06,-2.3481092162291e-05,-9.08553562262431e-06,-3.28467648355878e-05,-1.83851150167274e-05,-4.36446586410836e-05,-2.99775471593563e-05,-5.75794652447507e-05,-4.51757938068012e-05,-7.59006159547924e-05,-6.36045632586223e-05,-9.52144284709677e-05,-7.65423517101531e-05,-0.000100553841003634,-8.36458973440028e-05,-0.00011115690406156,-7.11148144234548e-05,-0.000105099212534449,-6.46528105434361e-05,-9.41202337560628e-05,-8.40740434027817e-05,-0.000109126088775479,-9.39344739693249e-05,-9.31264559391878e-05,-3.61948235135003e-05,-9.73784096718093e-05,-4.43556193946776e-05,-7.25128750108167e-05,-5.8015620652957e-05,-0.000213791287601403,-0.00224871936111508,-0.00816149371681585,-0.0139549071470379,-0.0179545727274726,-0.0209529173645154
-0.0147810091505274,-0.0167101638422209,-0.0175468874378744,-0.0176407990669483,-0.0166750671004797,-0.0151333796561021,-0.0128407240016321,-0.0100742336219381,-0.00676596300497964,-0.00315121438185783,0.000814828268807561,0.00493741284986382,0.00925208176106816,0.0135770912461847,0.0179460704697686,0.0222192705054045,0.0264040948873388,0.0303921493894364,0.0342035726699118,0.0377337323692364,0.0410108921357257,0.0439616858430362,0.0466062631885819,0.0488901858088085,0.0508444629722417,0.0524295370531543,0.0536757214157907,0.0545589141386819,0.0551136547880554,0.055329326128252,0.0552402702283744,0.054845648767618,0.0541789928467173,0.0532479413329037,0.0520826046692433,0.0506971765109784,0.0491202687359426,0.0473690213177704,0.0454592266600234,0.0434156158375585,0.0412567399314541,0.038994125634205,0.0366396372468708,0.0342297228622134,0.0317464524510791,0.0292328667754529,0.0266941719898095,0.0241403276535079,0.021586808408255,0.0190855645772363,0.0165920493212789,0.0141945482295673,0.0118845456882371,0.00969285179065593,0.00762589649868669,0.00579572233829526,0.00410601806433275,0.00268636129393357,0.00153868843001596,0.000676873243969701,0.000144431109892118,-1.8527851744997e-05,-2.3590845070035e-06,1.44039550745712e-05,1.28838868041125e-05,1.72842010888115e-05,1.43037033902457e-05,2.45760912766445e-05,1.65072452297354e-05,2.5049455824219e-05,1.71640121121937e-05,2.80731925113008e-05,1.97698483732331e-05,2.73122274731978e-05,1.76826566376263e-05,2.13336200038722e-05,1.14192327627694e-05,1.46499879883029e-05,8.87039243677032e-06,1.47188902258726e-05,6.15235164735514e-06,1.02290893558903e-05,-7.10247687824733e-07,1.67998433687172e-06,-1.04453980725443e-05,-8.64519438196977e-06,-2.20906466946667e-05,-2.11732494490496e-05,-3.5355172651302e-05,-3.42303577137653e-05,-4.80907722626289e-05,-4.67284228327426e-05,-6.03214198511457e-05,-5.94935699316138e-05,-7.44718682629918e-05,-6.44521977885623e-05,-7.89540510483461e-05,-9.13374715338326e-05,-9.88697766474385e-05,-9.89514760919906e-05,-0.000111469646830364,-8.34925492155314e-05,-9.13676021826561e-05,-5.48133111345847e-05,-9.22781309906353e-05,-7.32272796009035e-05,-9.07041347828066e-05,-3.93238538380882e-05,-5.71344266330407e-05,-4.03075588881296e-05,-4.06035237555104e-05,-3.7599959464784e-05,-0.000240514504373824,-0.00240696379572041,-0.00736987083193067,-0.0117255333435949
-0.00674036773738641,-0.00964837775476345,-0.0117218082998617,-0.0127757325928416,-0.012952771821051,-0.0124960219842713,-0.0112826151795013,-0.00949485910191951,-0.0071763410139814,-0.00443651774462662,-0.00131318501497428,0.00208581704512012,0.00570410882187612,0.00946868450785253,0.0133203238347739,0.017183131717539,0.0210232110906829,0.0247697406728152,0.0283827111699855,0.0318228987036225,0.0350532987399508,0.038035994474131,0.0407554593037077,0.0431860785199244,0.0453136468282247,0.0471255078513281,0.0486187329097418,0.0497885100891598,0.0506388722192651,0.0511738141629691,0.0514031134003354,0.0513364346186779,0.0509878401906162,0.0503725037023308,0.0495070722404486,0.0484090836846485,0.04709410842649,0.0455815067939589,0.0438920211109789,0.0420399903246952,0.0400363211799381,0.0379105310130076,0.0356708708602476,0.0333258228112961,0.0309084837660374,0.0284300426895758,0.0258926899061798,0.023344711097949,0.0207818157709354,0.0182354418588352,0.0157412721976136,0.0133039736590117,0.0109648766300759,0.0087866537253414,0.00671663970895265,0.0048876928372643,0.00330488126742184,0.00194128645501112,0.000914767705083495,0.000238527977033279,2.08844112401299e-05,6.21031004935063e-06,1.39075367340578e-05,9.27770882797854e-06,1.6833941768727e-05,1.69250613677595e-05,1.81909859967224e-05,1.86942265212171e-05,2.15374608019127e-05,2.25701384637451e-05,2.43772125905025e-05,2.13999915945075e-05,2.24808269858692e-05,2.01625285086563e-05,2.12857278452201e-05,2.13672292894813e-05,2.03739627486507e-05,1.90733361910081e-05,1.32300911339885e-05,6.93002924172656e-06,-7.21868499018029e-07,-7.68011359848043e-06,-1.36054693492305e-05,-1.83050957700339e-05,-2.33045622208712e-05,-2.80762552073323e-05,-3.3722306248673e-05,-3.91261645772933e-05,-4.61622338964262e-05,-5.29575584619289e-05,-6.18311138745089e-05,-6.87064527031519e-05,-7.72296309895654e-05,-7.99954382467486e-05,-8.33561647033631e-05,-9.04041533778996e-05,-9.36200375917296e-05,-7.88664931414645e-05,-8.56666979619996e-05,-7.42589732920532e-05,-7.4799771069942e-05,-8.65870253631439e-05,-8.75802734587838e-05,-9.98916523935696e-05,-7.28735258608897e-05,-5.93635908046941e-05,-5.52588647320095e-05,-6.23652728408364e-05,-6.41097461808947e-05,-3.7226755121759e-05,-1.70027790909555e-05,-3.76586544138216e-05,-6.87032440001815e-06,-1.721023747801e-05,-0.000347488797363895,-0.00289399395613729
-0.00053699312980169,-0.00311445671067052,-0.00583279859662348,-0.0075577164219667,-0.00868863927221914,-0.00899353981353212,-0.0087195747291716,-0.00772829166849629,-0.00630408479029901,-0.00431838832272686,-0.00200798096569651,0.000715063703045675,0.00364885324279171,0.006843688775365,0.0101340512852865,0.0135698027563654,0.0169831176178725,0.0204260684824137,0.0237636308212951,0.0270254638719832,0.0301027727120923,0.0330334259538151,0.0357169262373967,0.0381914627232061,0.0403814614659464,0.0423237711294364,0.043956278319201,0.0453168267054778,0.0463603806994454,0.0471254936567486,0.0475802345516895,0.047761686219867,0.0476498493369549,0.0472800603556278,0.0466417729066266,0.0457672759927181,0.0446572652406899,0.0433383788287322,0.0418125119516898,0.0401046060251836,0.0382322402057103,0.0362000019094138,0.0340330371288902,0.0317503894016283,0.0293620987883505,0.0268858909869415,0.0243722029744163,0.0217881800881209,0.0192088321608426,0.0166492097632674,0.0141297091963956,0.011655379669552,0.00935735541806552,0.00715860508761425,0.0051542186088003,0.00338764193739887,0.00191538918967687,0.000742045268583639,9.31705143850955e-05,7.20990997197505e-07,8.70240974652473e-06,4.18653452150889e-06,1.06994036600927e-05,1.03437788180404e-05,1.3834602178704e-05,1.27532597359145e-05,1.82033275027029e-05,1.67029145646796e-05,2.00596443232013e-05,1.76174928823394e-05,2.05703036351577e-05,1.96734861742024e-05,2.21699100416757e-05,1.92395971116999e-05,2.02796529435509e-05,1.33634997744168e-05,1.420157584009e-05,6.842223255703e-06,1.07580641677602e-05,5.69917530324579e-06,8.76147976755375e-06,1.76905629342703e-06,2.45318305809424e-06,-6.91181374281566e-06,-7.1348696121956e-06,-1.75076665110809e-05,-1.82382485106305e-05,-2.97507374882624e-05,-3.02938901254303e-05,-4.19303015079925e-05,-4.11672402467257e-05,-5.30469067176583e-05,-5.10523972287693e-05,-6.45007239727273e-05,-6.29976297385112e-05,-6.96352998663451e-05,-6.66906645799582e-05,-9.30438199151905e-05,-8.28753509841808e-05,-0.000102463229098958,-9.33414312147846e-05,-8.88794492702441e-05,-7.31561408471097e-05,-6.5124777028224e-05,-7.05896908060114e-05,-8.39587853878624e-05,-6.69125880260358e-05,-5.86031362443731e-05,-2.95570125841795e-05,-5.15348343132646e-05,-3.52952508938178e-05,-3.09813012748133e-05,1.03990395469445e-05,-3.07049878302467e-05,1.05595670193727e-05,-1.36534526711782e-05
2.12688888571929e-05,-4.81969206404774e-05,-0.000868424117388058,-0.00285407466027637,-0.00451438615070129,-0.0053919692022794,-0.00573003557580875,-0.00538989308186141,-0.00464845176511788,-0.00334078240779497,-0.00168407585941883,0.000402440606629626,0.00272736134626611,0.00536130454909482,0.00813967457039259,0.0110966477857736,0.0141058382738045,0.0171850053413482,0.0202165732511699,0.0232285689208294,0.0261156426011496,0.0288942184526843,0.031487420578756,0.0339110826028281,0.0360981285196333,0.0380668985256618,0.0397684269810244,0.0412202948265563,0.0423872849675268,0.0432879441426339,0.043900090332881,0.0442416544668917,0.0443021614713866,0.044098992303928,0.0436320717280928,0.0429155700604235,0.0419569233828751,0.0407673690781715,0.0393681862142561,0.0377612187659434,0.0359681111078739,0.0339996604744556,0.0318873000750878,0.02961593430616,0.0272493989208875,0.0247706725537395,0.0222353929172527,0.0196407589622959,0.0170436422706573,0.0144434625310606,0.0119578164857621,0.00946444160833736,0.00718823170212405,0.00508935366393074,0.00318312490010165,0.00154037868340926,0.000344425549157377,1.98398677000526e-05,3.25614723321162e-06,4.80062091299979e-06,3.58697874766604e-06,1.01095287076527e-05,8.79603552832757e-06,1.24443959018496e-05,1.35434102066415e-05,1.67288622444289e-05,1.59277422985012e-05,1.84046330896025e-05,1.89487435758506e-05,2.10133587237982e-05,2.14017874030855e-05,2.01983941758346e-05,1.96271338469373e-05,1.82416833757942e-05,1.81444117368523e-05,1.86914971012434e-05,1.75011179444968e-05,1.61249530615046e-05,1.06742692827695e-05,4.50000392380291e-06,-2.30361735442036e-06,-8.71288974484279e-06,-1.37925932509045e-05,-1.89458720101391e-05,-2.32550773056105e-05,-2.87440258113947e-05,-3.32050368566301e-05,-3.93439358089382e-05,-4.45934690658224e-05,-5.2101119154029e-05,-5.84431083902016e-05,-6.61410546754414e-05,-7.17072690364702e-05,-7.6440567894249e-05,-7.80809607489465e-05,-8.7481839814628e-05,-8.69533821832404e-05,-7.65507630610151e-05,-7.87131466164079e-05,-7.1798256101765e-05,-6.87790599152583e-05,-8.27930958385889e-05,-8.02805766199066e-05,-9.45926159627491e-05,-6.59338299746609e-05,-6.00233012661908e-05,-4.75029389434593e-05,-6.21656648604239e-05,-5.36911505423604e-05,-4.2037103719438e-05,-1.17157991322668e-05,-3.28773652696804e-05,-1.14132122498063e-05,-1.06826005630528e-05,2.12352009652645e-05,2.79794922445477e-06
1.33150393711333e-05,3.72374470612005e-05,2.50130475012885e-05,-0.000125500575053362,-0.00115997961127581,-0.00227585186326197,-0.00290540107704422,-0.003076675047933,-0.00275266849845367,-0.00199140673181422,-0.000828406588624161,0.000698260864092912,0.00254558607031883,0.00464325839456012,0.00697580565190645,0.00947703571908929,0.0120977064531795,0.0147943609805836,0.0175298498317472,0.0202450358713605,0.0229138765527237,0.0254939539615899,0.0279529168025491,0.0302572946815308,0.0323865680038566,0.0343139332606842,0.0360218231453995,0.037492471275359,0.0387149907201787,0.0396800154583316,0.0403812010956423,0.040816345585762,0.0409832073837543,0.0408862331195903,0.0405255147656509,0.0399110990361553,0.0390474865297268,0.0379490856325376,0.0366163554984331,0.0350718908811908,0.0333252326024619,0.0313900800048239,0.0292798470921206,0.0270350269417686,0.0246415477396941,0.0221523856637046,0.0196050014389719,0.0169976268302501,0.0143572600354321,0.0118049777375574,0.00930127509882358,0.00688792635125373,0.00467556792306112,0.00268612087405632,0.00103020791439248,0.000105668030725562,-6.12255473463169e-07,-3.45115074133838e-06,5.23326428350678e-07,2.36361104405035e-06,4.78086313548673e-06,5.92426880399207e-06,8.90473801897702e-06,1.0414175342806e-05,1.20832827983398e-05,1.29199733920053e-05,1.58181621381826e-05,1.6300725545259e-05,1.76606959142783e-05,1.71605258108852e-05,1.75928774781243e-05,1.85419036784738e-05,1.89247434295674e-05,1.84582635141434e-05,1.68856436846641e-05,1.26847607817733e-05,1.04779739176708e-05,6.42573750292894e-06,6.60160681764033e-06,5.09581905229581e-06,4.81587271678198e-06,1.51928517918212e-06,-1.49534691705313e-06,-6.86570476248907e-06,-1.10357811661416e-05,-1.70683557525291e-05,-2.19753640842708e-05,-2.86168881534137e-05,-3.34785094543993e-05,-3.96589654549043e-05,-4.34963257781117e-05,-4.9377717825514e-05,-5.24872078437644e-05,-5.94265526005345e-05,-6.326209930823e-05,-6.35226209222268e-05,-6.73582685153554e-05,-8.45730258365682e-05,-8.23140731305892e-05,-9.3461618652082e-05,-9.14652942268173e-05,-7.96546001182615e-05,-7.2653175899338e-05,-5.82129041788219e-05,-7.17906196185356e-05,-7.36400303067329e-05,-6.79542860951471e-05,-4.90897517562464e-05,-3.55526668469313e-05,-4.04496313363495e-05,-4.15949058730851e-05,-1.98470370379556e-05,-4.36429480129874e-06,-1.18776587237102e-05,8.63129369292914e-07,1.87441037737694e-05
1.79766510035029e-05,4.02630125799438e-05,2.33854117045299e-05,4.62801220762119e-05,1.83614098611218e-05,-0.000209836779489903,-0.000807708356654365,-0.00118326652272129,-0.00107584671706263,-0.000671944915047581,0.00015457058349945,0.00127491760348323,0.00272057330628721,0.00440060676611418,0.00634500268703682,0.00844081850200169,0.0107095878965887,0.0130572880661129,0.0154842527025162,0.0179178650868152,0.0203488948492538,0.0227099480557958,0.0249981144473719,0.0271581011294981,0.0291801261269844,0.0310234774474812,0.0326807728684809,0.0341226783402466,0.0353411519483163,0.0363188861633407,0.0370482076217903,0.0375234761525502,0.0377367397590076,0.0376940035662098,0.0373859197439676,0.036828253960614,0.0360075386958545,0.0349517799610612,0.0336495111780832,0.0321358268129546,0.0303876946804373,0.0284655198826675,0.0263443228223386,0.0240860746965325,0.0216690173548824,0.0191746458898583,0.0165831435779664,0.0140113697990756,0.0113465553591882,0.00882876618324234,0.0064012311901229,0.00411549787338748,0.00203417531483462,0.00041665326202587,2.48866602413664e-05,-6.32578610116579e-06,4.70742646233182e-06,-6.27654494982472e-06,5.71246134911738e-06,5.09100170125435e-07,8.27534243567344e-06,5.36834308861065e-06,1.18590250566134e-05,8.9060376860002e-06,1.53332071351152e-05,1.32047206319715e-05,1.73284028685892e-05,1.52013624806075e-05,1.92488054220418e-05,1.77499918221248e-05,2.12033317373581e-05,1.74487947856349e-05,1.88960450536919e-05,1.53033766290151e-05,1.69222175130521e-05,1.57980377153448e-05,1.61526620088117e-05,1.32679094068944e-05,9.33183521402794e-06,2.35348798566576e-06,-3.36465519636016e-06,-9.73497210816921e-06,-1.4208507164978e-05,-1.93218909341211e-05,-2.36536347497289e-05,-2.87044716792567e-05,-3.34640212424895e-05,-3.85825959393953e-05,-4.43809514069475e-05,-5.02481868303154e-05,-5.73386801939535e-05,-6.27782394093764e-05,-6.96033442039095e-05,-7.20304549200829e-05,-7.63168996992179e-05,-8.26219347271091e-05,-8.43258666676069e-05,-7.17193060756308e-05,-7.66765933960478e-05,-6.61757285716842e-05,-6.83874898588496e-05,-7.62266047913304e-05,-7.96616132029537e-05,-8.54141276115015e-05,-6.57676154422002e-05,-5.34950998930432e-05,-5.0058950964592e-05,-5.42602960993616e-05,-5.49013639643586e-05,-3.38136736330124e-05,-1.96841444614272e-05,-2.19602112670201e-05,-2.1255254483402e-05,1.29607125979191e-06,8.30983712901986e-06,9.45237351269538e-06
1.76707405897711e-05,2.62238200306235e-05,3.35720061000287e-05,4.14368607466732e-05,4.73430262780979e-05,4.81299025144495e-05,2.24567661049425e-05,-9.48012093799123e-05,-4.87542442424678e-05,0.000280797818380818,0.00087800445989212,0.00177491328126674,0.0029344288913139,0.00431005409226185,0.00593156421834869,0.00772734176660632,0.0096650207485406,0.0117219096766785,0.0138633933629945,0.0160362955998548,0.0182211168623065,0.0203767809501075,0.0224720733411739,0.0244723677842565,0.026356081929826,0.0280918075750477,0.0296602549796911,0.0310368340839344,0.0322079673989318,0.0331545804839324,0.0338682474821949,0.0343358265956538,0.034554269326011,0.0345156176134228,0.0342210372313531,0.033666908580833,0.0328607865642025,0.031803964240054,0.0305044219547595,0.0289715338008182,0.0272266712539906,0.025268644405615,0.0231302214112231,0.0208489846584916,0.0184190547509666,0.0158762856560534,0.0133276687137917,0.010736213589021,0.00814149673513462,0.00568752586916789,0.00334420215715744,0.00133039189280556,0.000145069301824101,-2.29528130457827e-06,-8.85273365403363e-06,-5.84578524417925e-06,-2.24154512579016e-06,-2.03098735310076e-06,3.77890718751318e-07,2.26867415659694e-06,4.40386176487001e-06,6.16623067534615e-06,7.929098302776e-06,1.04034265279076e-05,1.09518460782573e-05,1.28454749197102e-05,1.4120037368238e-05,1.59876652148138e-05,1.60113059229945e-05,1.6623892338141e-05,1.5585271526155e-05,1.74486034303222e-05,1.68624112322551e-05,1.74826000379527e-05,1.48000677685247e-05,1.16636841696644e-05,8.24804086881289e-06,5.49982534815503e-06,4.27596533363834e-06,4.01067723956199e-06,2.69208777445693e-06,3.86566187338252e-07,-3.59194024805574e-06,-7.80860338573136e-06,-1.28799147856097e-05,-1.78066998545234e-05,-2.34573628654212e-05,-2.89444142281418e-05,-3.43794880143676e-05,-3.93073689357871e-05,-4.3640840103899e-05,-4.82642122844381e-05,-5.192890544019e-05,-5.75151603580281e-05,-6.15370490741236e-05,-6.09894309465958e-05,-6.58065492247727e-05,-8.06420443408975e-05,-7.95777731592755e-05,-8.91939620164363e-05,-8.715221954483e-05,-7.54973265343664e-05,-6.9203758282483e-05,-5.63981782680788e-05,-6.93988065952835e-05,-6.96541836599865e-05,-6.44097559857622e-05,-4.60571923623711e-05,-3.55289592639971e-05,-3.82719179423134e-05,-3.93584153619169e-05,-1.82111281953005e-05,-7.07467783359341e-06,-8.00168058177339e-06,-1.98115511732482e-06,1.74495374026274e-05
1.9405626135177e-05,3.18719395346246e-05,3.0301625839107e-05,4.01780891625046e-05,4.88323889205583e-05,4.67031804663998e-05,5.69628675755304e-05,5.94580200593379e-05,0.000150552905809156,0.000539104748926431,0.00112064131650698,0.00194117672920198,0.00293279597962006,0.00413217179227304,0.00553781537193261,0.00708947173972938,0.00878504675388051,0.0105964436895862,0.012490472156297,0.0144333237011978,0.0164005791993418,0.0183481879144609,0.0202604753236335,0.0220939670800989,0.0238329794531714,0.0254368551648915,0.0268990310516001,0.0281801111635988,0.0292796242549751,0.0301593473745688,0.0308276159497979,0.0312484944681272,0.031439329798744,0.0313657644947496,0.031054469519985,0.0304699125944263,0.0296467281319686,0.0285519234681695,0.0272374765909578,0.0256641178500856,0.0238932014274244,0.0218918852931232,0.0197401950617698,0.0174081479728454,0.0149952582096168,0.012424282827218,0.00990316709195588,0.00736260906555564,0.00489486623339723,0.00254426723679875,0.000587298026734232,4.72933199461996e-05,-1.25218998472642e-05,3.19618248447465e-06,-1.22208294906504e-05,2.55690201561125e-07,-4.50992788903924e-06,2.43119803703841e-06,-1.10815908337612e-06,6.38111009026071e-06,2.84297875392401e-06,9.91474586058238e-06,6.95383173823492e-06,1.26688454275568e-05,1.06960345311594e-05,1.61367303464018e-05,1.31938881051684e-05,1.74828440029072e-05,1.50787469139618e-05,1.94416517096385e-05,1.7299507905894e-05,1.89134424123491e-05,1.49781253713849e-05,1.61942235788644e-05,1.31287494743439e-05,1.63351868732221e-05,1.25835977782007e-05,1.34719589984664e-05,6.17510177717147e-06,2.77575014998392e-06,-5.98100076257755e-06,-8.81223886201133e-06,-1.60599348680975e-05,-1.8174227703023e-05,-2.5140755672345e-05,-2.74921489996867e-05,-3.45234595008309e-05,-3.71120096423899e-05,-4.47918610266583e-05,-4.82717092190458e-05,-5.68160973146354e-05,-6.00610832554882e-05,-6.8052424146421e-05,-6.88933256198936e-05,-7.46595176293119e-05,-7.92752908208579e-05,-8.14996490612611e-05,-6.89510447361865e-05,-7.41213310085728e-05,-6.34264515746946e-05,-6.68111753456811e-05,-7.32973715778813e-05,-7.71456092205806e-05,-8.08136701026186e-05,-6.27974855426399e-05,-5.17350850720509e-05,-4.86977246001377e-05,-5.25596592863151e-05,-5.12447251904392e-05,-3.26338006514702e-05,-1.95230437501218e-05,-2.20010446373562e-05,-1.87156363266774e-05,-2.0404740098141e-07,8.03456090190834e-06,7.97175722453321e-06
1.92195293974653e-05,2.18418025998507e-05,3.44614032090083e-05,3.86784887409043e-05,4.35608618613011e-05,4.85744552063567e-05,5.34062058109649e-05,5.57285370209326e-05,6.27115942973893e-05,0.000145430864525136,0.000685053994206531,0.00151326686012202,0.00252819127643755,0.00365062309187661,0.00493473715072869,0.00635396443261743,0.00785757703782494,0.00949448155005656,0.0111942811928232,0.0129443881851939,0.0147150948769079,0.0164903787448276,0.0182229312164466,0.0199011878231051,0.02148636874458,0.022964699949265,0.0242996328689578,0.0254815574625652,0.0264782947932437,0.0272828145855254,0.0278683157958859,0.0282328848616427,0.0283549162419786,0.0282374947692814,0.0278638381701024,0.0272412826534157,0.0263590548214781,0.0252330261796524,0.0238547242671694,0.022249513952793,0.020427336834719,0.0184030014321442,0.0161903329603125,0.0138838004026859,0.0114357994042593,0.00891593851169569,0.0064331421817766,0.00395619206525884,0.00174052240229352,0.000237220670275561,4.4739320187514e-06,-1.2987968479474e-05,-8.29312954525837e-06,-7.14402482728831e-06,-6.16272135928537e-06,-5.37008507139848e-06,-2.73109360843917e-06,-1.60204025824617e-06,1.03100673684143e-06,1.58825991091751e-06,5.1208400062572e-06,5.08374559877727e-06,8.65789732141636e-06,8.90581384519839e-06,1.17121648944966e-05,1.11444449877984e-05,1.45417762103881e-05,1.40954619416192e-05,1.64964511680434e-05,1.45681642584468e-05,1.57976944437256e-05,1.50257754377778e-05,1.70545467152348e-05,1.51097206683308e-05,1.49249754150286e-05,9.2809213188168e-06,8.30335057164273e-06,3.30335342618943e-06,4.25308911193989e-06,1.66339281577852e-06,2.66450725781354e-06,-2.0815320869199e-06,-3.66075211680585e-06,-1.01692578465248e-05,-1.27276579997175e-05,-1.98995791031808e-05,-2.30695207602061e-05,-3.06674999627036e-05,-3.35525276939908e-05,-4.05513379002592e-05,-4.23499548241298e-05,-4.90140028292846e-05,-5.01937723270804e-05,-5.77015182679819e-05,-5.89279736700644e-05,-6.07804690713425e-05,-6.34070583837349e-05,-7.92260828834024e-05,-7.60879483873157e-05,-8.73248056942901e-05,-8.22738238756348e-05,-7.3915814731358e-05,-6.52297793211556e-05,-5.68260739966447e-05,-6.61088076127027e-05,-6.82091938131751e-05,-6.00269677132953e-05,-4.54969906125989e-05,-3.39086957157498e-05,-3.86757031726137e-05,-3.5557465636789e-05,-1.90254522254106e-05,-6.42950701173132e-06,-9.00268657304206e-06,-3.24277547631146e-09,1.4106683053019e-05
1.9833315233861e-05,2.80275178082683e-05,3.18245868504323e-05,3.67642526780156e-05,4.71367133110496e-05,4.62045177363235e-05,5.45517075415674e-05,5.47928313473744e-05,6.01754927338435e-05,6.14066566842373e-05,0.000112286261272693,0.000514568011586095,0.00156014942031403,0.00275002381254195,0.00401610762203283,0.00536105123408943,0.00677759735564227,0.00829802920072024,0.00985117652581679,0.0114580245354872,0.013075498330347,0.0146949040576065,0.0162748341238089,0.0178112993683324,0.0192547359026066,0.0206042089495324,0.0218140322780491,0.0228868531584546,0.0237764939764628,0.0244892956165087,0.0249824971991107,0.0252696795095847,0.0253102469522336,0.025126492242248,0.0246803231940051,0.0240004675464061,0.0230476345852621,0.0218673334962933,0.0204292404807725,0.0187823000814261,0.016900678248414,0.0148619567634645,0.0126158505078245,0.0103097811654807,0.00789084896947756,0.0054622018320658,0.00303428428042277,0.000887132896356789,0.000100342336217199,-1.20971415949501e-05,1.20627084479203e-06,-1.50668443712356e-05,-4.53264736519079e-06,-7.41457057171286e-06,-3.16468896374253e-06,-5.81843327072598e-06,8.96859270973759e-07,-2.38971431899622e-06,3.69581141078442e-06,1.83511717417454e-06,6.90489423971128e-06,5.76074957565462e-06,1.03369970233713e-05,8.82792436395122e-06,1.34296537912948e-05,1.24748077549948e-05,1.56478493824244e-05,1.38984215782786e-05,1.69619870816906e-05,1.5934650859213e-05,1.88895568264351e-05,1.56351229481998e-05,1.62768407331246e-05,1.2893509495981e-05,1.41908364631688e-05,1.30422361294646e-05,1.34630952106513e-05,1.01477732683216e-05,7.10130669526582e-06,-5.72496605831487e-08,-4.76386961072782e-06,-1.09837683522057e-05,-1.44451248864032e-05,-1.9977316345966e-05,-2.34466145179954e-05,-2.90427619114535e-05,-3.26725144332843e-05,-3.83350543590674e-05,-4.2634228811408e-05,-4.89601687853715e-05,-5.41411373287876e-05,-6.00513691546251e-05,-6.48246260224953e-05,-6.84569036823074e-05,-7.14500688579233e-05,-7.83971201748586e-05,-7.75525116983379e-05,-6.86856064867756e-05,-7.07521962312362e-05,-6.32404286093158e-05,-6.45009513503631e-05,-7.25905301571111e-05,-7.39641957916109e-05,-7.84779904158413e-05,-5.94880384434579e-05,-5.17018902390052e-05,-4.6931201269206e-05,-5.22386911021305e-05,-4.76541707649915e-05,-3.25386409065886e-05,-1.89220562199443e-05,-2.2719800790863e-05,-1.62657224985492e-05,-1.70966975600815e-06,7.98211473671589e-06,6.83789645036832e-06
1.65450765984245e-05,2.3084840770929e-05,3.13840807231957e-05,3.90133634699038e-05,4.01619415826768e-05,4.87001697284951e-05,5.03766955825901e-05,5.50894936474143e-05,5.59643578530003e-05,6.06551150004446e-05,5.74446712405356e-05,8.44671168359472e-05,0.00031188908249543,0.00135301451903694,0.00263993505342926,0.0040321065058582,0.00543366792192747,0.00688474835792937,0.00837687594053267,0.00986280255387936,0.0113796915317612,0.0128695363751137,0.0143340665998641,0.0157322482707697,0.0170619004335515,0.0182812613389886,0.0193847521480718,0.0203362488248559,0.0211302483219233,0.0217323207364721,0.0221416581890619,0.0223281049949955,0.0222953000899696,0.0220181170627683,0.0215073721654664,0.0207395488601179,0.0197340944300321,0.0184755268492213,0.0169955738389297,0.0152767564374559,0.0133902522225545,0.0112989378961404,0.00907733497777963,0.00677784102042519,0.00440171153891644,0.00216237292554713,0.000400867824450272,3.07461554144251e-05,-1.57076157264727e-05,-6.2045441172246e-06,-1.08736415158513e-05,-8.62408462958377e-06,-9.3738567859809e-06,-6.46158760512059e-06,-6.48098053635333e-06,-3.46229964388791e-06,-4.19290925430782e-06,2.67502687284164e-07,-5.44301190207225e-07,3.45344058677764e-06,3.22323084387122e-06,6.89312122576162e-06,6.58829922533992e-06,1.05369473693353e-05,9.58955776905532e-06,1.2679014774959e-05,1.21342445856367e-05,1.54805655763138e-05,1.40959895515593e-05,1.58395982487463e-05,1.32538186662425e-05,1.60723408858904e-05,1.44558853449969e-05,1.61310773918283e-05,1.22681967526926e-05,1.0369814591528e-05,5.74389524503267e-06,4.57329492197027e-06,1.61529135938933e-06,2.70044962894389e-06,-1.31886889744608e-07,-1.30305166687586e-06,-6.53379892992995e-06,-9.28917407717427e-06,-1.54417093754981e-05,-1.88503374969596e-05,-2.55277971976736e-05,-2.93377071414407e-05,-3.56993466269404e-05,-3.8926443664433e-05,-4.41849284085643e-05,-4.70525796770544e-05,-5.17845428421641e-05,-5.53486187531306e-05,-5.98370459551284e-05,-5.82577727518957e-05,-6.4549452609192e-05,-7.54870866437285e-05,-7.61811598322468e-05,-8.30490057823418e-05,-8.11684002552622e-05,-7.01038521394219e-05,-6.52148230506283e-05,-5.48246851438489e-05,-6.63949458192434e-05,-6.4272846013698e-05,-5.93859077276552e-05,-4.25003723059895e-05,-3.57018384214076e-05,-3.61803436947199e-05,-3.543911260765e-05,-1.67242370632672e-05,-8.94125067650412e-06,-6.91342289918891e-06,-1.30870141714411e-06,1.48198871994737e-05
1.79530995746445e-05,2.79235526717669e-05,2.97562011238495e-05,3.73154214354395e-05,4.35485384525007e-05,4.74881414253979e-05,5.06316686262309e-05,5.56928879387993e-05,5.65188972588923e-05,6.00540603606207e-05,5.79395348669867e-05,6.3099467883238e-05,6.81036949073904e-05,0.000197363301676231,0.000920361893714388,0.00230467275039481,0.00378307159543014,0.00523727542681693,0.00669074070381031,0.0081300925211616,0.00957815098919156,0.0109740263763074,0.0123445694355416,0.0136406812134599,0.0148655955152776,0.0159754507090759,0.0169738213032439,0.0178197258683204,0.0185139585364689,0.0190158248324803,0.0193321685881719,0.0194252841545979,0.0193065717250581,0.0189435523671443,0.0183572249260267,0.0175135698717637,0.0164405467832855,0.0151146829976355,0.0135933127293123,0.0118290385552865,0.00991376511249954,0.00782991936320456,0.00564488452163656,0.00336685918781939,0.0012468545942449,0.000194742216783352,-1.17302151420011e-07,-1.36845549073774e-06,-1.38872484397657e-05,-7.73292875198924e-06,-8.08792997873421e-06,-7.50650699253701e-06,-8.80437954973604e-06,-3.76138770532766e-06,-6.38483766044576e-06,-2.08581075553818e-06,-2.36260556609661e-06,7.96304092479751e-07,8.57808435648493e-07,4.437341040335e-06,4.33805518424184e-06,7.90064274112959e-06,7.90035624078209e-06,1.06735285878974e-05,1.10054171698983e-05,1.39830749249884e-05,1.34121369956814e-05,1.51772273886004e-05,1.46397657354689e-05,1.69515706872626e-05,1.66020491259357e-05,1.65641823819617e-05,1.40273398874582e-05,1.36577589825385e-05,1.19842114798499e-05,1.35461298430188e-05,1.11908819349441e-05,1.04186152306671e-05,5.04941583991579e-06,5.49799429698919e-07,-6.30717701580232e-06,-9.91934898044e-06,-1.55672644832207e-05,-1.87793610860741e-05,-2.43813945185667e-05,-2.77282400220827e-05,-3.34389837444868e-05,-3.68959162426424e-05,-4.31484052329675e-05,-4.72249569748872e-05,-5.41378366049064e-05,-5.78865265258444e-05,-6.42798132364662e-05,-6.59905637461174e-05,-7.09630137743773e-05,-7.55570826391265e-05,-7.63750277259513e-05,-6.67855150300455e-05,-7.03388677900308e-05,-6.16730950360255e-05,-6.50392969315576e-05,-7.03725275042922e-05,-7.33607351278397e-05,-7.46894333087851e-05,-5.90238572432915e-05,-5.01806077639636e-05,-4.77031875696304e-05,-5.01309076719679e-05,-4.67159974546346e-05,-3.07204118948214e-05,-2.05565062777929e-05,-2.13346697288584e-05,-1.63563814810059e-05,-8.70811642135958e-07,5.82369996524399e-06,8.13785790924229e-06
1.77100744166311e-05,2.11022831252774e-05,3.22931539301882e-05,3.61199427568459e-05,4.12033027138929e-05,4.57853857098452e-05,5.09816037815069e-05,5.24221509141278e-05,5.63773695323973e-05,5.71744623976446e-05,5.87779286132744e-05,5.76287574659813e-05,6.28488342061726e-05,5.74186859177178e-05,0.000127176011211421,0.000533805775634423,0.00182471238777835,0.00329093695231531,0.00478160911512803,0.00622244978404572,0.00761796062708869,0.00898134916017941,0.0102697568871128,0.0114985756835481,0.0126262656252364,0.0136598937067168,0.0145537800272251,0.0153183995254544,0.0159066910358914,0.0163285265773848,0.0165424663826407,0.0165613022338084,0.0163451697487522,0.0159147935360725,0.0152374268604305,0.0143379664228491,0.0131890139538213,0.0118289792891378,0.0102425237983807,0.00847701434251914,0.00654283016323883,0.00447054508798927,0.00240519712300888,0.00062026128631313,8.55406181601856e-05,-1.13174986131924e-05,-2.14096101503233e-06,-1.17153439837658e-05,-1.03049983448604e-05,-9.92137664743546e-06,-9.01056212138712e-06,-9.39790843057284e-06,-6.95299368414332e-06,-8.27408990408709e-06,-4.1322656985667e-06,-5.16476288097978e-06,-1.88962698225631e-06,-1.73816531674199e-06,1.72658671560715e-06,1.4607957880731e-06,5.26671155586707e-06,4.87764972807221e-06,8.50751463289231e-06,8.39489317925197e-06,1.14208204166932e-05,1.05124206188087e-05,1.37604105193414e-05,1.32172394787191e-05,1.56733860122915e-05,1.3548258599503e-05,1.47868495077415e-05,1.36693274129943e-05,1.58551928557929e-05,1.36619351389113e-05,1.35782548051035e-05,8.08349070085968e-06,7.21151987209763e-06,2.48066416770077e-06,3.0008575458461e-06,3.25000889277061e-07,9.10558156868779e-07,-3.96468998267174e-06,-5.6467830393796e-06,-1.18981547958255e-05,-1.44486834942191e-05,-2.12964832095445e-05,-2.43678594416669e-05,-3.15638263172924e-05,-3.43216193915276e-05,-4.08879516516156e-05,-4.26862724845613e-05,-4.89518975575227e-05,-5.01538458272383e-05,-5.6931433644781e-05,-5.77880297555182e-05,-5.99050624453915e-05,-6.26760826125239e-05,-7.57269223441262e-05,-7.32289313269337e-05,-8.26445487060932e-05,-7.71390990463139e-05,-7.0400088594316e-05,-6.24584431800099e-05,-5.68340909096063e-05,-6.35349423837828e-05,-6.42254704322115e-05,-5.57707183504957e-05,-4.35613132453764e-05,-3.42268293138725e-05,-3.73498517003164e-05,-3.20987721046896e-05,-1.81837914830239e-05,-7.81727995251099e-06,-8.43132781250016e-06,9.70345740210787e-07,1.22470243556359e-05
1.83116453160455e-05,2.61030713147249e-05,3.0067803459519e-05,3.57862973668096e-05,4.33233830842058e-05,4.56880653822061e-05,5.08108985250742e-05,5.33660067268516e-05,5.69729261406035e-05,5.72803247898276e-05,5.91359984819495e-05,5.96321960417869e-05,5.96318602803799e-05,5.79274680078528e-05,6.01811175784196e-05,8.61019448510573e-05,0.000310900167926473,0.00120804954015833,0.00265349696697453,0.00412924689273637,0.00553760948151333,0.00686788591993589,0.00812155537413301,0.00929836835398658,0.0103640276399734,0.0113230307261147,0.0121409076243441,0.0128246333609619,0.0133317747819713,0.013670458141763,0.0138035420750825,0.0137420227032762,0.0134492080081083,0.0129448829322522,0.0122021853719337,0.0112413056282651,0.0100392354359541,0.00863497370486613,0.0070351998845348,0.00525410547628049,0.0033362742727876,0.00145424936510454,0.000315979949815609,2.96179497359765e-05,-1.5911601274618e-06,-8.82638020346686e-06,-8.13502948358545e-06,-7.73879663218377e-06,-9.07878766344284e-06,-1.02622136932291e-05,-6.29262932458569e-06,-9.11469146116495e-06,-6.40157096439833e-06,-5.84844417260593e-06,-4.30993976002278e-06,-3.71352612914419e-06,-8.08854227387918e-07,-6.10912964497658e-07,2.14279478754589e-06,3.04244298104163e-06,5.48593050858111e-06,6.53416839617827e-06,8.84314258146494e-06,9.39798323655336e-06,1.1751871860168e-05,1.26595961020111e-05,1.40487090174463e-05,1.38653526572944e-05,1.51314679861562e-05,1.55889767292913e-05,1.68786753461156e-05,1.52914120493562e-05,1.43103179728499e-05,1.24557860014086e-05,1.22520113099868e-05,1.21113174930808e-05,1.1177785811424e-05,8.85214258199848e-06,5.15861355605738e-06,-5.43379569251064e-07,-5.71138671892372e-06,-1.04934188059823e-05,-1.467932530843e-05,-1.91560703570147e-05,-2.34153379213533e-05,-2.80210266809874e-05,-3.24122767557479e-05,-3.70720218569771e-05,-4.19959393862051e-05,-4.71775762028076e-05,-5.26373015709815e-05,-5.7436443456124e-05,-6.24330833292659e-05,-6.53825434055863e-05,-6.9134762318957e-05,-7.44365240283722e-05,-7.40496992404893e-05,-6.69027062891086e-05,-6.89421551508677e-05,-6.2364240072875e-05,-6.45989752860409e-05,-7.01267093292162e-05,-7.15727137095299e-05,-7.28711246694188e-05,-5.76678054817903e-05,-5.07280045919088e-05,-4.72902044542729e-05,-4.97924812255054e-05,-4.45595794352524e-05,-3.0919077944917e-05,-2.069813364036e-05,-2.16578188494018e-05,-1.48636552248084e-05,-1.86874841002488e-06,5.68418522584307e-06,7.56592110480809e-06
1.60225238759671e-05,2.24458662036702e-05,3.03691786016602e-05,3.67092288836706e-05,3.9491769485872e-05,4.64053323955732e-05,4.89845448200987e-05,5.3097834821806e-05,5.43741939978197e-05,5.76044539697631e-05,5.73850962606773e-05,5.83730288800196e-05,5.87882834520581e-05,5.68247177851971e-05,5.4917524097496e-05,6.05962864480436e-05,6.24191382208493e-05,0.000185515245524361,0.000690387473134488,0.00192688215569211,0.00331051478481574,0.00465708390557659,0.00591009929718814,0.00703992118020597,0.00807408410856555,0.0089723272390185,0.00974012796680576,0.0103493105687873,0.0107951953031727,0.0110546988095902,0.0111258807598535,0.0109869122244605,0.0106373618397356,0.0100587207971972,0.0092682111801762,0.00824450839010546,0.00702552043348342,0.00558205381558598,0.00396704211349689,0.00226910807554617,0.000759013671041663,0.000156101198265055,5.09887770934545e-06,2.16017084644038e-06,-8.91396970628717e-06,-1.00783530047138e-05,-7.503163078682e-06,-9.75067127052785e-06,-1.03354390818898e-05,-8.53796524129618e-06,-1.02223348047483e-05,-7.55970959937848e-06,-8.0742152558811e-06,-6.49665184075903e-06,-5.54571349014204e-06,-3.36653021553051e-06,-3.15514119200282e-06,-1.69541642411377e-07,4.04788807146673e-07,3.0009473726425e-06,3.8507028229795e-06,6.32647596022445e-06,7.03019689686592e-06,9.74031901060796e-06,9.96287572388311e-06,1.1795671828148e-05,1.2219451258606e-05,1.44345806626017e-05,1.4117255433807e-05,1.47061108777003e-05,1.32587371221631e-05,1.47076221752258e-05,1.418447594109e-05,1.45779428025864e-05,1.18793888520071e-05,9.24434496610939e-06,5.78200434877949e-06,3.84330357205359e-06,1.47233642751107e-06,1.25420550123753e-06,-1.09684976210931e-06,-3.38784359467073e-06,-7.79402446817663e-06,-1.13427735539869e-05,-1.64916438696918e-05,-2.06490323143404e-05,-2.6273179802966e-05,-3.07168176775572e-05,-3.60671101555554e-05,-3.99640002420702e-05,-4.4427438923242e-05,-4.79764465927668e-05,-5.18944441889902e-05,-5.57816003252578e-05,-5.91791534058383e-05,-5.90147203206865e-05,-6.42817353212913e-05,-7.32742431212407e-05,-7.36151134629295e-05,-7.93741767632746e-05,-7.64726957975467e-05,-6.82149597719488e-05,-6.33088412294413e-05,-5.6296381038614e-05,-6.39325683869727e-05,-6.14244172947486e-05,-5.54842222634935e-05,-4.20003246738104e-05,-3.59861230380308e-05,-3.55159957638884e-05,-3.1969754717536e-05,-1.68166241154463e-05,-9.69970736953152e-06,-6.80811371346254e-06,2.10403429769673e-07,1.2876314966042e-05
1.74343092981527e-05,2.59201266090338e-05,2.91055619497039e-05,3.6103978404463e-05,4.1837994800526e-05,4.59227123006299e-05,4.94301198595958e-05,5.34746606735155e-05,5.54467876117102e-05,5.75397588570895e-05,5.77636327176839e-05,5.99032918265887e-05,5.79398824264007e-05,5.80219611952442e-05,5.6812287335081e-05,5.49893989671931e-05,5.54108799803999e-05,5.87519097895397e-05,0.00011262045093426,0.000385819882845206,0.00117748320923752,0.00241041744381533,0.00363731017132889,0.0047714302425827,0.00578448124642441,0.00664151855865969,0.00736712256391337,0.00792282945869679,0.0083155578286507,0.00851548977697428,0.00853051868788384,0.0083318173669045,0.00793087154089665,0.00729935033856024,0.00647097533587527,0.00540764731587693,0.00415490518384428,0.00274866154513507,0.0013054019973066,0.000387454371604144,6.9999821788249e-05,6.45602857934319e-06,-1.77228901505542e-06,-5.90508380790664e-06,-6.43287633272689e-06,-7.47363010752402e-06,-9.5542611137014e-06,-6.854731352532e-06,-9.83722895839622e-06,-8.64281411542651e-06,-7.88718007922796e-06,-7.57212496972061e-06,-7.41391409224762e-06,-4.82486351256691e-06,-5.20715570188712e-06,-2.77551902948792e-06,-1.81181093089169e-06,3.07296311153822e-07,1.19512698869759e-06,3.79768845941922e-06,4.55282571755001e-06,7.18672327210158e-06,7.88846886970074e-06,1.00015246737863e-05,1.07484891811593e-05,1.31410123025459e-05,1.30981394397394e-05,1.43290986613816e-05,1.41612741505061e-05,1.5917845356646e-05,1.57882190919608e-05,1.56041881727423e-05,1.33869997219037e-05,1.28848595072583e-05,1.1283317632634e-05,1.22185603333085e-05,9.92494447360473e-06,8.69715298798266e-06,4.02920561926285e-06,-1.35580204103351e-07,-6.16767916627098e-06,-9.61368972348319e-06,-1.4854400931928e-05,-1.8176283432971e-05,-2.35148303927693e-05,-2.7003638581363e-05,-3.24863129036075e-05,-3.60687538922721e-05,-4.1973073566583e-05,-4.59709207195828e-05,-5.23119624569561e-05,-5.59412027049189e-05,-6.17882452681804e-05,-6.37979570651138e-05,-6.85131916660303e-05,-7.23111418684269e-05,-7.31002456212362e-05,-6.63020306064869e-05,-6.91471435343694e-05,-6.25602115813777e-05,-6.57124160660727e-05,-6.90625175218068e-05,-7.10382245613234e-05,-7.02296038447736e-05,-5.79342378561596e-05,-5.06257832616278e-05,-4.82395911426852e-05,-4.84421900944993e-05,-4.38057948832441e-05,-3.03133858903915e-05,-2.21724005876268e-05,-2.07937172569528e-05,-1.47183823134333e-05,-1.67934960672588e-06,4.37647390934367e-06,8.40812512876198e-06
1.62115303743389e-05,2.22816127585464e-05,3.03669307799598e-05,3.5899192694353e-05,3.97285558306994e-05,4.56588617710021e-05,4.89592780900436e-05,5.23963376593383e-05,5.44148259137349e-05,5.68157611640637e-05,5.7492293495754e-05,5.78560141252903e-05,5.82817526408942e-05,5.70030129699596e-05,5.50917491156327e-05,5.62199918613175e-05,5.08999968830235e-05,5.0916598385298e-05,5.70730489653836e-05,7.37460931431856e-05,0.000214997785447326,0.000633028732814034,0.00148758210266255,0.00253629425661679,0.0035069624966272,0.0043549446472097,0.00505245118676129,0.00557402582315895,0.00592065229002667,0.0060792664430697,0.00604563802618008,0.00580620054064339,0.00536120595161129,0.00469166961519425,0.00382111581908192,0.00277409253583509,0.0016196833182195,0.000675075553227494,0.000192493573536995,3.01066047031513e-05,9.053364930816e-06,-2.8025219934335e-06,-7.35295133712185e-06,-3.57368782585118e-06,-8.37294812169805e-06,-8.79187070433798e-06,-8.03379339168103e-06,-9.6146671755397e-06,-9.5838679943323e-06,-8.69380346995123e-06,-9.62353856061173e-06,-7.73512262986627e-06,-7.49719463457932e-06,-6.57268683472462e-06,-5.11088760092737e-06,-3.49418513359835e-06,-2.67124875612957e-06,-4.02458115891448e-07,8.48189827699833e-07,2.7707727097623e-06,4.21304553749062e-06,6.06007578325299e-06,7.3813627162881e-06,9.40400883459748e-06,1.02927023808322e-05,1.15130464077792e-05,1.25207209956307e-05,1.40212002361806e-05,1.43222218439411e-05,1.43777758044981e-05,1.3633939828656e-05,1.42857760331391e-05,1.42717699350341e-05,1.39463086634415e-05,1.19415115881017e-05,8.95375395784964e-06,6.21079553846939e-06,3.78343627480426e-06,1.82220395751275e-06,7.07871551777559e-07,-1.35728294043028e-06,-4.42946573601288e-06,-8.25411128307e-06,-1.23851668954007e-05,-1.69031679411024e-05,-2.15930091148928e-05,-2.65559375392102e-05,-3.15354924862874e-05,-3.62300912447361e-05,-4.07088398841465e-05,-4.46782380039559e-05,-4.88337296519142e-05,-5.22575113088273e-05,-5.65515067097767e-05,-5.93016465492834e-05,-6.01965253170764e-05,-6.45779657223333e-05,-7.26037279457865e-05,-7.2627665674601e-05,-7.77553872177099e-05,-7.45020662362013e-05,-6.79747342269763e-05,-6.30683721126539e-05,-5.77421198069862e-05,-6.2885836521131e-05,-6.03176715101501e-05,-5.38578631214313e-05,-4.24640635885078e-05,-3.63460418270032e-05,-3.52935977854569e-05,-3.03321414347984e-05,-1.72528569821171e-05,-9.95663189840433e-06,-6.70174969671962e-06,1.06422686635689e-06,1.19757999199681e-05
1.74976560682575e-05,2.49842561981776e-05,2.92771856096427e-05,3.55739898325804e-05,4.154951637063e-05,4.52934683853455e-05,4.93674237224439e-05,5.27315560888828e-05,5.52754722542018e-05,5.6812125960372e-05,5.7849720309324e-05,5.89683395707915e-05,5.80315388717717e-05,5.73741869757308e-05,5.69124196514752e-05,5.43503773024911e-05,5.32530452463051e-05,5.08489839950522e-05,4.85978663294072e-05,5.0814242158417e-05,6.31240126623575e-05,0.000119916751727457,0.000328102138365649,0.000772601357676289,0.00145229606534911,0.00219999634902558,0.00284287147400491,0.0033290513991233,0.00364246312700756,0.00377051251910294,0.00370216606485199,0.00343418723931254,0.00297103226546925,0.00232201472171884,0.0015314151627694,0.000798847740904702,0.000319961320827489,9.12987640317949e-05,2.44227003444473e-05,5.78056258868115e-06,-1.35582149320487e-06,-2.7536020962917e-06,-4.11159673766059e-06,-6.18226353422454e-06,-6.15349053534935e-06,-7.75312638507229e-06,-8.89379019286942e-06,-7.70856813092574e-06,-9.12797634807845e-06,-8.94452101784595e-06,-7.74434063553798e-06,-7.80264730365417e-06,-7.03748454001004e-06,-5.29839764629141e-06,-4.79860258480123e-06,-3.14420692410456e-06,-1.54359287752232e-06,-6.03427788885667e-08,1.44130615724558e-06,3.36000531592377e-06,4.78799562813983e-06,6.73697582167008e-06,8.09208593339176e-06,9.54640339029321e-06,1.08880657334138e-05,1.25752880375883e-05,1.32105803431348e-05,1.38979312187137e-05,1.42992055869989e-05,1.53753311836809e-05,1.56873309655945e-05,1.50598637910248e-05,1.35348216288452e-05,1.25296671792551e-05,1.14429393965528e-05,1.14814064695183e-05,9.63231169718427e-06,7.74382290318557e-06,3.90008660706029e-06,-5.56433279567342e-07,-5.59811718094344e-06,-9.48682367255605e-06,-1.40045465726498e-05,-1.7891599135794e-05,-2.26526915161309e-05,-2.67392999088012e-05,-3.16686285274418e-05,-3.5845552685458e-05,-4.11082246226631e-05,-4.56481188597964e-05,-5.11714409288441e-05,-5.536527055929e-05,-6.03575182821721e-05,-6.31212226204841e-05,-6.71344348486543e-05,-7.10542382185868e-05,-7.15008089589508e-05,-6.69032635387667e-05,-6.87818751650388e-05,-6.41333844076666e-05,-6.62818325759314e-05,-6.90767019208598e-05,-6.97567237774644e-05,-6.85731927714425e-05,-5.77249284413964e-05,-5.16845569385802e-05,-4.86010628772284e-05,-4.7967257555704e-05,-4.23466644194345e-05,-3.08073858599435e-05,-2.28939517373812e-05,-2.07166278794402e-05,-1.37412811668329e-05,-2.44640236781916e-06,4.0403311336841e-06,8.44183692717137e-06
1.6234992648465e-05,2.25380448631729e-05,3.01928617947539e-05,3.55544999377832e-05,3.99057999718947e-05,4.53685683587922e-05,4.88813301784285e-05,5.21353848122732e-05,5.43490654692377e-05,5.65348173014682e-05,5.74214260413024e-05,5.76980862710075e-05,5.80846476720518e-05,5.69613883094043e-05,5.53641941987975e-05,5.52723970878986e-05,5.17548937526292e-05,4.98874884468204e-05,4.95652917390172e-05,4.45637329290004e-05,4.58814227292818e-05,5.40252774177333e-05,7.93580408089682e-05,0.000165156698443628,0.000360825689756798,0.000675958155749376,0.00105109936839163,0.00139989335890377,0.00164340812029187,0.00173692549559458,0.00166142128270197,0.00142710448881796,0.00107490237649398,0.000695821884101553,0.000355519799907833,0.000143806130156813,5.02674456742949e-05,1.77205633157609e-05,5.18634097411753e-06,-1.31957323899937e-06,2.34318283645927e-07,-3.78055617806632e-06,-5.92230600666294e-06,-4.71906672176383e-06,-7.75081188296689e-06,-8.42946526720474e-06,-8.07426208252792e-06,-9.42843433380874e-06,-9.25705701969576e-06,-8.72218126661147e-06,-9.24118808368351e-06,-7.77227309248212e-06,-7.18286113031624e-06,-6.46012265690268e-06,-4.9211750681343e-06,-3.44584642907465e-06,-2.40998829247688e-06,-4.26967276250894e-07,1.04450024816567e-06,2.78874595195375e-06,4.36821171638798e-06,6.07745181219381e-06,7.52325855671199e-06,9.32371195092933e-06,1.04574150391047e-05,1.15005395130398e-05,1.26237990788106e-05,1.3899882770338e-05,1.43542684437121e-05,1.43280907885224e-05,1.38624916137226e-05,1.42154135622296e-05,1.42346603908777e-05,1.36277951371019e-05,1.18526915721892e-05,9.05607992348788e-06,6.5758966408642e-06,4.11705736417371e-06,2.05935488403647e-06,4.37830578725705e-07,-1.83490916673782e-06,-5.16535124240902e-06,-8.9549248727532e-06,-1.31748166947686e-05,-1.76004345112165e-05,-2.22947559441236e-05,-2.71420041018719e-05,-3.21028209644095e-05,-3.67124066288755e-05,-4.12857938279698e-05,-4.52811813109768e-05,-4.95092976040334e-05,-5.30082051342182e-05,-5.715995883964e-05,-5.9938333877447e-05,-6.14146685698162e-05,-6.53467417023783e-05,-7.17999276899393e-05,-7.19609711232472e-05,-7.5820791862426e-05,-7.28345981846101e-05,-6.76788391011466e-05,-6.34097959497478e-05,-5.9159665145413e-05,-6.20927442195429e-05,-5.89945627482959e-05,-5.26804443743709e-05,-4.29006780850049e-05,-3.70813134535771e-05,-3.47948136269151e-05,-2.89686458913185e-05,-1.75266689821399e-05,-1.04907867219077e-05,-6.27214781105138e-06,1.66862267510926e-06,1.13496562079982e-05
1.72651643387125e-05,2.43410293008139e-05,2.91705492391788e-05,3.53555827727491e-05,4.10445195541378e-05,4.49540425853342e-05,4.89990345801801e-05,5.22814639114655e-05,5.48088964939074e-05,5.63847227228972e-05,5.75094492226506e-05,5.84020220941939e-05,5.7678894096339e-05,5.70599211994559e-05,5.64154405096028e-05,5.41896267201849e-05,5.26661518737363e-05,5.06164407330258e-05,4.79086163297267e-05,4.5916508786735e-05,4.4286906376153e-05,4.16574087815986e-05,4.62235341106689e-05,6.0325226272087e-05,9.39766201996521e-05,0.000164297061722569,0.000272350998522379,0.000394257341806664,0.000491353120352119,0.00052848523518533,0.000490927645075509,0.000392406892271816,0.000265283964654849,0.000152512137789249,7.39898506134373e-05,3.40510163565667e-05,1.48440807101651e-05,4.45760819818056e-06,3.46452259973131e-06,5.95296755092461e-07,-1.76428067066581e-06,-2.82582691516555e-06,-4.38892408955455e-06,-6.06422000650043e-06,-6.38117751361475e-06,-7.70485722470916e-06,-8.77954453072738e-06,-8.05686844729526e-06,-8.99112523347217e-06,-8.92996677314117e-06,-7.87851924121913e-06,-7.76654799083846e-06,-7.01815246190416e-06,-5.46561115861497e-06,-4.76293782152882e-06,-3.23885014951883e-06,-1.63307636074533e-06,-1.69175781271383e-07,1.37339748980706e-06,3.22965321330794e-06,4.71644112805016e-06,6.51821601660894e-06,7.97782875841063e-06,9.42247789809407e-06,1.07431363061927e-05,1.22929548074918e-05,1.30649122684795e-05,1.37299399323175e-05,1.42379262272048e-05,1.50435621799362e-05,1.53209388875169e-05,1.47541577486851e-05,1.34686453452026e-05,1.24829996871881e-05,1.14146525109753e-05,1.09567163286142e-05,9.12777218140786e-06,7.0625436184535e-06,3.50746054173855e-06,-5.90998772322226e-07,-5.11823330413663e-06,-8.96392088903667e-06,-1.32892493873981e-05,-1.7281414483566e-05,-2.18810967425948e-05,-2.60886914985762e-05,-3.08965475811766e-05,-3.52913314024422e-05,-4.03361944886252e-05,-4.49406113037034e-05,-5.01293205332822e-05,-5.43449258928972e-05,-5.90670105010459e-05,-6.20740952432399e-05,-6.58430289605147e-05,-6.92933415278107e-05,-7.00195453918116e-05,-6.72403939776371e-05,-6.87514010987779e-05,-6.55413908379408e-05,-6.71354874516255e-05,-6.8744635537858e-05,-6.85759609251319e-05,-6.66046322465498e-05,-5.78401932863638e-05,-5.25572630024202e-05,-4.91620580277594e-05,-4.70844473881538e-05,-4.1120967182912e-05,-3.11297734543864e-05,-2.38684947856044e-05,-2.02894370790638e-05,-1.30409889842572e-05,-3.00766122808621e-06,3.51527401354931e-06,8.77826825516574e-06
1.61097099064596e-05,2.25395365078092e-05,2.96260040766678e-05,3.49070185855225e-05,3.95071589601083e-05,4.46002022458688e-05,4.8155582106424e-05,5.13245062798593e-05,5.36335358513069e-05,5.56541535832099e-05,5.65981896150409e-05,5.68902065964046e-05,5.7147837892237e-05,5.61514323754887e-05,5.47806452159978e-05,5.41861226994585e-05,5.12735973215659e-05,4.93491909738688e-05,4.81508624730093e-05,4.43061310336469e-05,4.24463652127273e-05,4.11185409009675e-05,3.89627250426943e-05,3.94134907395352e-05,4.6494269447121e-05,6.12870842416284e-05,8.41832148978303e-05,0.000112502564432175,0.000136190312338752,0.000144771139545621,0.000132352986661538,0.000104738658818246,7.22491824227069e-05,4.38704586496613e-05,2.45319509942772e-05,1.23384276093653e-05,7.43348849055616e-06,4.46235891045022e-06,1.89525637577908e-06,-7.12031080510745e-07,-5.90124760732162e-07,-3.48498872535249e-06,-5.33633884382498e-06,-5.01341290704604e-06,-7.30749174394154e-06,-8.08099218092953e-06,-7.99023038591056e-06,-9.05770176123517e-06,-8.98853328528518e-06,-8.54127826064424e-06,-8.78365237489143e-06,-7.65543375298713e-06,-6.90528713957933e-06,-6.16777711992244e-06,-4.75811701437992e-06,-3.32412946197476e-06,-2.17617516615824e-06,-3.8447220536587e-07,1.1844952026553e-06,2.82209744671579e-06,4.42520681904594e-06,6.07562059600674e-06,7.56135066768841e-06,9.19792131265058e-06,1.03868287183247e-05,1.14302876172095e-05,1.25544800675215e-05,1.36724763608075e-05,1.41738203047023e-05,1.41845625289138e-05,1.39147396178623e-05,1.40766712556322e-05,1.39601162267587e-05,1.32379373303105e-05,1.16428133372855e-05,9.14803666837595e-06,6.87044710814664e-06,4.53043864433674e-06,2.31991890484884e-06,3.17899730243119e-07,-2.29364165940573e-06,-5.68848977667997e-06,-9.52105267122767e-06,-1.36720422147636e-05,-1.79835804926971e-05,-2.26256726428031e-05,-2.72956586865113e-05,-3.21751294826352e-05,-3.66898456992223e-05,-4.12532968045721e-05,-4.53691676824505e-05,-4.95561046908031e-05,-5.31225723570418e-05,-5.7009306026067e-05,-5.98749339766544e-05,-6.18248130994153e-05,-6.53051936887806e-05,-7.00015285486542e-05,-7.0481366853351e-05,-7.28770610499891e-05,-7.04526677331711e-05,-6.65828662134233e-05,-6.31357529499191e-05,-5.98102586310065e-05,-6.05265538795117e-05,-5.69309179016415e-05,-5.09273727631227e-05,-4.28333313783386e-05,-3.73781968192016e-05,-3.37520579497626e-05,-2.73772852033209e-05,-1.76007237970259e-05,-1.09009619908728e-05,-5.67486290926824e-06,2.16208539636883e-06,1.07258325300032e-05
1.62564811357283e-05,2.26376278124061e-05,2.77310404458933e-05,3.35190650111854e-05,3.86330158964468e-05,4.25291792350757e-05,4.6356949774562e-05,4.94381423434827e-05,5.17791584457719e-05,5.33368182224787e-05,5.44320720462789e-05,5.5135062670181e-05,5.46283148675477e-05,5.40532675280487e-05,5.32447730012317e-05,5.13529208280864e-05,4.98135318991005e-05,4.7849382408682e-05,4.54462846537632e-05,4.32500400304557e-05,4.13017833269891e-05,3.81374746714437e-05,3.65565242843653e-05,3.55327469829513e-05,3.51204307840131e-05,3.68001420537202e-05,4.18724169462869e-05,4.89761477284436e-05,5.43344614868758e-05,5.53103052527401e-05,5.01981101259641e-05,4.04739252093319e-05,2.94218055092399e-05,1.91635491714379e-05,1.36134399667052e-05,9.54287022755174e-06,6.18089583430464e-06,2.89556673902453e-06,2.39576222958693e-06,2.1600275937319e-07,-1.6134990942851e-06,-2.80906963271412e-06,-4.31069039445985e-06,-5.70226408208361e-06,-6.27342067676066e-06,-7.40913468018077e-06,-8.23443729391084e-06,-7.88270891757329e-06,-8.49999982900914e-06,-8.49013169040399e-06,-7.67494705468079e-06,-7.41765513253376e-06,-6.67331828790251e-06,-5.36415819294511e-06,-4.51266444310834e-06,-3.18516056544189e-06,-1.68652539788857e-06,-2.27183538632297e-07,1.2134462160121e-06,2.90895127875453e-06,4.40721360468518e-06,6.01832003243836e-06,7.44315730510812e-06,8.80988072976501e-06,1.01035093422336e-05,1.14867022430532e-05,1.22827180313641e-05,1.2909843608746e-05,1.34512969624316e-05,1.40938719227025e-05,1.42947279750987e-05,1.3778683780715e-05,1.27935019900824e-05,1.1898203132763e-05,1.08441978661489e-05,1.00768443351126e-05,8.26836482974512e-06,6.1324831054732e-06,3.02230378407353e-06,-5.92190801873388e-07,-4.46290060706176e-06,-8.08637437064776e-06,-1.20289129243564e-05,-1.59005147298224e-05,-2.01673002275141e-05,-2.42916649975632e-05,-2.87885530837987e-05,-3.30814009091943e-05,-3.77610603489468e-05,-4.21701744726914e-05,-4.68569390836346e-05,-5.09093768931904e-05,-5.51193299463249e-05,-5.8258677017408e-05,-6.16148887521657e-05,-6.44444190445256e-05,-6.53709641339973e-05,-6.42648261266225e-05,-6.53334412840824e-05,-6.36994753042983e-05,-6.46963417457259e-05,-6.51967292768292e-05,-6.42674801123913e-05,-6.1654397283629e-05,-5.52558669159263e-05,-5.08531151777832e-05,-4.73441801555968e-05,-4.40806476425704e-05,-3.81317579222913e-05,-2.99641131531158e-05,-2.35545960984934e-05,-1.89557714372326e-05,-1.18006451715684e-05,-3.37593475568052e-06,2.90824054995413e-06,8.6768249092471e-06
1.39472704185166e-05,1.96243013357642e-05,2.53378487684269e-05,2.9922802023855e-05,3.40691412898712e-05,3.82066848393113e-05,4.1329465034828e-05,4.40723313483869e-05,4.60807572812715e-05,4.76870701133881e-05,4.85453730323419e-05,4.89108070593202e-05,4.89886712481079e-05,4.81424419650082e-05,4.71189694148378e-05,4.63301263779552e-05,4.40890079162857e-05,4.24284319177579e-05,4.11385269737382e-05,3.81821769604778e-05,3.6422540775959e-05,3.47174258096724e-05,3.22530031134552e-05,3.01614671116602e-05,2.91952945478051e-05,2.88919134503962e-05,2.91606950127609e-05,3.01771359242518e-05,3.05053520299237e-05,2.96801386886536e-05,2.66662283221406e-05,2.24223222161452e-05,1.78638138423325e-05,1.29056307687125e-05,9.87204074623397e-06,6.82139857755748e-06,5.11970555299072e-06,3.22752291725979e-06,1.60380422740022e-06,-3.48483913257698e-07,-7.01173185956675e-07,-2.85014196244042e-06,-4.35479524728121e-06,-4.44468562802129e-06,-6.07041198582523e-06,-6.8814122293712e-06,-6.87263941050062e-06,-7.6648350127042e-06,-7.60413608599739e-06,-7.30027229151071e-06,-7.41705311398312e-06,-6.55574962962247e-06,-5.86882778197912e-06,-5.20691859635249e-06,-4.0434748685027e-06,-2.81809673872043e-06,-1.74036760077808e-06,-2.85212680898352e-07,1.07916390788367e-06,2.4411542679878e-06,3.85332472555994e-06,5.28104254041875e-06,6.53722344054699e-06,7.90772398336869e-06,8.95348030797533e-06,9.89418088944775e-06,1.07925612315467e-05,1.17314563026673e-05,1.2159298738284e-05,1.22291692469134e-05,1.21088657583638e-05,1.21277527525197e-05,1.19299781068447e-05,1.12041583190218e-05,9.90716426874891e-06,8.04168600743129e-06,6.17224716406921e-06,4.20671372739905e-06,2.20618417846672e-06,1.79825766541262e-07,-2.27161642131404e-06,-5.29604612389307e-06,-8.60383858331978e-06,-1.21714330906972e-05,-1.59104114379888e-05,-1.98214133825943e-05,-2.38246664062179e-05,-2.78740792830716e-05,-3.18400930935087e-05,-3.57893386268174e-05,-3.93687345902945e-05,-4.2956129366025e-05,-4.61621136100553e-05,-4.94059091835221e-05,-5.19247378648542e-05,-5.3969488855621e-05,-5.66755675269617e-05,-5.95341857595692e-05,-6.01487012963992e-05,-6.1221734513122e-05,-5.9534157261404e-05,-5.70306061109881e-05,-5.4633870992635e-05,-5.23215150205549e-05,-5.14742986223277e-05,-4.79669547865591e-05,-4.30242817299814e-05,-3.71273572039301e-05,-3.26044658994134e-05,-2.85926921053376e-05,-2.26724716029976e-05,-1.53206162874712e-05,-9.69559429414475e-06,-4.48565434736758e-06,2.19851870174133e-06,8.89755793966387e-06
1.11889188064759e-05,1.52783265786392e-05,1.89343878548217e-05,2.30329888462732e-05,2.63534179599991e-05,2.91174396972889e-05,3.17338911694362e-05,3.38843363217955e-05,3.54207929778136e-05,3.65399897081912e-05,3.73251630798767e-05,3.77273529157029e-05,3.73693076039055e-05,3.7061937208492e-05,3.63798330201169e-05,3.51296964672473e-05,3.4149089167173e-05,3.27392944390256e-05,3.10200534569638e-05,2.9628970608276e-05,2.8174611531864e-05,2.60532692955998e-05,2.47016920328884e-05,2.34148308215408e-05,2.19344624666282e-05,2.06252043088633e-05,1.99912257629312e-05,1.99245481419808e-05,1.93857103201383e-05,1.83988396371861e-05,1.64160492560065e-05,1.38573678077575e-05,1.12041606284133e-05,8.30438715133393e-06,7.05403168824442e-06,5.58940101658959e-06,3.73627062776399e-06,1.82602419710643e-06,1.49669649013086e-06,7.43765786564987e-08,-1.22709128874198e-06,-1.99230961855255e-06,-3.07133397003735e-06,-4.05231481364788e-06,-4.40919599565743e-06,-5.10456341080078e-06,-5.78714289029913e-06,-5.47008963127472e-06,-5.9422338343513e-06,-5.96137991115793e-06,-5.31737202184324e-06,-5.18715052579627e-06,-4.71403434023981e-06,-3.76030952437943e-06,-3.17806159731706e-06,-2.33867488303615e-06,-1.20618213395862e-06,-2.58791584029077e-07,7.40631017636834e-07,1.90312388622959e-06,2.91250197384506e-06,4.05206009238312e-06,4.97364284176463e-06,5.94414118586742e-06,6.86311220191513e-06,7.7402332112488e-06,8.34107032396322e-06,8.72214329085318e-06,9.14946608450782e-06,9.60544288226763e-06,9.69463385893828e-06,9.33788165817096e-06,8.65064069915642e-06,8.08466661019654e-06,7.43795880192025e-06,6.86493582051109e-06,5.56370699341893e-06,4.00728423310976e-06,1.82296965550215e-06,-5.75315660523111e-07,-3.17619296853221e-06,-5.52529620027944e-06,-8.22964510469989e-06,-1.0851436493993e-05,-1.37949552989403e-05,-1.66277332868991e-05,-1.96832811876122e-05,-2.27158365692552e-05,-2.58820249049984e-05,-2.89696513223244e-05,-3.21039896900491e-05,-3.49442646910239e-05,-3.77028008933116e-05,-4.00205871871428e-05,-4.22733160822153e-05,-4.37659857559062e-05,-4.42481143196972e-05,-4.41324526354063e-05,-4.46121156670423e-05,-4.43120147439779e-05,-4.50957043887925e-05,-4.51179987504265e-05,-4.40998890289101e-05,-4.14907016813888e-05,-3.78661011637137e-05,-3.53347559641592e-05,-3.31817523673229e-05,-3.0238916335757e-05,-2.56265961551039e-05,-2.05965242398384e-05,-1.68729727342111e-05,-1.30264537483743e-05,-7.78348292308421e-06,-2.4630277982972e-06,1.58894817482836e-06,6.11200100718737e-06
6.15611643021208e-06,8.75205769412805e-06,1.11557620278745e-05,1.31858139960302e-05,1.50459587850425e-05,1.68318147144341e-05,1.8245033979709e-05,1.93778374579435e-05,2.03455280269782e-05,2.10515882752386e-05,2.13660972576617e-05,2.15529546434974e-05,2.16485867710394e-05,2.12064608189449e-05,2.08282219752516e-05,2.04067333148829e-05,1.94434810438376e-05,1.87035300307951e-05,1.81489751617533e-05,1.68219191062982e-05,1.60990068945977e-05,1.5233795261368e-05,1.41967260631366e-05,1.31619156343891e-05,1.24745256426443e-05,1.18475639610732e-05,1.12682134516699e-05,1.08461827932854e-05,1.02901676768885e-05,9.58579057536587e-06,8.6038119676037e-06,7.43245415235462e-06,6.27965615097946e-06,4.704201201552e-06,3.89781831382062e-06,2.8988335464324e-06,2.23110728682626e-06,1.36567877112027e-06,7.12104661139667e-07,-9.92101545584935e-08,-3.62704322530875e-07,-1.21672435544407e-06,-1.92436384412899e-06,-1.98826872122308e-06,-2.6628445551955e-06,-3.05249177143906e-06,-3.07509278418356e-06,-3.34569340972676e-06,-3.39500940607703e-06,-3.22671355126021e-06,-3.21421763834366e-06,-2.82108295367594e-06,-2.58703052460571e-06,-2.2356299588944e-06,-1.74069097394515e-06,-1.23468042966948e-06,-8.02478196211899e-07,-9.16933029355788e-08,4.65293262802409e-07,1.10720111713693e-06,1.7232528436772e-06,2.30436462502301e-06,2.96768346766456e-06,3.48655803199862e-06,3.97064885491393e-06,4.3513643918759e-06,4.74553883367533e-06,5.16538055504677e-06,5.33320131168862e-06,5.40829896481728e-06,5.44185468356426e-06,5.36178991314991e-06,5.26122728862987e-06,4.91431087444962e-06,4.34043907970549e-06,3.55419907120985e-06,2.81794371916048e-06,1.99932553872457e-06,9.83447435992301e-07,9.11569352921478e-08,-1.07789013284465e-06,-2.4404420273011e-06,-3.89870498691482e-06,-5.47310638599699e-06,-7.13831536504605e-06,-8.83082512439394e-06,-1.06162263969369e-05,-1.23599887940953e-05,-1.41123889845404e-05,-1.58637597994555e-05,-1.74384946342535e-05,-1.90537676731095e-05,-2.04918805242635e-05,-2.18420893202301e-05,-2.30098796043687e-05,-2.39937891914957e-05,-2.51377346854296e-05,-2.61003807414525e-05,-2.64069860944319e-05,-2.6641837270175e-05,-2.60499282181995e-05,-2.50981838445034e-05,-2.41143946804753e-05,-2.3288139800175e-05,-2.25895521154996e-05,-2.09419122144555e-05,-1.8786680383502e-05,-1.64221949552875e-05,-1.44756216488198e-05,-1.24593657989597e-05,-9.85147327545764e-06,-6.80208009588043e-06,-4.31782479452333e-06,-1.89037576295427e-06,1.02079454042923e-06,3.86491155566032e-06
2.04776193856218e-06,2.32149229851654e-06,2.9324681829695e-06,3.95915660605899e-06,4.34525151302893e-06,4.70801924764941e-06,5.2829738002912e-06,5.60273473896646e-06,5.86451051528147e-06,5.89382937339242e-06,6.27672932906477e-06,6.29282157492459e-06,6.00661072969402e-06,6.34515850734437e-06,6.07622042608774e-06,5.61691295915931e-06,5.82220138904588e-06,5.49198865293779e-06,4.86731410961712e-06,5.11064982700251e-06,4.7097872743041e-06,4.01402168934362e-06,4.00222266517632e-06,4.00990220479091e-06,3.56512269530984e-06,3.0376560286781e-06,2.88585207529071e-06,2.87753776417152e-06,2.75954572847876e-06,2.60900699510505e-06,2.28681141638829e-06,1.94736038880327e-06,1.3894920090394e-06,1.00578844108841e-06,1.01730176590018e-06,9.82245867753775e-07,4.39790637669249e-07,-1.08186603286492e-07,2.67274086272521e-07,5.88755100731223e-08,-6.22355540558506e-07,-3.4416549065976e-07,-5.16165329420575e-07,-1.10736927140328e-06,-7.37623435090783e-07,-8.67174228187639e-07,-1.39531158319923e-06,-8.4965415376816e-07,-1.11596431279294e-06,-1.3544824804271e-06,-8.79866380326805e-07,-1.0264815558262e-06,-1.03057984676461e-06,-6.40460440423008e-07,-7.355581865642e-07,-5.60754914911148e-07,-2.8838989692651e-07,-1.33484662406634e-07,-1.16762220126742e-07,2.46038474318244e-07,3.54962112632745e-07,5.83454014793536e-07,7.44869454643529e-07,8.36400794027621e-07,1.00777376532683e-06,1.24584367977113e-06,1.25104638787025e-06,1.1762741344649e-06,1.41670117373113e-06,1.6203780836368e-06,1.63634276549235e-06,1.37208465609839e-06,1.01176848354998e-06,1.04033618373327e-06,1.24503974578612e-06,1.30553202044608e-06,1.11753188252892e-06,7.17691875652545e-07,8.65895189193422e-08,-6.7351758639327e-07,-1.20954516257642e-06,-1.59595812286097e-06,-1.97736553885229e-06,-2.38391486038848e-06,-2.85889142790227e-06,-3.38222518495784e-06,-3.7923061235844e-06,-4.35199898366905e-06,-4.98221169816389e-06,-5.57114107789794e-06,-6.10250829683668e-06,-6.67915710947277e-06,-7.17052529774594e-06,-7.70031780635325e-06,-8.09866151263977e-06,-7.78794696172691e-06,-6.99758656145809e-06,-6.88924853564102e-06,-6.54653131278598e-06,-7.27891715599962e-06,-8.44101093328051e-06,-8.69745905259413e-06,-8.28375506170036e-06,-6.4241750329712e-06,-5.64282059952987e-06,-5.98013747649338e-06,-6.55355320165469e-06,-5.73728350242284e-06,-3.85377190635011e-06,-3.01803844132056e-06,-3.43945150051876e-06,-2.76832878197083e-06,-9.61391796164446e-07,-2.10782798630379e-07,-2.35148628380091e-07,8.88756084530243e-07
2.5064181971194e-09,5.25071449928453e-08,1.98299338027505e-07,1.26658222041098e-07,-8.02853691125799e-09,7.70403275563989e-08,-2.12661305844748e-07,9.69445364063292e-08,-2.87043690994395e-08,7.36490658347852e-08,4.2892902552931e-08,9.04579800627387e-08,-9.15326318203962e-09,-2.25185925553882e-07,3.6283182042873e-08,-1.55046310826765e-07,-8.29307460872648e-08,1.41052110438709e-08,4.78505780989152e-08,7.45233804002971e-08,5.31725017214522e-08,-6.89221050148746e-08,-3.08135159723296e-08,-3.5924534127683e-08,-9.76129032449984e-08,9.92198183534455e-08,-7.23025956594355e-08,-2.15111070787251e-07,2.94135991246943e-08,1.00526082273916e-07,2.30392869536425e-08,1.13839543629787e-08,3.40499283107021e-08,1.54299289622211e-07,-3.45172903519417e-08,2.81590022075585e-08,6.23920359364313e-08,4.55136393685833e-09,-2.46762516579801e-07,1.24744468395054e-08,-1.38454561199912e-07,1.3115141721493e-07,1.87197972608846e-07,1.34670119848134e-07,-5.85334663466048e-08,-4.07952463642948e-08,6.06178119052989e-08,1.88509559343183e-08,-1.38544236276322e-07,2.03955085430783e-07,2.1092856685589e-07,-1.59130576216724e-07,-3.57572713086017e-08,1.06748755939123e-07,8.40576317525226e-08,3.19469625118757e-08,8.77313037694591e-08,1.6192172573704e-08,-1.15221892585535e-07,9.86019985856175e-09,2.74891855079556e-07,3.01556822758902e-07,4.91642342584591e-08,8.45905908538788e-08,-8.14657306660644e-08,-7.68983543198259e-08,4.73290547532536e-08,4.17273476740353e-08,2.26790668380059e-09,3.77678398319091e-08,1.38525967904291e-07,1.03257390303133e-07,1.6874074334595e-07,-8.91217509243008e-08,4.71664149996271e-08,5.89797747034654e-09,9.53963234521736e-08,3.55776364349192e-08,-1.62400285104721e-07,7.56050049149659e-08,1.11745105087052e-07,-7.56473748013535e-08,-1.35775514290325e-07,1.72881427756416e-07,4.07373305318904e-08,-1.55506938837047e-07,-1.42548018396773e-07,-1.64974218218229e-08,1.43359789141155e-07,-8.74359251791866e-08,1.01266166135809e-07,-8.82830144659468e-08,9.54069191075574e-08,2.94301792719172e-08,5.49341041640483e-08,1.14563879029645e-07,-1.13284731908233e-08,9.88446726815476e-08,-1.94780585160941e-07,-4.81516381233209e-08,-3.71242478421323e-09,-1.98159317059912e-07,1.90079401495993e-07,2.62220967270276e-07,-9.49745992492168e-08,-6.38806648101085e-08,7.13560714221649e-08,-2.03202594596581e-07,-7.0373190586278e-08,-2.54033992631403e-08,1.21366117044731e-07,-1.9124492421937e-07,-3.92955903967373e-07,-5.33514768558955e-09,7.14598721453781e-08,9.99591750461669e-08
