2.78176189523975e-16,-8.73457444745474e-19,-3.93341816293567e-30,-2.83634027187037e-29,-6.43879812984469e-29,-5.56272350979654e-31,1.00901813372742e-29,8.62330331461354e-30,1.81146783175404e-29,7.06867451463099e-29,4.98062543502587e-29,-6.69953195771873e-29,-9.74898415691417e-29,2.27246384264668e-29,1.01220752247013e-29,-1.59363621878379e-29,1.17307114603914e-28,-9.22759205640741e-30,-2.68605309182623e-29,-6.19984510230201e-30,-9.06508010646558e-29,-1.32977973028073e-30,-2.38847422992144e-29,4.58578509817779e-29,-3.49349212415074e-29,8.98536408819884e-29,2.23916719857028e-29,-8.99534521395435e-29,7.45106515211452e-29,-1.08075325335416e-28,-5.16561596302716e-29,-1.27104514018072e-28,-1.00750643069607e-28,4.41798443317576e-29,6.04430194743447e-29,5.570908855349e-29,1.06623108933463e-28,-3.14566430444871e-29,3.57226491938893e-29,2.04327392607304e-29,-4.46508704694026e-29,1.4755121367257e-29,-4.30944933449105e-29,-4.23668844288069e-29,-9.41345275800467e-29,5.8665181009189e-29,1.94225941192045e-29,-6.85894652062901e-29,4.72697400256498e-29,-1.26743424055086e-29,3.65604291028542e-29,2.50985929689175e-30,1.60456920205108e-28,-2.48931921088125e-29,-2.69451899534155e-29,9.24061640972274e-30,8.23956149244448e-29,6.01695078710193e-29,4.65521167886101e-28,9.77986403110742e-29,-9.64288279456634e-29,-2.53965095758981e-29,3.80611844760374e-29,-3.7612120506163e-29,7.32137487439361e-29,-4.87184267971064e-30,4.05921849702451e-29,2.90008489503937e-30,-3.44387292107628e-29,3.22446384678388e-29,-1.08049052339619e-29,1.47139902406125e-29,-1.12850195712638e-28,6.27246257845522e-30,3.47618099325002e-29,8.06507054033474e-29,-1.08890851152349e-28,-1.11935362492144e-29,-3.09031275838255e-29,5.10715056634449e-29,7.5443711856239e-29,2.52915605301977e-29,-7.75347899489485e-29,-2.44666396288128e-29,-1.4675234006286e-29,6.59836261196355e-30,-1.11536652818845e-28,2.45863808901936e-30,-1.55075447352431e-28,-1.18483631904135e-29,-8.88550004561465e-29,-8.0984187768171e-29,9.10024083818479e-29,6.88957197058911e-30,1.16158081570929e-28,-5.44078413101946e-29,-1.36353024753054e-28,1.07458439084559e-29,8.83183216139554e-29,-2.03524532955898e-29,-2.64614735979423e-29,-2.57267302695138e-29,2.08970704955634e-29,5.29124345838589e-29,2.79850564265042e-29,2.20985648254789e-29,2.05410278864325e-29,-1.95342280986524e-29,8.47047556739932e-29,2.71793026962962e-29,3.21314919010428e-29,-2.07196117497615e-29,4.09969367970061e-29,8.22025792586884e-30,-3.16392878005756e-29,1.79707400787091e-28
1.47087932338109e-05,1.51471649832368e-05,1.5292715942146e-05,1.4926984555891e-05,1.51647346799421e-05,1.50652758508109e-05,1.46917004567245e-05,1.45628262365486e-05,1.41262427677365e-05,1.37109142308086e-05,1.31841839983011e-05,1.21962927074175e-05,1.19901532339867e-05,1.06637302811891e-05,9.49580170111808e-06,9.28192527146833e-06,7.21064256675402e-06,6.00301056074671e-06,5.85211685848725e-06,3.25257956040451e-06,1.74499182513903e-06,1.86965634307829e-06,-3.17087258861755e-07,-2.93553353593979e-06,-3.76815572926057e-06,-4.41588268017776e-06,-6.1149377106002e-06,-8.6112503172916e-06,-1.07612775709943e-05,-1.26538735860036e-05,-1.38460114137921e-05,-1.45439424851318e-05,-1.50026847503587e-05,-1.56898677213119e-05,-1.84447163304268e-05,-2.09049857994905e-05,-2.06639239045116e-05,-2.01848852981832e-05,-2.42888457605395e-05,-2.58290284415765e-05,-2.40071536857883e-05,-2.71356221069993e-05,-2.90912511413322e-05,-2.66904799167379e-05,-2.9527901941954e-05,-3.04107348252411e-05,-2.76681426853593e-05,-3.01452229579067e-05,-2.94595907782824e-05,-2.68634153563334e-05,-2.80684818318074e-05,-2.65785176829457e-05,-2.39362599258339e-05,-2.3851130914608e-05,-2.1960048005016e-05,-1.94759825492149e-05,-1.80152295802571e-05,-1.62410806654007e-05,-1.40482176717373e-05,-1.19043533323412e-05,-9.73144600313643e-06,-8.38658388157199e-06,-6.41316312321661e-06,-3.67714735363435e-06,-1.97934427528984e-06,-1.608149468247e-06,1.20626289961754e-07,2.84159345652738e-06,4.39517510146598e-06,4.37597464699482e-06,4.67455267744628e-06,5.88725508273495e-06,8.31562440968448e-06,9.1758851095365e-06,9.33608595377546e-06,8.66959445594528e-06,8.46125035214637e-06,9.14037640071399e-06,9.57285602908389e-06,1.05838198233e-05,1.12171914192267e-05,1.12142687113688e-05,1.11049493941093e-05,1.10524178628847e-05,1.09651904179474e-05,1.08671698481336e-05,1.07674239164497e-05,1.06754392909301e-05,1.06421068183539e-05,1.0620331317895e-05,1.06449420727599e-05,1.06451600433333e-05,1.06881070003792e-05,1.07139504543452e-05,1.07868211700396e-05,1.07561389783159e-05,1.06856153234976e-05,1.06614748766789e-05,1.07610809261369e-05,1.09548700727794e-05,1.13545189885829e-05,1.16692499468074e-05,1.19257644398504e-05,1.19010638784422e-05,1.20216168743159e-05,1.23442331268426e-05,1.28691147472509e-05,1.31405713867865e-05,1.31359153006536e-05,1.32510194806776e-05,1.38586452784555e-05,1.4197419351431e-05,1.40963297731743e-05,1.42490089731158e-05,1.48567832167877e-05,1.48316345313773e-05
5.04823652586576e-05,5.06377653738733e-05,5.08853166816878e-05,5.09915421520423e-05,5.08166491222299e-05,5.03360770783681e-05,4.98557091467525e-05,4.87794769338704e-05,4.76712223230617e-05,4.60300256836987e-05,4.41441711806325e-05,4.18804784835279e-05,3.91625621860072e-05,3.63060505848794e-05,3.30207825155046e-05,2.88879286075441e-05,2.56122957997685e-05,2.12358265888477e-05,1.62438566164981e-05,1.26623095573862e-05,7.6297411413312e-06,2.45631739855984e-06,-2.00319195391202e-06,-6.66839768112001e-06,-1.23853398560747e-05,-1.83529494111886e-05,-2.46715373828434e-05,-3.17585154857125e-05,-3.80556620078901e-05,-4.40203959682747e-05,-4.84831434777318e-05,-5.20937875535909e-05,-5.55737520013827e-05,-5.73383038593453e-05,-6.21106919452793e-05,-6.56587144084645e-05,-7.06359229316404e-05,-7.47359541997316e-05,-7.94692974399665e-05,-8.28401770685195e-05,-8.88165300737417e-05,-9.07401624046694e-05,-9.32578118509704e-05,-9.77284230960088e-05,-9.80498327055578e-05,-9.90196072028146e-05,-0.00010039099416663,-9.89917150477026e-05,-9.77752830426844e-05,-9.60190365322945e-05,-9.2256675182647e-05,-8.9051929289669e-05,-8.45508316140581e-05,-7.91129395962724e-05,-7.37384084507654e-05,-6.77962337985434e-05,-6.11203961248906e-05,-5.46246313193809e-05,-4.77635039080573e-05,-4.10639227950884e-05,-3.40839859067267e-05,-2.73055728583497e-05,-2.09337893163281e-05,-1.49301876727734e-05,-8.51408351332996e-06,-2.80099318569283e-06,2.1148856887355e-06,6.63576230291847e-06,1.14643179217438e-05,1.57275638783608e-05,1.9412656504668e-05,2.19014660763479e-05,2.45554408941896e-05,2.69978061329316e-05,2.93974359924118e-05,3.13530699271619e-05,3.25285027211266e-05,3.3477544211207e-05,3.39504049777765e-05,3.41489292263299e-05,3.45648829935224e-05,3.47482937201565e-05,3.4875516658663e-05,3.48355938832888e-05,3.4843201181137e-05,3.47119982265387e-05,3.46875913971621e-05,3.45392126327938e-05,3.45329100740593e-05,3.44304698718825e-05,3.45094695525146e-05,3.45111815861603e-05,3.47065505101134e-05,3.48306592192869e-05,3.51636088243014e-05,3.54626176879627e-05,3.59980391075765e-05,3.64084402778197e-05,3.69817999230133e-05,3.74441077126431e-05,3.80480514381044e-05,3.86221131109746e-05,3.94474688950127e-05,4.02364291563131e-05,4.11791623565406e-05,4.18881120156633e-05,4.27368208864847e-05,4.35530579087771e-05,4.46091009148778e-05,4.54522767988657e-05,4.62639984634596e-05,4.69791955725299e-05,4.79733291780428e-05,4.86596221498012e-05,4.92509790144495e-05,4.98071395861906e-05
8.76834691555266e-05,8.84943278650062e-05,8.90843849904884e-05,8.86724335025039e-05,8.87526584936292e-05,8.8020331678953e-05,8.68094214187321e-05,8.52342839366557e-05,8.31211078278383e-05,8.03417906209474e-05,7.71481652020639e-05,7.26993732987791e-05,6.87705163263727e-05,6.32124783558048e-05,5.70961456538092e-05,5.1315547374328e-05,4.4108229913708e-05,3.65574077143446e-05,2.96540007165665e-05,2.12965619518278e-05,1.24877033161318e-05,5.79860187367782e-06,-3.40751336644658e-06,-1.34322987449836e-05,-2.24531384199765e-05,-3.20506336360897e-05,-4.44081903484876e-05,-5.92663076848924e-05,-7.24495716600618e-05,-8.38721363913644e-05,-9.11043104900718e-05,-9.53425152374297e-05,-9.86532097489502e-05,-0.000100257209967794,-0.000109506824071931,-0.000117240291142245,-0.000123213558547629,-0.000127895973370185,-0.000140059898039502,-0.000146268116247751,-0.000152010705126043,-0.000159264831219161,-0.000164470314702195,-0.000167615631196201,-0.000172550121598978,-0.000173675137856936,-0.000172744772324313,-0.00017458825771507,-0.000170580474041898,-0.000165936291380841,-0.000162603328881247,-0.000154948086654496,-0.00014661408905717,-0.000139034690050464,-0.000128400189615439,-0.000117747903685607,-0.000106897441570785,-9.53240292335209e-05,-8.3263813551192e-05,-7.12530848495654e-05,-5.9390045734728e-05,-4.82663455036132e-05,-3.62660266817143e-05,-2.492085943326e-05,-1.51929568705961e-05,-6.10520419765555e-06,4.07370849643557e-06,1.31343338755792e-05,2.03382101587018e-05,2.62160818278611e-05,3.23413476138186e-05,3.90474105090556e-05,4.46332058933578e-05,4.83384901349955e-05,5.1100405505717e-05,5.27236852079289e-05,5.5479997438382e-05,5.71597976832309e-05,5.95071119820359e-05,6.10468888900604e-05,6.19492863051076e-05,6.20085855109459e-05,6.22916057885909e-05,6.19831453917714e-05,6.19537521824477e-05,6.1494883612179e-05,6.1391201946242e-05,6.09979969330164e-05,6.10264839997296e-05,6.08109370407386e-05,6.0997959730107e-05,6.09415459058995e-05,6.12891416357734e-05,6.14093929945498e-05,6.19254694402661e-05,6.21374095245039e-05,6.26847733796813e-05,6.31657554701605e-05,6.4174074988427e-05,6.50935158968027e-05,6.65740890804394e-05,6.77272506934103e-05,6.91051254376813e-05,7.00932010794262e-05,7.15068411062774e-05,7.29888277357736e-05,7.48840157622255e-05,7.62580279555762e-05,7.76744558724463e-05,7.8959409576998e-05,8.09116121372215e-05,8.23333843380984e-05,8.35119395577804e-05,8.45972425981032e-05,8.62685442037068e-05,8.70170087417288e-05
0.00011466511144101,0.000114958506486073,0.000115486741746889,0.000115788588705169,0.000115368505763808,0.000114236829724469,0.000113203304403761,0.00011070872370482,0.00010821967201422,0.000104478601210086,0.000100175488648123,9.50898737961184e-05,8.88434523974418e-05,8.23820367218213e-05,7.50005647223606e-05,6.54304384352805e-05,5.81705200691382e-05,4.82217717628726e-05,3.66480046874835e-05,2.88313114000925e-05,1.73366787126547e-05,5.15441922398416e-06,-4.90448207762583e-06,-1.59756901424908e-05,-3.12787135402911e-05,-4.91302964057234e-05,-6.9744929523036e-05,-9.37410801193718e-05,-0.000115460818624951,-0.000132794861244322,-0.000141154420930642,-0.000143132257443481,-0.000143112054512468,-0.000140049449101612,-0.000145504910510603,-0.00015030007087752,-0.000160948133400451,-0.000170238870533766,-0.000180306459805463,-0.000187864464539075,-0.000202067463984205,-0.000205770762137004,-0.000211643963243555,-0.000222210681824235,-0.000222224157728346,-0.000224935066483938,-0.00022805672120325,-0.000224342672907434,-0.000222219283834824,-0.000217962713304964,-0.000209081833407598,-0.000202434090138344,-0.000191804592853941,-0.000179345342763451,-0.000167516810316674,-0.000153821712629587,-0.000138547232299928,-0.000123964754148249,-0.000108340050400315,-9.32036854675922e-05,-7.71546642498766e-05,-6.17708109884872e-05,-4.76346488683567e-05,-3.39508302300125e-05,-1.88398727422353e-05,-6.09492855835183e-06,4.51614622795629e-06,1.48851898475259e-05,2.64228734270631e-05,3.61887188296845e-05,4.43454160820726e-05,4.9185226951363e-05,5.5539877190448e-05,6.13521665786035e-05,6.7179562223855e-05,7.18150325056414e-05,7.39567202107671e-05,7.62666473335297e-05,7.6816703498107e-05,7.71678352778809e-05,7.82572709779456e-05,7.87431505116014e-05,7.89477681012359e-05,7.89306604670769e-05,7.89332194088637e-05,7.8697033161363e-05,7.86332819309317e-05,7.83228612307805e-05,7.82847625730428e-05,7.80625287299684e-05,7.82291433906251e-05,7.82475220233927e-05,7.868989032929e-05,7.89987246077374e-05,7.97786323130412e-05,8.05299712550969e-05,8.18168016243632e-05,8.27778163376096e-05,8.40538309835698e-05,8.50703679010784e-05,8.63655905654678e-05,8.76551531034429e-05,8.95696700073425e-05,9.14010131464995e-05,9.35791342204392e-05,9.51254384611711e-05,9.70038311139861e-05,9.88814084982429e-05,0.000101324425796282,0.00010324778089019,0.000105035723412827,0.000106630094851404,0.00010895044235828,0.000110525843991717,0.000111798918817356,0.000113054807109194
0.000127724861496374,0.000128798046637384,0.000129727677295515,0.000129125245373712,0.000129207649671498,0.000128142691905311,0.000126405302470408,0.000124075833004072,0.000121024589883929,0.000116922449087346,0.000112338182769163,0.00010581480180844,0.000100026091500463,9.20541419625581e-05,8.30799469934748e-05,7.45327266339991e-05,6.42230761450164e-05,5.3162023465227e-05,4.29397242500899e-05,3.09106195832743e-05,1.79689503349999e-05,8.14010100407478e-06,-6.58079399509183e-06,-2.39612156658362e-05,-4.33531282401889e-05,-7.11449155497335e-05,-0.000112658067802613,-0.00016431222642144,-0.000211180815485641,-0.000241695584666933,-0.000245797941685729,-0.000228528861901763,-0.000203018062533433,-0.000178934121371188,-0.000174898480166523,-0.000177337714307328,-0.000182108595118621,-0.000186740599559354,-0.000204602929140332,-0.000212962954788565,-0.000221916850444887,-0.000232414992073042,-0.000239203079745786,-0.000244688918709851,-0.000251927737447591,-0.00025238448973578,-0.000252277665447343,-0.000254817149762512,-0.000247832183149139,-0.000242420447497263,-0.000237195937456424,-0.000225138360716868,-0.000214180629613959,-0.000202771562637617,-0.00018664462797392,-0.000171819475987021,-0.000155946994191252,-0.000138759149553244,-0.000121273280764555,-0.000103763145032174,-8.68124538242173e-05,-7.03615097610997e-05,-5.22794562892941e-05,-3.63066169126829e-05,-2.29557941283116e-05,-8.80585275803776e-06,6.92948689806683e-06,1.9286960451338e-05,2.87482528753845e-05,3.76509641276605e-05,4.73541107648463e-05,5.82727058127753e-05,6.51710828290621e-05,6.99441226854704e-05,7.35871278597728e-05,7.60948434610413e-05,8.13250210798684e-05,8.32871257502168e-05,8.75211598408187e-05,8.94702028077646e-05,9.03335808797584e-05,9.02602283658025e-05,9.09242937388297e-05,9.03102224628759e-05,9.03732536900549e-05,8.95671477306653e-05,8.95128560878298e-05,8.88627409052087e-05,8.90051518147578e-05,8.86175737055802e-05,8.89575637096594e-05,8.8795392772888e-05,8.93579067051423e-05,8.94398467245357e-05,9.0204456941587e-05,9.03900560315116e-05,9.12094014108843e-05,9.1872698947631e-05,9.34672978785685e-05,9.47875358360194e-05,9.70291049543417e-05,9.86145372145879e-05,0.000100594044349266,0.000102021478457983,0.000104131445593321,0.000106300915337722,0.000109074355423889,0.000110971154736328,0.000113133471287018,0.000114991172924945,0.000117821219314633,0.000119839225237679,0.000121653545763654,0.000123171601830667,0.000125592867787934,0.000126720176693981
0.00013393716975716,0.000134101994483342,0.000134708693355222,0.000135135695322745,0.000134671702112368,0.000133202737499251,0.000132190069598579,0.000129117717614648,0.000126337123317514,0.000121898481338916,0.000116887770875267,0.00011102267933386,0.000103618684739322,9.61184242703518e-05,8.77285404047048e-05,7.60008499708097e-05,6.81358839423486e-05,5.64346175754074e-05,4.21077204814466e-05,3.42214414215685e-05,2.00822966896562e-05,3.73086501372154e-06,-1.01763686485414e-05,-3.29662058461859e-05,-8.01752125795087e-05,-0.000158217664138286,-0.000271829082820889,-0.000413527485361844,-0.000544613225172249,-0.000617938885171217,-0.000603006302854856,-0.000516855056116797,-0.000402159956680958,-0.000298550454180945,-0.000232586444070135,-0.000197217445189464,-0.00019546570743036,-0.000202017823777995,-0.000210870489924473,-0.000217979420436731,-0.000237240722229123,-0.000239417636312209,-0.000246412829721366,-0.00026030083333456,-0.000258358832994716,-0.000262638016670872,-0.000266478750768528,-0.00026094582555042,-0.000259785077750058,-0.000254332845574778,-0.000243180243869091,-0.00023686772889997,-0.000223494051256922,-0.000208793341468777,-0.000195743617999938,-0.000179381753233905,-0.000161243073821496,-0.000144653959485169,-0.000126254245068827,-0.000108815697309178,-8.95786982767965e-05,-7.17212205124048e-05,-5.58724242523238e-05,-3.98378432117194e-05,-2.09595586465128e-05,-6.67258331362922e-06,4.59737358718256e-06,1.68808101587344e-05,3.16545104102398e-05,4.31566898220817e-05,5.22737179885528e-05,5.61148059245847e-05,6.43288339482592e-05,7.16159732313191e-05,7.93083259173464e-05,8.50481952467257e-05,8.64936934235721e-05,8.94456815414983e-05,8.90332291233076e-05,8.91665144255636e-05,9.08199325805635e-05,9.14600790327526e-05,9.15873646271501e-05,9.16561252159247e-05,9.16988769765375e-05,9.14868191983919e-05,9.14655038864426e-05,9.10915814495548e-05,9.10682721434623e-05,9.07620497626232e-05,9.09985160269748e-05,9.09851346117198e-05,9.15675043227694e-05,9.19188659659351e-05,9.29522375959762e-05,9.39152041723128e-05,9.56380271196755e-05,9.67565324825905e-05,9.82577172975495e-05,9.93064673306038e-05,0.000100726051324944,0.000102136482058384,0.000104526947384436,0.000106679218311631,0.00010936923746492,0.000110976845016101,0.000113136132022495,0.000115312838905599,0.000118325417929331,0.000120527809448291,0.000122572474293672,0.000124304950552136,0.000127208565655318,0.000129027209215648,0.000130438310458812,0.000131822805799678
0.000134607679984035,0.000135677435589133,0.000136944715368375,0.000135967350289744,0.00013628167669224,0.000135091791207901,0.000133286672477295,0.000130774637998757,0.000127660542877519,0.000123200889104278,0.000118603284787453,0.00011134225891516,0.000105627995663337,9.70630928711321e-05,8.74046453301078e-05,7.87757138306818e-05,6.75534507294856e-05,5.58538113648509e-05,4.5668132267694e-05,3.181265811325e-05,1.69444214172812e-05,4.6039122769328e-06,-3.12237505870619e-05,-0.000101594604304496,-0.000244356204032759,-0.000532863367537474,-0.000986116986950064,-0.00152391595705543,-0.00199024324541666,-0.00222632345856414,-0.00214732096983069,-0.00178967014637964,-0.00127979396758145,-0.000806642341546966,-0.000469588964264292,-0.00030358262479527,-0.000233207399592785,-0.00020405911926948,-0.000220137030628544,-0.000225909944905425,-0.000233311965617566,-0.000245651052117522,-0.000252604230140977,-0.000257528371606127,-0.00026682094602175,-0.000265879432725194,-0.000265749423448323,-0.000270160661543146,-0.000260614625530748,-0.000255867882216304,-0.000251102208079433,-0.000236827032894023,-0.000226114842994089,-0.000214559102948591,-0.000196319991161799,-0.000181406529726235,-0.000164718549332698,-0.000146344816866569,-0.000127781130756919,-0.000109332530856884,-9.17451972382732e-05,-7.45441240765385e-05,-5.44053665163627e-05,-3.79640690034591e-05,-2.50435980037033e-05,-9.68457118110392e-06,8.5097701630461e-06,2.09708328327709e-05,2.96825136537801e-05,3.86815141901768e-05,4.97218535251038e-05,6.30242406248332e-05,6.95877147161359e-05,7.36871481004662e-05,7.67776073118009e-05,7.87857312512219e-05,8.5827982877872e-05,8.72996274491679e-05,9.32494290897762e-05,9.52914372044326e-05,9.59997623857076e-05,9.55296741290704e-05,9.66374344273081e-05,9.55890795436496e-05,9.58869383555544e-05,9.46671707395315e-05,9.48270823369322e-05,9.3864734523088e-05,9.42739208320986e-05,9.36295348973205e-05,9.42206194672892e-05,9.38019632842058e-05,9.46018215057899e-05,9.44111939238933e-05,9.53548545262154e-05,9.5167364703584e-05,9.6065070823785e-05,9.64860372584533e-05,9.84401242304123e-05,9.97084606812071e-05,0.00010245205784156,0.000103947946847778,0.000106133722778353,0.00010734968405337,0.000109683462854823,0.000111919689224518,0.000115150817044009,0.000116892348928643,0.000119271133379542,0.000121003741366573,0.000124300735195931,0.000126306571117552,0.000128274026045444,0.000129622009195688,0.000132525492578389,0.000133558070822274
0.000136281078627575,0.000136106896732736,0.000136851590668194,0.000137226032947516,0.000136972931610431,0.000135140412556012,0.000134514591994964,0.000131057235365863,0.000128532815784263,0.000123821517056638,0.000118876488928672,0.000112874066683909,0.000105295186782436,9.77353683330269e-05,8.95977484342629e-05,7.64904875082305e-05,7.00009117151627e-05,5.77164240314291e-05,4.07490746210223e-05,3.58285512890629e-05,1.23148449311553e-05,-3.38075563343746e-05,-0.000137139516133139,-0.000452347066509274,-0.00118712702087925,-0.00242425190717075,-0.00397783326052693,-0.00551379034247182,-0.00669040557172699,-0.00727951432325358,-0.00715786343067411,-0.00632221961888641,-0.00491360103847007,-0.00330997974404358,-0.00180440857144421,-0.000840996435252298,-0.000411877861332276,-0.000272074965215417,-0.000231498476403552,-0.000219011082925454,-0.000245740468109568,-0.000242121388049354,-0.000248554726910211,-0.000266797251873989,-0.000261054176454605,-0.000266737737116185,-0.000271510139510387,-0.000264161249971555,-0.000264475942514506,-0.000258524750389574,-0.00024607949708803,-0.000241644984312518,-0.000226602973297647,-0.000211654441233606,-0.00019920393084211,-0.000182197319971689,-0.000163228339689079,-0.000147058557896741,-0.000127990711342633,-0.000110700689067199,-9.0321749266158e-05,-7.2483948379998e-05,-5.70508121393181e-05,-4.07718624475872e-05,-1.9857653853962e-05,-6.30725336396264e-06,3.90235679360966e-06,1.65200999257952e-05,3.334487127862e-05,4.4960930171145e-05,5.38316799686437e-05,5.5306010023828e-05,6.48747264581751e-05,7.27358965216956e-05,8.18439121071687e-05,8.78610655169023e-05,8.81836953822922e-05,9.1327427038908e-05,8.97355940222324e-05,8.9373491913808e-05,9.1691882783362e-05,9.22498903184553e-05,9.2396218422365e-05,9.24042286286524e-05,9.2659683718019e-05,9.23545057145961e-05,9.256308458097e-05,9.20013664369176e-05,9.21665072640334e-05,9.16322343038744e-05,9.20900406352828e-05,9.18680132924966e-05,9.27071924955383e-05,9.28891069244873e-05,9.42642628434887e-05,9.51844952807536e-05,9.73701536494682e-05,9.83451754543504e-05,0.000100046083995543,0.000100777755415536,0.000102276379467121,0.000103425279745439,0.000106216424682121,0.000108249980658028,0.000111334801566043,0.000112566968260741,0.000114889915563234,0.000116922321972303,0.000120332604752585,0.000122362489215628,0.000124571148876525,0.000126008709522748,0.000129345337829195,0.000131029325605357,0.000132550621918897,0.000133676626527729
0.000135087592654613,0.000135995322289117,0.000137701183657738,0.000136275423759656,0.000136904689827848,0.000135600918043927,0.000133903508934538,0.000131232998129788,0.000128323625142824,0.000123639949552913,0.000119396179184491,0.000111498261320645,0.000106367822306082,9.75841792729453e-05,8.75603644994139e-05,7.94483733851711e-05,6.74169703698618e-05,5.60058627048127e-05,4.51870039930459e-05,1.91833329030985e-05,-3.63100280712594e-05,-0.000230316951765559,-0.000938903567989373,-0.00253406017048612,-0.00512181238240435,-0.00815404684128184,-0.0109440655097919,-0.0132184487378479,-0.0148498600573259,-0.0157385532073518,-0.0157985544107441,-0.0149787410494926,-0.0132599574836612,-0.0106352931506825,-0.00724250370964443,-0.00395890502986954,-0.00173602665783789,-0.000646516172535196,-0.00032826318353707,-0.000253227124914115,-0.000236798437809152,-0.000246650120247308,-0.000254944613362452,-0.000258030864272807,-0.000269332342429381,-0.000266625696241781,-0.0002665490814559,-0.000273403286884629,-0.000260741145730626,-0.000257303309640917,-0.000253418754384676,-0.000237268337648822,-0.000227343439995531,-0.000216392085029111,-0.000196564069642268,-0.000182475911209241,-0.000165630806483547,-0.000147010939121279,-0.000128096084545027,-0.000109670218602815,-9.22292126615085e-05,-7.5186984054432e-05,-5.36682749466075e-05,-3.77237520639093e-05,-2.59082236270938e-05,-1.00737779991108e-05,1.00286177003189e-05,2.17974133515645e-05,2.92804865448517e-05,3.77843819871783e-05,4.98346765622203e-05,6.502936840697e-05,7.09263029285507e-05,7.39762938992579e-05,7.63059506422133e-05,7.75435857793002e-05,8.62877790126758e-05,8.70273953191376e-05,9.4714094515947e-05,9.66520287573462e-05,9.72597759853164e-05,9.62776116254389e-05,9.79057243776211e-05,9.631595257e-05,9.69391373968212e-05,9.52132364596582e-05,9.56906931480483e-05,9.43273114914467e-05,9.51013459317537e-05,9.41065292715865e-05,9.50395902475066e-05,9.4261644718607e-05,9.53730375025426e-05,9.47914302235492e-05,9.59686782920844e-05,9.52733694762781e-05,9.6294081616181e-05,9.63178508187409e-05,9.86582813516841e-05,9.97136010971217e-05,0.000102965653367348,0.000104204087345178,0.000106588781228493,0.000107419413577601,0.000109959955517437,0.000112060647704107,0.000115723355679778,0.00011711752375341,0.000119706599350393,0.000121114243070589,0.000124831620247341,0.000126649726548657,0.000128788636662571,0.000129770978784072,0.000133139505892978,0.000133958125760844
0.000136896890919089,0.000136143635816689,0.00013730039497817,0.000137304748084389,0.000137637562172451,0.000135134159550638,0.000135255036464223,0.000131135621564176,0.000129247003020159,0.000124025638408276,0.000119585323233247,0.000113121342152144,0.000105718918238371,9.81863400003961e-05,9.08241413572401e-05,7.47099819742761e-05,7.24979850278604e-05,5.58296231428389e-05,2.11049048812889e-05,-4.11059788365955e-05,-0.000474943933762555,-0.00183570163649963,-0.00482158397497024,-0.00879350687274771,-0.0127630581635247,-0.0164554737734046,-0.0196766251522884,-0.0222550058767829,-0.0241467384631696,-0.0252651904590866,-0.0255727778477457,-0.0249911838620586,-0.0235004751789254,-0.0209795498900416,-0.0174842288116531,-0.0130565530671849,-0.0079250171351231,-0.00352656574049918,-0.00119010178463741,-0.000386436851324408,-0.000292312956694709,-0.000248689652082722,-0.000243080284330416,-0.00027402930887238,-0.000259227672129782,-0.000266795698966082,-0.000273568042810685,-0.000264547849289083,-0.000265066181461572,-0.000260010345565612,-0.000245470031226827,-0.000243858398754737,-0.000226317693823755,-0.000212219282589461,-0.000199748651026089,-0.000182952057887821,-0.000162686543116813,-0.000147825602428932,-0.000127632879949152,-0.000111340102958228,-8.93921676961115e-05,-7.24656209865237e-05,-5.70685066401266e-05,-4.12296124283037e-05,-1.79671535151786e-05,-6.01035771545759e-06,3.54986900437087e-06,1.59194953201122e-05,3.50896212851178e-05,4.60815055090778e-05,5.50095845892702e-05,5.36141480436305e-05,6.49930372793856e-05,7.28072337654569e-05,8.36712661336689e-05,8.93201725248372e-05,8.89721662818546e-05,9.1811341275317e-05,8.94649998698736e-05,8.82176678952344e-05,9.15655779379185e-05,9.15791326896142e-05,9.21306981041026e-05,9.16610832660765e-05,9.25095348262528e-05,9.17125721093109e-05,9.25240230870614e-05,9.13922733549378e-05,9.21189770116936e-05,9.09891134337217e-05,9.20275507010639e-05,9.12357441412246e-05,9.26779981165083e-05,9.23338618713704e-05,9.43862885175133e-05,9.49030472430099e-05,9.78533454780246e-05,9.8339234623478e-05,0.000100549933423867,0.000100622343119093,0.000102525666029494,0.000103071834176966,0.000106554033726464,0.000108099170331,0.000111858343282109,0.000112400011187909,0.000115185793608128,0.000116732271749775,0.000120778518494497,0.000122310207192822,0.000125001727885238,0.000125816553836992,0.000129808351791973,0.000131063018902515,0.000133019756637355,0.000133526863110688
0.000136046409656867,0.000135135589701348,0.000138929635083271,0.000135508765945623,0.000138005346596669,0.000135054718242961,0.000135105478122878,0.000130628427807334,0.000129611389211108,0.000123089003949528,0.000120993922004535,0.00011047701036683,0.000107933848394577,9.71808198222967e-05,8.85364548639283e-05,7.92175352706739e-05,6.32115715412932e-05,3.76761122527147e-05,-0.000113425604134641,-0.000908005977194003,-0.00339776446908457,-0.0076980373894329,-0.0124110170440329,-0.0171056657675096,-0.0215431984154819,-0.0254906492496647,-0.028955700629894,-0.0317489269807436,-0.0338654315888084,-0.0351770485264554,-0.035708122996504,-0.0353390942828628,-0.0341108074146765,-0.0318862752020142,-0.02878488125422,-0.0245809505761512,-0.0193928098433959,-0.0132800145932996,-0.00664905771679257,-0.00220524800715683,-0.000618544969972554,-0.000295920275367456,-0.000267989433458568,-0.000261331513092128,-0.000268404195979537,-0.000269269703621295,-0.000264779205213884,-0.000279188060932441,-0.000257916263977012,-0.000260383264652256,-0.00025382321309542,-0.000239051909306177,-0.00022651325697442,-0.000219561681691884,-0.000194812368400878,-0.000184784048725908,-0.000164616343127664,-0.000148784154399281,-0.000126575204957817,-0.000111049869948147,-9.09857461470038e-05,-7.67799797935163e-05,-5.12411588591083e-05,-3.85514146506092e-05,-2.51991805356049e-05,-1.13373944841411e-05,1.30183253935545e-05,2.14909572236941e-05,3.02304144239491e-05,3.59329899687426e-05,5.13266493182572e-05,6.58988702016893e-05,7.32938145686486e-05,7.3111223353232e-05,7.69248737284181e-05,7.53128823698935e-05,8.77675219793201e-05,8.56102092604839e-05,9.70510616469962e-05,9.6679199915485e-05,9.92780681583537e-05,9.57469013036601e-05,9.98989945942725e-05,9.5743977568948e-05,9.86712172414372e-05,9.44570254792021e-05,9.71984560080245e-05,9.3488084657958e-05,9.65423730540841e-05,9.32843372937241e-05,9.64456991217506e-05,9.34323796852568e-05,9.67137072712588e-05,9.38948761358565e-05,9.71309423700717e-05,9.41249448085192e-05,9.70933090661901e-05,9.49243366382781e-05,9.9424272751936e-05,9.8493684420714e-05,0.000103967553955426,0.000103213209468807,0.000107520800191851,0.000106289320190618,0.000110738831892079,0.000110984993051771,0.00011673068666611,0.000116120772240371,0.0001206194182821,0.000120053737997501,0.000125769821385144,0.000125778013126859,0.000129773469871186,0.000128755684561137,0.000134142119227025,0.000133212643519945
0.000138176266337842,0.000135577623087278,0.000138453322037346,0.000136783408384741,0.000139030297993615,0.000134652921434638,0.00013670112816565,0.000130839045294006,0.00013058731902851,0.000124029261615921,0.000120976109597015,0.000113301865805897,0.000105939983670747,9.97558592681159e-05,9.21303226375492e-05,6.59773317762919e-05,4.95296108392738e-05,-0.000262408150413885,-0.00166292066997391,-0.00551814388023624,-0.0104393836406675,-0.0157170034399891,-0.0209886574199006,-0.0259964816074137,-0.0307125647880233,-0.0349165127350136,-0.0385736301303549,-0.0415525186036347,-0.0438264692761466,-0.0453092867223453,-0.0460062923379898,-0.0458397289649919,-0.044819912522578,-0.0428659122053327,-0.0400479539389769,-0.0362310984845373,-0.0315353916417944,-0.0257189688953021,-0.0188964687067356,-0.0113185323894546,-0.0041212206315342,-0.00109331095632419,-0.000315537472685679,-0.000305764754804237,-0.000258279349838149,-0.000263505243482307,-0.000278500799531666,-0.000266425231860181,-0.00026384985921119,-0.000263576302478281,-0.000244306132139939,-0.000247579635175512,-0.000225075647765962,-0.000214377263826857,-0.000199348826887038,-0.000185006469234632,-0.000161096903552071,-0.000149799850826542,-0.000126088979002039,-0.000113034618939193,-8.71551530832747e-05,-7.34464595798999e-05,-5.57481016992999e-05,-4.24493759671628e-05,-1.47068482711854e-05,-6.63747141477405e-06,4.61909769183782e-06,1.46905885661892e-05,3.82237228179297e-05,4.63266859381643e-05,5.74142814651255e-05,5.12418994722364e-05,6.65789104723558e-05,7.2128445714659e-05,8.67153931903611e-05,8.9752840338334e-05,9.09126170032271e-05,9.13693188095326e-05,9.03700028430427e-05,8.62914537446674e-05,9.25870662860285e-05,9.00040561620093e-05,9.2912796901922e-05,8.99718835401697e-05,9.33327073543437e-05,9.0083588651039e-05,9.33964587422865e-05,8.97780955444766e-05,9.29493860150136e-05,8.9345092696816e-05,9.28268988082355e-05,8.96104939944509e-05,9.34891197046191e-05,9.07910058529289e-05,9.53240796844661e-05,9.36185593705185e-05,9.90826230061021e-05,9.73117077706563e-05,0.00010178916663897,9.9478110988572e-05,0.000103548863785163,0.000101784774187299,0.000107648794544176,0.000106990924007236,0.000113082690416827,0.000111327863841571,0.000116240945884526,0.000115683502116593,0.000121912846939265,0.000121383995567858,0.00012618177673236,0.000124845559158788,0.000130935855329807,0.000130322089751032,0.000134240581605877,0.000132649836486416
0.000134298267442644,0.000137223223409686,0.000137444682165822,0.000137868162845618,0.000136316696107389,0.00013777795399668,0.00013355253754812,0.000133407951996425,0.000127935864024254,0.000126264200819175,0.000119668150947762,0.000113088176454878,0.000106046506804524,0.000100232553741499,8.14878736476969e-05,2.35368694661064e-05,-0.000517217681972555,-0.00292619899371052,-0.00753438184136861,-0.0129215088027643,-0.0185976978033886,-0.0243181276859666,-0.0299130784716876,-0.035260194695538,-0.0401546720412713,-0.0445588759360078,-0.0483172130023939,-0.0514505586327656,-0.0538057300469683,-0.0554381785646185,-0.0562252052549436,-0.0562418432972037,-0.05535805266793,-0.0536780117724108,-0.0510901310144593,-0.0476669487755141,-0.0432673262976075,-0.037999847596163,-0.0317949455762791,-0.0245470347435836,-0.0162738910047639,-0.00760240278603965,-0.00194050562333214,-0.000464876786833015,-0.000293512048512333,-0.000265793857819666,-0.000275005435294165,-0.000276907729500067,-0.000263971200516412,-0.000255389508030706,-0.000264032469572289,-0.00023333466657696,-0.000233500805573417,-0.000216411937642475,-0.000200058754312683,-0.000181042938337541,-0.000169928642450447,-0.000144765883900958,-0.000130799741308538,-0.000106840538573516,-9.50262237484337e-05,-7.28749078600587e-05,-5.36431070946054e-05,-3.42070170632087e-05,-2.9006780398332e-05,-7.32555835589342e-06,1.17235395255613e-05,2.60004177903477e-05,2.70972671535577e-05,3.90203782326412e-05,4.90375596233089e-05,7.13206328223058e-05,7.16657609467276e-05,7.66737754085675e-05,7.38627398770917e-05,7.7612146414804e-05,8.56306908586493e-05,8.83902522416804e-05,9.57051818388182e-05,0.000100516473886288,9.75922222046223e-05,9.89724238690278e-05,9.82567528814796e-05,9.87851620716423e-05,9.68063347178032e-05,9.71969687166414e-05,9.51652592036309e-05,9.60451801625778e-05,9.44867179373773e-05,9.57649689833798e-05,9.44112526412164e-05,9.58326579776733e-05,9.46770601849033e-05,9.61643798131931e-05,9.49756399773296e-05,9.61017799776691e-05,9.46897762448563e-05,9.6636651114236e-05,9.70398383144679e-05,0.000100317667832746,0.000101823236271738,0.000105185437047234,0.000105371838869537,0.000108145107235255,0.000108547975258332,0.000112840097322191,0.000114751330911583,0.000118015570152205,0.000118668793392111,0.000121928051729207,0.000123814617193891,0.000127776375192187,0.000128000898720183,0.000130668641510924,0.000132313212041762,0.000135430846866222
0.000134821757205885,0.000139855564505411,0.000135232053466456,0.000140893685232071,0.000136329524405843,0.000138666674325412,0.000134426909695456,0.000134769715089025,0.000128462271869803,0.000127919993690266,0.000119996940080425,0.00011683302696727,0.000101018825275658,0.000101324880488276,-3.44115556735975e-05,-0.000952407417903258,-0.00445846972266943,-0.00932786415556507,-0.0149963105959629,-0.0209986901070847,-0.0271331565608219,-0.0332521299463155,-0.0391096719151199,-0.0446485492563189,-0.0496829772913639,-0.0541952831740568,-0.0580254051834778,-0.0612162759479393,-0.0636237455613041,-0.065317318073538,-0.0661771794950799,-0.0662940281275333,-0.065539963457825,-0.06403620128496,-0.0616577440317336,-0.0585215424499102,-0.0544775960807435,-0.0496594801171861,-0.0439093679082255,-0.0373398281946392,-0.0298223806909942,-0.0212764543524831,-0.0121501953111471,-0.00353906748430779,-0.000778338332625907,-0.000263034176625555,-0.000311232878296689,-0.000259123096332737,-0.000269065586715211,-0.000260004539918406,-0.000254605434306219,-0.000241372008166855,-0.000234371724019638,-0.000207633596512559,-0.000208961484017676,-0.000178015440725051,-0.000168998804017862,-0.00014294092510749,-0.000133457518338999,-0.000105972711461642,-9.33242048866512e-05,-6.58240891773461e-05,-6.24855956477563e-05,-3.5014877432274e-05,-1.91498537140858e-05,1.00634143833965e-06,-1.72041377189187e-06,2.18862566120445e-05,3.41521734875691e-05,5.45249205184845e-05,5.26261011400241e-05,5.68623058057889e-05,6.14330899049277e-05,7.92006160216978e-05,8.28901538006329e-05,9.74529550240056e-05,8.60509528689767e-05,9.81551999068e-05,8.46414237592797e-05,9.16144418652732e-05,8.70721817166451e-05,9.53668132840465e-05,8.71600679891303e-05,9.50221397347462e-05,8.76519959425019e-05,9.50058194491663e-05,8.78092146789621e-05,9.4557444486483e-05,8.74057538460431e-05,9.39766500449983e-05,8.7352184879187e-05,9.41454760918425e-05,8.81204063392543e-05,9.5289452416694e-05,9.0174802262725e-05,9.82407416549037e-05,9.42642813186602e-05,0.000102049416553065,9.70922568417873e-05,0.000104015934285286,9.8810014632975e-05,0.000106123526193819,0.000103091036872692,0.0001113587597609,0.000108727449378667,0.000115669701673958,0.000111922292428408,0.000119970308504477,0.000117736960028416,0.000125642846504402,0.000122284767377602,0.000129020643801412,0.000127047447167881,0.000134584846638776,0.000130733612391443,0.000136647340596181
0.000136551842770973,0.000135538383988833,0.000140246024372798,0.000136393985383819,0.000139116714319197,0.000136449753830565,0.000137214613557271,0.000131458672186678,0.000132061467089721,0.00012389623629988,0.000126185965765982,0.0001067146499268,0.000102779736878481,-0.000140589982224615,-0.00170987661904233,-0.00568893707697751,-0.0108484773501057,-0.0166772330226882,-0.022951844539471,-0.0294244032461325,-0.0359755907223961,-0.0422969085196526,-0.0483749806175816,-0.0539901628933205,-0.0591195386514598,-0.0636106616377198,-0.0674844617605089,-0.0706242567008714,-0.0730697007234829,-0.074718798472223,-0.0756451751595372,-0.0757530637770659,-0.07513119810535,-0.0736927370605489,-0.0715496709100176,-0.0685751870009555,-0.0648816518857412,-0.0603503476321332,-0.0551722034831332,-0.0490399418766287,-0.0422546842591896,-0.0345585650803588,-0.0260238271350714,-0.0164135920710651,-0.00668621039330607,-0.00135332915499149,-0.000334652451200829,-0.00030920315849164,-0.000245506917566563,-0.000272929565231301,-0.00025884427246962,-0.000244276530380799,-0.00022540619578487,-0.000229104436205856,-0.000192245851344048,-0.000190251684703299,-0.000163828059472842,-0.00015203480950482,-0.000124547008111625,-0.000112561996662955,-8.93934244397717e-05,-7.7777992132917e-05,-4.68867535917872e-05,-3.79740666602484e-05,-2.42360795952274e-05,-1.04661416171381e-05,1.85609924501528e-05,2.35855285627208e-05,3.1627279221566e-05,3.59129118270045e-05,5.41755159896707e-05,7.06907601620075e-05,7.67275893317419e-05,7.44889846475516e-05,7.73624019236615e-05,7.46700671151159e-05,8.97244369248711e-05,8.59311194973763e-05,0.000100134578150043,9.9034471924458e-05,0.000101307500702757,9.71157335216018e-05,0.000101768871543061,9.68558716802038e-05,9.98421648809275e-05,9.50863744323511e-05,9.78176471653837e-05,9.38792890611251e-05,9.69297184330339e-05,9.36451736867786e-05,9.67120505049443e-05,9.37650172755354e-05,9.68370363027026e-05,9.40902378311525e-05,9.68891385304142e-05,9.38713195654865e-05,9.63006119456571e-05,9.42835188844484e-05,9.85678004054935e-05,9.81652690744733e-05,0.000103451701880958,0.000103241663312103,0.000106940875099782,0.000106234835013087,0.00011008244969682,0.000110973353502254,0.000116388963649924,0.000116240172140591,0.000120412192944822,0.000120239217147281,0.000125475096777437,0.000126177211967528,0.000130007875671333,0.000129021998412424,0.000134228725909202,0.000134087204565491
0.000139834344319645,0.000136370280993193,0.00014004142552479,0.000137755328067165,0.000141149223119953,0.000136076473687694,0.000139407636244367,0.000132916303756814,0.000132041368071768,0.000127444345038979,0.00012363066947917,9.41480652047843e-05,-0.000294967670491025,-0.00266510351127458,-0.00670368811518669,-0.0119657458495329,-0.0179272664851193,-0.0244409499500677,-0.031236715648388,-0.038053754665499,-0.044836259633934,-0.0513305006656708,-0.0574674955045052,-0.0630994462679412,-0.068199498658099,-0.0726468547089583,-0.0764469341582418,-0.0795166788143855,-0.0818865794544453,-0.0834840886401989,-0.0843679662863893,-0.0844714123759673,-0.0838696430371923,-0.082499841664737,-0.0804556855926973,-0.0776499739111136,-0.0741901024723054,-0.0699748849750885,-0.0651348111319854,-0.059503028005867,-0.0533293608810731,-0.0462545686174191,-0.0385128527995173,-0.0300662747063838,-0.0206397715727758,-0.0109577834158294,-0.0024375686619241,-0.000504422592313635,-0.000245439957161873,-0.000288020675279094,-0.000248277170899889,-0.000251894105102006,-0.000225924776872643,-0.000221746556114672,-0.000199709320449002,-0.000190364225606681,-0.000158792396115388,-0.000154550320084918,-0.00012297522039135,-0.00011643397987304,-8.19891214907297e-05,-7.4883617800551e-05,-5.22246445980935e-05,-4.3377797452719e-05,-6.89023217795196e-06,-6.76760821035537e-06,8.18018148695803e-06,1.45086204222176e-05,4.59580285682988e-05,4.82949673501045e-05,6.30987846324897e-05,4.85979573377544e-05,7.14806831925035e-05,7.26940984621137e-05,9.3595469777438e-05,9.15619370758274e-05,9.52666694099112e-05,9.17462635677753e-05,9.2683371382189e-05,8.4150438483555e-05,9.49843445960181e-05,8.80096980388508e-05,9.43911834980666e-05,8.75224407145079e-05,9.45732015594251e-05,8.75472097913735e-05,9.44763702710761e-05,8.71572235655281e-05,9.38264565008916e-05,8.66679801763759e-05,9.35822093385773e-05,8.69792508726579e-05,9.41997270725591e-05,8.83208123669068e-05,9.62182698592218e-05,9.16054992856425e-05,0.000100327712276499,9.57400778719898e-05,0.000103044631150315,9.7776366523983e-05,0.000104546660155175,9.99889415217887e-05,0.000108769082241573,0.000105459500348046,0.000114317029568197,0.000110067658711337,0.000117392605900868,0.000114620567117193,0.000123017952301599,0.000120520782356251,0.000127695813499332,0.000124203624946637,0.00013208170305899,0.000130192721822087,0.000135997913840284,0.000132325269461701
0.000133961034130917,0.000139190824557775,0.000138083343253691,0.000141047552705388,0.00013588477774473,0.000142466274298635,0.000134350488972997,0.000138097672748632,0.000127127931297358,0.000132620237173347,7.11228801430201e-05,-0.000565946720992513,-0.00329949550533101,-0.00747920863961691,-0.0127575764348559,-0.0188380346347828,-0.0254655424703526,-0.0325077893829543,-0.039604353223245,-0.0466975391387283,-0.0535589021046176,-0.0601122708642713,-0.0661944966434431,-0.0717887613871614,-0.0767426946811837,-0.0810941111723472,-0.0847207136139716,-0.0876925432068283,-0.0898940929194179,-0.0914218623803734,-0.092168440733163,-0.0922557783242576,-0.0915721929204514,-0.0902689141714959,-0.0882214286310225,-0.0855868279388819,-0.0822089980128198,-0.0782968774417782,-0.0736849070051307,-0.0685416309063015,-0.0626907630156848,-0.0563680835959969,-0.0491940188054261,-0.0416857300908072,-0.0333480761842239,-0.0243853907772108,-0.0145407262991964,-0.00485329296620662,-0.000852253822346507,-0.000267453902841132,-0.000306181026901085,-0.000213764329152816,-0.000252051875478774,-0.000215136447250596,-0.00021118909073962,-0.000175341944331759,-0.000181009123585496,-0.000138589243668321,-0.000137813000514491,-9.99291563581851e-05,-0.000100708890422862,-6.61232849745444e-05,-5.4852000221673e-05,-2.67357963671564e-05,-3.27267527119049e-05,4.64457257837371e-07,1.35690837281712e-05,3.38952694711481e-05,2.52391015132887e-05,4.48800769788164e-05,4.94364025563648e-05,8.11804157158528e-05,7.22422229861357e-05,8.26395289021232e-05,7.21024915600137e-05,8.16359711415265e-05,8.55702838226332e-05,9.25591339543003e-05,9.65915436331333e-05,0.000105841750952432,9.73087740584006e-05,0.000103111214645444,9.79148319617037e-05,0.000102278475980502,9.5778178679595e-05,9.98854687428003e-05,9.36405149628538e-05,9.8247169691578e-05,9.2809731989601e-05,9.7734989927024e-05,9.27160834436706e-05,9.76277095928505e-05,9.29564839274058e-05,9.7690360863481e-05,9.2986218979346e-05,9.70977562706762e-05,9.2359836867338e-05,9.72091278400521e-05,9.47412026099185e-05,0.000101103557960555,9.98562164352948e-05,0.000106207784378552,0.000103465576836032,0.00010918498895931,0.000106782107141226,0.000113838445072501,0.000113237520823945,0.000119140839608664,0.000117554882177514,0.000123273233020721,0.000122465853954952,0.000129299957033482,0.000127492777287994,0.000132240630366824,0.000131384603381815,0.000137927630957998
0.000137010476386625,0.000140834082900794,0.000137817234117626,0.000142206685427478,0.000139423748443898,0.000139436663232304,0.000141801343191568,0.000133210343563804,0.000140919048536487,6.41899087912067e-05,-0.000948629656990606,-0.00367976204987848,-0.00791079986668674,-0.0131831148338356,-0.0193776489735606,-0.0261416582312644,-0.0332512674368561,-0.0406028884141576,-0.0479306621631047,-0.0550783669385421,-0.0619513444465713,-0.0684259555398543,-0.0743921522440359,-0.0798035166664142,-0.0845918274316561,-0.0887323139119954,-0.0921763475434061,-0.094935009386877,-0.0969719502441628,-0.0983174942476897,-0.0989435932510765,-0.0988998247266657,-0.0981595609036124,-0.0967897115270602,-0.094758384371763,-0.0921405842003304,-0.0888971049266143,-0.0851154655339362,-0.0807313447734347,-0.0758580427198859,-0.0704407812308618,-0.0645005715353314,-0.0579719202865058,-0.0511705108639644,-0.0436155522380924,-0.0355377949380746,-0.0270939238100646,-0.0178337238604441,-0.00865597577805687,-0.00154306425178253,-0.000346295744984259,-0.000232954305502954,-0.000243061700468229,-0.000220092456019217,-0.000208801453431175,-0.000182972110836319,-0.000170474145948173,-0.000145253076313123,-0.000133416923684108,-0.000106182102973282,-9.07122599921806e-05,-6.33785169079317e-05,-6.13571137891492e-05,-3.15137451801223e-05,-1.29699658762694e-05,5.00742135924303e-06,2.39716088325086e-07,2.64749192596662e-05,4.06899612855136e-05,6.06035161296956e-05,5.67775929845567e-05,5.83941496540637e-05,6.55298569774662e-05,8.37655279758663e-05,8.84655621110258e-05,0.000102433883161181,8.88983503556645e-05,0.000101706858230913,8.55205632055316e-05,9.26739653034928e-05,8.80235675486872e-05,9.59903875207065e-05,8.69257566227918e-05,9.48304195984618e-05,8.70312053045735e-05,9.44016414862793e-05,8.69397159147032e-05,9.36431041111377e-05,8.63633210079051e-05,9.28823296320285e-05,8.62726866136298e-05,9.29861217745513e-05,8.70769618973183e-05,9.41710101850688e-05,8.93895064727127e-05,9.74134614490512e-05,9.37961179816513e-05,0.000101504428785659,9.67614975212128e-05,0.000103288756682549,9.84770672488946e-05,0.00010530610657119,0.000103015797414484,0.000110605653668539,0.000108817744730169,0.00011521658442694,0.000112273031826749,0.000119670812120814,0.000118052484936297,0.000125365864887156,0.000123470202752632,0.000128986396697534,0.000127848613915134,0.00013498678295115,0.000132732598982711,0.000136538410069071
0.000138424433328058,0.000135798646778439,0.000143930838410364,0.000139149558543452,0.000139637685168786,0.000142078892471565,0.000141995354108724,0.000157365458350052,0.000131768602401444,-0.00110660955446372,-0.00387847969591443,-0.00809892137840428,-0.0133737553154772,-0.0195531145637271,-0.0264127859306839,-0.0336286281025695,-0.0410801553416518,-0.0485699922848808,-0.0559461392672827,-0.0630556562085568,-0.0698156117421595,-0.0760903103044422,-0.0818653578003718,-0.0870207779568461,-0.091571681072351,-0.0954273286631528,-0.0986428655703365,-0.101130154487931,-0.102970551816622,-0.104075870244481,-0.104555629498955,-0.104317523517579,-0.103496990782505,-0.101993699038456,-0.0999651737890606,-0.0972844700297828,-0.0941276778876605,-0.0903634007882163,-0.0862080896978886,-0.0814592021056002,-0.0763662590198,-0.0707181977172756,-0.064768540921228,-0.0583048179075064,-0.0516134929109597,-0.0441811979263626,-0.0367804657835826,-0.0288134660187574,-0.0204074801103211,-0.0115548954510345,-0.00317584386968475,-0.000530845312841781,-0.000228317764223331,-0.000266534250477742,-0.000174697305115927,-0.000208468519453414,-0.000157408950460726,-0.000163524240686117,-0.000115882857732513,-0.000119710832055198,-8.13678219086717e-05,-8.24821450813358e-05,-3.52072773883578e-05,-4.00925872495506e-05,-1.65614031071708e-05,-1.03206578285339e-05,3.14226337994667e-05,2.43392217314584e-05,3.96067182976795e-05,3.58776419473622e-05,6.40951559828775e-05,7.50912387668395e-05,8.5417491001033e-05,7.52513112009488e-05,8.34448698196427e-05,7.42420834603532e-05,9.69564947506785e-05,8.5456053673439e-05,0.000107441884914188,9.94573959196305e-05,0.000106662047495625,9.66392810418797e-05,0.000106611712714891,9.57703546441519e-05,0.000103450700575946,9.3253907624149e-05,0.000100500378297181,9.16939284719708e-05,9.91256973525072e-05,9.14052658146178e-05,9.86333487373705e-05,9.15638363632883e-05,9.85115489557727e-05,9.18043994827737e-05,9.80497809042935e-05,9.12511632113021e-05,9.70189070527894e-05,9.14703019208172e-05,9.9134763357667e-05,9.57474167114209e-05,0.000104096242878533,0.000101207031852025,0.000107547522538064,0.000104571608716019,0.000110835170409126,0.00010938051393162,0.000117153257982348,0.000114989853364125,0.000121710499835099,0.000119523462804347,0.000126203451669482,0.000125792857673944,0.000131876162070693,0.000128914249002862,0.000135280627875613,0.000135423037087647
0.000140762004667638,0.000139376828942946,0.000140718384170238,0.000145799091949048,0.000136744954590854,0.000152793061945795,0.000232161048174836,0.00031827922692511,-0.00096821205795942,-0.00384453614214988,-0.00802226318512154,-0.0133559613775841,-0.0195081748589313,-0.0263223269815913,-0.0336073190484953,-0.0411337283244017,-0.0486845431809759,-0.0561980102854792,-0.0634796341174036,-0.0704221609652535,-0.0769447097302163,-0.0829764735090335,-0.0884340169012511,-0.093292801590158,-0.0975162547724275,-0.101082867635493,-0.103978996815634,-0.10620051399409,-0.107754403774584,-0.108640485415351,-0.1088818848353,-0.108482293251667,-0.107479453323462,-0.105876317383402,-0.103720916735449,-0.101013151071227,-0.0978158542054538,-0.094115403076668,-0.0899729476890564,-0.0853933881370027,-0.0804536432601396,-0.0750691341995886,-0.069389313347666,-0.0634157942592039,-0.057077270010755,-0.050379816461918,-0.0436890026893557,-0.0365423106738651,-0.02907150634638,-0.0215885078497708,-0.0137043831301944,-0.00611076607207216,-0.00096568250118586,-0.000257076945271762,-0.000198798717333485,-0.000192077696429495,-0.000170302892780723,-0.000150556306618642,-0.000127466288186742,-0.000112924557127987,-8.18310751004315e-05,-6.82828145136885e-05,-5.28303779642836e-05,-3.58653748174136e-05,-9.36633372791583e-07,1.01472108860783e-06,9.72498684298013e-06,2.34305383466036e-05,5.27478561345124e-05,5.81529632481029e-05,6.70159971896527e-05,5.37547160558146e-05,7.59660998192843e-05,8.09318060082726e-05,9.89774594190547e-05,9.94852008911744e-05,9.74711674466689e-05,9.82679760039598e-05,9.27781642078441e-05,8.81208157943222e-05,9.49861459759829e-05,9.09949757122956e-05,9.27205091790137e-05,8.93416370331633e-05,9.21883848055836e-05,8.86729076301103e-05,9.16085149814879e-05,8.78369113898228e-05,9.070638813476e-05,8.71662899789765e-05,9.04162658564081e-05,8.74333969327722e-05,9.10426704877015e-05,8.8813814622968e-05,9.32714570510358e-05,9.2338385199966e-05,9.75403644084072e-05,9.67471431615424e-05,0.000100406113946593,9.86903145270228e-05,0.0001020345157555,0.000100956088478232,0.000106509980637504,0.000106445351876835,0.000112134312443176,0.000111598068695016,0.000115650300358852,0.000116447889299644,0.000121043479983838,0.000122442490888088,0.000126910536803594,0.000126581727923928,0.000130562214368201,0.000133479528273223,0.00013593175574499,0.000134759016850451
0.000140374666998496,0.000134032691888109,0.000148628812460087,0.000143782023667111,0.00018802981685386,0.000529005118797758,0.00062940749448102,-0.000710988483593753,-0.00365454256464805,-0.00780616702146282,-0.0131234814238962,-0.0192663257180653,-0.026048567687594,-0.0332724195329738,-0.0408014444842119,-0.0483866480022294,-0.0559430149296648,-0.0632945117578031,-0.070359156774567,-0.0770357086388831,-0.0832389018400531,-0.0889118591822976,-0.0940150926820837,-0.0985131417526856,-0.102365646727693,-0.105584347258566,-0.108137020978797,-0.110055443717065,-0.111304705544242,-0.111940236711616,-0.111923882168761,-0.111332882725122,-0.110123519818096,-0.108394939679878,-0.106091535849183,-0.103325832532105,-0.100023892145495,-0.096334377643117,-0.0921779401361879,-0.0876910714565415,-0.0827663560213269,-0.0776207149859346,-0.072083972648905,-0.0663810690326802,-0.0603551226897931,-0.0542052803718562,-0.04782223129853,-0.0414959122835803,-0.0346421697572014,-0.0281202932891395,-0.0215054559227336,-0.0146936896011588,-0.00797780598994163,-0.00199677664723784,-0.000338036159548126,-0.000188413019519516,-0.000195799703702451,-0.00013095035290078,-0.000145864759711887,-9.24764881339308e-05,-0.000104222057464312,-5.90061295763652e-05,-5.10315235821211e-05,-1.8223147655852e-05,-3.16003360103042e-05,1.02987079040643e-05,2.2329097840226e-05,4.30607192319176e-05,2.93797228020456e-05,5.26650054552188e-05,5.66065713269027e-05,9.28528552082406e-05,7.80070836272607e-05,8.96272970199032e-05,7.58623092865657e-05,8.70603996334906e-05,9.07970905260033e-05,9.68591733760685e-05,0.000101730695209021,0.000110117363281444,0.000100299083090114,0.000106089671809312,0.000100509297950771,0.000104015273844108,9.7014061024717e-05,0.000100304557329411,9.39602536004925e-05,9.79263205418251e-05,9.27745092245044e-05,9.70898567656256e-05,9.26191511778174e-05,9.68200659947435e-05,9.28259099194758e-05,9.65475470305999e-05,9.24621884911022e-05,9.53615816071441e-05,9.16576374069082e-05,9.50818874535779e-05,9.41012876071235e-05,9.91761322194745e-05,9.945681060042e-05,0.000104455845963537,0.000103355009400838,0.000107771611146029,0.000107230636651626,0.000112141884158251,0.000113939702482895,0.000117606128074097,0.000119470623150226,0.000122027943011899,0.000123949013562025,0.000128097444030916,0.000131115797887334,0.000130753105693563,0.000134691447457866,0.00013717610514117
0.000147690826316456,0.000134164778109321,0.000155305236833183,0.000344137237789877,0.00123817073468701,0.00122140464282209,-0.000379949607443102,-0.00335321212013529,-0.00757739314172564,-0.0127796813390103,-0.0188831822243474,-0.025589967953446,-0.0327711360849339,-0.0401736628169771,-0.0477484384941682,-0.0552633808756489,-0.0626223136489379,-0.0697116169378073,-0.0764631579500347,-0.0827479333804027,-0.0885636627889237,-0.0938254037477737,-0.0985105674246788,-0.102584357569808,-0.106049478973483,-0.108879842027832,-0.111080837015849,-0.112651779031177,-0.113601667826118,-0.113944057888259,-0.113687431610363,-0.112859847071576,-0.111468650952792,-0.109553814156233,-0.107118893072014,-0.104218682295453,-0.100857196787609,-0.0970892296499379,-0.092901784747309,-0.0883941441471556,-0.0835464713406543,-0.0784060751472931,-0.0730048315117917,-0.0674507254738212,-0.0616120715401648,-0.0557050062139699,-0.0497343040499372,-0.0436464179513054,-0.0374442796445632,-0.031528342510496,-0.0255288870118135,-0.0195919999537523,-0.0139778085640631,-0.008562311876367,-0.00364771574041117,-0.000586706659496825,-0.000180114707583238,-0.000149151820023589,-0.000130683738553389,-0.000107952349537196,-8.61527603475334e-05,-5.75277484545154e-05,-5.76538938440479e-05,-2.57519937587895e-05,-6.62763477388756e-07,1.16041671741647e-05,7.43445709658291e-06,3.45563674887435e-05,5.40109868740492e-05,6.92915960353028e-05,6.66373306195361e-05,6.1823548817113e-05,7.64792207329114e-05,9.05294297265063e-05,9.97335601288584e-05,0.000108216182958631,9.6370255560153e-05,0.000106057373441803,9.05759536499676e-05,9.41212928431581e-05,9.27494444926252e-05,9.58186898860354e-05,8.93564778213046e-05,9.300764671924e-05,8.83162040026984e-05,9.15124264091643e-05,8.74738907230049e-05,9.01529129341606e-05,8.6591936117841e-05,8.92327667718569e-05,8.65016804321848e-05,8.93422121601153e-05,8.7327306706947e-05,9.05533167267874e-05,8.98093774057289e-05,9.39463183373963e-05,9.42369285160867e-05,9.83274310687273e-05,9.74200279341343e-05,0.000100084891872104,9.94333944958716e-05,0.000102253020589426,0.000104269148996068,0.000107475931078352,0.000110134354765815,0.000112894255786112,0.000114265567109224,0.00011770904589913,0.000119679456145642,0.000123605600401455,0.00012671393915109,0.000127730132437488,0.000129794080295831,0.000136060394444309,0.000136026275038367,0.000134470806835392
0.000143554882395961,0.000218811301094932,0.000939544028605248,0.0020082683490923,0.00177519511257592,8.21650179057876e-06,-0.00304507895689689,-0.00732632677411753,-0.0124914841815547,-0.0184905846394601,-0.0250754632522351,-0.0321486372546713,-0.0394345237180422,-0.0468898628625777,-0.0542991805806095,-0.0615935278994212,-0.0686384163318266,-0.0753605905363066,-0.0816630667470233,-0.087530400950965,-0.0928627914314236,-0.0976581819561011,-0.101880196959194,-0.105517577437466,-0.108543799412065,-0.110970763221356,-0.11279275676377,-0.114017157375551,-0.114650414619199,-0.114701849571463,-0.114191173945771,-0.113127188961151,-0.111542003732013,-0.109444324964929,-0.106876273400866,-0.103838209351986,-0.100378158388094,-0.0965079946248372,-0.0922988265212614,-0.0877210033721474,-0.0828546235620382,-0.0777274371449902,-0.0723832284206177,-0.0668033858565026,-0.0611494116017001,-0.0553274153600315,-0.0494935397980829,-0.0436431063734162,-0.0377990378889961,-0.0320635195335743,-0.0266453258994475,-0.0211292333297102,-0.0161585790007711,-0.01164542672894,-0.00733188763565254,-0.00374423029075434,-0.000963824652042911,-0.000195349373683357,-0.000129154483719042,-0.000110776806739791,-8.50878940665603e-05,-7.04715072774485e-05,-3.42719849087492e-05,-2.36853710202289e-05,-1.79516205098051e-05,6.10110995509366e-06,3.98025498003531e-05,4.05841295676422e-05,4.23892910398974e-05,5.02702107873714e-05,6.99962971207773e-05,9.39817934603377e-05,8.9515552839836e-05,8.8635637560439e-05,8.55441807989624e-05,8.56554531525703e-05,0.000100462544084946,9.48980486021205e-05,0.000110339996400688,0.000108336889982169,0.0001068956888848,0.000104106113133185,0.000106302527979917,0.00010146596287131,0.000101209207144016,9.71502038058293e-05,9.70181577005519e-05,9.46784540990933e-05,9.5188715882658e-05,9.40810399790533e-05,9.46469765095939e-05,9.4188906681846e-05,9.44697467125782e-05,9.40957921818316e-05,9.33542931550024e-05,9.2890797927398e-05,9.20165336951232e-05,9.28129419678474e-05,9.4050696566616e-05,9.75141524655118e-05,9.90278236728269e-05,0.000103493290752128,0.000102617384731288,0.000107742687624099,0.00010619088540429,0.000112535630082836,0.000112330200999577,0.000119191020362129,0.00011773561184474,0.000124862366524599,0.00012024554231422,0.000133516929302682,0.000125869052758987,0.000138685581662446,0.000129128301798575,0.000141012422408539
0.000553827166832306,0.00212901276749448,0.0029642802848224,0.0022612175209963,0.000284937152144991,-0.00291574722716653,-0.00710135767439512,-0.0123184324140641,-0.0181666557014517,-0.0246574461314555,-0.0315067454788526,-0.0386821908062205,-0.045933426182882,-0.0532061111799985,-0.0603328423398303,-0.0672844183779139,-0.0738766428038394,-0.0801443183843873,-0.085948563272961,-0.0912900934606192,-0.0961021808643942,-0.100402905786943,-0.104112462873873,-0.10727796446807,-0.109852900311913,-0.111871711590481,-0.113298004161588,-0.114174906019523,-0.114478603920323,-0.114250936904738,-0.113476757063853,-0.11219818891993,-0.110408579043386,-0.108148529695745,-0.105419465661653,-0.102266124570163,-0.0987027971703481,-0.0947595887668644,-0.0904473386906163,-0.0858331578861669,-0.0809352065413894,-0.0757553524309152,-0.0703818925747904,-0.0648529278613832,-0.059139890388665,-0.0533766957865644,-0.0476110267657811,-0.0417735750240137,-0.0360561609134208,-0.0305217126086478,-0.0251157026591399,-0.019955890055902,-0.0152963967790861,-0.0109781538640657,-0.00716970011429973,-0.0041739446136982,-0.00180706711946655,-0.000469917979645034,-9.17837700867188e-05,-9.15513382883592e-05,-8.73916138507702e-05,-4.73025048306032e-05,-5.65581052074371e-05,-2.06219016666355e-05,6.91198391000245e-06,1.8672911238647e-05,1.30471098515289e-05,4.11087415353359e-05,6.30386147052945e-05,7.66341037476635e-05,7.35568166838046e-05,6.58030615092607e-05,8.3794098782318e-05,9.67175174495222e-05,0.000106624414419637,0.000113760229692531,0.000100668068029983,0.000111088938081908,9.29912919816118e-05,9.70844531848697e-05,9.45435812887811e-05,9.76350493698206e-05,8.92075692084548e-05,9.36022901177364e-05,8.69180613164402e-05,9.13524997777287e-05,8.52917258010205e-05,8.9796386759352e-05,8.40859443160623e-05,8.90877968927608e-05,8.39062729945867e-05,8.95417557371536e-05,8.45878245939037e-05,9.1011700322146e-05,8.68249371016421e-05,9.46194182838085e-05,9.08679205810839e-05,9.95829845686979e-05,9.39496088490132e-05,0.00010173672751182,9.58318315819766e-05,0.000104453197016616,0.000100375110680534,0.000110117825264092,0.000105724829312408,0.00011689250722127,0.000109497021029531,0.000122754303972634,0.000113734968092545,0.000130486070781277,0.000119729625792872,0.000136779285946138,0.00011991148245105,0.000148320776602153,0.000133340268074205,0.000160363161261497
0.0033548425421081,0.0035944124256776,0.00263645198795924,0.000391092000994634,-0.00294869628847907,-0.0072033421427369,-0.0123049890666965,-0.0180822667578701,-0.024398054099004,-0.0310811346905987,-0.0380213554006502,-0.0450798791575278,-0.0521223224887766,-0.0590689739887337,-0.0658019332118504,-0.0722481855974256,-0.0783599422797725,-0.0840519165416735,-0.0892946237542946,-0.0940706721179034,-0.0983268591308412,-0.102058419443715,-0.10526343645345,-0.10792699391926,-0.110042022194937,-0.111619613813981,-0.112661962338157,-0.113177445552677,-0.113170191193047,-0.112654248518733,-0.111637629994366,-0.110138114827399,-0.108167596440347,-0.105749164641545,-0.102896942160283,-0.0996323745883485,-0.0959675743574422,-0.0919444446529781,-0.0875907102107815,-0.082912904736456,-0.0779429313579471,-0.0727609093070399,-0.0673417392848375,-0.0617351515988484,-0.0560429927595823,-0.0502352929168323,-0.0443743677965845,-0.0385897422615794,-0.0328182732292851,-0.0272031011230866,-0.021852512014705,-0.0166965561725521,-0.0119548599549576,-0.00776214748712711,-0.0040056715964715,-0.00100288630027063,0.00108737204032374,0.00231945230879975,0.00239913357489689,0.00130059723148668,0.000115033964181669,-4.37247321421365e-05,-4.73048422915939e-05,-2.3369373594004e-06,-1.75228527929467e-05,1.50468576969026e-05,4.76961563445233e-05,5.21629185267732e-05,4.77234388725941e-05,5.90195583387819e-05,7.45620773634652e-05,0.000106995220319929,9.39482370308929e-05,9.83270108099006e-05,8.87486676871281e-05,9.28364143433932e-05,0.000104207563800521,0.000100465383860052,0.000113330070456632,0.000113340526421895,0.00010839682667205,0.000108534445511889,0.00010756105983691,0.000104252505460955,0.000100778014716448,9.83510878131506e-05,9.57259941033882e-05,9.51813507165181e-05,9.37625593358556e-05,9.43813331178742e-05,9.34537413745022e-05,9.44932145966539e-05,9.34902006412099e-05,9.39980036964353e-05,9.18862240003965e-05,9.19402613854814e-05,9.04141710253459e-05,9.14337020781438e-05,9.26679774604107e-05,9.61600502044532e-05,9.79692230751183e-05,0.000102426865774381,0.000102081527934955,0.000106901591043816,0.000106046389178392,0.000110839270948427,0.000113282041056967,0.000117837526828362,0.000119810937718721,0.000122622169939291,0.000122446545769058,0.000133757237813719,0.000127807206858558,0.000139680717836414,0.00035658566373093,0.00178041785722723
0.00407974324717891,0.0026262833049025,0.00013845130976182,-0.00323728750175146,-0.00762765685354362,-0.0126422817253495,-0.0183146545619762,-0.024445230768067,-0.0309449426525884,-0.0376362796952182,-0.0444505276502486,-0.0512323091209039,-0.0579368508404302,-0.0644070194511221,-0.070638476256213,-0.0765249119744353,-0.0820264387202466,-0.0871054500569131,-0.0917458857568746,-0.0958812777796306,-0.0995509354627473,-0.10270931869867,-0.105364001065682,-0.107502380457523,-0.109152613224651,-0.110289948893694,-0.110941106660714,-0.111093357305536,-0.110777019434128,-0.109980203811124,-0.108733886715003,-0.107028846095451,-0.10489821849665,-0.102333625778475,-0.0993712876100499,-0.0960105307510155,-0.0922970477946394,-0.0882160951830229,-0.083806413597557,-0.0790976648157671,-0.0741327343797406,-0.0688741934549909,-0.0634397926040882,-0.0578297308380873,-0.0520434035086242,-0.0461852501145587,-0.0403112707489054,-0.0343529291232743,-0.0285312645784751,-0.0228210853975126,-0.0172553432737832,-0.0119838355675301,-0.00712102957192419,-0.00260461538148045,0.00128935635421704,0.00450112793512341,0.00689838854930497,0.00843220999574362,0.00871020146893955,0.00784203825860482,0.00536695564503753,0.00186194007113811,0.000153540290998725,2.68858003348864e-06,8.03964971967664e-06,2.16375959769266e-05,3.96968823182864e-05,3.26907599399234e-05,8.67165095107877e-05,7.38102182570322e-05,9.47659838824821e-05,6.17082120166301e-05,0.000101773623014765,9.56927244351906e-05,0.00012353604204324,0.000112616732590792,0.000114905597042727,0.000110442831605242,0.000104037154293053,9.26630465800283e-05,0.000104532321405899,9.19984468544667e-05,9.66999968810389e-05,8.58918841136135e-05,9.25938977919318e-05,8.23461984882968e-05,9.02764222239422e-05,8.04403004461399e-05,8.914825749354e-05,7.98272832037155e-05,8.94285821321e-05,8.04948382679785e-05,9.0589458171764e-05,8.18212289232541e-05,9.29403626725776e-05,8.47781032840464e-05,9.7181579892053e-05,9.00602946243788e-05,0.000101255613855902,9.162739543429e-05,0.00010391900245701,9.37551222079332e-05,0.000109399705394454,9.85586506595718e-05,0.000116334119583934,0.000104553813288125,0.000121784962420718,0.000108201894256834,0.000129904788414195,0.00011602846092585,0.000131374721787752,0.000129655579168251,0.000253628027849357,0.00127958615975995,0.00326847228487455,0.00427352300710476
0.00222252676752543,-0.000472985742916769,-0.00408972339689094,-0.00844052034244834,-0.0134522275702172,-0.0190006488594773,-0.02497482407753,-0.0312359878481781,-0.0376994986097807,-0.0442267437328737,-0.0507386878123814,-0.0571350962477673,-0.0633275989191191,-0.069271925396951,-0.074884666912587,-0.0801245848508146,-0.0849794524747977,-0.0893857630258453,-0.0933424080041799,-0.0968500071669198,-0.099875896979605,-0.102424639636059,-0.104514554002054,-0.106130788864815,-0.107281481993938,-0.107972082638094,-0.108219467652595,-0.108019380366981,-0.107390218040186,-0.106327123878591,-0.104853123902501,-0.102961104641289,-0.100679920859505,-0.0980019193956069,-0.0949610083352182,-0.0915414910327963,-0.0877790902790347,-0.0836742614271667,-0.0792838076557158,-0.0745626713689935,-0.0695805838524208,-0.0643645040532586,-0.0589258204627394,-0.0532561665584168,-0.0475133164731081,-0.0415846870601564,-0.0356026319885536,-0.0296235738741819,-0.0236498922692303,-0.0177259858244199,-0.0120584858468995,-0.00649916508672322,-0.00131365406034116,0.00347314086477951,0.00776042093766382,0.0114911706991942,0.0143472095786188,0.0164391288185969,0.0174099842522506,0.0172724701618971,0.0155625083887819,0.012642484225155,0.00765228220979514,0.00214072313694726,0.000185299040658093,4.55694495961167e-05,6.22783269776025e-05,3.74717745496286e-05,9.87864596004341e-05,3.7095867572653e-05,0.000101509577988246,0.000101626037694139,0.000120513967693227,9.47176889920846e-05,0.000112447221323032,8.17388664624215e-05,0.000126750553413349,8.96719460795826e-05,0.000133010026106531,0.000102867455705433,0.000126871072615882,9.96343714353674e-05,0.000125268353204738,9.30914640830856e-05,0.000114951400986363,8.53479022114177e-05,0.000108337040662734,8.18333750576599e-05,0.000105956436803794,8.12479727191917e-05,0.00010584595933131,8.1892015108695e-05,0.000106195509816853,8.10884843918969e-05,0.000103364766112066,7.73161867235593e-05,0.000101176366524811,7.63781639488638e-05,0.000103977247114477,8.08253059711648e-05,0.000109966886929332,8.83720606881145e-05,0.000114816345917322,9.22430937049699e-05,0.000119251251478643,9.27818166788792e-05,0.000133442469046021,9.87561018292236e-05,0.000133812600036435,0.00011753621499554,0.000210913234861797,0.000987300477851152,0.00306920936155395,0.00450957471154254,0.00479573758334712,0.00401609938249319
-0.00165308455825795,-0.00545732817650375,-0.00983395909945794,-0.0148123020675411,-0.020255135479814,-0.0260718183706649,-0.0321002783399989,-0.0383277651512467,-0.0445566034992267,-0.0507857834916411,-0.0568454399598362,-0.0627400769447199,-0.0683452355871394,-0.0736501483384382,-0.0785727162431746,-0.0831417830723606,-0.0872424793829572,-0.0909602342677339,-0.0942061913986746,-0.0970220544729661,-0.0993769206093667,-0.101323533259246,-0.102796312491316,-0.103872708346845,-0.104509216655555,-0.104760660095514,-0.104582437342317,-0.104034718941699,-0.103077590870489,-0.1017651626775,-0.100059206896485,-0.0980102110059814,-0.0955831780775878,-0.0928237729687289,-0.0897020735823079,-0.0862673327652464,-0.0825012728970897,-0.0784327067445855,-0.0740380370702716,-0.0693912274264175,-0.0644739156865601,-0.0592838503491817,-0.0538875752408518,-0.0483175705300783,-0.0425159441061927,-0.0366273375287499,-0.0306472736933236,-0.0245452019362386,-0.0184959101548761,-0.0124844741132015,-0.0065159173381315,-0.000776712704344391,0.00471591997197109,0.00994559054759801,0.014688222642972,0.0189044698358503,0.0224916661107097,0.0253019943871086,0.0271652952730999,0.0279111323477654,0.0274902692588431,0.0257563140295076,0.0220390745516571,0.0172470245581838,0.010056920161623,0.00271345856505056,0.000307650971873105,7.78320283258624e-05,0.000105231156661789,3.97444061181122e-05,0.000146158779276573,5.99834268588777e-05,0.000117701745390405,9.58308424386868e-05,0.000141168682056702,0.000109497807034971,0.000137540772466781,0.000112739175435815,0.000118390330218905,8.43380573874287e-05,0.00011756193063381,8.38108928730085e-05,0.000106150615514168,7.36139010320794e-05,9.87663873940238e-05,6.85478816865066e-05,9.59170079035858e-05,6.69194460313364e-05,9.50590781248022e-05,6.69536659652098e-05,9.59398889142656e-05,6.86662775040091e-05,9.79109427981776e-05,7.05676900004063e-05,9.96148778048609e-05,7.22938092681667e-05,0.000103581028250162,8.03393540693346e-05,0.000109375736666315,8.0799531317797e-05,0.000110661624816475,8.38539853086512e-05,0.000115288990019198,9.00856079358796e-05,0.000128135325893175,8.78405267392635e-05,0.000130287074865567,0.000109629464622119,0.0002123068660235,0.000916116700103061,0.00297329206484733,0.00456231890995571,0.00510482573951628,0.00480433243562244,0.00346693385200673,0.00128800934939348
-0.00743270858305692,-0.0119139564472561,-0.0168374666984649,-0.0222320226778518,-0.0278237619877561,-0.0337116661534601,-0.0396341348595805,-0.0456334907820036,-0.0515059629499585,-0.0572932854485394,-0.0628045297234641,-0.0681107544097763,-0.0730189519398281,-0.0776500267574043,-0.0818156072531168,-0.0856310128544955,-0.0889807702916444,-0.0919492781509058,-0.0944264787885198,-0.0965599807529832,-0.0982021209710115,-0.0994982336432547,-0.100349802082981,-0.100877736762455,-0.100966960777078,-0.10075834569067,-0.100141060903908,-0.0992436494488793,-0.0979513569754428,-0.0963923570399042,-0.0944516693762373,-0.0922552537154811,-0.0896877524847049,-0.0868760953661614,-0.0837044484763376,-0.0802935988687289,-0.0765228033826189,-0.0725341487493388,-0.0682221121497218,-0.0636837302919914,-0.0588206458605693,-0.0538139618939805,-0.0484912256450666,-0.0430058261744199,-0.0373316671355125,-0.0315148176544704,-0.0254968868968817,-0.0195157258357721,-0.0133513445387096,-0.00725120281502332,-0.00118970322014842,0.00477112694414215,0.010617279015712,0.0160947841416394,0.0213712572697688,0.0261371633955115,0.030410726308314,0.0339622167990789,0.0368325400757529,0.0386586908365734,0.0395648174409186,0.0389532226373333,0.0372488417482873,0.0340574387459953,0.0286195703212261,0.0221993238285383,0.0134323040997143,0.00417846931620819,0.000679595153386231,9.51297575836055e-05,0.00011115030375256,0.000102276630964177,0.000103201262512772,0.000165182322748182,0.000105845190427134,8.88604105037835e-05,0.000128576716847158,9.96612772018679e-05,0.00012736702192694,0.000110419950625025,0.000131850058295927,0.000113822765963369,0.000130773849572919,9.94851839426951e-05,0.000115036254811535,8.7925802161949e-05,0.00010750827904015,8.34983349509878e-05,0.000105202923056582,8.28190857362253e-05,0.000105804431111604,8.44953592788765e-05,0.00010729727017633,8.38504860803922e-05,0.000101378618025783,7.53030835726423e-05,9.51510104267615e-05,7.55125628828612e-05,9.94447791003907e-05,7.91263326188525e-05,0.000104262055066575,9.95619874459528e-05,0.000103907213008415,9.31813832115589e-05,0.00011684108785465,0.000100877106974139,0.000266784516907617,0.00107571976069576,0.00306963378424262,0.00454803090667932,0.00516560518044295,0.00508480809638169,0.00403696884731417,0.00222400608430055,-0.000223465142981218,-0.00357594565922981
-0.014681409221652,-0.0196590160786007,-0.0248977904778151,-0.0303977807652559,-0.0360523383919408,-0.0417786493380426,-0.0474598936035301,-0.0530847878065067,-0.0585025351072686,-0.0637269728290732,-0.0686278769423604,-0.0732301621647884,-0.077442104703395,-0.0812790337834209,-0.0846786657011927,-0.0877040791066145,-0.09024496999207,-0.0924273235853439,-0.0941550767733342,-0.0955128933323684,-0.0964517253099241,-0.0970751102462653,-0.0972816454763471,-0.0972075852543744,-0.0967617457558871,-0.0960639453808353,-0.0950070676773363,-0.0937251856348926,-0.0921019001690793,-0.0902741222574858,-0.0881126271459366,-0.0857601643529408,-0.0830751178688005,-0.0802057944719097,-0.0770004155242672,-0.0736233275904288,-0.0699185448896964,-0.0660408541742663,-0.0618112360765684,-0.057448599489734,-0.0527603009566885,-0.0478989564355298,-0.0427449072499142,-0.037504281174241,-0.0319015836692492,-0.0262867839095156,-0.0204127656680844,-0.014468198514204,-0.0083729211953057,-0.00234662367049799,0.00389127333739123,0.00987450962966883,0.0159314084567553,0.0217186564773284,0.0273846627761118,0.0325569518313448,0.0375395766535912,0.0417812400348945,0.0456024928139367,0.0484132419185501,0.0506144539004007,0.0514921215644721,0.0514851111149315,0.0496117601241098,0.0468821612730221,0.0425218039841988,0.0358521849670453,0.0281507878299368,0.0190817896789418,0.00833397236854964,0.00159400907060162,0.000286973585796972,0.000119309531764238,0.000170811223023457,3.22815733860204e-05,0.000153949744037838,0.000144556466544374,0.000189976049988739,8.36203173989422e-05,0.00011423369862362,8.74165371221075e-05,0.000116629102514924,7.00533539302151e-05,9.20103031976203e-05,5.97263368143656e-05,8.46332275608191e-05,6.03592480201385e-05,8.35391747629684e-05,6.20584366579331e-05,8.36457858726197e-05,6.50313147330377e-05,8.68676994146013e-05,7.03742394683715e-05,9.13076162227429e-05,7.15717114102762e-05,8.81451713899934e-05,7.51482911143644e-05,0.00010928767936534,9.06720726242412e-05,9.94953971304158e-05,7.10875562420162e-05,0.000112859150772184,9.21497365035583e-05,0.000145450288079306,0.000397369111349817,0.00169251083714267,0.00346440658370053,0.0046124319834712,0.00509855584447022,0.00506961546256788,0.00408158000577205,0.00251268047880526,0.000343408440181335,-0.00260697138425822,-0.00612104170003262,-0.0101690317043614
-0.0232397600851411,-0.0283776386781274,-0.0337861093308768,-0.0392463101974754,-0.0447562161082723,-0.0501821544876961,-0.0555339253091321,-0.0606338778770092,-0.0655411673692525,-0.0700903972990482,-0.0743446362050678,-0.0781750259369384,-0.0816335846355452,-0.0846479884598357,-0.0872659819900485,-0.0894094889663546,-0.0911940712526947,-0.0925121084504653,-0.0934743583577418,-0.0940426557061417,-0.0942794832836121,-0.0941442162415174,-0.0937454096244708,-0.0930184931524128,-0.0920460761354503,-0.0907858757462402,-0.0893190552328161,-0.0875919169356792,-0.085675086293711,-0.0835153719389945,-0.0811769366443016,-0.0786050373807883,-0.075857731909956,-0.0728823245840386,-0.0697306813950732,-0.0663439947085479,-0.0627632059052651,-0.0589538139230056,-0.0549685914850698,-0.050724868681945,-0.0462785450422639,-0.0416387194963232,-0.0367763242889417,-0.0316726913402009,-0.0264514566262557,-0.020977534970577,-0.0153397840938742,-0.009607152462954,-0.00368832638295749,0.00233012492103272,0.00834170709850965,0.0144614018528133,0.0205335149225028,0.0264858846326933,0.0323543365622408,0.0380048397096024,0.0433323099855049,0.0482934688864906,0.0527842624431124,0.0566758308981828,0.0598604802283349,0.0621201935804351,0.0634987196165061,0.0637471970497268,0.0627304156236974,0.0601376361714079,0.0563419834042051,0.0516992900436641,0.0440958352282565,0.0358215349003987,0.0270948251816513,0.0163710357881776,0.0051186483042588,0.00114093364122568,0.000364750909789312,0.000126010681013216,0.000149257968761919,6.26478607365833e-05,5.16243996987248e-05,0.000117697368659987,0.000149714262539515,0.000172146031386641,0.000135897029423379,0.000134913174584541,0.000106727151506687,0.000119862193614274,9.66062426444422e-05,0.000114362845460966,9.22612851167133e-05,0.000112946038294275,9.28800960855339e-05,0.000116287797175123,9.7307730134268e-05,0.000118150814601548,8.51901774250767e-05,8.60775083256401e-05,5.36287689111949e-05,8.537058524091e-05,8.11062771922993e-05,9.55494268644202e-05,0.000126867638444914,0.000296045023106023,0.00095474903767968,0.00270132941107902,0.00405065729929532,0.00475259953059791,0.00500353689564312,0.00486341697199888,0.00374915614152232,0.00230309198102412,0.000220400588555133,-0.00245556065988647,-0.00575520529935723,-0.00945777468187733,-0.01366523234218,-0.0182700005397667
-0.0326358795919576,-0.0379360614381319,-0.043230670864102,-0.0485325802382127,-0.0537510467921865,-0.0588206830203408,-0.063650068841532,-0.0682398658234282,-0.0724767716313338,-0.0763777371466215,-0.0798593515713945,-0.0829372323803182,-0.0855774356248758,-0.0877740997935987,-0.08952993921697,-0.0908756140046502,-0.0917714626503349,-0.0922986999680459,-0.0924436620794907,-0.0922290088224919,-0.0916982951946618,-0.090881270078038,-0.0897754109777024,-0.0884303218304734,-0.0868655429781369,-0.085097795941582,-0.0831396651743054,-0.0810088011218981,-0.0787191604353984,-0.0762753567102805,-0.0736885977011662,-0.070953479605684,-0.0680803567728081,-0.0650526524890195,-0.0618820111976377,-0.0585507676974775,-0.0550801249309214,-0.0514240940672043,-0.0475937541283796,-0.0435916063400178,-0.0394302728867226,-0.0350201009136251,-0.0304718561066808,-0.0257294750988505,-0.0207552212793939,-0.0156230879138091,-0.0103481949060613,-0.00480579430474892,0.000783519043180284,0.00655027057284731,0.0124522914187124,0.0183924320117684,0.0243546678756854,0.0304068849034293,0.0363020363467998,0.0421463070470365,0.0477907265108322,0.0532165238327563,0.0582385298338922,0.0628879092870515,0.0669389590407702,0.0704428631628027,0.0730267221392637,0.074732494772757,0.0754479786365508,0.0751969594141969,0.0734472484049998,0.0704504897660755,0.065792145754279,0.0610504581989927,0.0539644264756786,0.0450943798674949,0.0365759949316582,0.0274880456542236,0.017862486718266,0.00664407093192742,0.0015703205454241,0.000743761801092477,0.000417449112438051,0.000155509276817715,0.000128163853743348,5.46645051515012e-05,2.233307872124e-05,-6.87328877674909e-06,1.76974466729307e-05,2.33931618421739e-06,3.36164538039765e-05,1.4885675562991e-05,4.13982022258176e-05,1.98723382582824e-05,4.69917334403599e-05,2.98049691292594e-05,6.16152396643981e-05,5.44409518682592e-05,8.45284837810782e-05,6.79723321675514e-05,0.000151397981522067,0.000220486965185981,0.000398530625331864,0.00123934252460552,0.00294175520143686,0.00408269454813874,0.00478216831085915,0.00500441331229522,0.00509546804252387,0.00447933939507745,0.00328099082999189,0.00175681308603124,-0.000290352042302532,-0.00292677767834502,-0.00604246983758335,-0.00960349466517833,-0.0135223770965996,-0.0179074868615891,-0.0225920293812733,-0.027521888610044
-0.0427241476448634,-0.0478968470335498,-0.0530159007196878,-0.0580528055402332,-0.0628504373258707,-0.0674589211169313,-0.0717440642199548,-0.0757077126271944,-0.0792712661233353,-0.0824454776231667,-0.0851585485276846,-0.0874527056454226,-0.0892467084578393,-0.0906351155847686,-0.0915360596192122,-0.0920282733951595,-0.0921036284355603,-0.0918052514029372,-0.0911188168389042,-0.0901561719710274,-0.0888548697469544,-0.0873163908625389,-0.085530458674592,-0.0835688752537883,-0.0813941337064271,-0.0790968110147763,-0.0766408007387152,-0.0740993697424827,-0.0714259701335964,-0.0686887572389991,-0.0658359059320204,-0.0629293228072744,-0.0599114147752558,-0.0568401150483113,-0.0536520527840201,-0.0503932382055701,-0.0469899266374916,-0.0435086335718768,-0.039889189330672,-0.036140617993063,-0.0322071313593954,-0.0281913974005075,-0.0239486982414507,-0.0195448581265319,-0.0150008729634225,-0.010252136720751,-0.00528522140530641,-0.000246779400797556,0.00506646644270516,0.0104940201137661,0.0160293206777098,0.0217349242928116,0.0275416425530209,0.0333313771002808,0.0392349292694238,0.0450728536995548,0.0508323243301433,0.0564426492138426,0.0618758432299534,0.0669941013265417,0.0717523123357141,0.0759645866937225,0.0796753283811661,0.082695814405437,0.0848384709578568,0.0859605288615524,0.0862781947113578,0.0855362559164532,0.0833918736810235,0.0800823635814581,0.0753353444402473,0.0699159167418527,0.0648088006503359,0.0564811911882423,0.0474661260914192,0.039610015048895,0.0314800456823744,0.0247776078905619,0.0172158519239982,0.00797661766628715,0.00247265135826045,0.00104059538562338,0.000726791060970484,0.000614370706280204,0.000561270866186997,0.000504118557255391,0.000470744819557206,0.000424578265171674,0.000411127933488477,0.000384598506193966,0.000387559023384686,0.000370091918379369,0.000392744068237681,0.000456867656944778,0.00082960774910186,0.00200128821164818,0.00382348065508236,0.00496403392078232,0.00553018493278483,0.0058367296146457,0.00588453921512728,0.00587095163009425,0.00546719614961781,0.00424574416601497,0.00289756153698211,0.00117668312257403,-0.00101276973977913,-0.00367529336033979,-0.00676009578286227,-0.010242285259214,-0.0140329203324773,-0.0182540069832327,-0.0227663203925888,-0.0275186467472753,-0.0324300852687391,-0.0375631652019682
-0.0529525260082464,-0.0579599539201476,-0.0627782448481452,-0.0673935841080938,-0.0717668503553594,-0.0758191096634752,-0.0795034530501383,-0.0828129776386054,-0.0856744900537123,-0.088101939156095,-0.0900483698125098,-0.0915281486410113,-0.0925380085126577,-0.0930727276124234,-0.0931592465977443,-0.0928358986979967,-0.0920774938686971,-0.0909762758571491,-0.0895300321532814,-0.0877715539335442,-0.0857522984342087,-0.0835180232923422,-0.0810644035723114,-0.0784610645067671,-0.0757229495554835,-0.0728889414200073,-0.0699595989547761,-0.0669782346670397,-0.0639408544770781,-0.0608803967185632,-0.0577834928942328,-0.0546757045983283,-0.0515351941898769,-0.0483784923889912,-0.0451781597519286,-0.0419536515110745,-0.0386798065091004,-0.0353482372677182,-0.0319141604372474,-0.0284263757818524,-0.0248351206531132,-0.0210931140292301,-0.0172439981346202,-0.0132842660988859,-0.00909164884457751,-0.00480473440111241,-0.000347567359094068,0.00434727904749727,0.00914698348807565,0.0141171012028489,0.0193257021106528,0.0245902089815034,0.0300241431254086,0.0356051336046879,0.041217312601801,0.0468775347623716,0.0525868314462199,0.0582176082911917,0.0637584652000041,0.0691158260409895,0.0742597112333836,0.0790977738840942,0.0834784391393942,0.0872930139228644,0.0906090308118837,0.0932466252739,0.094942129641115,0.0956215371460166,0.0954786818065494,0.0944571817257304,0.092186673478565,0.0888645883419306,0.0847059390515907,0.0789568875117755,0.0730693446832695,0.0681197358644576,0.0611962211542215,0.0528158707271039,0.0453601746102622,0.0387698899244184,0.0322737441948614,0.0271292478615587,0.0238596725595134,0.0214315855094612,0.0194050346900395,0.0174863118591868,0.0157615469099533,0.0143480860615136,0.0133587433181594,0.0126407226558953,0.0120283795169344,0.0113733606378794,0.0107179693434833,0.0101193550178499,0.0097489795167204,0.00950210789689056,0.00922033586692743,0.00901503614898957,0.00869123849306724,0.00777841655964349,0.00633013516901621,0.00485325847149364,0.00320118359224926,0.00108769563196896,-0.00139705313672819,-0.00422910278558105,-0.00741818337483179,-0.0109104038236903,-0.0147018508781395,-0.0188522014368664,-0.0232963265108236,-0.0279372769970282,-0.0327374172608738,-0.0377332674212563,-0.0428184949617552,-0.0478965670208906
-0.0629338141738544,-0.067594428387478,-0.0720552182830218,-0.0762426778021072,-0.0800731890010733,-0.0835524683678747,-0.0866248431693926,-0.0892463440394618,-0.0914139140136866,-0.0930948131449468,-0.0942902288884557,-0.0949998794387208,-0.0952105931300146,-0.0949732929253998,-0.0942742904506052,-0.0931448150182696,-0.0916462960625987,-0.0897741063627575,-0.0875769392509639,-0.0851230029255361,-0.0824118177258356,-0.0794971503459258,-0.0764329161703938,-0.0732433505898721,-0.0699515457351611,-0.0666015372741069,-0.0632173782718527,-0.059823956472425,-0.0564329878933399,-0.0530635168362764,-0.0497200618933158,-0.0464135335336353,-0.0431405864209981,-0.0399067626201772,-0.036700801630901,-0.0335139220813264,-0.0303210488265666,-0.0271331508328308,-0.0239382487659772,-0.0206845828039867,-0.0173611218990599,-0.0140146535415918,-0.0105382719812584,-0.00693502819514426,-0.00327406071279337,0.000579430496602746,0.00459925065876847,0.00869729981731911,0.0130487264098758,0.0175539034744192,0.0221676711146038,0.0270283080854954,0.0320268397007471,0.0371160360077933,0.0423998346647465,0.0477655026621129,0.0531757962467845,0.0586375781128696,0.0640955655623355,0.0694897447998453,0.0747534991733143,0.0797909461857527,0.084621745479191,0.0891280316685615,0.0931031202784853,0.096497807692203,0.0994152498272269,0.101664271156518,0.102963712166087,0.103276141826966,0.102746590507413,0.101541398392819,0.0995680742562031,0.0961303400848362,0.0920123752834351,0.0876556612484642,0.0821205316786616,0.0755326392973361,0.0697221701243567,0.065288713100002,0.059940888793339,0.0537323175811554,0.0482511893809274,0.0437546553785697,0.0399481136900279,0.0366010787340264,0.0335904055928361,0.0308526239499935,0.0283787526008945,0.0261466949785646,0.024124578340016,0.0222456200599482,0.0204745565572361,0.0187874003299929,0.0171052348529898,0.015153854128935,0.013004364164308,0.0111119366661223,0.00932261801597871,0.00727052457583953,0.00483682197232171,0.00218706515635323,-0.000665045262134009,-0.00385743351272068,-0.00729402359997304,-0.010956894035405,-0.0148882074114968,-0.0191065392679267,-0.0235745253134826,-0.0282077423309837,-0.0329818290622279,-0.0379290104330033,-0.0429849955953163,-0.0480350532260586,-0.0530603627193428,-0.0580650450921653
-0.0719395319075001,-0.0762885929273348,-0.080307960297722,-0.0839802332940495,-0.0872978353583891,-0.0901827041986576,-0.0926152230745064,-0.0945909486663348,-0.0960647342135557,-0.0970488702466307,-0.0975249442707481,-0.0975021367035339,-0.0970062337585512,-0.0960238340844605,-0.0946070611170719,-0.0927884839883483,-0.0905645838474365,-0.0880198432753617,-0.0851776292373933,-0.0820567020942562,-0.0787346210041447,-0.075246758176671,-0.0716109885674022,-0.0678853369976569,-0.0641104534775897,-0.0603121285853812,-0.0565148129369732,-0.0527480986475676,-0.0490322820608636,-0.0453852586937819,-0.0418167428840588,-0.0383353539447915,-0.0349414338732033,-0.0316325731781151,-0.0284019677136995,-0.0252482196524179,-0.0221662344898775,-0.0191235554331981,-0.0160915743272714,-0.01309563429478,-0.0101026640384408,-0.00703296246543037,-0.003948572530075,-0.000817594863517611,0.0024760618519573,0.00582007363113032,0.00927745979162019,0.012957366722198,0.0167076583426448,0.0206339419158334,0.0247984433912962,0.0290487530219455,0.0334949268260521,0.0381571421258772,0.0429074621333631,0.0478115890808759,0.0528640861689548,0.0579838388462935,0.063158373311471,0.0683459485341473,0.0735161735100879,0.078630421077234,0.0835413277337987,0.0882066144416515,0.0926752333696443,0.0968082522992164,0.100347284548318,0.103290026066616,0.105746131502177,0.107599581472166,0.108612947642474,0.108704639505885,0.107889228648256,0.106348289332296,0.104201996759526,0.101558589540366,0.097708969905972,0.0927704623422558,0.087928507113555,0.0834849917233229,0.0786587332619957,0.0729973384298783,0.0671476508433632,0.0616842424954674,0.0567808719145299,0.052366211271407,0.0483165211031489,0.0444727472786889,0.0407681699281046,0.0372126238039101,0.0338612707207053,0.0307103311347109,0.0277185837350068,0.0247996718606535,0.0218406029835523,0.0187058463303296,0.0154251360759359,0.0121789499847891,0.00902099965115453,0.00570829671548192,0.00215380134398409,-0.00155241031343393,-0.00539243543331278,-0.00940599113620543,-0.0136532382677015,-0.0181125702688023,-0.0227377033663525,-0.0274877660695168,-0.0323499841814193,-0.0373568506279066,-0.0424606965507379,-0.0475579373719828,-0.0526173553960444,-0.0576648170022606,-0.0626179620790832,-0.0673749741297122
-0.0794476730220102,-0.0833499532552723,-0.0869303853082718,-0.0901297152583787,-0.0928789875400016,-0.0951940330908428,-0.0970398195303425,-0.0983794593282247,-0.0992280411054073,-0.099560343790832,-0.0993919206301482,-0.0987296185116134,-0.0975712780288821,-0.0959728350959627,-0.0939325264856727,-0.091480222420276,-0.0886908650458254,-0.085559399847049,-0.0821421301226753,-0.0785101283267914,-0.0746707268989705,-0.0706758527106629,-0.0665909588903958,-0.0624395530007108,-0.0582532031568704,-0.0540759337046857,-0.0499420332713486,-0.0458755144056834,-0.0418974787590403,-0.0380257206757522,-0.0342736916538506,-0.0306500266577879,-0.0271596302190559,-0.0238048559061643,-0.0205815598979822,-0.0174756106727167,-0.0144668217403873,-0.0115604386079656,-0.00875016723400852,-0.00597334303049357,-0.00322010591397816,-0.000531642916079738,0.00220090495733936,0.00498992207423091,0.00775949067503377,0.0106638731852237,0.0136806641343419,0.0167293796824463,0.0199966395196537,0.0233993143388863,0.0268909941646118,0.0306373365692708,0.0345310452527604,0.0385446158047213,0.0427952792544647,0.0471906528199795,0.0517027636494528,0.0563678275109465,0.0611411368104925,0.0659933150325343,0.0708719160618549,0.0757184021742449,0.0805684810311672,0.0853354540300155,0.0898359234990129,0.0940635699539356,0.0981107796429894,0.101810413462127,0.104905775332357,0.107372045664898,0.109313924250554,0.110746875223006,0.111529038349041,0.11136791405503,0.110409267157482,0.108682386183226,0.106240680439042,0.103087626899298,0.0996160471803191,0.0961492792851452,0.0920814120347158,0.087100692139064,0.0815566859617968,0.0759285502500221,0.0704888618680134,0.0653372873802794,0.0604364497663342,0.0557083000722702,0.0510830049155904,0.046556678301911,0.0421548121837867,0.0378997573601301,0.033765316273994,0.0296899218162802,0.0255622462150734,0.0212748769685419,0.0168601546372079,0.0124797831601525,0.00813812774365652,0.00377826698207231,-0.000686239319096017,-0.00528905553890566,-0.0100132447792909,-0.0148715880436802,-0.0198122123032858,-0.024824499799591,-0.0299255792914307,-0.0351223740425048,-0.0403802817569652,-0.0456136156903742,-0.0507974175553233,-0.0559596276827033,-0.0610500734837196,-0.0659577876344897,-0.0706694850404742,-0.0751980248621937
-0.0846689115388275,-0.0882090367319015,-0.091326458756774,-0.094011853244688,-0.0962758525985582,-0.0980534150534658,-0.0993359134722637,-0.100132904093222,-0.100410496439756,-0.100190307544555,-0.09946486221928,-0.098248714800776,-0.0965777852456535,-0.094442329487441,-0.0918990981605621,-0.0889871133632859,-0.0857036192581203,-0.0821360885207783,-0.0783136468965632,-0.0742532034579939,-0.0700363401321305,-0.0657018175430327,-0.0612683098690477,-0.0567958531459511,-0.0523298062156851,-0.047898005310726,-0.0435280652775319,-0.0392523425083368,-0.035095184107776,-0.0310773955440584,-0.0272124244870425,-0.0235114429428102,-0.0199780518848166,-0.0166117837868859,-0.0134081658237958,-0.0103673087539078,-0.00748631363303594,-0.00473232309717911,-0.00207508329583174,0.000459246390051243,0.0029034607993723,0.00534457313021847,0.00772120196206119,0.0100652941252625,0.0125050395433812,0.0149294575098695,0.0174041887200848,0.0200541385506884,0.0227279413022772,0.025539328072819,0.028567163963408,0.0316608637673211,0.0349438527504097,0.0384514566607855,0.0420632438519513,0.0458606786196667,0.0498545214770056,0.0539764270024975,0.058232787274028,0.0625998080689985,0.0670683199968953,0.0716187690289077,0.0761289090831434,0.0805842918489338,0.0850547299402936,0.0894167339264031,0.0934499055611365,0.0971800233821298,0.100712451675029,0.103926069257691,0.106598718394011,0.108607584650336,0.109986664743421,0.1109059337102,0.111247794202087,0.110965356954569,0.109804839627869,0.107856388803215,0.105371429210226,0.102409780903892,0.09900485732503,0.0949412518036696,0.0902075270108653,0.0850504366656959,0.0797461563877353,0.0744468330278545,0.0692085934059551,0.0640055823191614,0.0588159984454591,0.0536373611454821,0.0485027628494862,0.0434287687572716,0.0384121915520353,0.0334056254564687,0.028356187610276,0.0232286625312558,0.018026044810946,0.0127640494713526,0.00750911215946984,0.00222155258180852,-0.00311675143316266,-0.00848300133937725,-0.0138765108443221,-0.0192888864425374,-0.0247609745264329,-0.0302822057342574,-0.0358014706531712,-0.0412720836912251,-0.0466769922852165,-0.0520441831467114,-0.0573355198368865,-0.0624538879649097,-0.0673695521688211,-0.0721152993533686,-0.0766255860088443,-0.0808059389180109
-0.0872008162268295,-0.0902867611276472,-0.0929820447511799,-0.0952445885089937,-0.0970154386425152,-0.0983211785465721,-0.0991428627743697,-0.0994509861059725,-0.0992723713326734,-0.0985899766234603,-0.0974267014555891,-0.0957967640881988,-0.09370184504297,-0.0912019780384039,-0.0883008109861871,-0.0850256303429947,-0.081456765545805,-0.0775886310563194,-0.0734761186470236,-0.0691925760416458,-0.0647456443064226,-0.0601840319511146,-0.0555766931921004,-0.0509466332205822,-0.046325868117983,-0.0417585821964716,-0.0372823525551567,-0.0329216609801176,-0.0287006415917604,-0.0246380365517671,-0.0207510113864872,-0.0170494322374877,-0.0135420250658881,-0.0102325129787795,-0.00712055652960632,-0.00419265092264623,-0.00143091535718241,0.00115885328836382,0.00357860043188748,0.00589361819660141,0.00811460075948569,0.0101976970869831,0.01225282263364,0.0143007070961623,0.016258916595509,0.0182894652018502,0.0203772209096402,0.0224386499937356,0.0246700894890157,0.0269983504507911,0.0293738544719538,0.031978913106295,0.0347117011747473,0.037550575595308,0.040626334291401,0.0438577556198381,0.047224349270065,0.0507794760611087,0.0544894335134221,0.0583417319965725,0.0622980720298757,0.0663211890226501,0.0704638182710065,0.0746597282319004,0.0787478905176015,0.0827522419321056,0.0867762961179874,0.0906722000245142,0.0942136938615257,0.0973980350666242,0.10031566181817,0.102967820299286,0.105198211778269,0.106756025973029,0.107689871677683,0.107976234924288,0.107760784162369,0.106979648029165,0.105633214842966,0.103802840006726,0.101278470827543,0.098015794152447,0.0940972352183724,0.0896546351047089,0.0848407067400134,0.0798011422158979,0.0746176551223002,0.0693355666389294,0.0639637110100044,0.0585176833016555,0.053011375021946,0.0474696199257582,0.0418957258842735,0.036282323697129,0.0305959000121907,0.0248076198926375,0.0189330879969019,0.0130457432213432,0.007149389050838,0.00127127002500829,-0.00459934768956847,-0.0104904707161346,-0.0163908307990164,-0.0222921511189699,-0.028136910246698,-0.0339043769290003,-0.0396075107674822,-0.0452489791141013,-0.0507971226570771,-0.0561695942884246,-0.0613409209111921,-0.0663425502560703,-0.0711393508511411,-0.0756286333231253,-0.0798017769229532,-0.0836850948858609
-0.0865588825983501,-0.0893036714466508,-0.0915908191730354,-0.0934168413749222,-0.0948080023776478,-0.0957110420071391,-0.0961247019917105,-0.096070076791209,-0.0955215115572577,-0.094506569012035,-0.0930256197184692,-0.0910952620964635,-0.0887576031440168,-0.0860038859665579,-0.0828905454968188,-0.0794601566627422,-0.0757067165915965,-0.0717156988188019,-0.0675183713775219,-0.0631258515010852,-0.0586183138361354,-0.0540345579674051,-0.0493896197617633,-0.0447410723271032,-0.0401347902986465,-0.0355972899767443,-0.0311554279280369,-0.0268412661262928,-0.0226801539632642,-0.0186935824775922,-0.0148965898692829,-0.0113016892227285,-0.00791459994379659,-0.00473650414012965,-0.00176517161978283,0.000997129065634903,0.00355008422368838,0.00592488800543128,0.00815184358817178,0.0102019843337117,0.0121040319557679,0.0139488195085384,0.0156740131247026,0.0173059020091034,0.0189805363634041,0.0205864971427934,0.0221848520311339,0.0239123943638895,0.025616160053595,0.0274095058162902,0.0293849797081236,0.0313904124916933,0.0335542765085489,0.035924335480189,0.0383824051928741,0.0410180483470805,0.0438541887732781,0.0468294417766313,0.0499615666450103,0.0532386492464555,0.0566650144278573,0.0602345751041196,0.0638412818785924,0.0674887729993451,0.0712646647155393,0.0750609298924777,0.0786841510946044,0.0821835266607881,0.08567488313036,0.0890482007168434,0.0921032091956675,0.0947260732951499,0.0969666557064975,0.0989606435972294,0.100567760048651,0.101724604134042,0.10221612020878,0.102095326236739,0.101407179462825,0.100105220317549,0.098301693160291,0.0959236093010108,0.0929091510710002,0.089314823133197,0.0852502322473366,0.0808118036983354,0.0760818412253735,0.0711048015651893,0.0659193893657032,0.0605529037156428,0.0550404530361248,0.0494030409919179,0.0436597183441612,0.037810520988571,0.0318620397234948,0.025829065577411,0.0197253898045827,0.0135422039437,0.00733247889329698,0.00110325395764236,-0.0051237924832244,-0.0113036296113359,-0.0174242077273449,-0.0234636597323292,-0.029446211797714,-0.0353601853993483,-0.041152813261131,-0.0467738611003313,-0.0522037923688196,-0.0574701536724117,-0.0625453415802826,-0.0673394393494184,-0.0718245778326869,-0.0760420667264576,-0.0799438157654527,-0.0834428736127989
-0.0828475578443946,-0.0851724478698618,-0.0870970847387523,-0.0885949011638332,-0.0896142353514821,-0.0901886340215389,-0.0903123695265325,-0.0899604976053645,-0.0891674863544107,-0.0879219920081818,-0.0862501968655843,-0.0841708961563055,-0.0816861978750944,-0.0788563790218639,-0.0756877183625588,-0.0722014167915022,-0.0684787695238733,-0.0645113800575777,-0.060347830121609,-0.0560600585035632,-0.0516526711755653,-0.0471669427783024,-0.0426707861539984,-0.0381836368639028,-0.0337335744618119,-0.0293612046308904,-0.0251034567374891,-0.0209823901521618,-0.0170216094265388,-0.0132383616954453,-0.00965062735194761,-0.00626791789229259,-0.00310074092074275,-0.000153393757231318,0.00257176817691138,0.00508730518540253,0.00740899911640837,0.00952978880319406,0.0114463483423437,0.0132237428858511,0.014872889647701,0.0163448298734439,0.017746309441446,0.019104336812218,0.0203277578015584,0.0215793427162224,0.0228505640457978,0.0240500412800307,0.0253773221455655,0.0267676424383297,0.0281628012556756,0.0297547427167486,0.0314464707031084,0.0332144580860662,0.0351979211447333,0.0373232110980191,0.0395710929153629,0.0420054470257872,0.0445993324599945,0.0473497288826242,0.0502270758956007,0.0532063101259453,0.0563511468736329,0.0596099967674172,0.0628354887996837,0.0660708695375595,0.0694319220764822,0.0727881390752894,0.0759356676976587,0.0788922575753494,0.0817548163283814,0.0845370012212978,0.0870829659204707,0.0891686036867645,0.0908350512670648,0.0920578418778644,0.0929698792258082,0.0934682823071487,0.0934901887843377,0.0930456086545506,0.0919650280249662,0.090257844592508,0.087982742726541,0.0851708840138311,0.0818614733873086,0.078120060305053,0.0740014086895915,0.0695629916236637,0.064839618812571,0.0598669287896015,0.0546668739690338,0.0492707274305828,0.0436972427853818,0.0379703231978402,0.0320980856651175,0.0260889986009218,0.0199683253158053,0.0138033245099505,0.0076034072964913,0.0014103988332448,-0.00475634699630718,-0.0109029160785584,-0.0170068441727676,-0.0230471326737419,-0.0289615810359922,-0.0347172613156536,-0.0403226834798448,-0.0457792426930464,-0.0510590443400552,-0.0560830490328118,-0.0608250688434803,-0.0653200384940447,-0.0695471052683521,-0.0734115331725656,-0.0769076245518756,-0.0800733575139781
-0.0761953752331941,-0.0782053610649544,-0.0797839515531678,-0.0809298046630742,-0.0816805840579167,-0.0819922456394382,-0.081866897305365,-0.0813333034888772,-0.0803711204741361,-0.0790099798309239,-0.0772550801492579,-0.0751217276266299,-0.0726546893177117,-0.0698439556812092,-0.0667417910897134,-0.0633914340896521,-0.0597814164451099,-0.0559909207078443,-0.0520507690627182,-0.0479635531929383,-0.0438038577118387,-0.0396075954321088,-0.0353831578628619,-0.0311816069895807,-0.0270459506547663,-0.0229981631920306,-0.019060994230574,-0.0152627452346144,-0.0116267379652633,-0.00817219574308969,-0.00491317568060321,-0.0018610800999832,0.000978212631189551,0.00360363555248307,0.00601647847068518,0.00821348697763293,0.0101915873438966,0.0119801736135201,0.0136092596982129,0.0150473492816944,0.0163170338749849,0.0175110309492076,0.0185659326127506,0.0194990958489987,0.0204506651045399,0.0213089906416093,0.0221249834078991,0.0230437376656455,0.0239099266938396,0.0248296745362019,0.0259058201232446,0.026982986499243,0.0281868803491454,0.0295751524366221,0.0310281290040587,0.0326367467796228,0.0344320566525274,0.0363554056339186,0.0384294039443422,0.0406491163820044,0.0430256315676134,0.0455614543602283,0.0481595591724977,0.0508328786035196,0.0536808011088308,0.0566074361594947,0.0594348572494706,0.0622268801623023,0.0651106348703713,0.067990387713778,0.0706854740551328,0.0730958843947107,0.0752898683861261,0.0773979279853361,0.0792904515916861,0.0809092006854501,0.0820470327226697,0.0827476086683186,0.0830145202089094,0.0827886398224755,0.0821722634399731,0.0811080570309894,0.0795272535069823,0.0774406481359585,0.0748844817411903,0.0718920531093389,0.0685033834065066,0.06474778528437,0.0606613950211284,0.0562746115176471,0.0516231688311211,0.0467316163232425,0.0416269758547077,0.0363278385255129,0.0308627398971649,0.0252662145690354,0.0195644544922582,0.0137541721507668,0.00788542432302569,0.00197960455976559,-0.0039313875231224,-0.00978867086191246,-0.0155674828363214,-0.021237059582062,-0.0268109529565146,-0.0322763515939695,-0.0375795792745821,-0.0426677525820977,-0.0475195677379627,-0.0521626093831495,-0.0565786883684838,-0.0606842692963508,-0.0644517132892987,-0.0679282298794669,-0.0710810476709332,-0.0738291168174697
-0.0673382571579733,-0.0689414080112812,-0.0701923199770258,-0.0710764428134516,-0.0715464871032384,-0.0716384356565561,-0.0713559924232925,-0.0706757839688972,-0.0696356843658813,-0.0682272634016087,-0.0664764411807776,-0.0644036262146686,-0.0620088512908122,-0.0593492441221657,-0.0564315947203927,-0.0532687724756894,-0.0499395693358979,-0.0464315282942641,-0.0427839717742082,-0.0390645250044529,-0.0352729994591305,-0.031440543126476,-0.0276306657481556,-0.0238571972002083,-0.0201414281187146,-0.0165174543186776,-0.01301849660587,-0.00966169068051186,-0.00646716856697057,-0.00344817163848506,-0.000620706273619807,0.00200827515026854,0.00442892183551608,0.00663812276479324,0.00863276486025097,0.0104256003525886,0.0120316418408484,0.0134435316733321,0.0146534033767658,0.0157251484546606,0.0166705744272727,0.0174356789094687,0.0181215915563462,0.0187609317808516,0.0192540057335736,0.0197593943758725,0.0202750989588332,0.0207001192522837,0.0212316935474118,0.0218131360447139,0.022374574705117,0.0231113896783303,0.0239313571079413,0.0248040232479501,0.0258720298225943,0.0270671263344433,0.028366738494225,0.0298398789662739,0.0314630590675946,0.0332373246712646,0.0351375466759545,0.0371442857804538,0.0393267588661464,0.0416434331632866,0.0439537253207782,0.0463100039534635,0.0488368590950621,0.0514172402634791,0.0538604606096837,0.0561968114337174,0.0585320389975587,0.0608952618005483,0.0631383935376455,0.0650600547325048,0.0667079360894062,0.0680674676360334,0.0692703130303658,0.0702092613260964,0.0708211064719623,0.0711049249906427,0.0709040079454306,0.0702321125148437,0.0691361570251634,0.067618675741292,0.065679612740688,0.0633417229221958,0.0606242349916536,0.0575608438587609,0.0541719557659538,0.0504851750718001,0.0465164433176903,0.0422940350710056,0.0378370344993539,0.0331755338664166,0.028327515234869,0.0233117884270265,0.0181556009831242,0.0129261200834267,0.0076372066923699,0.00233111716479402,-0.00296499630198661,-0.00824977390379447,-0.0134974013194142,-0.0186814866085796,-0.0237400700389973,-0.0286327377262496,-0.0333655107786723,-0.0379407082796658,-0.0423353309717817,-0.0464740544852568,-0.0503298685260999,-0.0539395937886835,-0.0572942925474469,-0.0603057953232953,-0.0629687114181118,-0.0653287084521353
-0.0569037515443968,-0.0581839176034447,-0.0591100121771593,-0.0596796002317779,-0.0599370884713713,-0.059844871937898,-0.0594050007177339,-0.0586499896518594,-0.0575621214900397,-0.0561697956609131,-0.0544802821641817,-0.0525052217737068,-0.0502889780987463,-0.0478188769117729,-0.0451404668631199,-0.0422954491351612,-0.03926607938159,-0.0361226711471503,-0.0328939436443031,-0.0295730929264315,-0.0262265567927008,-0.0228857335380387,-0.0195511271873253,-0.0162649753811097,-0.0130653132338847,-0.00996781068931667,-0.00698902487420233,-0.00415122310376079,-0.00147348729620199,0.00102942501236889,0.0033466137570933,0.00546994690775728,0.00739538967333785,0.00912396678979495,0.010657823397895,0.0119945417287732,0.013129787173115,0.0140921159168961,0.014912130087497,0.015557437656407,0.0160445242234044,0.0164672611036129,0.0167628216582734,0.0169388631090939,0.0171372400180115,0.0172479202067396,0.017309169985531,0.0174715965788824,0.0175788855059508,0.0177258311862997,0.0180228365807081,0.018311817041013,0.0187104447467532,0.0192841013670447,0.0199102735086603,0.0206763718018636,0.0216186895924479,0.0226788125639878,0.0238796678295273,0.0252199074046656,0.0267127824392039,0.0283658406863431,0.0300866619355016,0.0318910314737234,0.0338848394914059,0.0359815878516721,0.0380107525335896,0.0400421025980427,0.0422107417539443,0.0444333543659454,0.046542113791975,0.048445921407176,0.0502262363758785,0.0520179684313344,0.0537059355287734,0.0552416813196758,0.056429290307576,0.0573183310437363,0.0579099116499353,0.0581550849247901,0.0581546785036636,0.0578580850552054,0.0571946352049165,0.0561628489489102,0.0547745786156942,0.0530378070574547,0.0509672968262932,0.0485733591444954,0.0458759998863512,0.0428940352251395,0.0396526884651053,0.0361696208646674,0.0324663426459092,0.028560658489907,0.0244808401059003,0.0202613290136899,0.0159274456561102,0.0114751685424783,0.00694688460952786,0.00236532241130285,-0.00224090588754132,-0.00681300753911266,-0.0113238597051137,-0.0157429434097482,-0.0200814793744229,-0.0243299453116893,-0.0284378511112467,-0.0323531333545468,-0.0360551914807783,-0.0395728713883299,-0.0428968447602779,-0.045949860351215,-0.0487037598128369,-0.0512089545950749,-0.0534451743446809,-0.0553358131225469
-0.0459108247667033,-0.0467738166070082,-0.0473711946437208,-0.0476972647221332,-0.0477070050565676,-0.0474355849753281,-0.046892809145413,-0.0460549427973651,-0.0449599652548885,-0.0436004292537812,-0.0419994974972922,-0.0401771364629701,-0.0381298859918475,-0.0359096653997858,-0.0335223988707639,-0.0309721240901779,-0.0283328621455842,-0.025588081478186,-0.0227668002994176,-0.019930888107141,-0.0170749910530752,-0.0142195168771204,-0.0114217898212984,-0.00868961291675787,-0.00603636842057153,-0.00348846608479844,-0.00107376901875854,0.00119654294442848,0.00330745473697771,0.00525105054406441,0.0070152165695935,0.00859691513525554,0.00998890138301252,0.0111906518526353,0.0122002083860396,0.0130317317844017,0.0137011089312215,0.0142022106088531,0.0145242552239328,0.0147300408823932,0.0148336157941099,0.0147776603187558,0.0146571056083108,0.0145101967182408,0.0142310505585544,0.0139713349922929,0.0137362534849467,0.0134162027532677,0.0132026784877308,0.0130475416755417,0.0128692926305672,0.0128623648782499,0.0129403720234135,0.0130638130347613,0.0133753301349507,0.0138113776215905,0.0143439340669368,0.0150434386551958,0.0158882735827237,0.0168803463831092,0.0179965713461135,0.0192191750135238,0.0206191862979203,0.0221623114722737,0.0237110811913851,0.0253198540969832,0.0271186895744081,0.0290011909666888,0.0307835093090797,0.0325006026341173,0.0342640506254918,0.0361154655597539,0.0379148611497624,0.0394750980499132,0.0408488725854006,0.0420320237889102,0.0431610542242355,0.0441379714275044,0.0449091863322533,0.0454779840105113,0.0457006563163114,0.0455944594417221,0.0452057929977696,0.0445314488112531,0.0435603072705976,0.0423006063140392,0.0407564233309969,0.0389480389164522,0.0368837230712723,0.0345808841716651,0.0320455986041163,0.0292974758248814,0.0263474907464569,0.0232204699785885,0.0199306513506263,0.0164926953854313,0.012925421996107,0.00928924677469777,0.00559395751454105,0.00187418606095727,-0.00184684843640764,-0.00557141724784824,-0.0092788942640737,-0.0129474874439302,-0.0165217959720383,-0.0199602479819606,-0.0232708660050943,-0.0264612600662792,-0.0295158249287854,-0.0323649404660484,-0.0349822153061659,-0.0374063756072644,-0.0396387408063967,-0.0415975871828576,-0.0432767586172622,-0.0447266887741792
-0.0349981969791204,-0.0355322022089917,-0.0358122372109303,-0.0358339086672283,-0.0356447867327227,-0.035212354732168,-0.0345365797730858,-0.0336516265026889,-0.0325405747707742,-0.0312292849299081,-0.0297250709247122,-0.0280354181989227,-0.0262022256292971,-0.0242102452067543,-0.0220971233346003,-0.0199023840912329,-0.0176021140014472,-0.0152574199860017,-0.0128940574213144,-0.0104969984200337,-0.00812345250451469,-0.0058004625842379,-0.00352071052350111,-0.00131760479425655,0.000776716814347699,0.0027525968554853,0.00460053145248891,0.0063044252389994,0.00785061684486876,0.00922917627518109,0.0104337491664848,0.0114599743271994,0.0123072117489532,0.0129792244337427,0.0134807056943766,0.0138109921238839,0.0139662173728808,0.0139747574163432,0.0138690268748139,0.0136172351553479,0.0132311398344334,0.0128053512887214,0.0122800615158725,0.0116537991505647,0.0110692959503696,0.0104201222739184,0.00973253383621426,0.00916032253303505,0.00854925689813043,0.00798117203082721,0.00757260540228109,0.00716465346368948,0.00686509087522466,0.00674509675037473,0.00668068478433936,0.00675291271791767,0.0070021844002845,0.00736937904662726,0.00787598928784975,0.008522336945627,0.00932193489434628,0.0102850825397619,0.0113224836738518,0.0124488111956903,0.0137734451953956,0.0152177185375711,0.0166148904438117,0.0180344704754373,0.0196168080339296,0.021288886743236,0.0228912469593152,0.0243360838839043,0.0257113399684578,0.02715647929371,0.0285691177558465,0.0299082783211852,0.0309879847207316,0.0318629565566584,0.0325398821898667,0.0329808490513153,0.0332894464165743,0.0334243710874429,0.0333184668068777,0.0329689612538494,0.032382335947202,0.0315598293562195,0.0305077767847131,0.0292282784674858,0.0277328070103895,0.0260321813847664,0.0241437727664268,0.0220783400605176,0.0198505512476551,0.0174720313169778,0.0149635569537639,0.0123520866283146,0.0096564836153066,0.00686568190389315,0.00401055308422078,0.00110764481539143,-0.0018234683089485,-0.00473223303785191,-0.00759511489878282,-0.0103894772245676,-0.0131299249905181,-0.0158144624374695,-0.0183999122549197,-0.020839472117075,-0.0231157057960069,-0.025261017996503,-0.027275029118158,-0.0290882637816989,-0.0306726038636687,-0.0320811152307088,-0.0333040166232046,-0.0342694077797525
-0.0249646303430765,-0.0251063909424219,-0.0250750457914806,-0.0248727416922286,-0.0244556450224294,-0.0238573026951732,-0.0230910800103135,-0.0221332611648434,-0.0210197468428942,-0.0197441367395714,-0.018325545658865,-0.0167832927541267,-0.0151098608668143,-0.0133522418120822,-0.0115145470433453,-0.00959367024361547,-0.00765760774584508,-0.00568728955484279,-0.00370158581638522,-0.00175724285874699,0.000156055331723843,0.00202688873578212,0.00380485610543778,0.00548668298044818,0.00706690935294411,0.00852575130097265,0.00984137468848546,0.0110073981347259,0.0120146803062653,0.0128598529612514,0.0135357508547732,0.0140427100087719,0.0143773829298851,0.0145415836987751,0.0145360079813101,0.0143760430097298,0.0140799493287361,0.013643038261961,0.0130536908821416,0.0123730548868838,0.0116190762180575,0.0107323049956399,0.0098023163339308,0.00887234570153201,0.00783390462534755,0.00683003902144165,0.00587437741505114,0.00485054722012171,0.00394335165492531,0.00311318905372646,0.00226977855077983,0.00160330788401781,0.00103537098305135,0.000517270661414342,0.000190483984136769,-4.05208601248944e-06,-9.89865633449644e-05,-2.49223406939464e-05,0.000199009121504841,0.000573804037081547,0.00107844610690602,0.00169457634383175,0.00249394112142215,0.00344762938083224,0.00442104516057447,0.00546608929259447,0.00671688680982498,0.0080758647997981,0.0093639369568594,0.0106151102698361,0.0119450055543521,0.0134039674669462,0.0148598862414231,0.0161326571754252,0.0172771318813831,0.0182948866850957,0.0193276146759822,0.0202867826603955,0.0211271045465116,0.0218554895322035,0.0223387531065054,0.0225964235229776,0.0226766874647735,0.0225765560369567,0.0222854668651327,0.0218086716676343,0.0211463171991281,0.0203125715005299,0.0193105386814553,0.0181514784739925,0.0168366612555665,0.0153802895449808,0.0137892262434768,0.0120814017477089,0.0102634901146704,0.008343629637052,0.00633364684805943,0.0042826547707404,0.00219608388504769,9.73598356111288e-05,-0.00199669643258105,-0.00409620306046507,-0.00618936272031847,-0.00826189548650863,-0.0102676664660536,-0.012169421000876,-0.0139790876581898,-0.0157114676209227,-0.0173590359405785,-0.0188603707901224,-0.0201907025013783,-0.0213916552408786,-0.0224738546110148,-0.0233631798463233,-0.0240521860688492,-0.0245952220327096
-0.0160759743511026,-0.0159419020478657,-0.0156446296517435,-0.0151783509710155,-0.0145918696440785,-0.0138577423776196,-0.0129731556325501,-0.011973374468957,-0.01084165631496,-0.00960164082663533,-0.00825995705754775,-0.00682091650705906,-0.00532313386934695,-0.00375007573533406,-0.00213177035340885,-0.000506079227511149,0.00115596547208667,0.00280109315246107,0.00440652944426989,0.00599314648230426,0.00751255711838847,0.0089407417852868,0.0102916793678063,0.0115391532125213,0.0126566601425481,0.0136388790780064,0.0144827254763843,0.0151770709339707,0.0157135055818596,0.0160858360151336,0.0162922024778501,0.0163312849621013,0.0162060760582962,0.0159225522418586,0.015488398172084,0.0149044390321925,0.0141682233686354,0.0133075286227496,0.0123573577965399,0.0112869867675505,0.0101049327536835,0.00890538313702689,0.00763341493300138,0.00627961747825084,0.00498683251483531,0.0036536854970125,0.00229627587654819,0.00106963762044762,-0.000175408869181255,-0.0013698598526274,-0.00239179524642822,-0.00339897083086263,-0.00429345778127071,-0.00499927288316819,-0.00563955788082049,-0.00614063819980161,-0.00645799293604189,-0.00665099235970992,-0.00669958415690809,-0.00660260546632477,-0.00634615536433132,-0.00591822709133421,-0.00540458051747279,-0.00479329560802547,-0.00397268958721315,-0.00301414346804588,-0.00208107545725673,-0.00110752904775617,5.06734064166021e-05,0.0013296132372226,0.00257646324737849,0.0037033817901309,0.00480045401237332,0.00601058655921893,0.00724222960418364,0.00845868227064146,0.00948162914368839,0.0103656098623422,0.0111228426026541,0.0117216018654527,0.0122673823997259,0.0127261407239877,0.0130342316863771,0.0131880617731643,0.0131940176068156,0.0130517191716791,0.0127657552439195,0.0123343094121782,0.0117653176707544,0.0110647731764714,0.0102465466730654,0.00931742627313933,0.00828908271959842,0.00716789180401277,0.00596839658263261,0.00471031782552888,0.00340812506461455,0.00204366987184055,0.000638411629176829,-0.000798147262249609,-0.00225449365087073,-0.00368896601504208,-0.00508329648231149,-0.00642214880373543,-0.00772439102585883,-0.00899771431347738,-0.0102067401308845,-0.0113105652943702,-0.0122947801795496,-0.0131961950996415,-0.0140225245367989,-0.0147128156749882,-0.0152393610942636,-0.0156577606169682,-0.0159668012013719,-0.0161000660270523
-0.00871299015279888,-0.00827802248614406,-0.00774302365036537,-0.00711658438615012,-0.00635623663461985,-0.00549381921849941,-0.00454525257535596,-0.00348722714120315,-0.00235327733271236,-0.00113816118937362,0.00014259297130409,0.00147004526235106,0.00285489982188694,0.0042544297691091,0.00566570910151963,0.00709720777753525,0.00848646613668603,0.00985351373404475,0.0111878249997467,0.012436861348666,0.013614294280402,0.0147156249724617,0.0156964014115482,0.0165562143808923,0.0172958406077318,0.0179005856226653,0.0183534873551827,0.0186516032727922,0.018790485997765,0.0187700819113877,0.0185872731362787,0.0182448800857872,0.0177428312421621,0.017084590146491,0.0162731087484062,0.0153244706719255,0.0142590481643235,0.0130733856899432,0.0117555844667691,0.0103646917068505,0.00892246381017421,0.0073683183627452,0.00578654576920306,0.00422480147092772,0.00257411970354125,0.000968554031301493,-0.00057023997120678,-0.00216283514023373,-0.00363191290937435,-0.00500851710051935,-0.00638895471434571,-0.00758878770955057,-0.0086777672146473,-0.00971182453960008,-0.0105516104463965,-0.0112510973236974,-0.0118463081851068,-0.0122693528114384,-0.0125363829280048,-0.0126473223692346,-0.0126208372611242,-0.0124758375751013,-0.0121403542873722,-0.0116381099264181,-0.0111002540768801,-0.01047868245589,-0.00963628918277764,-0.00866173521631049,-0.00772980796820951,-0.0068097163788389,-0.00578369330427003,-0.00459441764804537,-0.00336577226737555,-0.00227384862341376,-0.00126487425151126,-0.000333834304671273,0.000663679977204318,0.00164782440071449,0.00257770006354552,0.00346181392178749,0.00417386588089153,0.00473141696638947,0.00518398986094008,0.00552953431922823,0.00575810744687914,0.00587329019329624,0.00587396850853253,0.00577112449792576,0.00556562204882863,0.00526508933534568,0.00486822960146728,0.00438532546509446,0.00382048775931345,0.00318696927021271,0.00248765635251788,0.0017254580233143,0.000906623420461599,7.26326617208158e-05,-0.00077419817738344,-0.00161854143372542,-0.00244862260366807,-0.00328058458121519,-0.0041101541227909,-0.00492951241673668,-0.00569995074005456,-0.00638875161349233,-0.00701096011951435,-0.0075875683038944,-0.00811776010291697,-0.00854756922669207,-0.00885360544791554,-0.00907964055255304,-0.00924377475220079,-0.00927936176289549,-0.00917759949677524,-0.00899545126174617
-0.00276274993033247,-0.00215929333160399,-0.00145780087654503,-0.000650979541375279,0.000212200850778021,0.00115462899899029,0.0021814635245454,0.00325701778662314,0.00439755638505878,0.00558146601363093,0.00680252280850386,0.00805872564665417,0.00931430712334531,0.0105861685593484,0.0118504494305005,0.0130705068092301,0.0142784555285608,0.015427459735078,0.0164966525339085,0.0175106775631582,0.0184282797241864,0.0192273259623399,0.0199262231257639,0.0205042713839826,0.0209390652143109,0.0212280177309203,0.0213725801406835,0.0213651687910471,0.0212010813742705,0.0208765620292348,0.0203928114268529,0.0197504603235953,0.0189549283376242,0.0180135034511516,0.0169358360070959,0.0157236023848239,0.0143751354208286,0.0129171024939422,0.0113862096882445,0.00975291567221862,0.00802260768164108,0.00628806873450872,0.0044992623405872,0.00264012780903909,0.000852138901224104,-0.000960273571431915,-0.0027898898931401,-0.00448190956943226,-0.00617917131486934,-0.00782428388955201,-0.00929154462940638,-0.0107355343788472,-0.0120678235077679,-0.0132083933185511,-0.0142779611092044,-0.0152097452221176,-0.0159556251853578,-0.0165739763791484,-0.0170460698428702,-0.0173696470913713,-0.0175302793658534,-0.0175140793658308,-0.0174028612370941,-0.0171872402355293,-0.0167541297263151,-0.0161672376942378,-0.0155863519287988,-0.0149498427111471,-0.0141108843832979,-0.0131243502491998,-0.012137181980832,-0.0112380065475572,-0.0103371569001133,-0.0092888518275284,-0.00817515788426877,-0.00702963708366047,-0.00602490255214989,-0.00510957825452249,-0.00426778252686453,-0.00352802189378304,-0.00278493322113112,-0.00206757784789202,-0.00143734815157421,-0.000899480339906607,-0.000448433367735974,-8.65140355311224e-05,0.000189568086353968,0.000375312692133911,0.000476453000318032,0.000495669912439186,0.000444393560317233,0.000326182266560552,0.000150143374170977,-8.099571730053e-05,-0.000356083241415886,-0.000660345612925045,-0.000982404541077736,-0.00134432313094914,-0.00173134588318306,-0.0021384739373761,-0.00255947347477464,-0.00295909057780018,-0.00332217549180232,-0.0036384908719219,-0.00392924809564987,-0.00420925606772788,-0.00444934781454224,-0.0046131272670032,-0.00468782413909804,-0.00471276266136591,-0.00470172045874025,-0.00460095501740924,-0.00438257901048375,-0.00410308315259915,-0.00376806094071091,-0.0033160575070308
0.00168904741810818,0.00247293774473833,0.00330999836424791,0.00418682507936633,0.0051445702346461,0.00615349100114829,0.00719587586889496,0.00829451782119128,0.00941825763120936,0.0105712439566519,0.0117408876152382,0.0129085582533517,0.0140870985288091,0.0152373787915695,0.0163569566972611,0.0174580763984025,0.0184829207132816,0.0194513287006658,0.0203590150634095,0.0211567357595925,0.0218598357678824,0.0224687573319669,0.0229435697665204,0.0232852227502325,0.0234986948571516,0.0235728054057879,0.0234938423718827,0.0232607737739349,0.0228721593777712,0.0223298324562834,0.0216332032013716,0.0207863086788667,0.0197909770813916,0.0186512647862366,0.0173712093804367,0.0159666397852867,0.0144589286667078,0.0128451613164541,0.0111126876834329,0.00931770539430675,0.00748469061575868,0.0055523398179812,0.00359921487416943,0.00167611786854325,-0.000325382234971538,-0.00228038354935961,-0.00416064040297613,-0.00608909241439024,-0.00789659203348983,-0.00960637796549174,-0.0113188643958535,-0.012856250136463,-0.0142798674875008,-0.0156511419336453,-0.0168336828871049,-0.0178761097208365,-0.0188167666099874,-0.0195894421194098,-0.0202071520004163,-0.0206702898353008,-0.0209950615316566,-0.0212004483767087,-0.0212144982000741,-0.0210557436505571,-0.0208512546369555,-0.0205567848673193,-0.0200331247050337,-0.019359868720636,-0.0187072049453412,-0.0180481342563363,-0.0172638170724,-0.0162908586262726,-0.0152446444976757,-0.0142982321862154,-0.0134002675157499,-0.0125436168600333,-0.0115826792764548,-0.0105891734743159,-0.00960158804667529,-0.00861092110147395,-0.00773883166913825,-0.0069714084059708,-0.00625931019385952,-0.00560404752160792,-0.00501558162310521,-0.00449220666577929,-0.00403648269046998,-0.00364013944487473,-0.00330411655371852,-0.00302367363702614,-0.0028022006427493,-0.0026328097069577,-0.00251382053217334,-0.00243557655163905,-0.00239757306464986,-0.00240033651941228,-0.0024414351657794,-0.00248464181393789,-0.00252886687987862,-0.00256390940872915,-0.00258085990695508,-0.0025992325159399,-0.00261974593484648,-0.00263876533289695,-0.00262266206503008,-0.00254133458401208,-0.00241084435762375,-0.00225602264178907,-0.00208068918551589,-0.00183643735438038,-0.001500071613251,-0.00111562366892484,-0.000706368802920576,-0.000211739306805387,0.00037893853397832,0.00100793152738695
0.00495395395230521,0.00579851808792913,0.00670069260813727,0.00766950095425196,0.00865685612754267,0.009681990584167,0.0107522339170504,0.0118321886689166,0.0129376518412143,0.0140489788319829,0.0151603107035635,0.0162714439321653,0.0173491006932203,0.0184100268515184,0.0194352968194439,0.0203892217135969,0.0213056307636304,0.0221429449468895,0.0228813833571022,0.0235477234656736,0.0241063218041461,0.0245359851439068,0.0248577047432224,0.0250547688818617,0.0251074823838115,0.0250146038899072,0.0247803615369001,0.0243993009886016,0.0238689259952455,0.0231866427421401,0.0223552093330736,0.0213759854956003,0.0202554583782029,0.0190011028413772,0.0176232937937078,0.016123624898839,0.014500251285195,0.0127779237040699,0.0109937820467453,0.00911896620675796,0.00715547040877489,0.00519353247161177,0.00318720979257038,0.00111453785300818,-0.000885912291168131,-0.00290420111862224,-0.00494101293997534,-0.00684340936057896,-0.00874773269886539,-0.0106070862576014,-0.0122938486348975,-0.0139584582600597,-0.0155214807437472,-0.0169000838310405,-0.0182117465711445,-0.0193961187186714,-0.0204022932649987,-0.0212870069474362,-0.0220327646062276,-0.0226361854622506,-0.0230823011072989,-0.0233553996775057,-0.0235331722899284,-0.0236083577975681,-0.02346723594392,-0.0231659102671144,-0.0228600640056328,-0.0224924562116416,-0.021914623465152,-0.0211726429021683,-0.020407603196162,-0.0197087473054042,-0.0189882146163137,-0.0180979325200267,-0.0171110239365831,-0.0160582514571498,-0.0151071988484124,-0.0142108496466762,-0.0133506465589837,-0.0125531161363593,-0.011713880773838,-0.0108577732420888,-0.0100444749527434,-0.00928125190460783,-0.00856363525205998,-0.00789583309539819,-0.00727582771483627,-0.00671041378559223,-0.00619576638704405,-0.00573197183156832,-0.00530971641078615,-0.00492814800339388,-0.00458033111295171,-0.00426638868591924,-0.00397761608303746,-0.00370280805206663,-0.00343252340882875,-0.0031909931323676,-0.00296810901668553,-0.0027616511968974,-0.00256857163019869,-0.00235789713690693,-0.00211582476587522,-0.00183501077518606,-0.00153727518113738,-0.00124200303516768,-0.000924343268666604,-0.000550726337434477,-0.000108522364073097,0.000362367864215622,0.000844254841959117,0.00138539560292124,0.00201462824777331,0.00267631462657354,0.00336010571942048,0.00412347394106975
0.00706873291241332,0.0079965541137897,0.0089510685905658,0.00991559105544726,0.0109302181279167,0.0119677054088135,0.0130094065901229,0.0140777310497494,0.015144004378746,0.0162116031374075,0.0172705195116015,0.0183025784531999,0.0193221596522126,0.0202933276772474,0.0212138437890914,0.0220986288239509,0.0228938775163837,0.0236186667375407,0.0242733918875259,0.0248114776778607,0.025248872417397,0.0255894653686021,0.025796774034732,0.0258721171397037,0.0258231237498851,0.0256409179428228,0.0253138058258509,0.0248415166388248,0.0242242658814695,0.02346461121958,0.022563229975942,0.0215243291725204,0.0203504690502726,0.0190453254652736,0.017612970197353,0.0160680937332102,0.0144319807981622,0.0127014577289249,0.0108625861453598,0.00896798157902686,0.00704355551153086,0.00502728569396234,0.00299163682479942,0.000989083794945459,-0.00108795101466375,-0.00312378554478205,-0.00508531507161184,-0.00709680426085965,-0.00899776576056696,-0.0108049926019948,-0.0126217667778046,-0.0142776016613244,-0.0158263917312458,-0.0173338304949982,-0.0186673105248261,-0.0198705474862303,-0.0209836095258369,-0.0219423158721423,-0.0227568456381357,-0.0234279420320663,-0.0239696165855644,-0.0244007380750696,-0.0246497674068984,-0.0247304958041372,-0.0247656632033106,-0.0247147830306622,-0.0244374782572617,-0.0240046715599614,-0.0235817578470009,-0.0231455725427191,-0.0225769833664284,-0.0218073254208908,-0.0209434835496822,-0.0201556665567715,-0.0193954047560866,-0.018654101111111,-0.0177858076345263,-0.0168543676152452,-0.0158964262464402,-0.0149026308829659,-0.013990709213226,-0.0131504904605507,-0.0123333081772501,-0.0115399742248988,-0.0107803420986053,-0.0100540669866474,-0.00936479681387058,-0.00870632455292332,-0.00808090028562702,-0.00748601688065447,-0.00692667121024947,-0.00639868377053787,-0.00590227829850855,-0.00543059821517943,-0.00498479959239828,-0.00456782474704516,-0.00417987443141301,-0.00378860081277493,-0.00339320218334234,-0.00298675086698827,-0.00256194228082573,-0.00214001332548908,-0.00172497076942926,-0.00131584158861636,-0.000882454233520112,-0.000396087774106891,0.000127583693182469,0.000661715987927349,0.00119946910027994,0.00178517226611377,0.0024426292775285,0.00312894153975596,0.00381756316856424,0.0045642729579156,0.00538199513266455,0.00621372759119739
0.0084044379679442,0.00932174518327556,0.0102731916396258,0.0112695837253165,0.0122644798835966,0.0132742829075441,0.0143083662112,0.0153322065177758,0.0163612878484707,0.0173779087861932,0.0183767288087368,0.0193590552946422,0.0202939722879783,0.0211979018350149,0.0220560284257797,0.0228336134584331,0.0235653427338371,0.0242140366848386,0.0247606929486549,0.0252332110672577,0.0256004584802052,0.0258417668812956,0.0259795526863783,0.0260000053666274,0.0258853150922694,0.0256347304131448,0.0252541095579064,0.0247391859842975,0.0240886781281899,0.0233003008725285,0.0223774153062917,0.0213212724407109,0.0201384970617175,0.0188359963694295,0.0174239679768183,0.0159032480553954,0.0142711437727901,0.0125499344228095,0.0107762116524215,0.00892128595922156,0.00698364419139591,0.0050501003489988,0.00307790650410048,0.00103978259138902,-0.000929738626913153,-0.00291591219906447,-0.00492649113640081,-0.00681172923748599,-0.00870191417537288,-0.0105596330041698,-0.0122570549095274,-0.0139402896911748,-0.0155383413284155,-0.0169669163723239,-0.0183401130088581,-0.0196036704391965,-0.0207049133940245,-0.0216988811740785,-0.0225694633526144,-0.0233124653566933,-0.0239126305890038,-0.0243528740226891,-0.0247070237310374,-0.0249697958598731,-0.0250276369610065,-0.0249296909003115,-0.0248274517365085,-0.0246680628529817,-0.0243024612458867,-0.0237686290215885,-0.0232019177778322,-0.0226919261795062,-0.0221533725000471,-0.0214366234909199,-0.0206064131503354,-0.0196908001906817,-0.0188525159096079,-0.0180490952439835,-0.0172598205617156,-0.0165095775696762,-0.0156950305368439,-0.0148368849477474,-0.013992808403173,-0.0131716734327837,-0.0123696502829586,-0.011592192655807,-0.0108379638068547,-0.0101152444382217,-0.00942142749799857,-0.00875853164763892,-0.00811866416942714,-0.00750288620289158,-0.00690575586214602,-0.00632938487275428,-0.00576673123273259,-0.00520915091150931,-0.00464838425561351,-0.00410976614431432,-0.00358653578757366,-0.00307830233773171,-0.00258399883585352,-0.0020757415087398,-0.00154018223948111,-0.000971635267796119,-0.000391636612904564,0.000177428315749824,0.000757215157199664,0.00137939145295569,0.00205715699617872,0.00275113256212984,0.0034411396337355,0.0041710717587693,0.00497097822188496,0.00578707917666525,0.00660577502656884,0.00748126899005375
0.0090176158944862,0.00996167129318562,0.0109184979821066,0.0118692137065481,0.0128529883386012,0.0138451246493068,0.014826657316089,0.0158196857919826,0.016798019321374,0.0177645275112443,0.0187114995045321,0.019621376300596,0.0205097054551242,0.0213434518185697,0.0221205397008181,0.0228578502924871,0.0235051893235785,0.0240806962463005,0.0245883874114547,0.0249840173507912,0.0252836289561558,0.0254935864100682,0.025580238490291,0.0255448078960892,0.0253966453390096,0.0251284527158796,0.0247298850588296,0.0242008145679242,0.0235423502743115,0.0227571529267215,0.0218464662017036,0.0208140968735054,0.0196626937562031,0.0183950595052099,0.0170147314007414,0.0155348078414249,0.0139758626669304,0.0123340232718179,0.0105938241541769,0.00880399120608533,0.00699097102595501,0.00509207694705018,0.00317370447189891,0.00128884148181594,-0.000669046666146382,-0.00259321645241886,-0.00444723740584973,-0.00635597838356435,-0.0081676725593879,-0.00989406947492784,-0.0116404203005452,-0.0132439061375405,-0.0147521637051653,-0.0162343049702997,-0.0175620865096614,-0.0187750925822838,-0.0199147947902435,-0.0209194490237556,-0.0217969614999038,-0.0225485650654834,-0.023186583766381,-0.023729901196105,-0.0241078735156771,-0.0243303359487715,-0.0245158730475773,-0.0246277158302908,-0.0245253199537243,-0.0242718359312146,-0.024027943922077,-0.0237742860174087,-0.023392201485636,-0.0228087314956551,-0.0221226785300989,-0.0215014302613586,-0.0208995760004549,-0.0203075556617092,-0.0195796556628101,-0.0187722608727141,-0.0179202087950507,-0.0170136512103157,-0.0161665597653418,-0.0153720007314438,-0.0145819596687576,-0.0137961936359046,-0.0130239095303117,-0.0122653566104787,-0.0115245334986303,-0.0107964190775214,-0.0100838154169955,-0.00938556052527926,-0.00870746754207478,-0.0080471566091781,-0.00740596712710292,-0.00677896186107019,-0.00616822242809137,-0.00557823911331658,-0.00501093277375141,-0.00443685416673587,-0.00385493170301175,-0.00326037262995354,-0.00264676552354421,-0.00203614547780166,-0.00143477352490666,-0.000843553875531086,-0.000234867482139513,0.000419128571904585,0.00110375765578253,0.00179114079555213,0.00247234862148574,0.00318839924297737,0.00396388948144351,0.00475763328930754,0.00554099012674842,0.00636569611925085,0.00724681852173024,0.00812884435225802
0.00925942723973378,0.0101584900054406,0.0110782616341398,0.0120310832944886,0.0129724491257969,0.0139164922897416,0.0148743329924528,0.0158125838990213,0.0167464965877381,0.0176601597083317,0.0185488229942685,0.0194150305249567,0.0202300837620821,0.0210100238221236,0.0217434562787986,0.0223966319723892,0.0230046390232856,0.0235340381785859,0.0239665108502618,0.0243304821161174,0.0245986014905772,0.0247505704660566,0.0248095764130452,0.0247640790300093,0.02459771732378,0.0243098406320055,0.0239073254180988,0.0233866397748318,0.0227472166765739,0.0219867240999474,0.0211086620029038,0.0201138447794341,0.0190086371779753,0.0177990635747548,0.0164947995080717,0.0150956774648891,0.0135979431779682,0.0120212824335315,0.0104012607894461,0.00870916034157125,0.00694019528528717,0.0051774119362777,0.00338062907766649,0.00151800517532762,-0.000280519354352556,-0.00209606139135992,-0.00394244235847425,-0.0056739153855742,-0.00741525877074192,-0.00913742795671466,-0.0107135921705909,-0.0122856430600705,-0.0137903051461998,-0.015142940799128,-0.0164543676534687,-0.0176760128083797,-0.0187543396411323,-0.0197428410460389,-0.020626931841753,-0.0214020452995599,-0.0220529667384443,-0.0225617696392544,-0.0229989096779394,-0.0233610472079791,-0.0235355504568431,-0.0235655897871505,-0.0235986235943894,-0.0235861314901115,-0.02337944020243,-0.0230094712297249,-0.0226061844893861,-0.0222594046224161,-0.0218869391463201,-0.0213384038052193,-0.0206709140886372,-0.0199099774325322,-0.0192136897616284,-0.0185439862601546,-0.0178784407000353,-0.0172404722705312,-0.016527712914465,-0.0157568483797328,-0.0149832007079831,-0.0142166730762149,-0.0134535824121833,-0.0126999553973117,-0.0119544948290626,-0.0112261761797941,-0.0105129014108702,-0.00981779763046015,-0.00913367766266434,-0.00846263932685834,-0.00779995017957684,-0.00714889944816489,-0.00650340840072334,-0.00585653269319007,-0.00520056820287058,-0.00456122318298397,-0.00393410221035277,-0.0033200497969062,-0.00271920877570933,-0.00210602649482876,-0.00146718493206076,-0.000797968012292301,-0.000119244057448562,0.000544530594175803,0.00121246723562948,0.00191472313067306,0.00266526017241014,0.00342566485695086,0.00417410052857476,0.00495075434526522,0.00578668501252727,0.00663027645994543,0.0074656226751056,0.00834403524013978
0.00914205609652246,0.0100414748987717,0.0109465353840755,0.0118368128626803,0.0127505534358792,0.0136653829561756,0.0145623572862484,0.0154632083364058,0.0163440509887947,0.0172073689217831,0.0180474194258246,0.0188473034254224,0.0196234542011712,0.0203453573916326,0.0210111378108006,0.0216390754041222,0.0221822270026428,0.0226577712354773,0.023072574275307,0.0233844772030919,0.0236094160153414,0.0237555790383021,0.0237917517911873,0.0237189014682026,0.0235475780771617,0.0232716535326413,0.0228818208145815,0.022377861538062,0.0217614459360422,0.021035069101349,0.0202002823443328,0.0192603202332266,0.0182177201197574,0.0170743149040751,0.0158329725841399,0.0145051586713632,0.0131105493037234,0.0116444840439179,0.0100901066824747,0.0084923763415064,0.00687782763816127,0.00518334678008032,0.00346972879646386,0.00178978913666392,3.82605996534858e-05,-0.00168635189743159,-0.00334534673534939,-0.00506359441265806,-0.00669759777880492,-0.00825520079311323,-0.00984283916989452,-0.0113052213939789,-0.0126847970695882,-0.0140533202919811,-0.0152871272633473,-0.0164224062902497,-0.0175017439562835,-0.0184660504089886,-0.0193214847242819,-0.0200698811638108,-0.0207223356606223,-0.0212979223011979,-0.0217272749243843,-0.0220171141446412,-0.0222821903558553,-0.0224893480140088,-0.0224987264138049,-0.0223667635403101,-0.0222496986459834,-0.0221318826031221,-0.0218958148028783,-0.0214652364912714,-0.0209315511301896,-0.0204594182796982,-0.0200065380434856,-0.0195628894206147,-0.0189835035293202,-0.0183179874481312,-0.01759938144101,-0.0168173061800566,-0.0160821574944729,-0.0153897494725064,-0.0146926960908485,-0.0139896158463531,-0.0132887389299758,-0.0125902811614661,-0.0118979709489561,-0.0112073612709236,-0.0105212880909746,-0.0098393508769014,-0.00916756744901536,-0.00850455008144382,-0.00785196794585114,-0.00720605080270122,-0.00656939080455222,-0.00594745981781675,-0.00534309927525512,-0.00472903708377269,-0.00410363198419947,-0.00346344572253232,-0.00280252480867129,-0.002143152637566,-0.00149318459771477,-0.000854853441639407,-0.00020248551505151,0.000490976047387756,0.00121197256976265,0.0019321939835521,0.00264127375980526,0.00337742300545057,0.00416589585765129,0.00496728741920052,0.00575155657913304,0.00656686102663675,0.00743007113019381,0.00828740804740705
0.00894604866476185,0.00978772870182253,0.0106419844585376,0.0115223414166709,0.0123862356281813,0.0132459456184797,0.0141139756956901,0.0149581481877891,0.0157934729896626,0.0166055951071177,0.0173903277915807,0.0181512133117899,0.018861529929491,0.0195369286127629,0.0201688079373921,0.0207244398662806,0.0212389891175023,0.0216821802911739,0.0220363187813665,0.0223300430286578,0.0225391447143592,0.022643705540919,0.022667313344075,0.0226002547608552,0.0224273629130656,0.0221479674129486,0.021769618845316,0.0212893362461833,0.0207070380103847,0.0200202643153224,0.0192324848043602,0.0183440625299722,0.0173609871046536,0.0162884390844901,0.0151355004289994,0.0139010560494566,0.0125803513889264,0.0111907024216376,0.00976654794017299,0.00827919246692143,0.00672103092627032,0.00517141982052932,0.00359238015795843,0.00194842327592128,0.000364786570213476,-0.00123595679665679,-0.00287262524339994,-0.00440372013243534,-0.00594902195502295,-0.00748658073207694,-0.00889125681145959,-0.0103009098098311,-0.0116591129998775,-0.0128815789185405,-0.0140759710884208,-0.0151988425292791,-0.0161964190014759,-0.0171208004723517,-0.0179588795889213,-0.0187060076732906,-0.0193472350583736,-0.0198642461223571,-0.020324594121971,-0.0207267800251888,-0.020959610713129,-0.0210611982970785,-0.0211752360246826,-0.0212573355967841,-0.0211599669916723,-0.0209081400389483,-0.0206269082223217,-0.0204061455386706,-0.0201669560501121,-0.0197590064354309,-0.0192327326011456,-0.0186113466086105,-0.0180485675883944,-0.0175105294407176,-0.0169735481933498,-0.0164598077650911,-0.0158680198862069,-0.0152110191188483,-0.0145417327873007,-0.0138710023788534,-0.0131949351399167,-0.012519532683779,-0.0118431370677831,-0.0111750586019606,-0.0105134535529129,-0.00986219779733488,-0.00921435770460916,-0.00857234639549173,-0.00793128068139419,-0.00729516433680515,-0.00665900480741036,-0.00601697354801427,-0.00536098007264788,-0.00471717326268039,-0.00408252447430205,-0.00345889191936767,-0.00284716304446918,-0.00222341774868055,-0.00157469929470491,-0.000896179971782568,-0.000207975390803411,0.00046355582858179,0.00113530456238496,0.00183655714917107,0.00258212193214896,0.00333461694674788,0.00407101642907384,0.00482832994194587,0.00563816192033765,0.0064510973983066,0.00724962260664843,0.00808246251611646
0.00860652919527279,0.00943758415547794,0.0102701050074876,0.0110828406716563,0.011912911320619,0.0127401503558683,0.0135456178722368,0.0143508928568538,0.0151338913519438,0.015897034712771,0.016636008413045,0.0173347577199121,0.0180101439500106,0.0186340733609054,0.0192046267673635,0.0197413125007084,0.0201998523376728,0.0205967364724156,0.0209408566549056,0.0211921512804131,0.0213661352511771,0.0214725717181996,0.0214821682720499,0.02139581501473,0.0212247232038645,0.0209639281880289,0.0206047408838615,0.0201470357522767,0.0195926387124558,0.0189440735953431,0.0182028486712335,0.0173718946346341,0.016453361967894,0.015448437391031,0.0143591522903456,0.0131957258545858,0.0119767883213388,0.0106971802646937,0.00933875514939302,0.00794330140681609,0.00653704466433316,0.00505691502098438,0.00355856830119728,0.00209456541389779,0.000560896231842601,-0.000950952451869034,-0.00240098822552138,-0.0039133363887895,-0.00535222720272987,-0.00672222795202171,-0.00813046785055483,-0.00942848331655869,-0.0106546508736445,-0.0118823531274701,-0.0129926106412689,-0.0140185896748927,-0.0150038929414568,-0.015891793518583,-0.0166873233365549,-0.0173927625913093,-0.0180185175512513,-0.0185836591824627,-0.0190204596197981,-0.0193329509206063,-0.0196326311854318,-0.0198894826537053,-0.0199651185732578,-0.0199100628498785,-0.0198766627448652,-0.0198525195419623,-0.0197218890058238,-0.0194058236173779,-0.0189894127606062,-0.0186345341976284,-0.0183020836185915,-0.0179817551743468,-0.0175299756056985,-0.0169901587652756,-0.0163938829972209,-0.0157300965665799,-0.0151060791648371,-0.0145198769152429,-0.0139249969912,-0.0133186742661475,-0.0127083362016742,-0.0120938528169211,-0.0114787757651106,-0.010858692991953,-0.0102363629322535,-0.00961147980734425,-0.00899014276398219,-0.00837146550900391,-0.0077575255091501,-0.00714518667943607,-0.00653723793877996,-0.00593950331334048,-0.00535571355628329,-0.00475999831180814,-0.00415034084828478,-0.00352393947451649,-0.00287530086722899,-0.00222634511255441,-0.00158657093013767,-0.000958717990293018,-0.000318998425334019,0.000359017024081151,0.00106281035119019,0.00176426902056911,0.00245170262777705,0.00316102605040407,0.00391775722645263,0.00468442052332294,0.00542988610186397,0.0061994438997365,0.00701116089876897,0.00781324669794378
0.00832324666016703,0.00909327012586498,0.00986993094691097,0.0106681511804832,0.0114468203332412,0.0122170813537662,0.0129921205922467,0.0137413708143135,0.0144792036381503,0.0151930479184392,0.0158788324429344,0.0165412834031024,0.0171550330702984,0.0177357510418396,0.018276739217504,0.0187466671782019,0.0191801723633023,0.0195500761124095,0.0198389075162036,0.0200756776890187,0.020238426781769,0.0203080141401818,0.0203078049209642,0.0202299886552583,0.0200600334963144,0.0197976520381613,0.0194504333128991,0.0190161993289499,0.018494876689172,0.0178842909549168,0.0171874367571206,0.0164046348174666,0.0155411279095548,0.0146017639889387,0.0135946583387562,0.0125183399703535,0.0113668447039337,0.0101558554243898,0.00891830645880662,0.00762602899511952,0.00626875178181315,0.00492283119107378,0.00355170757741958,0.00211746168966562,0.000740635479242598,-0.000652556350234712,-0.00208538582961871,-0.00342006190623515,-0.00477225958703112,-0.00612556865641191,-0.0073572892252746,-0.00860101462510956,-0.00980657006454239,-0.0108899549014984,-0.0119563478837395,-0.0129662959935991,-0.0138665606988801,-0.0147074861844288,-0.0154778410198319,-0.0161726608952955,-0.0167777485909651,-0.0172741272145743,-0.0177272228676937,-0.0181367204678172,-0.018393587087397,-0.0185313153579676,-0.0186905492631691,-0.0188302641822315,-0.0188049631865174,-0.0186341304203459,-0.0184387610170985,-0.0183083062552835,-0.0181677124786789,-0.0178667797683647,-0.0174505600354698,-0.0169397760048522,-0.0164846717796626,-0.016054655820745,-0.015625782871317,-0.0152187846240923,-0.014733796279378,-0.0141802002653766,-0.0136089005982393,-0.0130303865105731,-0.0124412277103971,-0.0118473894218319,-0.0112475217128824,-0.0106504129630262,-0.0100543978796977,-0.00946301312137385,-0.00886983852225744,-0.00827743124946555,-0.00768199793361518,-0.00708746336901307,-0.00648874999277688,-0.0058803959392331,-0.00525555227421722,-0.00463901771001342,-0.00402984614907171,-0.00342991038851331,-0.00284109959854819,-0.00224067419819582,-0.00161558513356292,-0.000961425838755466,-0.000297835663672717,0.000348577502256377,0.000992676999333533,0.00166271721913979,0.00237354486741766,0.00308939546373724,0.00378609841818844,0.00449825867111103,0.00525775463402437,0.00601767227395357,0.00675881626877782,0.00752795267426383
0.00796658054004894,0.00872109069842179,0.00947393022103748,0.0102036529559976,0.0109460702005183,0.0116832687056672,0.0123961539232314,0.0131063970488886,0.0137932387699135,0.0144593965019887,0.0151014688006738,0.0157044969718069,0.0162853470304801,0.0168183015343145,0.0173011736107975,0.0177546540744466,0.0181365214959062,0.0184629913185538,0.0187442246253588,0.0189423208307065,0.0190720960192053,0.0191448303456774,0.0191326021546386,0.0190365358392765,0.0188679908602843,0.0186232422502565,0.018293870466431,0.0178800654240112,0.0173834722324974,0.0168068880003545,0.0161514841418857,0.0154201777767877,0.0146144984368687,0.0137353747566032,0.012783839915629,0.0117693431461043,0.0107092763690739,0.00959843232005051,0.00841731790430694,0.00720526347307258,0.00598781111002161,0.00470250538112623,0.00340027531588662,0.00213345838862311,0.000799203056519241,-0.000516794986238568,-0.0017739956342536,-0.0030951735613576,-0.0043516762573891,-0.00554519054851177,-0.0067833500636149,-0.00792351882108375,-0.00900092423163001,-0.0100897820021722,-0.0110757198742831,-0.0119890661586425,-0.0128744071505057,-0.0136769827059911,-0.0144012428049551,-0.015049546261997,-0.0156320842485115,-0.0161676166077397,-0.0165903472221403,-0.0169018632932868,-0.017211000577632,-0.0174902341590246,-0.0176032179812906,-0.0175951838209989,-0.0176151416670909,-0.0176532043448707,-0.0175959004569492,-0.0173620957516465,-0.0170316268544542,-0.0167633525547447,-0.0165214716345847,-0.0162953641092411,-0.0159433667436076,-0.0155032705930369,-0.015005592461904,-0.0144383853079001,-0.0139064529049928,-0.013409462357234,-0.0129021744972358,-0.0123802658312166,-0.011850714531216,-0.0113128321403467,-0.010770361974056,-0.0102185259787444,-0.00966012179123691,-0.0090944296172506,-0.00852781927147554,-0.00795956227734187,-0.00739254374239943,-0.00682379461977221,-0.00625635243469388,-0.00569581771520694,-0.0051469872895166,-0.00458488403809391,-0.00400739465087799,-0.00341187763046894,-0.00279340641063524,-0.00217338459401917,-0.00156243477822783,-0.000963974143347698,-0.000356073557301333,0.000287890624137001,0.000956117239622458,0.00162082197771274,0.00226883494423332,0.0029344090341675,0.00364293979054546,0.00435907231820689,0.00505078641511629,0.00576120431780843,0.00650899389510061,0.00724453671871476
0.00768598058426714,0.00837893661181474,0.0090738622874111,0.00978683920887801,0.0104780815118731,0.0111579972000299,0.0118401987402036,0.0124956858855789,0.0131382367149049,0.0137569070319876,0.0143477014123279,0.0149164350108298,0.015438856749922,0.0159307617569403,0.0163869247079061,0.0167773797456232,0.0171361509437684,0.0174387664893117,0.0176679069303527,0.0178529049406639,0.017973585440051,0.0180116295130851,0.0179900168466899,0.0179025999360129,0.0177353070216149,0.0174882224074128,0.0171688487188914,0.0167757652733819,0.0163087752713422,0.0157660305051632,0.015150018411909,0.0144611131843244,0.0137037973840478,0.0128827098914413,0.0120050560046162,0.0110691571756041,0.0100679487388289,0.00901583076842085,0.00794426159942102,0.00682567541603241,0.00564752289307681,0.00448358816802254,0.00329849191476388,0.002052520948961,0.000861820973831152,-0.000344145687745163,-0.00159225049371723,-0.00274815327881344,-0.00392396866172331,-0.0051076993678312,-0.00617922817418696,-0.00726818161844715,-0.00832970783484423,-0.00928036706018623,-0.0102230518418692,-0.0111216164835216,-0.0119236138259873,-0.0126777683371123,-0.0133745026170251,-0.0140085304652117,-0.0145664637281733,-0.0150288308154182,-0.0154592999901816,-0.0158585069452574,-0.0161196340966205,-0.0162722079647152,-0.0164541157946735,-0.0166271987860608,-0.0166481535636535,-0.0165318121480733,-0.0163956433306035,-0.0163285416351964,-0.0162590417605173,-0.0160373836767006,-0.0157041382558874,-0.0152777764411685,-0.0149053868864435,-0.0145592684745338,-0.0142154823831051,-0.0138935175345652,-0.0134950819053329,-0.0130263231882128,-0.0125364203332334,-0.0120357216939952,-0.011521127117168,-0.0109982205715959,-0.0104658678674562,-0.00993242517894682,-0.00939657935638643,-0.00886161097344936,-0.00832161398514458,-0.00777894774357017,-0.00723037977692537,-0.00667967217654507,-0.00612241309007486,-0.0055532857785263,-0.00496589277213704,-0.00438433198235022,-0.0038090840321829,-0.00324214621214348,-0.00268624456622956,-0.00211951442590727,-0.00152910947587061,-0.000910548790863362,-0.000283162565865967,0.000326353165831871,0.000930970557637214,0.00155826640078632,0.00222304441724256,0.00289103985633778,0.00353716193316594,0.00419417285142104,0.0048938486313698,0.00559162402766079,0.00626705793479293,0.00696533838431994
0.00732487035875897,0.00799897868594374,0.00866901495512099,0.00931355462740345,0.00996725706604254,0.0106141827901204,0.0112352340315679,0.0118521665608364,0.0124453942145857,0.0130179591067025,0.0135672191950563,0.0140792502140317,0.0145708822310621,0.0150184583875363,0.0154196202260057,0.0157960023522072,0.0161071742357513,0.0163691279343146,0.0165929999693419,0.016742801338555,0.0168327357360363,0.0168752809675809,0.0168436856654622,0.0167392885355469,0.0165734941587562,0.0163436079149147,0.0160414224611177,0.0156673989780031,0.0152229693765759,0.014711150153142,0.0141327997680413,0.0134908256324548,0.0127862008997581,0.0120196259080171,0.0111912802445806,0.010309951525382,0.00939191407031714,0.00843193551409865,0.00740942731432702,0.00636160079457405,0.00531329409253361,0.00420274218671145,0.00307686817645234,0.00198761693014231,0.000833305069262422,-0.000305312214164973,-0.00138748161749566,-0.00253451979684225,-0.00362396270782763,-0.00465522373475743,-0.00573605682125282,-0.00672898163219986,-0.00766667978106173,-0.00862383654835427,-0.0094902188608939,-0.010293793521154,-0.0110798764346581,-0.0117954967555334,-0.0124446677064597,-0.0130297928229518,-0.0135609546530627,-0.014056646034803,-0.0144528790566843,-0.0147492699688575,-0.0150522768372734,-0.0153364967575893,-0.0154676580825242,-0.0154865226748101,-0.0155390279572631,-0.0156174520246303,-0.0156105859127408,-0.0154356929337504,-0.0151680379988439,-0.0149636247932458,-0.0147896151201373,-0.0146352659375031,-0.0143608424692585,-0.0139993500759185,-0.0135802887105685,-0.013090941969981,-0.0126339222771737,-0.01221020152479,-0.0117757890788905,-0.0113251859083755,-0.0108649572370168,-0.0103937713074715,-0.00991540409891668,-0.00942476772855221,-0.00892476183877737,-0.00841436796445429,-0.00790019977997878,-0.0073815039329923,-0.00686162009616327,-0.00633764755529181,-0.00581308430591143,-0.00529337416000027,-0.00478401053605008,-0.00426085805058729,-0.00372171621011777,-0.00316401705794092,-0.00258333734819403,-0.00200052223922234,-0.00142718310074923,-0.000867152507764889,-0.000300076540464603,0.000300697163248954,0.000923931692546635,0.00154232711585593,0.00214158957829775,0.00275455909716432,0.00340644937007781,0.0040638126512222,0.00469399360219794,0.00533827932380173,0.00601579014711825,0.00667893863771367
0.00701897244307305,0.00763107257613438,0.00824161598391331,0.00886763201727384,0.00947056311263419,0.0100603126698164,0.0106508252956091,0.0112145426214427,0.0117647760764497,0.0122919879102357,0.0127923025679156,0.0132724700632385,0.0137092418657462,0.0141185418100963,0.0144963394931795,0.0148139423809717,0.0151047974916349,0.015346707770203,0.0155225315698223,0.0156618201337174,0.0157458679603447,0.0157571052322408,0.0157181155972166,0.0156241183731011,0.01546143142271,0.0152304512228436,0.0149385442884685,0.0145849109170704,0.0141692059303896,0.0136898460040374,0.013148852880299,0.0125466419932442,0.0118870124476906,0.0111744049918331,0.0104152178606195,0.00960760037251311,0.00874353185605736,0.00783631144308349,0.00691605637034891,0.00595573690006228,0.00494093738378521,0.00394314042439882,0.0029279084931868,0.00185419085759161,0.000834186182138887,-0.0001999005329508,-0.00127781431372969,-0.00226839626169679,-0.00328071374720442,-0.00430634373471763,-0.00522766924384697,-0.00617082392257498,-0.00709541864100915,-0.00791873744172443,-0.00874164240334695,-0.00953077378014494,-0.0102345470113151,-0.0109002702283569,-0.0115197971248143,-0.0120876212882351,-0.0125910812943085,-0.0130103800748202,-0.0134077006589407,-0.0137844667039577,-0.0140359576656557,-0.0141884101519735,-0.0143772100675802,-0.0145666411185758,-0.0146155669970015,-0.0145349665132699,-0.0144391925557932,-0.0144165402919661,-0.0143987492586258,-0.0142367151357005,-0.0139672512727679,-0.0136068540021666,-0.0132997454292625,-0.013020702413588,-0.0127459423831028,-0.0124939251883672,-0.0121678263276416,-0.0117710532312496,-0.0113512128033299,-0.0109184770419809,-0.0104700253805809,-0.0100110444459311,-0.00954055766756077,-0.00906650121266046,-0.00858787725045726,-0.00810775305754566,-0.00762065873361543,-0.00712869060988394,-0.00662902123223289,-0.00612521821011615,-0.00561345484453292,-0.00508852688973371,-0.004544421173726,-0.00400457945876307,-0.00347063228716732,-0.00294468522992759,-0.00243015392241403,-0.00190589552244409,-0.00135927000049564,-0.000785670305412402,-0.000204116242697227,0.000358725333060112,0.00091421840269586,0.00148936585753404,0.00209892705001969,0.0027100127006173,0.00329687897979425,0.00389076330013574,0.00452325853751046,0.00515190147449249,0.00575536209185496,0.00637750515956106
0.00661309936060628,0.0072031531468754,0.00778756424653896,0.00834510234541222,0.00890944388699467,0.0094663655576889,0.00999685818274759,0.0105227933284577,0.0110255889375697,0.011508661374142,0.0119699906130601,0.0123966178827434,0.0128053252921012,0.0131742456217559,0.0135008998926862,0.013807689665521,0.0140557096502013,0.0142608269679333,0.0144348942617651,0.0145436040734206,0.0146006078571509,0.0146193474500956,0.0145740463698024,0.0144662506432869,0.0143073155066378,0.0140953990145521,0.0138224315800089,0.0134891119865686,0.0130966222831871,0.0126481563829901,0.0121442466294466,0.0115877879998506,0.010979219771624,0.0103190565847432,0.00960669208384255,0.00885035387264061,0.00806529195984473,0.00724624380187307,0.00637169189891869,0.0054770399465624,0.00458638295708552,0.0036386200432482,0.00267726263895553,0.00175378027029985,0.000767540685683141,-0.000204859161151855,-0.00112272163481055,-0.0021059558024772,-0.00303743104915328,-0.00391479796644024,-0.00484575960237424,-0.00569730161539642,-0.00650012196744382,-0.0073291168382961,-0.00807773196581516,-0.00877202062115881,-0.00945787064687885,-0.0100838887355637,-0.0106538225576568,-0.0111701029627238,-0.0116427946566865,-0.012090142532604,-0.012449835326333,-0.0127199028054415,-0.0130047467853465,-0.0132807305533067,-0.0134155821910902,-0.0134463409999901,-0.0135162207711241,-0.0136192825950325,-0.0136464632340461,-0.0135138285644914,-0.0132927740267917,-0.0131366870400177,-0.0130152618775076,-0.012917721867547,-0.0127061927282656,-0.0124096300999841,-0.0120566214200138,-0.0116337414135092,-0.011241672845453,-0.0108824320945555,-0.0105131820340764,-0.0101274322091935,-0.00973139710083748,-0.00932313265518565,-0.00890641619714473,-0.00847581971540229,-0.00803433573632215,-0.00758064209855186,-0.00712152928096315,-0.00665613693040844,-0.00618816206414168,-0.00571469994778115,-0.00523963858456943,-0.00476823762646401,-0.00430655155540597,-0.00383111482732549,-0.00333968507386596,-0.00282967316931467,-0.00229708391347293,-0.00176221012547402,-0.00123743916358802,-0.000726901841240494,-0.000211577382497612,0.000335197891969204,0.000902675324905829,0.00146408586163771,0.0020042604574918,0.00255490222589777,0.00314100846920872,0.00373083908054398,0.0042913168956172,0.00486224661875745,0.00546306389277029,0.00604804522145763
0.0062475429687181,0.00677472730281333,0.00729804623423338,0.00783534834964482,0.00834916122469317,0.00884908700645633,0.00934932202792308,0.00982362793848796,0.0102849406269888,0.0107249640288162,0.01113995499669,0.0115374939914794,0.0118951796820798,0.0122291178037206,0.012536228407295,0.0127889718395306,0.0130202556739951,0.0132098067212152,0.0133406616974527,0.013442538646319,0.013497891955986,0.0134898570342395,0.0134406027182048,0.013346488861431,0.0131941105191647,0.0129841398749791,0.0127237502371732,0.0124126509176789,0.0120503167676079,0.0116353878283092,0.0111694255712335,0.0106528597961743,0.0100888440581843,0.00948165057695659,0.00883691637131888,0.00815263486990554,0.00741992026410799,0.00665114596300984,0.00587518257058267,0.00506544491399883,0.00420593744504704,0.00336613329488685,0.00251228038919058,0.0016023094104884,0.000744922230915074,-0.000125419267419288,-0.00104079762368578,-0.00187289828879906,-0.00272829469650026,-0.00360144636091335,-0.00437709066089591,-0.00517838230979305,-0.00596867300671429,-0.00666603158836402,-0.00736962830162949,-0.00804840543833881,-0.00865168904177463,-0.00922557531495408,-0.00976317851391211,-0.0102588505071493,-0.0107006267252237,-0.0110684854963481,-0.0114234056681278,-0.0117674297563336,-0.0119977853526807,-0.0121380088002015,-0.0123213155073895,-0.0125140020970058,-0.0125769735132582,-0.012518049620775,-0.0124489215501835,-0.0124572401492021,-0.0124775409185765,-0.0123614489131154,-0.0121426862012126,-0.011836020338622,-0.0115831643245436,-0.0113609123059576,-0.0111457219522203,-0.0109551655938168,-0.0106937540778389,-0.0103625685353258,-0.0100078431706742,-0.00963949323769149,-0.00925491865090789,-0.00885890283409912,-0.00845059646564175,-0.0080375035741739,-0.00761889551723565,-0.00719757882351671,-0.00676844116505092,-0.00633328572415027,-0.00588960772698201,-0.00544072063363739,-0.00498329301100748,-0.00451213764558401,-0.00402155658725967,-0.00353435588164622,-0.00305310443255024,-0.00257993694607719,-0.0021188358349641,-0.00164920841194406,-0.00115861530184209,-0.000642248299294504,-0.000118852743468905,0.000385047730481996,0.000879493761594427,0.00139104239970473,0.0019343921242759,0.00247790794836993,0.00299539257744678,0.00351689033271393,0.00407378917188404,0.00462548172619117,0.00514999963548602,0.00569017541238752
0.00577633569207799,0.00627850171552937,0.00677437442613567,0.00724303718956079,0.00771735443974941,0.00818460105072503,0.008625904987231,0.00906329802966893,0.00947905608900975,0.00987698992629253,0.0102555866909298,0.0106027791658788,0.0109352947343086,0.011232803916323,0.0114927618080907,0.0117382092761339,0.0119315081190064,0.0120884811016643,0.0122214917355711,0.012297685596962,0.0123302459135347,0.0123333939739851,0.0122821181048136,0.012178165782244,0.0120327810167,0.0118448234843407,0.0116062843860526,0.011318059662549,0.0109810568842686,0.0105985962581791,0.0101708594441244,0.00970071902504446,0.00918809321174039,0.00863332668353486,0.00803508250618161,0.00740109343551176,0.00674566252143318,0.00606347609176896,0.00533218450962549,0.00458565849969244,0.00384723374854806,0.00305638429137148,0.00225372481347695,0.00149019026620566,0.000666008097064178,-0.000145677655097637,-0.000904451918963972,-0.00172895441212306,-0.00250659682176382,-0.00323370936933461,-0.00401790257859377,-0.00472995834582153,-0.00539910796433774,-0.00610032741067906,-0.00673027072826849,-0.00731347036890757,-0.00789630122360042,-0.00842874175524675,-0.00891442670332484,-0.00935581652660149,-0.00976305714393122,-0.0101541796180623,-0.010468371839047,-0.0107024185025916,-0.0109590038845459,-0.011215921043401,-0.0113427514309467,-0.0113734827392289,-0.0114490073915469,-0.011564799406521,-0.0116137295241911,-0.0115109858583661,-0.01132476538397,-0.0112060893066349,-0.0111268039509944,-0.0110761127268207,-0.0109178373820826,-0.0106775610446162,-0.0103830555457581,-0.0100202453494637,-0.00968815272788831,-0.00938957188092869,-0.00908268542262741,-0.00876014792562564,-0.00842787737819515,-0.00808334378378116,-0.00773029294834253,-0.00736294924694136,-0.00698434617173494,-0.00659282935261783,-0.00619531589065558,-0.00579078128874839,-0.00538319025271501,-0.00496955633080725,-0.00455406603603597,-0.00414176116881513,-0.00373912957480978,-0.00332319226149247,-0.00289168683188324,-0.00244191228880148,-0.0019702217583038,-0.00149635124465645,-0.00103330666015298,-0.000585379422983914,-0.000134638524710836,0.000345624366619758,0.000845058623436602,0.00133745883375592,0.00180698909454133,0.00228447824325631,0.00279470886704847,0.00330744202310573,0.00378936972866447,0.00427915167701124,0.00479643938306116,0.00529717150799625
0.00534550171782031,0.00578392292405155,0.00621733138321948,0.00666429662285112,0.00708829156909457,0.00749879278591941,0.00791019276911225,0.00829743878489565,0.00867318131273294,0.00903021480100793,0.00936493327659237,0.00968565240171934,0.00997069069053026,0.01023636863788,0.0104803545105951,0.0106761483649431,0.010856192998901,0.0110018160212463,0.0110962107127551,0.0111692370749937,0.0112042669393301,0.0111850635215731,0.0111334002452696,0.0110465615445826,0.0109113383339715,0.0107286475249662,0.0105054213690991,0.0102417828405882,0.00993698467415983,0.00958984349660118,0.00920145849273044,0.00877226474104739,0.00830479601620665,0.00780315048102714,0.00727225001417998,0.00670993198778331,0.00610652390161589,0.00547359550327014,0.00483886930022943,0.00417609128181436,0.0034679102709357,0.00278206210632993,0.00208522231182729,0.00133452959041067,0.000635648347760192,-7.51892861161255e-05,-0.000831990264484086,-0.00150891411196354,-0.00221058768444973,-0.0029337884218371,-0.00356542674845861,-0.00422620715189462,-0.00488258790206559,-0.00545343084314705,-0.00603657184607863,-0.00660283193150352,-0.00710245350744753,-0.00758055718365993,-0.00803136634208056,-0.00844915176231458,-0.00882260309757171,-0.00913156360662796,-0.00943608353119301,-0.00973868666652822,-0.00993833094706778,-0.0100563915813219,-0.0102242652840891,-0.0104098677604961,-0.0104759443471036,-0.0104277534711247,-0.010374778084713,-0.0104040210001135,-0.0104523858980891,-0.0103722023058608,-0.0101946958737174,-0.00993314910526267,-0.00972712817428421,-0.00955501816510899,-0.00939354074194571,-0.00925949886269083,-0.00905855331806904,-0.00878983867331093,-0.00849840119745195,-0.00819383042704588,-0.00787370183212836,-0.00754239161496708,-0.00719915023740325,-0.00685104004886147,-0.0064975276834551,-0.00614111740803865,-0.00577697625074441,-0.00540659078893854,-0.00502770676528685,-0.00464335310457858,-0.00425057459563359,-0.00384410977701118,-0.00341851373946434,-0.00299598292276732,-0.00257981368708179,-0.00217208992331059,-0.0017772442851709,-0.00137507065025818,-0.000953294171387666,-0.00050687009769932,-5.42990873048067e-05,0.000378147312153183,0.000799445770415646,0.00123584768734805,0.00170197763607399,0.00216733364738942,0.00260540627219943,0.00304536572859058,0.00351839745001433,0.0039855197027954,0.00442434570524516,0.00487692295718828
0.00481473532607452,0.00522576423717264,0.00563067573533421,0.00600896373805859,0.00639285072471617,0.00677088417828679,0.00712436514703535,0.0074755454927908,0.00780739771093557,0.00812416902878707,0.00842476130879625,0.00869792606067259,0.00896034464943104,0.00919300370616647,0.00939331350375291,0.00958488898216959,0.00973110795260448,0.00984782977597336,0.00994779106351056,0.00999937820246733,0.0100153502720887,0.0100105802658523,0.00996064697960513,0.00986749772651351,0.00974221667593996,0.00958423563205297,0.00938553923358301,0.00914719090610148,0.00886979099099327,0.00855675729613175,0.0082078989853612,0.00782605305563179,0.00741062236738504,0.00696178485253361,0.00647750489473997,0.00596509138992038,0.00543795834815323,0.00489070713980139,0.00430022612382845,0.00369909332563816,0.00310987580417186,0.00247249247730453,0.00182510461002369,0.00121809984105995,0.000552318724366445,-0.000101914750231945,-0.000704632201636167,-0.0013734196967743,-0.00199949346070135,-0.0025782643010464,-0.00321728090308237,-0.00379048525252957,-0.00432609745927988,-0.00489910682714357,-0.00540891788413723,-0.00587891202233348,-0.00635591331626235,-0.00679105229358136,-0.00718800073272116,-0.00754926550907744,-0.00788514259989094,-0.00821348765371282,-0.00847480734897018,-0.00866490931631876,-0.00888512128816062,-0.00911435067487892,-0.00922382963494082,-0.00924509922476281,-0.00931713608286332,-0.0094364905379018,-0.0094977106370132,-0.00941532517847524,-0.00925496110643922,-0.00916557823137021,-0.00912077843449647,-0.00910972440410117,-0.00899771123180467,-0.00880755664819956,-0.0085663420936054,-0.00825939442224271,-0.00798434199809151,-0.00774450093984575,-0.00749890024193609,-0.00723944460013361,-0.00697180582035288,-0.00669290231595869,-0.00640645330377209,-0.0061063087343904,-0.00579551179612165,-0.00547202787364918,-0.00514285258678623,-0.00480675324850757,-0.00446792311080395,-0.00412322176099501,-0.00377705612707036,-0.00343417988912343,-0.00310142654227742,-0.00275612594286084,-0.00239600610617299,-0.00201817423453977,-0.00161925631373684,-0.00121845295810101,-0.000829231846499821,-0.000455940325055643,-8.15179364890328e-05,0.000320847527521243,0.000741151477629897,0.00115373680566989,0.00154225125890213,0.0019368985467278,0.00236227003763152,0.00278944667595617,0.0031850017722106,0.00358677249009463,0.0040145692238303,0.00442578831343167
0.00433134571097322,0.0046780813311302,0.00501962023733944,0.0053751902098943,0.00570904852158968,0.00603069579233964,0.00635468391645113,0.00665701668267818,0.00695015600389448,0.00722785693794394,0.00748664985213734,0.00773552458231379,0.00795338486263221,0.00815681705009568,0.00834407064120972,0.00848957005755509,0.00862537368949322,0.00873413896733871,0.0087991859008774,0.00885054933801136,0.0088722869584643,0.00884871798733516,0.00880125646823251,0.00872795368363611,0.00861570973245639,0.00846565585921089,0.00828447242762034,0.00807260745446353,0.00782905692710411,0.00755277730297481,0.00724441085974497,0.0069043679986991,0.00653458686841814,0.00613899981178911,0.00572183937878117,0.00528078005805482,0.00480541564624308,0.00430664538775524,0.00381111837666564,0.00329279702642547,0.00273314201351761,0.00219842463916899,0.00165549075144953,0.00106083080273862,0.000517520088897221,-3.68869400346952e-05,-0.000637997057945825,-0.00116206961307575,-0.00171233561865924,-0.0022874037154598,-0.0027761368014516,-0.00329732859679369,-0.00381998898261659,-0.00426372627427373,-0.00472541538546544,-0.00517739259956549,-0.00557078453401314,-0.00594994565902066,-0.00631008741261872,-0.00664546627266239,-0.00694539446996771,-0.00718962326129921,-0.00743752660878308,-0.00769198636932733,-0.00785345323100843,-0.00794159909019729,-0.00808638695035968,-0.00825696565701644,-0.00831765310964843,-0.00827167743864057,-0.00822675245942185,-0.00826927780821045,-0.00833807975058552,-0.00828607779121479,-0.00814255194545548,-0.00791952031611485,-0.00775479938134099,-0.00762793469392464,-0.00751590347877347,-0.0074348210365608,-0.00729129473558116,-0.00708286222832133,-0.00685358369857428,-0.00661263851958694,-0.00635770813979221,-0.00609279872874389,-0.0058172808528626,-0.00553777345031151,-0.00525384118022367,-0.00496760282325673,-0.00467442510854219,-0.0043754983771263,-0.00406885768306071,-0.00375723732495547,-0.00343787765373092,-0.00310531199230713,-0.00275434085322574,-0.00240658954888736,-0.00206588909282186,-0.00173422881064933,-0.00141636821081955,-0.0010923322624292,-0.000749982957881709,-0.000384025340971142,-1.27811908299418e-05,0.000337853710955262,0.000676071719612705,0.00102791134797504,0.0014078778427895,0.00178644344374559,0.0021369169176501,0.00248788363118348,0.00287038122545026,0.0032468449445728,0.00359459698296338,0.00395516234846741
0.00375640080066058,0.00407409455384175,0.00438649284428891,0.00467353190230154,0.00496700277032156,0.00525650404572216,0.00552353092445576,0.00579059577574534,0.00604126729079669,0.00628022997222892,0.00650675493853275,0.00671030950769828,0.00690759072883512,0.00708066456054409,0.00722697612382278,0.0073706246067585,0.00747581824920528,0.00755851247636143,0.00763173090121435,0.0076648641709201,0.00767038215626076,0.00766366501574292,0.00762074812757806,0.00754376168191404,0.00744363319337742,0.00732024485147771,0.00716553699892297,0.00698067418222598,0.00676598375744771,0.00652492164473544,0.00625694178729617,0.00596478667212027,0.00564737249615731,0.00530470040891843,0.0049340885357108,0.00454244971401933,0.00414240247954108,0.00372840272471781,0.00327663568792256,0.00281857639088455,0.00237604890939986,0.00188924570031793,0.00139426339939681,0.000940897821214606,0.000430421880430447,-6.91274928718452e-05,-0.000518343498811691,-0.00103404617100872,-0.00151052974943642,-0.00194267088222589,-0.00243805495163098,-0.00287316306422818,-0.00327558509519885,-0.00372034534686457,-0.0041091453538376,-0.0044645537610196,-0.00483380484365993,-0.00516899165967848,-0.00547394531907263,-0.00575126821136268,-0.00601145925917738,-0.00627222934108106,-0.00647517074545576,-0.00661536637750167,-0.0067931292050626,-0.00698822503527432,-0.00707325082307437,-0.00707786425350686,-0.00713953732054535,-0.00725554729488522,-0.00732178889167287,-0.00725234223962498,-0.00711088810298096,-0.00704461948864987,-0.00702847883407925,-0.0070515548702489,-0.00698034641433648,-0.00683545936562378,-0.00664341205435684,-0.00638897715898541,-0.00616860029142827,-0.0059860308385774,-0.00580092233195741,-0.00560431896207893,-0.00540173272708611,-0.0051897389060465,-0.00497210539988888,-0.00474224275182488,-0.00450305576854077,-0.00425200563859867,-0.00399610346730195,-0.00373402084105235,-0.00347041874395082,-0.0032019401297217,-0.00293267536441695,-0.00266705946814225,-0.00241262208835081,-0.00214647434036423,-0.00186655499752647,-0.00156964048425641,-0.00125255634308617,-0.000934141417756667,-0.000627854648876334,-0.000338469666051358,-4.95199206110905e-05,0.000266226444061619,0.00059913917026016,0.000923798471866654,0.00122341205182251,0.00152782862272259,0.00186155320491475,0.00219672178084825,0.00250002933762894,0.00280875108786716,0.00314277796145594,0.00346070291187903
0.00323608925366877,0.00348925546816423,0.00373789210296454,0.00400159480138143,0.00424547001819895,0.00447897346533876,0.00471701058665359,0.00493629837882323,0.00514940852696712,0.005350730364931,0.00553714570045634,0.00571805068258269,0.00587304608943626,0.00601882702891314,0.00615430798408414,0.00625451535458002,0.00635144168556626,0.00642862479166918,0.00646971085293712,0.0065047215245369,0.00651842454232291,0.00649543632674341,0.00645707811383029,0.00640180093395282,0.00631676430365502,0.00620308219345458,0.00606739515695333,0.00591019904925816,0.00573042459032757,0.00552691727028752,0.00530009288463769,0.00505011045959553,0.00477855243772463,0.00448896871033729,0.0041851601734435,0.00386440677748204,0.00351579969120732,0.0031494547500514,0.00279124424225956,0.0024149946974167,0.00200132547468603,0.00161509628950985,0.00122330383263595,0.000781668911693597,0.0003913211689936,-9.51227884766622e-06,-0.000457576977070795,-0.000831059716136268,-0.00123210843368865,-0.00166097993043338,-0.00200800608516433,-0.00239082480309566,-0.00278029123095028,-0.00309691803713634,-0.0034367821707219,-0.00377360100173768,-0.00405912888602519,-0.00433740505396964,-0.00460427989682657,-0.00485422677141464,-0.00507691747459725,-0.00525226964576418,-0.00543903004299127,-0.00564054680243003,-0.00575827650457361,-0.00581081354499746,-0.00592684602333081,-0.0060766062843005,-0.00612546403795958,-0.00607529571301515,-0.00603229476396104,-0.00608251738244667,-0.00616602089609797,-0.00613633723137616,-0.00602110904370656,-0.0058315096093436,-0.00570377262225031,-0.0056184341516728,-0.00555244568601778,-0.0055215349969452,-0.00543282634172835,-0.00528275670603393,-0.00511441110417707,-0.00493679197206769,-0.00474744084265309,-0.00455014785089277,-0.00434410314265105,-0.00413570761560158,-0.00392440886042233,-0.00371218582063217,-0.00349434873521177,-0.00327193717834723,-0.00304290232891021,-0.00280984103526833,-0.0025700159860132,-0.00231797826157601,-0.00204845162327857,-0.00178277041516033,-0.00152495794907802,-0.00127704877755262,-0.00104385010681277,-0.00080571925548056,-0.000550358772313494,-0.000272466257166455,1.00090788876907e-05,0.00027135557808056,0.000519345027758211,0.000779723816791342,0.00106715436650973,0.00135275888716018,0.00160993787208096,0.00186673522230873,0.0021542652669907,0.00243588682499647,0.00268897483038533,0.00295455734418928
0.00263159103201828,0.00285465942478103,0.00307392190119677,0.00326934670224333,0.00347281370322601,0.00367446890571673,0.00385641735524318,0.00404107859901799,0.00421290530872159,0.00437662032668646,0.00453219532547803,0.00466939671180907,0.004805351472505,0.00492266708456845,0.00501923365038386,0.00511923260842068,0.00518789305772816,0.0052409686998764,0.00529208090457075,0.00531107182420629,0.00531058314096892,0.00530605018980501,0.00527420482993932,0.00521698571929619,0.00514555022032723,0.00505974145599839,0.00495180901759027,0.00482264040021485,0.00467264419459882,0.00450491241493468,0.00431892470758589,0.00411697065706047,0.00389787559964514,0.00366105959134882,0.00340363242428143,0.00313174075852824,0.00285761887420738,0.00257512896147404,0.00226016496162577,0.00194291571111284,0.00164482574145966,0.00130578619643583,0.000960675981271467,0.000658349284495301,0.000300476043530758,-4.70558382461263e-05,-0.0003450478512571,-0.000710270840841135,-0.00103906848964775,-0.0013264086874787,-0.00167967573362175,-0.00197772111264236,-0.00224749993119838,-0.00256455243271664,-0.00283197872120273,-0.00307226835836232,-0.00333269970091559,-0.00356653953200065,-0.00377742005826014,-0.00396839014710268,-0.00414980666151834,-0.0043397383069176,-0.00448028911817937,-0.0045664439435239,-0.00469740297707109,-0.0048539014051281,-0.00490919582181961,-0.00489193870251954,-0.00493811026897206,-0.0050459291074674,-0.00511190863914923,-0.00505008446846854,-0.00492224557008063,-0.00487465764427641,-0.00488281594606935,-0.00493607363427608,-0.00490136447675466,-0.00479805349369434,-0.00465177054783881,-0.00444718685318171,-0.00427953994049536,-0.00415296849688037,-0.00402722168831137,-0.00389341305789382,-0.00375640271429515,-0.00361251047185086,-0.00346490677280443,-0.00330709861208312,-0.00314167938319268,-0.00296630482868015,-0.00278760329263933,-0.00260419371587861,-0.0024200540629676,-0.00223202037254789,-0.0020443909174268,-0.00186176074803567,-0.00169093065598924,-0.00150988817441216,-0.00131592642854074,-0.00110611127891778,-0.00087700069171036,-0.000647273226893409,-0.000430544430060206,-0.000231449235034601,-3.36639566402848e-05,0.000189531881027223,0.000429007410106203,0.000659685393392061,0.000865046375771704,0.00107429045868269,0.00131217636102745,0.00155137848671137,0.00175884893568189,0.00197116511753614,0.00220878270351184,0.00243093388426346
0.00208801288318753,0.00224652090969048,0.00240180006516956,0.00257355740718645,0.00272781750363255,0.00287386299686413,0.00302719668645537,0.00316490266437912,0.00329997277587276,0.00342709265751834,0.00354374369117782,0.00365947619283128,0.00375471328640187,0.00384609368864463,0.00393332717633347,0.00399171618425672,0.00405353903100977,0.00410276856409128,0.00412359702592719,0.00414586569980209,0.00415512394599877,0.00413600252967677,0.00411003262619168,0.00407572442640483,0.00402066439996545,0.00394572061197379,0.00385772179028826,0.00375693107582411,0.00364244270570086,0.00351272358941609,0.00336820215269665,0.00320855512091666,0.00303526825046216,0.00285128686490378,0.00266021855316087,0.00245870094029354,0.00223558066704932,0.00200002160101924,0.00177744400116915,0.0015411620234106,0.00127129268719032,0.00103128160313614,0.000788284021464299,0.000497096535212427,0.000257529514696346,7.81932180775507e-06,-0.000289494871505201,-0.000514360678401926,-0.000768139393965056,-0.00105261396980783,-0.00125907161181744,-0.00150477768983831,-0.00176178006748919,-0.00195161103160714,-0.00216970494192998,-0.00239110556523083,-0.00256789230927132,-0.00274423004731253,-0.00291625358383255,-0.00307890563858711,-0.00322193924738755,-0.00332570025189988,-0.00344831859447913,-0.00359372706117915,-0.00366387339419642,-0.00367686959707353,-0.00376026575262508,-0.00388526425411398,-0.00391772259132343,-0.00385883740174383,-0.00381345813429314,-0.00386754542953221,-0.00396170640786543,-0.00395011833329926,-0.00385897935912233,-0.00369905195531528,-0.00360516325965658,-0.00355866396080891,-0.00353619110655579,-0.00355336147206879,-0.00351734084892838,-0.00342398314093778,-0.00331538263160031,-0.00320062684606101,-0.00307685314124306,-0.00294780550936778,-0.00281217773327583,-0.00267638986264893,-0.00253955518873921,-0.00240379945166924,-0.00226410322983253,-0.00212151540365374,-0.00197352161281021,-0.00182280004717677,-0.00166643352797191,-0.00149923802579505,-0.00131557580450022,-0.00113675940302147,-0.00096669303030913,-0.000807639230318307,-0.000664185079049344,-0.000517061920087434,-0.000353704260583976,-0.000168868147964702,2.00588748636949e-05,0.000187132314482063,0.000340092916358535,0.000504391268904662,0.00069515922650854,0.00088378489578039,0.0010440314912708,0.00120336218353105,0.00139319741035902,0.00157735472123104,0.00173357038380827,0.00190238374159549
0.00146620915077745,0.00159401798968418,0.00171976346018617,0.0018234736994903,0.00193732118174685,0.00205178001059159,0.00214957670756159,0.00225311565676914,0.00234763192228992,0.00243792389307777,0.00252464620663994,0.00259776514472357,0.002674929827868,0.00273910100197606,0.0027886920009246,0.00284794766081242,0.00288295628220149,0.002909347061904,0.00294132029589938,0.00294898543136563,0.00294527341629782,0.00294561169323519,0.00292732929709561,0.00289216931362718,0.0028515624770939,0.00280523245729913,0.00274570532059681,0.002673561913845,0.00258933054679921,0.00249570350281029,0.00239220049885802,0.00228061430318379,0.00215970783512603,0.0020283081692139,0.00188334921860751,0.00173022373782492,0.00158086599563981,0.00142846871221305,0.0012486489535676,0.00107047211718573,0.00091503422649676,0.000721708028456455,0.000524448929154164,0.000371168710243682,0.000163700543910343,-3.3765290291797e-05,-0.000182325321087975,-0.000399037298405937,-0.000581656975299899,-0.000725568112811411,-0.000938124899018973,-0.00109998652945577,-0.00123781873906925,-0.00142773637513379,-0.00157381941894422,-0.00169877079796806,-0.00184993849669443,-0.00198154592085074,-0.00209713332428293,-0.00220025833726941,-0.00230117295294809,-0.00241831707980989,-0.00249406078156808,-0.00252345979969228,-0.00260494038570314,-0.0027199610660458,-0.00274209395411489,-0.00269944986996347,-0.00272694010534269,-0.00282339706990012,-0.00288556951937517,-0.00282752520979044,-0.00270971333772897,-0.00267780157794289,-0.00270743600584885,-0.00278814470839311,-0.00278696492912035,-0.00272246995895081,-0.00261954170197004,-0.00246278420676428,-0.00234642313188519,-0.00227493039080507,-0.0022079049003246,-0.00213637013866204,-0.00206462474819086,-0.00198894257960156,-0.00191199391990315,-0.00182731987678786,-0.00173707414053925,-0.00163898024026323,-0.00153923792921032,-0.00143655978731699,-0.00133454131540907,-0.00123017197099077,-0.00112740963780796,-0.001030996079294,-0.000947456739468071,-0.000855114829310446,-0.000750882833940841,-0.000631991089525095,-0.000494700167930079,-0.00035772298817423,-0.000234455602019644,-0.000129741070376199,-2.71656561301863e-05,9.97238049875501e-05,0.000242316952559794,0.000375573024384092,0.000483268403957812,0.000594188000752629,0.000733442602889441,0.000873960339044473,0.000983125106626819,0.00109705205329881,0.00123669573267575,0.001361663675264
0.000910190326278753,0.000973448179537396,0.001035113756485,0.00111498679938461,0.00117985433271147,0.00123895107028663,0.00130836365491936,0.00136544371358775,0.0014236892336087,0.00147801057165174,0.00152649578020674,0.00157884548858993,0.00161620124872506,0.00165523552958514,0.00169635052986445,0.00171505705003728,0.00174403603741073,0.00176753507967009,0.00177028342416009,0.00178202308243788,0.00178893641513725,0.00177564068999608,0.00176395743740716,0.00175237731215877,0.00172885232816074,0.00169401885333035,0.00165490381193111,0.00161151297892039,0.00156307373924116,0.00150767276850725,0.00144575612627155,0.00137650862541174,0.00130132436306259,0.00122255499700907,0.00114362324858459,0.00106051620546645,0.000961831510459036,0.000855874701817333,0.000767676668260815,0.00066990616759131,0.000542236419111079,0.000446949504714375,0.000351095067412166,0.000208570217696518,0.000118265297695364,1.80283273805381e-05,-0.000130183628544054,-0.000207691860425208,-0.000315608467094386,-0.000456931160256866,-0.000523652734159842,-0.000633196761804123,-0.000758398213769625,-0.000821690120385278,-0.000918265688569137,-0.00102419596857128,-0.00109181624898564,-0.00116562453687985,-0.00124195311169233,-0.00131624466849431,-0.00137828994712254,-0.00140885097863884,-0.00146566768320546,-0.00155314028905497,-0.00157339815806565,-0.0015444007666246,-0.00159296241634657,-0.00169087933355922,-0.0017041468525612,-0.00163363165970277,-0.00158324502770747,-0.00163890378632335,-0.00174133153516544,-0.0017450654512362,-0.00167529343305281,-0.00154253120620367,-0.00148059904755154,-0.00147127603424918,-0.0014907964677302,-0.00155469188230742,-0.00156992207293792,-0.00153201420052031,-0.00148228717780452,-0.00142982211148494,-0.00137130761418588,-0.00131050071264953,-0.00124564565651166,-0.00118316590015018,-0.00112178071530927,-0.00106367620978905,-0.00100345720535517,-0.000942241220992663,-0.000877150727711758,-0.00081096332890602,-0.000740429463494498,-0.000660543037838247,-0.000565364177591718,-0.000476237991688158,-0.000396864103156142,-0.000329690174128999,-0.000279038541608387,-0.000225921629942788,-0.000157478448602859,-6.8565661018857e-05,2.38519395197858e-05,9.36876182915793e-05,0.000148839552582875,0.000214528157611739,0.000306282563858476,0.000395595669192979,0.000456616773269386,0.00051646972703319,0.000606943194217318,0.000692103618578522,0.000750086027426078,0.000821167724679051
0.000280468128912102,0.000312749575070917,0.000344815299580816,0.000356773508902308,0.00038123334070054,0.00040887877489951,0.000423037349043354,0.000446189211573781,0.000464250402617594,0.000482135202190791,0.000501140498424955,0.000511409074506011,0.000531157273598271,0.000543591093130866,0.000547680640353627,0.000567769644965277,0.000570642012066088,0.000571922180845907,0.0005863521195376,0.000584170708065186,0.000578696087036171,0.000585336698488354,0.000581896531044161,0.000569977271985889,0.000561300234468101,0.000555425987598163,0.000545117737032829,0.000530655857064042,0.000512689249374988,0.000493515745064951,0.000472674523951969,0.000451470740573611,0.000428591718678701,0.000402281399017113,0.000369291032053823,0.000334312437127195,0.000309001059747273,0.000285834359236243,0.000240121591090362,0.000199982997953687,0.000186145257621859,0.000137261757598322,8.66485320045383e-05,8.13067554694502e-05,2.28872550903214e-05,-2.56542028513129e-05,-2.57989247116035e-05,-9.52344439059157e-05,-0.000132556564966276,-0.000133828757180963,-0.000206608303448577,-0.00023278297766085,-0.000239089908374169,-0.000302315805189287,-0.000327113030273026,-0.000336658525347325,-0.000378426175935219,-0.000407383618723357,-0.000427088250923255,-0.00044159740852292,-0.000461118153285129,-0.000504480178966555,-0.000514108371057846,-0.000485267948713261,-0.000515945797107316,-0.000588032450987033,-0.000575085887681779,-0.00050507655197545,-0.000512263815738787,-0.000595785975293401,-0.000652253356062628,-0.000595750386995167,-0.00048590797353826,-0.000468129027392342,-0.000517833286482313,-0.000624596540090947,-0.000655216704934996,-0.000627887064049304,-0.000566870704337512,-0.00045670785534279,-0.000390900319762968,-0.000374024546806835,-0.000365328348884151,-0.000355769132550907,-0.000349129661562459,-0.000341659305262987,-0.000335568019484759,-0.000324417994739233,-0.000309919492406303,-0.000289840893084374,-0.000269967439713842,-0.000249105348378118,-0.00023048879871599,-0.000211230723124653,-0.000194935208955232,-0.000186466353987428,-0.000192065841039674,-0.000190271026188895,-0.000177662745770074,-0.000151626931795537,-0.000108128123921368,-6.597089281242e-05,-3.830239583599e-05,-3.012820195041e-05,-2.48195783306738e-05,3.87754765693846e-06,4.77651152150163e-05,8.17589539957154e-05,8.99638347107966e-05,0.000100945188291518,0.000140175763313817,0.000180653625427006,0.000190186677436177,0.000204683747519235,0.000245568062861243,0.000272613703899139
-0.000279461288016075,-0.000311716264601537,-0.000343759274771642,-0.000355696327763989,-0.000380137835142993,-0.000407769908632446,-0.000421916628378731,-0.000445060862415048,-0.000463116485135826,-0.000480996067334809,-0.000500001055439311,-0.000510275024622441,-0.000530031375337098,-0.000542477957989609,-0.000546583170852537,-0.000566692459191279,-0.000569588516383078,-0.000570894436945381,-0.000585353559665019,-0.000583206051525565,-0.000577768791145812,-0.000584448243568479,-0.000581048353394519,-0.000569173732016771,-0.00056054067122023,-0.00055471445526392,-0.000544459476896622,-0.000530052315017533,-0.000512143833653692,-0.000493033264001815,-0.000472256466388322,-0.0004511178139328,-0.000428305418929987,-0.000402061812665842,-0.000369134218625279,-0.000334220065235383,-0.000308973290264958,-0.000285873414245686,-0.000240227493805612,-0.000200157079133626,-0.000186384866389001,-0.000137566068331972,-8.70167078667575e-05,-8.17406757437171e-05,-2.33862419844654e-05,2.50929006815101e-05,2.51786724051476e-05,9.45589058494109e-05,0.000131830390712875,0.000133051815878667,0.000205781639304792,0.000231911888517014,0.000238179152320822,0.000301371553818095,0.00032613486453746,0.000335647879394199,0.000377387842975482,0.000406320560508747,0.000426003961896734,0.000440493392839069,0.000459998837864218,0.000503347510334255,0.000512969226137336,0.000484126076172819,0.00051480317892598,0.000586891093282777,0.000573951423342461,0.000503949403394267,0.00051114993958986,0.000594687682329718,0.000651174158782509,0.000594695678669635,0.000484880260199947,0.000467127704445606,0.000516861809813593,0.00062365768328335,0.00065431461806766,0.000627023024444672,0.000566049831619328,0.000455932086243133,0.000390170596293636,0.000373341458499977,0.000364690829277312,0.000355177102778292,0.000348587035562592,0.000341170443149103,0.000335132442688927,0.000324034946541675,0.000309590495098664,0.000289565354522417,0.000269748125137362,0.000248943042644219,0.000230384875660706,0.000211184367034268,0.000194946522764385,0.000186536942646512,0.000192194360240511,0.000190454538356202,0.00017790177005325,0.000151922222450416,0.000108479078189521,6.63758462062479e-05,3.87581923264141e-05,3.06301199778524e-05,2.53696826155767e-05,-3.28085995511995e-06,-4.7122171057983e-05,-8.10727387791105e-05,-8.92366386934244e-05,-0.000100176934353793,-0.000139365902199439,-0.000179805654929991,-0.000189300333941028,-0.000203763968830507,-0.000244617348799581,-0.000271635553617009
-0.000909185036083613,-0.000972421919401491,-0.00103406354952367,-0.00111391666573352,-0.00117876799932186,-0.00123785036941186,-0.0013072538339484,-0.00136432731417124,-0.00142256622763521,-0.00147688733894118,-0.00152537300204112,-0.00157772458294874,-0.00161509070421839,-0.00165413677485866,-0.00169526773576485,-0.00171399430684605,-0.00174299529305324,-0.00176651991731559,-0.00176929524955658,-0.00178106720568894,-0.00178801674534022,-0.00177476115759781,-0.00176312114948926,-0.00175158398589215,-0.00172810561656711,-0.00169332270382593,-0.00165425980725564,-0.00161092451649113,-0.00156254103533566,-0.00150719919336123,-0.00144534398529354,-0.00137615911775301,-0.00130103684596204,-0.00122232996206326,-0.00114346712195333,-0.0010604257815228,-0.000961807026770304,-0.000855917125681798,-0.000767787019067946,-0.000670083804827427,-0.000542480970183081,-0.000447259913681997,-0.000351470127351867,-0.000209006658761343,-0.000118761581512516,-1.85834599080962e-05,0.000129571214519786,0.000207023520640975,0.000314884920661843,0.000456153585514967,0.000522825238165182,0.000632320457699151,0.000757478638201311,0.000820729875928097,0.000917267593542905,0.00102316350869853,0.00109075430064217,0.0011645376672951,0.00124084542034087,0.0013151193379524,0.00137714929944202,0.00140770174445049,0.00146451185445339,0.00155197903846374,0.00157223869380157,0.00154325198361454,0.0015918233990334,0.00168975590869477,0.00170304042261898,0.0016325402650349,0.00158217066997642,0.00163785114028893,0.00174030229569809,0.00174406575720752,0.00167432610872274,0.00154160037670281,0.0014797066190628,0.00147042322225672,0.00148998406755308,0.00155392104014871,0.00156919342139311,0.00153132819574112,0.00148164845371682,0.00142923247860421,0.00137076837393245,0.00131001254284458,0.00124521092609467,0.0011827863394577,0.00112145708546329,0.0010634083600436,0.00100324322847936,0.000942081149626153,0.000877044897268458,0.00081091473142823,0.00074043988728734,0.000660610881933267,0.000565490265517043,0.000476425497063337,0.000397107271946905,0.00032998485067693,0.000279382372570341,0.000226313479219369,0.00015791882413753,6.90588570077864e-05,-2.33116346257849e-05,-9.30982425750226e-05,-0.000148202636876111,-0.000213845203836227,-0.000305553559655966,-0.000394824320519675,-0.00045580661678833,-0.000515620819427467,-0.000606058200014696,-0.000691183768446632,-0.000749135897766332,-0.000820187981788522
-0.00146519871897354,-0.00159298298609575,-0.00171870872076174,-0.00182240286703873,-0.00193623267297153,-0.00205068057263478,-0.00214847072184682,-0.0022520041639256,-0.00234651923679504,-0.00243681300297383,-0.00252354082245007,-0.00259666798883645,-0.00267383926095887,-0.00273802358968575,-0.00278763022687597,-0.00284690263262896,-0.00288193549747015,-0.00290835670113067,-0.00294035908964025,-0.00294805412402153,-0.00294437353193912,-0.00294474563206555,-0.00292650196242856,-0.0028913860795721,-0.00285082741574961,-0.00280454771427858,-0.00274507757404243,-0.00267298840848515,-0.00258881570389991,-0.00249524875042874,-0.00239180560649489,-0.00228028119310032,-0.00215943836060357,-0.00202810354994804,-0.00188320597638722,-0.00173014552276027,-0.00158085461122963,-0.00142852507311842,-0.00124877217763316,-0.00107066198856874,-0.000915292313914309,-0.000722034399144111,-0.000524840594917431,-0.000371622401964126,-0.000164215762931945,3.3188644425201e-05,0.000181691717269372,0.00039834648266615,0.00058090976488187,0.00072477309933156,0.000937286579059027,0.00109910551692711,0.00123689393735558,0.00142676907238029,0.00157281798420521,0.00169774012178401,0.00184888016740473,0.00198046019768215,0.00209602599910625,0.00219913188294279,0.00230003230755583,0.00241716534820457,0.00249290560778588,0.00252230446699419,0.00260378576957531,0.00271880738525452,0.00274094599981337,0.00269831341370616,0.0027258176148913,0.00282229494995716,0.00288449346937667,0.00282647112628996,0.00270868553509817,0.0026768048560051,0.00270647178566641,0.00278721249323686,0.00278607348742314,0.00272161815014167,0.0026187290060466,0.00246201294581642,0.00234569878018258,0.00227425206288207,0.00220727439641322,0.0021357893060455,0.00206409502723719,0.00198846139074753,0.00191156377072686,0.00182694449055333,0.00173675368766856,0.00163871433183169,0.00153902720591224,0.00143640470987484,0.00133444337302684,0.00123012949391782,0.0011274233821255,0.00103106498267087,0.000947581425023095,0.000855291938547807,0.000751113447782131,0.000632275313036476,0.000495036236452158,0.000358110255037315,0.000234894176316977,0.000130230744718576,2.770739222391e-05,-9.91345894906905e-05,-0.00024167862293819,-0.000374884623480842,-0.000482529567815059,-0.000593406800184207,-0.000732622125646853,-0.000873103661824463,-0.000982235094583505,-0.00109612900963953,-0.00123574187964946,-0.00136068069099555
-0.00208699730014423,-0.0022454782886881,-0.0024007384178515,-0.00257247719895858,-0.00272672397616899,-0.00287275737324743,-0.003026079987796,-0.00316377917841112,-0.00329884951741283,-0.00342597152123797,-0.00354262860544123,-0.00365836831962662,-0.00375361531503283,-0.00384500852129948,-0.00393225804445389,-0.00399066635742429,-0.00405250730391883,-0.00410175843208408,-0.00412261785864847,-0.00414491836324507,-0.00415421288183838,-0.00413513252719376,-0.00410920654135164,-0.00407494584135238,-0.0040199365422744,-0.00394504437661641,-0.00385709507412299,-0.00375635906269302,-0.0036419249695677,-0.00351226238251948,-0.00336780150304193,-0.00320821724911405,-0.00303499594914036,-0.00285108095952704,-0.00266008290676545,-0.00245863607320921,-0.00223558563911374,-0.0020000945547439,-0.00177758769583941,-0.00154137370712015,-0.00127157162513939,-0.00103162685804211,-0.000788693585117636,-0.000497571038856422,-0.000258063374965797,-8.41118690252966e-06,0.000288840830110437,0.000513649552849358,0.00076737629460247,0.00105180033137044,0.00125820967286902,0.00150387236407332,0.00176083465063312,0.00195062973643587,0.00216868855117848,0.00239005809388366,0.00256681556511049,0.00274312940733948,0.00291513226196628,0.00307777316578361,0.00322079776271755,0.00332455274907946,0.0034471614989501,0.00359256635386377,0.00366271316691256,0.00367571267634971,0.00375911855211548,0.00388412720013122,0.00391659916170272,0.00385773476566668,0.00381237882661471,0.00386649220644723,0.00396068197422671,0.00394912457587163,0.00385801688624248,0.00369812624701614,0.00360427024005422,0.00355781132693383,0.00353538004938757,0.00355259232535041,0.00351661574010335,0.00342330701972368,0.00331475667939451,0.00320005296633027,0.00307633015833801,0.00294733475966211,0.00281176117015118,0.00267602452700725,0.00253924215870018,0.00240354061729433,0.00226390267706915,0.00212137230030048,0.0019734331321201,0.00182276710648536,0.00166645376453053,0.00149931330331857,0.00131570503538804,0.00113694223925774,0.000966930004952765,0.000807929013815002,0.000664528793150542,0.000517458192529987,0.000354154489343132,0.000169367848256443,-1.95077934787488e-05,-0.000186531512506839,-0.000339447563500321,-0.000503698994444745,-0.000694426056852143,-0.000883007628562033,-0.00104321080696357,-0.00120250284984219,-0.00139230467184523,-0.0015764283365737,-0.00173260959381554,-0.0019013953158968
-0.0026305717089585,-0.00285361747367231,-0.00307285703118605,-0.00326826465867233,-0.00347171989492737,-0.00367336012271787,-0.0038552960671719,-0.00403995247102236,-0.00421177452949449,-0.00437548782021446,-0.0045310642660517,-0.00466827036938992,-0.00480423440269155,-0.00492156136120871,-0.00501814350751436,-0.0051181635125002,-0.00518684895524533,-0.00523994890389354,-0.00529108768214265,-0.00531011021912147,-0.00530965632451714,-0.0053051610969403,-0.00527336089073026,-0.00521618797010175,-0.00514480231023774,-0.0050590463047093,-0.00495116543011095,-0.00482205378460084,-0.00467211853413945,-0.00450444939693706,-0.00431852686399481,-0.00411663652820877,-0.00389760693065383,-0.00366085804662721,-0.00340350177275308,-0.00313168041743562,-0.00285762842415117,-0.00257520821679714,-0.00226031139019903,-0.0019431310580337,-0.00164510946257456,-0.00130613825135203,-0.000961095466889987,-0.000658830846881219,-0.00030102184067536,4.6451917308754e-05,0.000344388187895325,0.000709556502295711,0.00103830159365045,0.00132559303228336,0.00167881436550632,0.00197681770814087,0.00224655693880424,0.00256357068468996,0.00283096196802662,0.00307121953698561,0.0033316227782543,0.00356543963461233,0.00377629952926329,0.00396725194438991,0.0041486561016938,0.0043385772820848,0.00447912337161139,0.00456527698482641,0.00469623717421247,0.00485274184475617,0.00490804492463517,0.00489079983240125,0.00493698682837029,0.00504482490792405,0.0051108259971807,0.0050490277682472,0.00492121753411845,0.00487366024628907,0.00488185413310923,0.00493515009445571,0.00490047967128817,0.00479720694319171,0.00465096162654136,0.0044464202891517,0.00427881533344182,0.00415228958136325,0.00402659137561668,0.00389283578576389,0.00375587842772949,0.00361204012436277,0.0034644907238233,0.00330674084178388,0.00314137743282045,0.00296606142841789,0.00278741223896042,0.00260405665422862,0.00241997260128562,0.00223199338270984,0.0020444199637687,0.00186184426625254,0.00169106721630324,0.00151007934771451,0.00131617397165059,0.00110641548002053,0.000877358896639881,0.000647685352154432,0.000431007759910972,0.000231963667225994,3.42242961387267e-05,-0.000188922579276703,-0.000428350010885703,-0.000658983908296839,-0.000864302322713611,-0.00107350804361212,-0.00131135726209333,-0.00155052084701536,-0.00175795324462149,-0.00197023355645847,-0.00220782162572255,-0.00242994093249267
-0.00323505662694511,-0.00348819615924331,-0.00373681233917215,-0.00400049673921333,-0.00424435667308053,-0.00447784801994623,-0.00471587629080987,-0.00493515212396848,-0.00514826173416358,-0.00534958475768518,-0.00553600331843693,-0.00571691364173708,-0.00587191914606252,-0.00601771057353292,-0.00615321090642189,-0.00625343848632421,-0.00635038856251397,-0.00642759894636075,-0.00646871578502585,-0.00650375904361394,-0.00651749934064698,-0.00649455093313661,-0.00645623382466797,-0.006401000858978,-0.00631601307190876,-0.00620238019716101,-0.0060667501376992,-0.00590961065149258,-0.00572989978740694,-0.00552645302684138,-0.00529969186271504,-0.00504977357742325,-0.00477828164527451,-0.0044887656583022,-0.00418502432923678,-0.00386434204061077,-0.00351580980840489,-0.00314953326650184,-0.00279139097815209,-0.00241520640274532,-0.00200160379636308,-0.00161543706879954,-0.00122371076888342,-0.000782141456392285,-0.000391856411474091,8.91725655705075e-06,0.000456924454209266,0.000830350792382241,0.00123134822456803,0.00166017006997043,0.00200714585493308,0.00238991894028051,0.00277934159353898,0.00309593115774815,0.00343576081473035,0.00377254861191341,0.0040580482736542,0.0043363041027758,0.00460315904476726,0.00485308749690397,0.00507576318634474,0.00525110605456504,0.00543785942162488,0.00563937438926294,0.00575710899647086,0.00580965364135073,0.0059256943159709,0.00607546787593421,0.00612434328970922,0.00607419374163946,0.00603121002590327,0.00608145528498233,0.00616498673992776,0.00613533684624659,0.00602014337369566,0.00583057857490163,0.00570287562099697,0.0056175771879279,0.00555163021066624,0.00552076307629239,0.00543209892328992,0.00528207667151878,0.005113778827757,0.00493621068144163,0.00474691103627295,0.00454967200561309,0.00434368167886576,0.00413534016693764,0.0039240977926699,0.00371193067669004,0.00349415022460279,0.00327179594771598,0.00304281831515038,0.00280981690302355,0.00257004992306717,0.0023180699579185,0.00204859875418603,0.00178297243993133,0.00152521086320772,0.00127735411009109,0.00104420838254459,0.000806132345013187,0.000550824365936539,0.000272987324955768,-9.43581724944503e-06,-0.000270731358815434,-0.000518672155475962,-0.000779006584805197,-0.0010663975749305,-0.00135195625180761,-0.00160909484603856,-0.00186585310550512,-0.002153347398406,-0.00243494019838283,-0.00268799759437972,-0.00295355008129438
-0.00375536236912025,-0.00407303465768191,-0.00438541094424077,-0.00467243171060948,-0.00496588314376473,-0.00525536929694045,-0.00552238706492222,-0.00578944788236978,-0.00604011133658177,-0.00627907435103536,-0.00650560184631742,-0.00670916382131114,-0.0069064540202179,-0.0070795437597105,-0.0072258683702136,-0.00736953347194146,-0.00747474934328911,-0.00755747012635401,-0.0076307203762694,-0.007663891145406,-0.00766944767510963,-0.00766277054057236,-0.00761989665334145,-0.00754295623181147,-0.0074428781105337,-0.00731954389110834,-0.00716488890884782,-0.00698008250742894,-0.0067654469975511,-0.0065244483234087,-0.00625652968015477,-0.00596443773847589,-0.00564709020188582,-0.00530448770390338,-0.00493394398990642,-0.00454237332841015,-0.00414239301959584,-0.00372846604383985,-0.00327676894029506,-0.0028187768652533,-0.00237631612737998,-0.0018895816210817,-0.00139466244979878,-0.000941360496836616,-0.000430947748302844,6.85382249940555e-05,0.000517696319387342,0.00103334412960172,0.00150977056410303,0.00194185460033342,0.00243718967102348,0.00287225043648073,0.00327463218089196,0.00371935316220975,0.00410811904586392,0.00446349633262235,0.00483272327163338,0.00516788635207071,0.00547281947733992,0.00575012567018074,0.00601030259399714,0.00627106268664426,0.00647400153692682,0.00661419595724529,0.00679196013629891,0.00698706068776362,0.00707209740359383,0.00707672507374776,0.00713841171800915,0.0072544374596415,0.00732069998341653,0.00725127895203098,0.007109852019194,0.00704361075499327,0.00702750204171387,0.00705061436325676,0.00697944687908716,0.00683459550720074,0.00664259502535523,0.00638820642140304,0.00616787844789794,0.005985356044401,0.00580029622152741,0.0056037403740557,0.00540120359646584,0.00518925949076121,0.00497167827172938,0.00474186794537885,0.00450273430104932,0.00425174022622837,0.00399589506353193,0.00373386939337693,0.00347032600157163,0.00320190334395879,0.00293269503146988,0.00266713296462775,0.00241275378564046,0.00214666457933736,0.0018668024576744,0.00156994544878816,0.00125291868603526,0.000934556982853337,0.000628325940156331,0.000338991961000675,5.00931062075215e-05,-0.000265607657583944,-0.000598475305164291,-0.00092309309298257,-0.00122266270244918,-0.00152703994349665,-0.00186072322135296,-0.0021958530147233,-0.00249912182188693,-0.00280780625713773,-0.00314179885027751,-0.00345969355386088
-0.00433030982021533,-0.00467701968684118,-0.0050185352249182,-0.00537408226492539,-0.00570792341515221,-0.00602955721806541,-0.00635353108622446,-0.00665585226042228,-0.00694898522866401,-0.00722668377538409,-0.00748547940019805,-0.00773435813586616,-0.00795222571080935,-0.00815566812334961,-0.00834293813575226,-0.00848845750668781,-0.00862428513865115,-0.00873307816885353,-0.00879815939074159,-0.00884955788560487,-0.00887133357044477,-0.0088478057054712,-0.00880038617676946,-0.00872712938679396,-0.00861493317748463,-0.00846492590037183,-0.00828379432347764,-0.00807198728284362,-0.00782849832761729,-0.00755227954411396,-0.00724397804236328,-0.00690400494091075,-0.00653429272095997,-0.00613877180616334,-0.00572168357009092,-0.00528069519397176,-0.00480540082921596,-0.00430669901958227,-0.00381124218415181,-0.00329298990816989,-0.00273340484335233,-0.00219875557058173,-0.00165588791890059,-0.00106129303176516,-0.000518046689375378,3.62956260727863e-05,0.000637343197537069,0.00116135828202985,0.00171157050324771,0.00228659239207714,0.00277527689928686,0.0032964242940652,0.00381904118267464,0.00426273885828702,0.00472439255283184,0.00517633658552028,0.00556969686991264,0.00594883095091002,0.00630895005285755,0.00664431007754494,0.00694422542208638,0.00718844680195084,0.00743634343234756,0.00769080300579798,0.00785227320648238,0.00794042507555455,0.00808521779653979,0.00825580791223188,0.00831651138345647,0.00827055369724823,0.00822565329636709,0.0082682058353752,0.00833703509045819,0.00828506499317714,0.00814157487491455,0.00791858010964695,0.00775389511890811,0.00762707506486078,0.00751508488415754,0.00743404829157548,0.00729056720790741,0.00708218271865067,0.00685294978933096,0.0066120513227844,0.00635717150627708,0.00609231530941454,0.0058168467331323,0.00553739317051834,0.00525351840209618,0.00496733632857104,0.00467421584856815,0.00437534526505476,0.0040687602469628,0.00375719845026264,0.00343789367784957,0.0031053858552977,0.00275447193377538,0.0024067761933348,0.00206613198085146,0.0017345268711599,0.00141672080608832,0.00109274121182392,0.000750441938526944,0.000384534318214581,1.33414748981673e-05,-0.000337244704116165,-0.000675419662826732,-0.00102721392572209,-0.0014071360910019,-0.00178565771470104,-0.00213608839584062,-0.00248701579511305,-0.00286947678061264,-0.00324590407491142,-0.00359362174298711,-0.00395415404635008
-0.0048136991700008,-0.00522469867400069,-0.00562958946188278,-0.00600785703445481,-0.00639172368240406,-0.0067697401551271,-0.00712321058397121,-0.00747438370844647,-0.00780622924703706,-0.00812299158269351,-0.00842358246351833,-0.00869675086185016,-0.00895918184536971,-0.0091918537239174,-0.00939217832736062,-0.00958377125432712,-0.00973001287387839,-0.00984676051184975,-0.00994675147913489,-0.00999836824878961,-0.0100143756855014,-0.0100096457820041,-0.00995975773752116,-0.00986665529754993,-0.00974142264981631,-0.00958349662332821,-0.00938485817300675,-0.00914656818202346,-0.00886923119645314,-0.00855625846311516,-0.00820746573053164,-0.00782568564105007,-0.00741032133684789,-0.00696155532516694,-0.00647734519298446,-0.00596500273656402,-0.00543793983160402,-0.00489075973971995,-0.00430035140608448,-0.00369929156456459,-0.00311014542122172,-0.00247283454209011,-0.001825517547043,-0.00121857790643171,-0.000552856152884255,0.000101318330040312,0.000703976522035194,0.00137270962804069,0.00199872875502168,0.00257744465332393,0.00321641287074787,0.00378957009885408,0.00432513751010362,0.00489810596601514,0.0054078790875536,0.0058778434333397,0.00635481405792858,0.00678992735736441,0.00718685421212295,0.00754810164837656,0.00788396349629668,0.00821229730985611,0.00847361124564973,0.00866370989093338,0.00888391802583666,0.00911315057364178,0.00922264014699935,0.00924392150738921,0.00931597520549022,0.00943535256059083,0.00949659618973728,0.00941423580168603,0.00925390397412465,0.00916455576798649,0.00911979064197258,0.0091087733667167,0.00899679705431561,0.00880668496283803,0.00856551617063733,0.0082586123009651,0.00798360446069412,0.0077438113254951,0.00749826267119569,0.00723885958639932,0.00697127258024091,0.00669242302388593,0.00640602863823339,0.00610593915163221,0.00579519180306935,0.0054717616420398,0.00514264234538281,0.00480660204196425,0.00446782836214024,0.00412318252379738,0.00377707272504879,0.00343425690248842,0.00310156167406921,0.00275631625612501,0.00239625092174561,0.00201847335756339,0.00161960597123979,0.00121885115061731,0.000829678976825057,0.000456438120306726,8.20661298316528e-05,-0.00032024883279772,-0.000740502399520078,-0.00115303810149766,-0.00154150478003585,-0.00193610520934085,-0.00236143477521565,-0.00278856837045398,-0.00318408627128757,-0.00358582151131198,-0.00401358736380594,-0.00442478044531361
-0.0053444656333643,-0.00578286386546684,-0.0062162523337747,-0.00666319942100056,-0.00708717570532836,-0.00749765671248819,-0.00790904018638972,-0.00829626957691108,-0.00867200499459143,-0.00902903629777263,-0.00936375345820171,-0.00968447476253035,-0.00996951669868223,-0.0102352036991609,-0.0104792096025439,-0.0106750231683365,-0.0108550898586666,-0.0110007389118812,-0.0110951617249171,-0.011168221724316,-0.0112032934582961,-0.0111841309509108,-0.0111325091065344,-0.0110457154414391,-0.010910542801094,-0.0107279030770594,-0.0105047332146921,-0.0102411550639393,-0.00993641970659518,-0.00958934129560301,-0.00920102219719181,-0.00877189513204493,-0.00830449658102584,-0.00780291953518105,-0.00727209013019136,-0.00670984150313935,-0.00610650554614992,-0.00547364925299957,-0.00483899687108843,-0.00417629487871724,-0.00346818731720677,-0.00278240898477257,-0.00208564166815611,-0.00133501805755243,-0.000636205563288557,7.45702497989013e-05,0.000831310952094733,0.00150817720253733,0.00220979577730781,0.00293294219528266,0.00356452692470934,0.00422526005191552,0.00488159582312436,0.00545239988520258,0.00603550483800188,0.0066017333411636,0.00710132798929454,0.00757940684483575,0.00803019313947797,0.00844795935178625,0.00882139969311379,0.00913035429678032,0.00943486668385495,0.00973746880014217,0.00993711876532394,0.010055189048519,0.010223073199878,0.0104086873512352,0.0104747750212018,0.0104266034765259,0.0103736500794145,0.0104029228221471,0.0104513168052132,0.0103711654325464,0.0101936925821095,0.00993218087281142,0.00972620184422731,0.00955413534838538,0.00939270156470552,0.00925870772236819,0.00905780925996953,0.0087891431279455,0.0084977543247006,0.00819323763450096,0.00787316371431902,0.00754190838310108,0.00719871906278457,0.00685066320759826,0.00649720515777572,0.00614084974955696,0.00577676385227045,0.00540643384823896,0.00502760482768285,0.00464330946710764,0.00425058812648466,0.0038441792070692,0.00341863707133773,0.00299616263570139,0.00258004534296486,0.00217237705029574,0.0017775903205136,0.00137547307877553,0.000953752861757587,0.000507382805800137,5.486158990151e-05,-0.00037753433883855,-0.00079878493046422,-0.00123513978230316,-0.00170122941673382,-0.00216654408043205,-0.00260457822246418,-0.00304449922322864,-0.00351749383976266,-0.00398458055323265,-0.00442337097119202,-0.00487591329556915
-0.0057752944611304,-0.00627743247315823,-0.00677327708757328,-0.00724191527392235,-0.00771621584346749,-0.00818344747126711,-0.00862473612531346,-0.00906211984037742,-0.00947786783184245,-0.00987579512958151,-0.0102543880968878,-0.0106015844819984,-0.0109341090781494,-0.0112316341949516,-0.0114916026735666,-0.0117370683457792,-0.0119303890964492,-0.0120873885740737,-0.0122204269512762,-0.0122966578364055,-0.012329251430092,-0.0123324417262136,-0.012281211827732,-0.0121773096202671,-0.0120319768835474,-0.0118440735596293,-0.011605589838533,-0.0113174232573861,-0.0109804793121429,-0.0105980828705131,-0.0101704133956552,-0.00970034347097062,-0.00918778688466542,-0.00863309229801926,-0.00803491971430613,-0.00740100551663065,-0.00674564805890634,-0.00606353848307091,-0.00533232227602938,-0.00458586674653173,-0.00384751564531995,-0.00305673960009962,-0.00225414925245794,-0.0014906881248602,-0.000666575475305116,0.000145043417065731,0.000903753004088514,0.00172818944723413,0.00250577186850866,0.00323283310847187,0.00401697698830175,0.00472898689626062,0.00539809591429431,0.00609927507644985,0.00672918067612129,0.00731234560540406,0.00789514870432285,0.00842756243079258,0.00891322571229072,0.00935460323145917,0.00976183365017689,0.0101529488329602,0.010467137959108,0.0107011834559507,0.0109577729743236,0.0112146957760345,0.0113415370190214,0.0113722816866507,0.0114478259520631,0.0115636407617623,0.011612597764952,0.0115098808649335,0.0113236899188067,0.0112050445919214,0.0111257954575179,0.0110751425871462,0.010916908150233,0.0106766726761731,0.0103822116624185,0.0100194476247197,0.00968740774576538,0.00938887786578139,0.00908204253906774,0.00875955458003965,0.00842733685623541,0.00808285315395993,0.00772985693152403,0.00736256753836034,0.00698402008465457,0.00659256189646236,0.00619510718526585,0.00579062738489598,0.00538309374578514,0.00496951317202494,0.00455408187732848,0.00414183213865378,0.00373925735230259,0.0033233771441319,0.00289193163708064,0.00244221201311841,0.00197057469019263,0.00149676058350572,0.00103376820745984,0.000585892102393672,0.00013520232898288,-0.000345009791953654,-0.000844396766555772,-0.00133675372051246,-0.00180623924512158,-0.00228368741405934,-0.0027938764399287,-0.0033065735579,-0.00378846466036058,-0.00427820934723483,-0.00479546081656498,-0.00529616220137793
-0.00624647813629975,-0.00677363391932345,-0.0072969232856008,-0.00783420039186731,-0.00834799053520612,-0.00884790121839436,-0.00934812388726061,-0.00982241663275224,-0.0102837212486893,-0.0107237445742651,-0.0111387360734275,-0.0115362799373094,-0.0118939731805325,-0.0122279200921849,-0.0125350419972708,-0.0127878028744882,-0.0130191102036007,-0.0132086885402756,-0.013339573840245,-0.0134414810229683,-0.0134968720703596,-0.0134888795227497,-0.0134396720418096,-0.0133456064766861,-0.013193276827985,-0.0129833622286264,-0.0127230317218862,-0.012411997155254,-0.0120497237272504,-0.0116348625245826,-0.0111689664131123,-0.0106524720460163,-0.0100885285042695,-0.00948140717098915,-0.00883674639718676,-0.00815254118950434,-0.00741990745063304,-0.00665121167096742,-0.00587532588422538,-0.00506566924521293,-0.00420623342818508,-0.00336649992657631,-0.00251272054288322,-0.00160282222386375,-0.000745508557101797,0.000124763230852203,0.00104007934069194,0.00187211820232993,0.00272745268663148,0.003600545029433,0.00437613762692356,0.00517738262683562,0.00596763262185309,0.00666495331350041,0.00736851667644073,0.00804726172720598,0.00865051374155531,0.00922437474340956,0.00976195927414459,0.0102576145836078,0.0106993773640217,0.0110672263307149,0.0114221428518634,0.0117661686449742,0.0119965290330489,0.0121367622335555,0.0123200837350552,0.0125127894392448,0.0125757843866924,0.01251688439413,0.0124477846450501,0.0124561330809082,0.0124764654916559,0.0123604091465866,0.0121416808193479,0.0118350514579758,0.0115822340511186,0.0113600242628723,0.0111448804602886,0.0109543716730897,0.0106930079138463,0.0103618755977189,0.0100072039868267,0.00963890561347971,0.0092543831577665,0.00885842015761627,0.00845017076959641,0.00803713354959885,0.00761858422806716,0.00719732146804752,0.00676823956879829,0.00633314016355821,0.00588951761116724,0.00544068632809176,0.00498331533762089,0.00451221527118096,0.00402168986817867,0.00353454404388125,0.00305334811197728,0.00258023330751609,0.00211918521108296,0.00164960819409004,0.00115906906058458,0.000642754553461566,0.000119410222276109,-0.000384443128632344,-0.00087883772955737,-0.00139033868384158,-0.00193364131155357,-0.00247711489672957,-0.00299455768256813,-0.00351601355183457,-0.00407286843627069,-0.00462451975789127,-0.00514899993858022,-0.00568914129069007
-0.00661202673252142,-0.00720205287030373,-0.00778643500654868,-0.00834394655249843,-0.00890826342795242,-0.00946516444691219,-0.00999563431724155,-0.0105215595151621,-0.0110243488577558,-0.0115074187327137,-0.0119687471911899,-0.012395377091732,-0.0128040878417088,-0.0131730177299657,-0.013499685341413,-0.0138064961290715,-0.01405453899431,-0.0142596829502802,-0.0144337741658153,-0.0145425132945449,-0.0145995511694587,-0.0146183321480862,-0.0145730731502803,-0.0144653242111503,-0.0143064390486707,-0.0140945796100914,-0.0138216716668877,-0.0134884165465908,-0.0130959985207147,-0.0126476034895673,-0.0121437643490073,-0.011587378882741,-0.0109788874400292,-0.0103188087451219,-0.00960652162362764,-0.00885025976458966,-0.00806527637756236,-0.00724631141197791,-0.00637183754583087,-0.0054772662414416,-0.00458669115128456,-0.00363900767160761,-0.00267772350870415,-0.00175431562161216,-0.000768145093673234,0.000204181281856817,0.00112197335536038,0.00210514258037079,0.00303656117078361,0.0039138700235747,0.00484477917817104,0.00569626784202994,0.00649903907771098,0.00732799156363445,0.00807657173833161,0.00877082747958486,0.00945665130010571,0.0100826460188997,0.0106525642090348,0.011168830831804,0.0116415139414657,0.0120888552827386,0.0124485490573322,0.0127186211880586,0.0130034763762037,0.0132794719685157,0.0134143382677011,0.0134451128069469,0.0135150162636618,0.0136181033296473,0.0136453094846829,0.0135127029560209,0.0132916837731311,0.0131356272511577,0.0130142431812788,0.012916745152957,0.0127052606663153,0.0124087422413866,0.0120557782704284,0.0116329434743816,0.0112409257537175,0.0108817336520399,0.0105125382162164,0.0101268408206601,0.00973086081234346,0.00932265365781435,0.00890599398670407,0.00847545309328467,0.00803402336028609,0.00758038248226993,0.00712132660949841,0.00665599217747485,0.00618807391162634,0.00571466723791779,0.00523965653910182,0.0047683082912292,0.00430667854308717,0.00383129679739569,0.00333992589844268,0.00282996974610385,0.00229743617301347,0.00176261414792785,0.00123789718231951,0.000727413199902363,0.00021214224980734,-0.000334585676616916,-0.000902016386594499,-0.00146338066893008,-0.00200350462031296,-0.00255409830978576,-0.00314015528113921,-0.00372994100444167,-0.00429037769146708,-0.004861271115602,-0.00546205387567378,-0.00604700353571351
-0.00701789057025196,-0.00762995823590032,-0.00824047088971951,-0.00886646264412309,-0.00946937072752997,-0.0100591015198992,-0.0106496004560267,-0.0112133075247503,-0.0117635288043414,-0.0122907296505435,-0.0127910368333193,-0.0132712067981729,-0.0137079802574612,-0.0141172895681041,-0.0144951044048857,-0.0148127278496097,-0.0151036006083116,-0.0153455349174056,-0.0155213886881883,-0.0156607106126691,-0.0157447894911492,-0.0157560672157054,-0.0157171211320376,-0.015623177060563,-0.0154605417923836,-0.0152296200528215,-0.0149377733743964,-0.0145842016268647,-0.0141685604198563,-0.0136892728474734,-0.0131483524938362,-0.0125462188503549,-0.0118866660608461,-0.0111741388506334,-0.0104150363009338,-0.00960750655924467,-0.00874351959501724,-0.0078363802750325,-0.00691620616868189,-0.00595596991437254,-0.00494125158852107,-0.00394353661354336,-0.00292838334722855,-0.00185474266090321,-0.000834809266719928,0.00019920649570741,0.00127705455965961,0.0022675687481548,0.00327982085570497,0.00430539196584945,0.00522666094984119,0.00616975756590831,0.00709430355888977,0.00791757443028129,0.0087404416723073,0.00952953895936852,0.0102332861110156,0.0108989868942777,0.0115184969039199,0.0120863062655498,0.0125897596715759,0.0130090563895305,0.013406380609056,0.013783149737086,0.0140346490230171,0.0141871118079928,0.014375930497885,0.0145653821781634,0.0146143298277989,0.0145337540101691,0.0144380124135334,0.0144153928636037,0.0143976396384762,0.0142356435747652,0.0139662197625211,0.0136058610538816,0.0132988017448329,0.0130198080410658,0.0127450976699318,0.0124931289311175,0.0121670826312417,0.0117703592312405,0.0113505699739331,0.0109178873954189,0.0104694919144821,0.0100105604237411,0.0095401260736728,0.0090661214345233,0.00858755615984169,0.00810748674062984,0.00762044756086571,0.00712853603078781,0.0066289264945293,0.00612517783990205,0.00561347514413172,0.0050886067665667,0.00454455977985453,0.00400477178481399,0.00347088208087071,0.00294499024278136,0.00243051489807429,0.00190630994073488,0.00135974163191508,0.000786193144832564,0.000204689680251783,-0.000358102034998557,-0.000913544294991252,-0.00148864468936713,-0.00209815992693845,-0.00270920209710387,-0.00329602394075236,-0.00388986789164866,-0.00452232352311116,-0.00515092990088631,-0.00575435252133416,-0.00637646181517561
-0.00732378283367584,-0.00799786030711671,-0.00866786684304211,-0.00931237968341136,-0.00996605541436564,-0.010612963808368,-0.0112339973150758,-0.0118509167298382,-0.0124441310715599,-0.0130166895254354,-0.0135659421638434,-0.0140779695693987,-0.0145696010009451,-0.01501718392724,-0.0154183560727905,-0.0157947549966156,-0.0161059435919329,-0.0163679234583671,-0.0165918213357908,-0.0167416557203596,-0.0168316258676965,-0.0168742106124697,-0.0168426587588096,-0.0167383122924075,-0.0165725738866873,-0.0163427480495195,-0.0160406245876321,-0.0156666680018472,-0.015222304245561,-0.0147105593569236,-0.0141322816044181,-0.0134903861015598,-0.0127858411710272,-0.0120193494449228,-0.0111910833973156,-0.0103098388667521,-0.00939188444028156,-0.00843199485288401,-0.00740957206666917,-0.00636183571355501,-0.00531361266721337,-0.00420314328085635,-0.00307734809464342,-0.00198817346714561,-0.000833936796403908,0.00030460609087532,0.00138670394731371,0.00253367246532368,0.00362305526997704,0.00465425176333389,0.00573502737181961,0.00672789625916798,0.00766554971178593,0.00862266034120315,0.00948900086644372,0.010292537153401,0.0110785935424299,0.0117941920225013,0.0124433489661222,0.0130284612679761,0.0135596193423377,0.0140553027653922,0.014451536055917,0.0147479285119029,0.0150509456398473,0.0153351775144201,0.015466357856087,0.015485245864777,0.0155377813985918,0.0156162281862511,0.0156093920162308,0.0154345313358664,0.0151669136852506,0.0149625422801074,0.0147885756731719,0.0146342708455574,0.0143598977553551,0.0139984500657838,0.013579438713475,0.0130901396377564,0.0126331712462454,0.0122095005231913,0.0117751438887226,0.0113245919233072,0.0108644150284368,0.0103932841190461,0.00991497646170132,0.00942439360673795,0.00892444375035518,0.00841410628759571,0.00789999738361228,0.00738135581403713,0.00686152966378236,0.00633761354101429,0.0058131108492711,0.00529345820770124,0.0047841513785463,0.00426105407890332,0.00372196822872639,0.00316431972382286,0.00258369547957477,0.00200093792917602,0.00142765543951202,0.000867675785771765,0.000300652022399888,-0.000300071434639239,-0.000923254802827394,-0.00154160510670237,-0.00214082225232361,-0.00275374926426933,-0.00340559643047754,-0.0040629207032462,-0.00469305984389667,-0.00533730737446118,-0.00601477671300317,-0.00667788836901627
-0.00768487962082911,-0.00837780659124855,-0.00907270256658129,-0.00978565353179817,-0.0104768709186266,-0.0111567657984306,-0.0118389472223508,-0.012494415864203,-0.0131369520240339,-0.0137556109481009,-0.0143463963414991,-0.0149151257650591,-0.0154375492389078,-0.0159294603163519,-0.0163856261170463,-0.0167760901389208,-0.0171348803414924,-0.0174375193712748,-0.017666685358528,-0.0178517185633086,-0.0179724352226808,-0.0180105225111147,-0.017988957657952,-0.0179015895137024,-0.0177343478054393,-0.0174873224111625,-0.0171680099470921,-0.0167749986619778,-0.016308083082553,-0.0157654112086898,-0.0151494757450009,-0.0144606517231439,-0.0137034165103752,-0.0128824122373325,-0.0120048446926124,-0.0110690366564216,-0.010067917780044,-0.00901588469036467,-0.00794440147513471,-0.00682590299050188,-0.00564783967318959,-0.00448399395447807,-0.0032989791520676,-0.0020530911040614,-0.000862468373670255,0.000343421735073863,0.00159145329218788,0.00274728574303983,0.00392303565406232,0.00510670550004961,0.00617817805595722,0.00726707780344702,0.00832855030703301,0.00927916280101592,0.0102218090297987,0.0111203380780786,0.0119223084236088,0.0126764378416414,0.0133731558760157,0.0140071743323658,0.0145650990563354,0.0150274635091831,0.0154579350386948,0.015857148704949,0.0161182870232762,0.0162708724673825,0.0164527988014369,0.0166259054264493,0.0166468877971172,0.0165305802449814,0.0163944482524427,0.0163273800249961,0.0162579185255631,0.0160362991640836,0.0157030978899764,0.0152767848472445,0.0149044415652103,0.0145583690146476,0.014214633286271,0.0138927170050639,0.0134943303191379,0.0130256253924089,0.012535777795952,0.01203513180239,0.0115205925969753,0.0109977409362592,0.0104654464816936,0.00993206285457274,0.00939627379890101,0.00886136485984355,0.00832142835522025,0.00777881972707539,0.00723030947315021,0.00667965755507137,0.0061224536800885,0.00555337720481157,0.00496603751340236,0.00438453056312941,0.00380933771245183,0.00324245803612086,0.00268661587562989,0.00211993831020744,0.0015295820820747,0.000911071622926203,0.000283733916363607,-0.000325734142200965,-0.000930301039876674,-0.00155754472634037,-0.00222227327938081,-0.00289022437755185,-0.0035363025174355,-0.00419327016240596,-0.00489289960814888,-0.00559063573727443,-0.00626602857241745,-0.00696426992867776
-0.00796548427144073,-0.0087199559838242,-0.0094727593726807,-0.0102024510778125,-0.010944841012856,-0.0116820146704441,-0.0123948764408297,-0.0131051002879097,-0.0137919263638803,-0.0144580732490975,-0.0151001432819298,-0.0157031688762472,-0.0162840163882014,-0.0168169708392889,-0.0172998517448385,-0.0177533479166362,-0.0181352342171721,-0.018461723318768,-0.0187429845704247,-0.0189411101159968,-0.0190709252015275,-0.0191437016974122,-0.0191315175732217,-0.01903550380159,-0.0188670173907346,-0.0186223292114047,-0.0182930221923748,-0.0178792832709691,-0.0173827603119141,-0.0168062498746209,-0.016150927085876,-0.0154197027316853,-0.0146141102389996,-0.0137350730128078,-0.0127836287074908,-0.0117692234349232,-0.0107092475595121,-0.00959849236006108,-0.00841746694779205,-0.00720550183842063,-0.00598813693628601,-0.00470291961756639,-0.00340077911516873,-0.00213404594541451,-0.00079987609288792,0.000516044590963533,0.00177317024062691,0.00309427553149784,0.00435070977474301,0.00554416029492545,0.0067822591341698,0.00792237454337358,0.00899973070418172,0.010088546294444,0.011074446563765,0.0119877622388589,0.0128730733325772,0.0136756243609772,0.0143998628231594,0.0150481509132854,0.0156306825658961,0.0161662146021834,0.0165889500904857,0.0169004726884506,0.0172096200704951,0.0174888722135127,0.0176018766283114,0.0175938692758245,0.017613856097197,0.0176519519673215,0.0175946845639879,0.0173609212023451,0.0170304921822414,0.016762260672373,0.0165204239529128,0.0162943614072433,0.0159424121704909,0.0155023681101324,0.0150047381254341,0.0144375856188336,0.0139057096456476,0.0134087759477304,0.0129015443998882,0.0123796931690163,0.0118501968709675,0.0113123704964831,0.0107699557125139,0.0102181783790865,0.00965983662844288,0.00909420093602455,0.00852764710990903,0.00795944673957251,0.00739248419435804,0.0068237906856264,0.00625640043121925,0.0056959183071895,0.00514714328374283,0.00458509685464259,0.00400766207095909,0.00341219838981024,0.00279377587880788,0.00217380453188482,0.00156290482859051,0.000964492884723828,0.000356643866062051,-0.000287268479952249,-0.000955444903982876,-0.00162010115157397,-0.00226806256179845,-0.00293358795533458,-0.00364207533742416,-0.00435816590906999,-0.00504983587835526,-0.00576020999866615,-0.00650796557229723,-0.00724347378947766
-0.00832212175524622,-0.00909211303669691,-0.00986874193867864,-0.0106669293875413,-0.0114455724491346,-0.0122158066707008,-0.0129908210698315,-0.013740053697052,-0.0144778661795664,-0.0151917014912831,-0.0158774783135477,-0.0165399275770768,-0.017153678447535,-0.0177344033431397,-0.0182754020793981,-0.0187453451594401,-0.019178868199609,-0.0195487973004526,-0.0198376540110972,-0.0200744592607755,-0.0202372424353118,-0.0203068679990434,-0.020306705331889,-0.0202289430030372,-0.020059042148844,-0.0197967217965638,-0.0194495673226665,-0.0190154046423089,-0.0184941517781042,-0.0178836405022175,-0.0171868644286509,-0.016404149060404,-0.0155407271012664,-0.0146014494033597,-0.0135944309471417,-0.0125182030847716,-0.0113667991734547,-0.0101559059319565,-0.00891845481751744,-0.00762627464440304,-0.0062690877938025,-0.00492325804336997,-0.00355222626222279,-0.00211807482494345,-0.000741333884830809,0.000651768209251373,0.00208452081236751,0.00341912674879747,0.00477125459221239,0.00612449801147723,0.00735616101565272,0.00859983217939229,0.00980533884074328,0.0108886787462788,0.0119550334235299,0.0129649459982161,0.0138651825242483,0.0147060831619142,0.0154764231601875,0.0161712311138337,0.0167763100783094,0.0172726872412684,0.0177257853920397,0.0181352878622108,0.0183921696794588,0.0185299180853469,0.0186891775379837,0.0188289160579174,0.018803642122209,0.0186328407994432,0.0184375098133219,0.0183070943452018,0.018166547635256,0.017865663764662,0.0174494963627151,0.0169387632345325,0.0164837098893557,0.0160537426789478,0.0156249256987405,0.0152179825253595,0.0147330488542739,0.0141795083282331,0.0136082649420826,0.0130298114857827,0.0124407139428674,0.0118469348085523,0.0112471248878739,0.0106500735779246,0.0100541174620555,0.00946278715783471,0.00886966575467254,0.00827731397018557,0.0076819389233794,0.00708745987302984,0.00648880529661062,0.00588050576526339,0.00525571829497954,0.0046392398103293,0.00403012348674457,0.00343024104099056,0.00284148279554259,0.00224110534148041,0.00161606646211278,0.00096195512857603,0.000298414067910167,-0.00034795001880298,-0.000992000760788895,-0.00166198770006061,-0.00237276790461655,-0.00308856843929093,-0.00378521823940846,-0.00449733351380976,-0.00525678955462591,-0.00601666692023988,-0.00675776744891246,-0.00752686458340141
-0.00860538749845989,-0.0094364060810063,-0.0102688941549981,-0.0110816027381384,-0.0119116424113234,-0.0127388523963055,-0.0135442994963562,-0.0143495556823509,-0.0151325417272133,-0.015895669121404,-0.0166346348712059,-0.0173333824634873,-0.0180087714429594,-0.0186327061188718,-0.0192032690219467,-0.0197399655640837,-0.0201985179395798,-0.0205954238726894,-0.0209395716110663,-0.0211908950587106,-0.0213649125688827,-0.0214713920481631,-0.0214810341405946,-0.0213947343912395,-0.0212237039236408,-0.0209629673623101,-0.020603846555456,-0.0201462094191383,-0.0195918870023252,-0.0189434008968443,-0.0182022567364964,-0.0173713812504009,-0.016452935892747,-0.0154481063674713,-0.0143589204146221,-0.0131955925608929,-0.011976753230517,-0.0106972446543026,-0.00933891789369785,-0.00794355908063821,-0.0065373997149416,-0.00505736891255956,-0.00355912280474113,-0.00209521207281054,-0.00056163462507529,0.000950133848457156,0.00240009017044462,0.00391236114066,0.00535117684799117,0.00672110789595375,0.00812928440230388,0.00942724470121237,0.0106533645299926,0.0118810207025337,0.0129912381570982,0.0140171841466783,0.0150024562860399,0.0158903362250528,0.0166858530184985,0.0173912837532529,0.0180170329883052,0.0185821718933737,0.0190189772995294,0.0193314843238965,0.0196311776062223,0.0198880467109139,0.0199637044414248,0.0199086742011817,0.0198753070350745,0.019851199429031,0.0197206086271023,0.0194045873301992,0.0189882223433055,0.0186333919675994,0.0183009894064072,0.0179807125806798,0.0175289859093172,0.0169892284512015,0.0163930130495515,0.0157292839929504,0.0151053275563202,0.0145191823566988,0.0139243603093962,0.0133180981549585,0.0127078193869428,0.0120933985448868,0.0114783799001118,0.0108583545582054,0.0102360777776424,0.00961125525794515,0.0089899785398175,0.00837136036093892,0.00775747760244879,0.00714519817838193,0.00653730574295938,0.0059396280701507,0.00535589087190984,0.00476022682902643,0.00415062068771198,0.00352427342357676,0.00287568593737991,0.00222678126759016,0.00158705556203505,0.000959253606851511,0.000319583055924777,-0.000358386548300256,-0.00106213065656625,-0.00176354103187031,-0.00245092370167588,-0.00316020011574627,-0.00391688699538055,-0.00468350102597749,-0.00542891871545116,-0.00619842790683104,-0.00701010205202726,-0.00781214616654679
-0.0089449106320786,-0.0097865496609808,-0.0106407699918599,-0.0115210934895285,-0.0123849596764185,-0.013244645875156,-0.0141126532301078,-0.0149568019375102,-0.0157921131634276,-0.0166042220760721,-0.0173889423108507,-0.0181498192587059,-0.0188601328185787,-0.0195355300382053,-0.0201674152630273,-0.0207230571085194,-0.0212376207924889,-0.0216808264736836,-0.0220349940920726,-0.0223287502501552,-0.0225378910177887,-0.0226424960166165,-0.0226661515477411,-0.022599140192495,-0.0224263027620789,-0.0221469730390481,-0.0217686927115564,-0.0212884782345342,-0.0207062582159506,-0.0200195666281728,-0.0192318733970979,-0.0183435408315725,-0.0173605584967984,-0.0162881078103252,-0.0151352668719789,-0.0139009200045085,-0.0125803194137931,-0.0111907745762082,-0.0097667265214715,-0.0082794716709628,-0.00672141441194602,-0.0051719051424512,-0.00359296194890547,-0.00194909680178691,-0.000365552092449758,0.00123510351011687,0.00287168547246134,0.00440269671561674,0.00594792164953042,0.00748540805575949,0.00889002100811494,0.0102996172427134,0.0116577651773785,0.0128801843135657,0.0140745322503781,0.0151973685215385,0.0161949197669549,0.0171192823827608,0.0179573465146991,0.0187044656888669,0.0193456892748423,0.0198627029238134,0.0203230610056,0.020725263536604,0.0209581127817333,0.0210597229245008,0.0211737860680157,0.0212559156282738,0.0211585794685558,0.020906792642944,0.0206255995424474,0.0204048853185001,0.0201657433666473,0.0197578416790463,0.0192316176431554,0.0186102859238862,0.0180475651061038,0.0175095864393078,0.016972663737922,0.0164589893241599,0.015867261365088,0.0152103240085289,0.0145410965394741,0.0138704222242199,0.0131944120581069,0.0125190676864631,0.0118427292028627,0.011174711577256,0.0105131690794206,0.00986197170620036,0.00921418750975934,0.00857223419022095,0.00793122362412308,0.0072951646015731,0.00665905713903094,0.00601708299641029,0.00536114621867705,0.00471739127273946,0.0040827936136506,0.00345921348284949,0.00284754054747145,0.0022238469403997,0.00157518280009285,0.000896717232806635,0.00020855952782583,-0.00046291819462748,-0.00113461704174719,-0.00183582304162427,-0.00258133895217674,-0.00333378196010054,-0.00407013357902932,-0.00482740002652203,-0.00563718992073991,-0.00645008309098402,-0.00724856629990391,-0.00808136435473259
-0.00914091471213057,-0.010040294442102,-0.0109453186879375,-0.011835564318399,-0.0127492737533927,-0.0136640735564341,-0.0145610215943036,-0.0154618533449191,-0.0163426753076978,-0.0172059764691293,-0.0180460167442426,-0.0188458908868191,-0.0196220317475457,-0.0203439341500789,-0.0210097177974164,-0.0216376601393802,-0.0221808255128291,-0.0226563934495909,-0.0230712212012709,-0.0233831537978986,-0.0236081292041185,-0.0237543349175143,-0.023790559022881,-0.0237177594694601,-0.0235464910340551,-0.0232706294814531,-0.0228808677932719,-0.0223769836583091,-0.0217606461340921,-0.0210343545448737,-0.0201996562369357,-0.0192597899019916,-0.0182172878824374,-0.0170739796236344,-0.0158327364037229,-0.0145050265386744,-0.0131105247012583,-0.0116445689014742,-0.0100902989101366,-0.00849267812615874,-0.00687823459363477,-0.00518385509420722,-0.00347033985825461,-0.00179050253788662,-3.90693189436712e-05,0.00168544951315574,0.00334435194777851,0.00506251596651447,0.00669644136506823,0.00825397289385922,0.00984153954825042,0.0113038608819313,0.0126833846195128,0.0140518627157854,0.0152856290370363,0.0164208741939368,0.0175001871975677,0.0184644757185374,0.0193198923730406,0.0200682801435403,0.0207207389730684,0.0212963344604822,0.021725699167052,0.0220155552782299,0.0222806549931905,0.0224878365892346,0.0224972463485341,0.0223653192448251,0.02224829091236,0.022130519804129,0.0218944951199236,0.0214639588021,0.0209303224994444,0.0204582422802077,0.0200054203011517,0.0195618309141098,0.0189825031125495,0.0183170438928778,0.0175984967398198,0.0168164788680776,0.0160813921531616,0.0153890422767677,0.0146920506071648,0.0139890298412444,0.0132882125813051,0.0125898146739945,0.0118975665226422,0.0112070169820496,0.0105210010724244,0.00983912085744176,0.00916739587022198,0.00850443399919055,0.00785190911358699,0.007206047641232,0.00656944505033806,0.00594756984878412,0.00534326327934995,0.00472925498404607,0.00410390471328702,0.00346377341149874,0.00280290458821323,0.00214359048436981,0.00149367783001977,0.000855396899642034,0.000203082796552463,-0.000490330207335165,-0.00121127728503957,-0.00193144458801372,-0.00264047488792893,-0.00337657889837544,-0.00416500632129112,-0.0049663530253768,-0.00575057671881095,-0.00656584057827368,-0.00742900831302796,-0.00828630623648175
-0.00925826932906406,-0.0101572963675046,-0.011077035871939,-0.0120298220542702,-0.0129711540753219,-0.01391516699877,-0.0148729808448949,-0.0158112066908427,-0.0167450962674599,-0.017658743444811,-0.018547392447258,-0.0194135904583553,-0.0202286401820373,-0.0210085803926975,-0.0217420121384898,-0.0223951934879956,-0.0230032133200755,-0.0235326294846196,-0.0239651234681029,-0.0243291266956827,-0.0245972797623686,-0.0247492860971753,-0.0248083409589198,-0.0247628993157633,-0.0245966002923171,-0.0243087875441783,-0.0239063389622554,-0.0233857286418722,-0.0227463891174509,-0.0219859894159037,-0.021108025260212,-0.0201133054362289,-0.0190081952854574,-0.0177987247914503,-0.0164945696182929,-0.0150955561407825,-0.0135979331443688,-0.0120213856374903,-0.0104014754483478,-0.00870948720013253,-0.00694063633639121,-0.00517796407383008,-0.00338128177621823,-0.00151875649692115,0.000279667761856917,0.00209511260809282,0.00394140222716463,0.00567278918892522,0.00741405352762633,0.00913614866014463,0.0107122434396913,0.0122842312625935,0.0137888375673539,0.0151414294183145,0.0164528206769956,0.0176744375033454,0.0187527365567515,0.0197412204186598,0.0206253031852545,0.0214004109444033,0.0220513300390909,0.0225601427957339,0.0229972954940564,0.023359449731872,0.0235339803809319,0.0235640520041476,0.0235971215732546,0.0235846698581707,0.0233780216521558,0.0230080956779628,0.0226048642007329,0.0222581360030815,0.0218857172385124,0.0213372341983852,0.0206697979456718,0.0199089193419859,0.019212691005612,0.0185430460122879,0.0178775588523791,0.017239647653498,0.0165269441701622,0.0157561389843066,0.0149825545624636,0.01421609462332,0.0134530684730085,0.0126994971895132,0.0119541001360859,0.0112258436088868,0.0105126327697226,0.00981759125069083,0.00913352674569999,0.00846254377398201,0.00779990851990188,0.00714891299970873,0.00650347881437681,0.00585665707640299,0.00520074596540001,0.0045614586523434,0.00393439393163202,0.00332039098110896,0.00271959676332055,0.00210646713812241,0.00146767669877701,0.000798508190819891,0.000119836171902,-0.00054388584653787,-0.00121176858665553,-0.00191397632516975,-0.00266446596881672,-0.00342481906194,-0.00417320392750941,-0.00494980854687816,-0.00578569670297471,-0.00662924706899762,-0.00746455236932375,-0.00834292193015538
-0.00901646104093402,-0.00996047737310306,-0.0109172679211624,-0.0118679477006846,-0.0128516871439861,-0.0138437919547061,-0.0148252956957429,-0.0158182941818678,-0.0167966037162156,-0.0177630892567167,-0.0187100396284779,-0.0196199029222573,-0.0205082278319593,-0.0213419679922903,-0.0221190554429448,-0.022856373538534,-0.0235037240638808,-0.0240792442679526,-0.0245869577552763,-0.0249826155859549,-0.0252822676982698,-0.0254922666022652,-0.0255789629761366,-0.025543584243677,-0.0253954827741927,-0.0251273616095557,-0.0247288709198315,-0.0241998803515646,-0.0235415060445375,-0.0227563959888005,-0.0218458090312253,-0.0208135382282258,-0.0196622391810726,-0.0183947158435517,-0.0170144989439573,-0.0155346914006519,-0.0139758601238961,-0.012334134471126,-0.0105940535498251,-0.00880433805155548,-0.00699143307525197,-0.00509265197038296,-0.00317439142180442,-0.0012896371919887,0.000668146488352877,0.00259221542708054,0.00444614204580901,0.00635479489702785,0.00816640370333902,0.0098927266225933,0.0116390134916234,0.0132424426617088,0.014750651350401,0.0162327464805553,0.0175604896332846,0.0187734651707977,0.0199131477820837,0.0209177848318801,0.021795286393862,0.0225468901748421,0.023184915402016,0.0237282429242172,0.0241062306217461,0.0243287191995713,0.0245142812012065,0.0246261577099659,0.0245237972395219,0.0242703564570905,0.0240265124364263,0.0237729049942671,0.0233908742446572,0.0228074627063675,0.0221214678959588,0.0215002801896136,0.0208984858738977,0.0203065220185256,0.0195786791821053,0.0187713467871696,0.0179193554174649,0.017012855494933,0.0161658256649283,0.0153713315705239,0.0145813466951743,0.0137956393402967,0.0130234191020953,0.0122649325717441,0.0115241653874214,0.010796109331027,0.0100835629923983,0.00938537088054545,0.00870733359062022,0.00804707730253741,0.00740594400195779,0.00677899356734962,0.00616830419873662,0.0055783760281268,0.00501112195742624,0.00443709486276461,0.00385522314251314,0.00326071752428084,0.00264716405170125,0.00203659544034489,0.0014352744220428,0.000844105442978493,0.000235468567995182,-0.000418478479470179,-0.001103063177986,-0.00179039986419781,-0.00247155551134574,-0.00318755814238985,-0.003963003096209,-0.00475669720035756,-0.00554000270154533,-0.0063646585869251,-0.00724574110131565,-0.00812772633999147
-0.00840329725889449,-0.00932056112754382,-0.010271965816246,-0.0112683207240089,-0.0122631809647366,-0.0132729477227488,-0.0143069985888441,-0.0153308101231713,-0.016359861929913,-0.017376458831322,-0.0183752653408348,-0.0193575731787448,-0.0202924817257693,-0.0211964117945089,-0.0220545369546877,-0.0228321172716566,-0.0235638516823462,-0.0242125623953455,-0.0247592421260421,-0.0252317889630398,-0.0255990731551078,-0.0258404230246346,-0.0259782546132386,-0.0259987653289824,-0.0258841383221332,-0.0256336146725299,-0.0252530628338017,-0.0247382258186715,-0.0240878071845983,-0.0232995246573093,-0.0223767339414925,-0.0213206979456699,-0.0201380350794055,-0.0188356416263707,-0.0174237297619289,-0.0159031277408566,-0.0142711459474717,-0.0125500554855057,-0.0107764508331475,-0.00892164499465508,-0.00698412136642523,-0.00505069038213868,-0.00307861123336142,-0.00104060277528009,0.000928809847659409,0.00291488344935135,0.00492536168927937,0.00681050578846774,0.00870061007892778,0.0105582587128035,0.0122556152214481,0.0139387888341118,0.015536788595943,0.0169653165024315,0.018338476459494,0.0196020064803906,0.0207032236971952,0.0216971735940579,0.0225677428937241,0.0233107420092386,0.0239109149309852,0.0243511753529158,0.0247053474782669,0.0249681464476313,0.0250260243894369,0.0249281226101638,0.0248259321000291,0.0246665930067246,0.0243010439968861,0.0237672673026144,0.0232006101611426,0.0226906779540297,0.0221521893487882,0.0214355069306547,0.020605361621249,0.0196898104260312,0.0188515863156858,0.0180482271698275,0.0172590138484028,0.0165088359429056,0.015694348987633,0.0148362649655036,0.0139922544782064,0.0131711820465952,0.0123692167961662,0.0115918178863544,0.0108376452037207,0.0101149786978429,0.00942121417851454,0.00875836569974627,0.00811855498969073,0.00750282941784795,0.00690574702641128,0.00632942579152343,0.00576682865128298,0.00520930036813708,0.00464858478067592,0.00411001527100269,0.00358683295441411,0.00307864475424068,0.00258438948697021,0.00207618018281888,0.00154066919512994,0.000972172287770508,0.000392224527577616,-0.000176792270704305,-0.000756529543830329,-0.00137865975154714,-0.00205638374349821,-0.0027503135396771,-0.00344027419712966,-0.00417016175966376,-0.0049700231787065,-0.00578607965774916,-0.00660472618067229,-0.00748017282600231
-0.00706764676413487,-0.00799542178701569,-0.00894988701592316,-0.0099143626635329,-0.0109289525689765,-0.01196639995014,-0.0130080647529699,-0.0140763576045326,-0.0151426080339847,-0.0162101835843194,-0.0172690752789858,-0.0183011171056276,-0.0193206842261995,-0.0202918393699355,-0.0212123499630074,-0.0220971346156345,-0.0228923889167456,-0.0236171873017551,-0.0242719318037049,-0.0248100419189588,-0.0252474676978337,-0.0255880982498739,-0.0257954526705125,-0.0258708492874504,-0.0258219199873758,-0.0256397826768786,-0.0253127475470549,-0.0248405373031859,-0.0242233725757426,-0.0234638101569297,-0.022562527851162,-0.0215237301048474,-0.0203499830120001,-0.0190449579997029,-0.0176127225788123,-0.0160679630626033,-0.0144319680547244,-0.0127015658478051,-0.0108628170879522,-0.00896833353738362,-0.00704402886864951,-0.00502788148621635,-0.00299235146882478,-0.000989914237949396,0.00108700314421837,0.00312273076667462,0.00508416332575537,0.00709556022714518,0.00899643953938838,0.0108035904498444,0.0126202949581021,0.0142760696476576,0.0158248035066655,0.0173322019677813,0.0186656435854468,0.0198688515863862,0.0209818947071423,0.021940586337129,0.0227551081369563,0.0234262082156443,0.0239678926010516,0.0243990330593663,0.0246480930131726,0.0247288618174842,0.0247640742429085,0.0247132459483434,0.0244359901400731,0.0240032363265781,0.0235803804833672,0.0231442548893423,0.0225757210690455,0.0218061232316074,0.0209423467958458,0.0201545948894677,0.0193944000545023,0.0186531611357618,0.0177849297270251,0.0168535507260679,0.0158956715152157,0.0149019380599834,0.0139900850449956,0.0131499287905593,0.0123328057594662,0.0115395310939209,0.0107799541876238,0.0100537383301233,0.00936452402401569,0.00870610111891042,0.00808072383219434,0.0074858872805688,0.00692658721512133,0.00639864691518351,0.00590228363292458,0.00543065081112714,0.00498489695636852,0.00456796675091128,0.00418006040459902,0.00378883582499642,0.00339347853836542,0.00298707730983875,0.00256231703976885,0.00214043216339839,0.00172542915873536,0.00131634564191565,0.000883004244435509,0.000396687413939721,-0.000126941179691973,-0.000661029006731842,-0.001198737944507,-0.00178439344527538,-0.00244180660863602,-0.00312807847863965,-0.00381665948996721,-0.00456332214215602,-0.00538099881808089,-0.00621268445736552
-0.00495295512441069,-0.00579747597966003,-0.00669960457165648,-0.00766836452593083,-0.00865567310554261,-0.00968076771572482,-0.010750973268814,-0.0118308943127996,-0.0129363295381663,-0.0140476236723033,-0.0151589308747883,-0.0162700346412467,-0.0173476664216585,-0.018408571425057,-0.0194338309945815,-0.0203877602480389,-0.0213041750636314,-0.0221414933887565,-0.0228799454304446,-0.0235463081673931,-0.0241049319699716,-0.0245346317014036,-0.0248563934761062,-0.0250535023861191,-0.0251062716379417,-0.0250134585676248,-0.0247792896475167,-0.0243983070690021,-0.0238680177088587,-0.0231858224250069,-0.0223544890949843,-0.0213753707032631,-0.0202549509803092,-0.0190007124836308,-0.0176230198917039,-0.016123469055037,-0.0145002170151526,-0.0127780126271606,-0.0109939971844899,-0.00911930510064531,-0.00715594224126329,-0.00519413154552589,-0.00318793095117757,-0.00111537024546995,0.000884971695292139,0.00290314947999505,0.00493985878519232,0.00684216200924517,0.00874639673252104,0.0106056742066321,0.0122923666692072,0.0139569198020093,0.015519892445098,0.0168984548858915,0.0182100868334526,0.0193944338406245,0.0204005877056484,0.0212852947440231,0.0220310579986322,0.0226344952543752,0.0230806312213311,0.0233537552077596,0.0235315582818232,0.0236067849441876,0.0234657083950017,0.0231644257190749,0.022858628797823,0.0224910753339584,0.0219133026066997,0.0211713893120895,0.0204064183048919,0.019707626692445,0.0189871520173283,0.0180969328366431,0.0171100839554316,0.0160573817622301,0.01510639279871,0.0142101108516862,0.0133499703758465,0.0125525078362322,0.0117133314095711,0.0108572801472245,0.010044032774036,0.00928086646582639,0.00856330403072242,0.00789555206296295,0.00727559050993982,0.00671021957663773,0.00619561210522151,0.00573186150491051,0.00530964259012922,0.00492811481521009,0.00458034485897666,0.00426644764148508,0.00397771462089757,0.00370294761284317,0.0034327049677987,0.00319121114443578,0.00296836197068631,0.00276193848981851,0.00256889491548115,0.00235825916037866,0.00211622529359569,0.00183545147099607,0.00153775129079667,0.00124251889327087,0.000924899402754706,0.000551323518626189,0.00010916106645371,-0.000361688320456613,-0.000843533142552033,-0.001384629460569,-0.00201381687722558,-0.00267545777593232,-0.00335919836888795,-0.00412251822713575
-0.00168819991606291,-0.00247204446931348,-0.00330906308927113,-0.00418584420965679,-0.00514354603570945,-0.00615242252867198,-0.00719476651005739,-0.00829336462427139,-0.00941706112200191,-0.0105700136690686,-0.0117396240896587,-0.0129072605108617,-0.01408577071834,-0.015236027347086,-0.0163555902675807,-0.017456699825916,-0.0184815386131033,-0.0194499444069411,-0.0203576351331892,-0.0211553717943908,-0.0218584969002933,-0.022467446801806,-0.0229422935379207,-0.0232839855922248,-0.0234975090552851,-0.0235716754131694,-0.0234927769503723,-0.0232597775904413,-0.0228712414787143,-0.0223290003806691,-0.0216324632503851,-0.0207856675703065,-0.0197904444258142,-0.0186508427401509,-0.0173709057409451,-0.0159664563029585,-0.014458868647763,-0.0128452228738039,-0.0111128789954164,-0.00931802967335578,-0.00748514414143612,-0.00555291763875914,-0.00359991515902018,-0.00167693604308084,0.000324453000434557,0.00227935142640702,0.00415950973208988,0.00608787249370189,0.00789528507342323,0.00960499258984702,0.0113174140448943,0.012854745022817,0.0142783156689861,0.0156495519002062,0.0168320590893375,0.0178744699954499,0.0188151202708191,0.0195877995889534,0.0202055239282221,0.0206686827221414,0.0209934776687985,0.0211988919853237,0.0212129741309245,0.0210542598484952,0.0208498121370101,0.0205553901490263,0.0200317799534378,0.0193585860398989,0.0187059858559047,0.0180469776904743,0.0172627226475246,0.0162898337029395,0.0152436878223873,0.014297337883254,0.0133994372729025,0.0125428493112056,0.0115819820319197,0.0105885380606846,0.00960101366648837,0.00861040614342378,0.00773837414347695,0.00697100589010117,0.00625895637679335,0.00560373515890576,0.00501531173782892,0.00449197339067075,0.004036291615843,0.00363999156227507,0.00330400292216855,0.00302359437440654,0.00280215770639508,0.00263279891578736,0.0025138402968518,0.00243562793954317,0.0023976525670669,0.00240044527004212,0.00244156790158081,0.00248479669057062,0.00252904719251081,0.00256411706565789,0.00258109146476814,0.00259949185540011,0.002620040351614,0.00263909466018844,0.00262302447896812,0.00254172726447425,0.00241126876423283,0.00225648139911284,0.0020811878672975,0.00183697714601359,0.0015006515190334,0.00111624727556249,0.000707038427497544,0.000212453394985322,-0.000378181342404132,-0.00100713088132366
0.00276338979720408,0.00215997945914344,0.00145853511112045,0.000651757242975516,-0.000211377426570005,-0.00115375825013756,-0.00218055098932422,-0.00325605909837371,-0.00439655031010382,-0.00558041388541601,-0.00680143237522785,-0.00805760230561655,-0.00931314855063812,-0.0105849773064163,-0.0118492319960576,-0.0130692630342387,-0.014277188370341,-0.015426183126061,-0.016495377911347,-0.017509397347654,-0.018427011331781,-0.0192260760994665,-0.0199249947121609,-0.0205030731638447,-0.0209379048316155,-0.0212269087709236,-0.0213715304782619,-0.0213641797136557,-0.0212001602880708,-0.0208757222367989,-0.0203920609390119,-0.019749801780518,-0.0189543688153318,-0.0180130479513839,-0.0169354929146545,-0.0157233768357465,-0.0143750343007986,-0.0129171289839839,-0.0113863608206389,-0.00975318624709948,-0.00802299904690786,-0.00628858112893598,-0.00449989363804071,-0.00264087511566437,-0.000852996172833171,0.000959317138790467,0.00278883427942067,0.00448076446487307,0.00617794515629724,0.00782298477109964,0.0092901816511687,0.0107341174892353,0.0120663585302302,0.0132068966726466,0.0142764418883889,0.0152082139514977,0.0159540953964621,0.0165724587246978,0.0170445635580069,0.0173681560540009,0.0175288176241807,0.0175126560226999,0.0174014756892199,0.0171858906008937,0.0167528261783348,0.0161659927012028,0.015585171905246,0.0149487244890781,0.0141098266097868,0.013123349488195,0.0121362407899619,0.0112371286714479,0.0103363438448285,0.00928810859609586,0.00817447701756801,0.00702902263397607,0.00602434872576565,0.00510908540717582,0.00426734753993467,0.00352764323556591,0.00278459604466717,0.00206728294884548,0.00143709649334183,0.000899265995069746,0.000448248073375954,8.63594932886323e-05,-0.000189701022278202,-0.00037542400526126,-0.000476538291219032,-0.000495729275813995,-0.000444429894056631,-0.000326196112626992,-0.000150138755982709,8.10175555428683e-05,0.00035611803775429,0.000660392826087857,0.000982464822883741,0.0013444012409961,0.00173143524140917,0.00213857450177816,0.00255959078112576,0.00295922167627675,0.00332231572867944,0.00363865488645914,0.00392944081919929,0.00420948017710649,0.0044495996986173,0.00461341055183605,0.00468813655610815,0.00471310733689214,0.00470210392664208,0.00460137888840527,0.00438304411047928,0.00410359716302505,0.0037686147291981,0.00331665275456708
0.00871335217015148,0.00827843641142618,0.00774348202745212,0.00711708817525132,0.00635678453629652,0.00549441681339461,0.00454590575225541,0.00348793537567502,0.00235403298687936,0.00113896424957527,-0.000141736890459838,-0.00146913792077174,-0.00285394797775593,-0.00425343058194675,-0.0056646705927888,-0.00709612964984126,-0.00848536157038148,-0.00985238706502102,-0.0111866764172005,-0.0124356995062062,-0.0136131260014567,-0.0147144586585784,-0.0156952491057064,-0.0165550771485482,-0.0172947274342453,-0.0178995088416884,-0.0183524520089871,-0.0186506171807219,-0.0187895634992455,-0.0187692300962527,-0.0185865011475106,-0.018244199196944,-0.0177422448373317,-0.0170841004937377,-0.0162727219100422,-0.0153241905455495,-0.0142588817317332,-0.0130733388043002,-0.011755657357756,-0.0103648795230659,-0.00892276613545223,-0.00736873864931347,-0.00578708325479672,-0.00422544575265107,-0.0025748661694005,-0.000969398053680123,0.000569305870645807,0.00216182267625083,0.00363082546799239,0.00500735583674445,0.00638773080260934,0.00758751608736572,0.00867645880232276,0.00971049235136065,0.0105502628934212,0.0112497441494299,0.0118449523335925,0.0122680014339831,0.0125350485258761,0.0126460161393423,0.0126195650193748,0.0124746033112769,0.0121391621251761,0.0116369648506463,0.0110991604521418,0.0104776453912253,0.00963531424765565,0.00866083109076338,0.00772896911399729,0.00680894078835296,0.00578297928042338,0.00459376466803565,0.00336517914615677,0.00227331696824925,0.0012643991062982,0.000333415148357102,-0.000664047274820684,-0.0016481396433152,-0.00257796608607062,-0.00346203897617832,-0.00417405562867044,-0.00473157331549954,-0.00518411507024965,-0.00552962858462021,-0.00575817955291166,-0.00587334306107322,-0.00587401015332773,-0.00577115574315665,-0.00556564601186202,-0.00526511061158735,-0.00486824866173324,-0.00438533838779642,-0.00382049168073288,-0.00318697517922602,-0.00248766564265302,-0.00172547320255467,-0.000906641018888367,-7.26483761486136e-05,0.000774182387981618,0.00161852919736258,0.00244860892874283,0.0032805754341381,0.00411015209334349,0.00492951185603233,0.00569996121173781,0.00638877545698669,0.00701099930080397,0.00758762990205014,0.00811784337006742,0.00854767596002764,0.00885373902168296,0.00907980522688017,0.00924397232232838,0.00927959477132126,0.00917787227153125,0.00899576777279977
0.0160759822247473,0.0159419506171567,0.0156447248847385,0.0151785002350186,0.0145920791711774,0.0138580075531068,0.0129734753155632,0.0119737521751111,0.0108420978054856,0.00960214542558828,0.00826052334007065,0.00682154471743387,0.00532382631700869,0.00375082936722999,0.00213258206972581,0.000506940631725322,-0.00115505634073887,-0.00280013989519493,-0.00440553964741068,-0.00599212866668072,-0.00751151831890371,-0.00893968582495795,-0.0102906142542268,-0.0115380913058982,-0.0126556082976119,-0.0136378456243894,-0.0144817240443786,-0.015176110534122,-0.015712592778399,-0.0160849778516467,-0.0162914071442784,-0.0163305600924513,-0.0162054274017243,-0.0159219885268028,-0.0154879306004336,-0.0149040709476254,-0.0141679588191884,-0.0133073733957018,-0.0123573147399703,-0.0112870654396979,-0.0101051294822367,-0.00890568556877792,-0.00763382275196377,-0.00628012763633149,-0.00498743657408357,-0.00365437941758914,-0.0022970494554311,-0.00107048552682022,0.000174489956728054,0.00136888363564478,0.00239076809831301,0.00339790110144307,0.00429235775306254,0.00499814836265619,0.00563842661425717,0.00613949943283462,0.00645686195664246,0.00664987514997827,0.00669848942331681,0.00660154753226681,0.00634512997926026,0.0059172420179821,0.00540364437938109,0.00479241494525282,0.00397186673006077,0.0030133817603204,0.00208037590844966,0.00110689286848455,-5.12437549809841e-05,-0.0013301120518986,-0.00257689604887099,-0.00370375565644215,-0.00480076890192445,-0.00601084456892027,-0.00724243201909272,-0.0084588373706588,-0.00948174465255169,-0.0103656852134486,-0.0111228858187575,-0.0117216134962464,-0.0122673628407603,-0.0127260979233234,-0.0130341761355359,-0.0131879961318217,-0.0131939441751068,-0.0130516467583099,-0.012765682178384,-0.0123342404234356,-0.0117652545710248,-0.011064722623832,-0.0102465147455362,-0.00931741256614617,-0.00828909239787268,-0.00716792414828474,-0.00596845022184058,-0.00471039374509843,-0.00340822869918911,-0.00204379933697435,-0.000638560970444457,0.000797980723225501,0.00225431253953216,0.00368876953111562,0.00508308556024483,0.0064219344591534,0.00772417405881834,0.00899749467989024,0.0102065302838629,0.0113103611793199,0.0122945780372577,0.0131959996594621,0.0140223380790486,0.0147126521040216,0.0152392273777868,0.0156576547219394,0.015966729441521,0.0161000342297127
0.0249642275139352,0.0251060360026422,0.0250747449333583,0.0248724924000189,0.0244554547382455,0.023857180397405,0.0230910299122097,0.0221332802232482,0.0210198413648117,0.0197443079491884,0.0183257860814423,0.0167836044633226,0.0151102489195233,0.0133527031285019,0.0115150862665253,0.00959428548107266,0.00765828968984685,0.00568803776568973,0.00370239031353008,0.00175809894308704,-0.000155146162908703,-0.00202594004906878,-0.0038038814568075,-0.00548569208576256,-0.0070659126754224,-0.00852475559900293,-0.00984038956293798,-0.0110064398310408,-0.0120137538673505,-0.0128589662686921,-0.0135349082879828,-0.0140419206258562,-0.0143766617110171,-0.0145409359552277,-0.0145354467024588,-0.0143755736292249,-0.0140795716698411,-0.0136427588624416,-0.0130535124661506,-0.0123729749622536,-0.0116190974771765,-0.0107324297336616,-0.00980253718790793,-0.00887266387854656,-0.00783431788398094,-0.00683053645639446,-0.00587495215195597,-0.0048511960074846,-0.00394406202515509,-0.00311394622321459,-0.00227057139138406,-0.00160413820128598,-0.00103622519294209,-0.000518141137051457,-0.000191366350525628,3.1720031030257e-06,9.81242213676163e-05,2.40858975991327e-05,-0.000199815849395415,-0.000574577379368438,-0.00107917312520689,-0.00169525399014512,-0.00249456520654335,-0.00344818468443914,-0.00442153348267545,-0.00546651957558674,-0.00671725196921104,-0.00807617198887953,-0.00936417978458779,-0.0106152866540297,-0.011945108810495,-0.0134040025391139,-0.0148598659596796,-0.0161325858004391,-0.0172770110904149,-0.0182947290820719,-0.0193274179325927,-0.0202865517752423,-0.0211268466977095,-0.0218552137181649,-0.0223384672122389,-0.0225961361567156,-0.0226763964161895,-0.0225762772765098,-0.0222852027401401,-0.0218084282708026,-0.0211460974365367,-0.0203123783299728,-0.0193103772920127,-0.0181513509455244,-0.0168365760828187,-0.0153802500521569,-0.0137892350049188,-0.0120814582849668,-0.0102635984484826,-0.00834378370811799,-0.00633384688965177,-0.00428290500392918,-0.00219637679363962,-9.77026407994541e-05,0.00199630961462151,0.00409578233616,0.00618891099494734,0.00826141819714215,0.0102671609913621,0.0121688995003186,0.013978553102722,0.0157109203498061,0.0173584841623244,0.0188598165511044,0.0201901541483818,0.021391118734277,0.0224733292979456,0.0233626725016528,0.0240517087734159,0.0245947792120816
0.0349973496307535,0.0355314031519166,0.0358114915339033,0.0358332248051441,0.0356441666154776,0.0352118056708775,0.0345361133372766,0.0336512509197801,0.0325402871356145,0.0312290876019565,0.0297249657645616,0.0280354059236249,0.026202304761795,0.0242104113957966,0.022097374392881,0.0199027231388212,0.0176025428722468,0.0152579357249149,0.0128946605081576,0.0104976738258292,0.00812419564625256,0.0058012710123021,0.00352156915565734,0.00131850502005161,-0.000775786219850679,-0.00275164455643259,-0.00459956392734753,-0.0063034544859816,-0.00784965829801371,-0.00922823906903248,-0.0104328403350659,-0.0114591054022485,-0.0123063874852217,-0.0129784601779783,-0.0134800092399383,-0.0138103748689926,-0.0139656856451015,-0.0139743122172364,-0.0138686735862545,-0.0136169723296636,-0.0132309663859102,-0.0128052725253861,-0.0122800788374581,-0.0116539045283013,-0.0110694842859715,-0.0104203889338524,-0.00973287422925574,-0.00916072719946829,-0.00854970922166942,-0.00798166781647955,-0.00757313801357205,-0.00716520485904404,-0.00686565991277637,-0.00674567252295001,-0.00668126282680588,-0.0067534772758963,-0.00700273322136532,-0.00736989541769334,-0.00787646754625338,-0.00852277029762664,-0.00932231540720704,-0.0102853997329348,-0.0113227354631357,-0.0124489999734046,-0.0137735681173943,-0.0152177662310379,-0.0166148703975104,-0.018034384918773,-0.0196166559300437,-0.0212886649578661,-0.0228909584988593,-0.0243357344814347,-0.0257109317645542,-0.0271560218543434,-0.0285686211053587,-0.0299077400840622,-0.0309874142145817,-0.031862363203005,-0.0325392780122136,-0.032980245195017,-0.0332888462457254,-0.0334237796466607,-0.0333178973363491,-0.0329684192291157,-0.0323818349384559,-0.0315593760682647,-0.0305073748235432,-0.0292279354026033,-0.0277325264732243,-0.0260319611477329,-0.0241436178977948,-0.0220782601994349,-0.019850549878604,-0.0174721089149541,-0.0149637143406926,-0.0123523223393516,-0.00965678859830239,-0.00686606105294215,-0.00401100971576433,-0.00110816764800272,0.00182287784810709,0.00473157459414771,0.00759439745294908,0.0103887024045197,0.0131290968421662,0.0158135918122659,0.0183990044864698,0.0208385409918018,0.0231147590376052,0.0252600629936587,0.0272740741368921,0.0290873053864315,0.0306716479503421,0.0320801784654655,0.0333031011903646,0.0342685226063658
0.0459094948758329,0.0467725345981431,0.0473699675043258,0.0476961064246273,0.047705922149044,0.0474345844655823,0.0468918962529578,0.0460541291123912,0.0449592561043786,0.0435998280894456,0.0419990038650742,0.0401767511629007,0.0381296123393612,0.0359095058219006,0.0335223528145988,0.0309721902056805,0.0283330394136847,0.0255883674368316,0.0227671887679072,0.0199313822854386,0.0170755773690477,0.0142201856247964,0.0114225404591739,0.00869043040524308,0.00603724873364248,0.0034893958233389,0.00107472954141201,-0.00119555623486641,-0.0033064516191423,-0.00525004948988686,-0.00701423099011054,-0.00859594473873082,-0.00998795994898276,-0.0111897486079381,-0.0121993522413006,-0.0130309373944081,-0.0137003893631593,-0.0142015730128396,-0.0145237003272968,-0.0147295703303204,-0.0148332339985493,-0.0147773714574803,-0.0146569018262868,-0.0145100729403926,-0.0142309995262887,-0.013971356832333,-0.0137363412999244,-0.0134163478982616,-0.0132028733458007,-0.0130477725764302,-0.0128695481499207,-0.0128626357221213,-0.0129406481605759,-0.0130640866491593,-0.0133755791899395,-0.0138116031785418,-0.0143441296352759,-0.0150435978177522,-0.0158883871845319,-0.0168804080332916,-0.0179965693399077,-0.0192191052806494,-0.0206190428071859,-0.0221620939562481,-0.0237107872230796,-0.0253194853671687,-0.0271182468376012,-0.0290006675323457,-0.0307829102101951,-0.0324999338131394,-0.0342633150106511,-0.0361146711118934,-0.0379140141541652,-0.0394742104664515,-0.0408479424276194,-0.0420310645293633,-0.0431600765011163,-0.0441369863651547,-0.0449082006653966,-0.0454770034627591,-0.0456996994993504,-0.0455935347009535,-0.0452049143967818,-0.0445306287155447,-0.0435595515358584,-0.0422999243042345,-0.0407558202428502,-0.0389475182279014,-0.0368832923368076,-0.0345805558012519,-0.0320453649219484,-0.0292973428895491,-0.0263474698812293,-0.0232205634134966,-0.019930853763294,-0.016493002849421,-0.0129258339388582,-0.00928976579183124,-0.00559458192662345,-0.0018749142325214,0.00184602174736772,0.00557049845295771,0.00927788574075354,0.0129463953394414,0.0165206316816914,0.0199590170268629,0.0232695749939236,0.0264599252866711,0.0295144522608849,0.0323635472976549,0.0349808092627336,0.0374049592026137,0.0396373250597793,0.041596177976536,0.0432753607753058,0.0447253201119068
0.0569019382165071,0.0581821441111553,0.0591082983818845,0.0596779570725812,0.0599355254943726,0.0598433957212671,0.0594036232372282,0.0586487155798599,0.0575609647102104,0.0561687592363497,0.0544793809245842,0.0525044566749937,0.0502883546603757,0.0478183923522592,0.0451401263920251,0.0422952440746373,0.0392660082290268,0.0361227301853903,0.0328941361708426,0.0295734086734745,0.0262269948536915,0.0228862800060008,0.0195517817065901,0.0162657193483278,0.0130661458182615,0.00996871928721829,0.00698999465597893,0.00415224638894062,0.00147454411292141,-0.00102834440135022,-0.00334552729919548,-0.00546886752160337,-0.00739432923852973,-0.00912293504377459,-0.0106568256314775,-0.011993593628569,-0.0131288999572193,-0.0140912967562614,-0.0149113815374881,-0.0155567668783461,-0.0160439263810953,-0.0164667384042869,-0.016762373958539,-0.0169384895914621,-0.0171369390817068,-0.0172476861367089,-0.0173089934639702,-0.017471466364647,-0.0175787921593323,-0.0177257622749404,-0.0180227861995229,-0.0183117814913394,-0.0187104013537958,-0.0192840411124889,-0.0199101853444071,-0.020676252719104,-0.0216185223222751,-0.0226785943544114,-0.0238793913331261,-0.0252195669697746,-0.0267123717951033,-0.0283653521868511,-0.030086084192198,-0.0318903694717105,-0.0338840946769765,-0.0359807602408375,-0.0380098339676051,-0.0400411031514639,-0.0422096637238124,-0.0444322056068303,-0.0465409046594932,-0.0484446550598202,-0.0502249213317736,-0.0520166115483962,-0.0537045468179359,-0.0552402772468031,-0.0564278767998223,-0.0573169200326102,-0.0579085205496822,-0.0581537291200092,-0.0581533557925078,-0.0578568187570311,-0.0571934384288992,-0.0561617353451099,-0.0547735592992969,-0.0530368865918524,-0.050966484712808,-0.0485726658912767,-0.0458754321267853,-0.0428935989188944,-0.0396523878849275,-0.0361694579253543,-0.0324663167112452,-0.0285607739648419,-0.0244810987212402,-0.0202617349459756,-0.0159279924119501,-0.01147585153983,-0.00694769851263588,-0.00236626091987088,0.00223984253956483,0.00681182479274186,0.0113225666601305,0.015741538358035,0.0200799809506797,0.0243283600735159,0.0284361899740923,0.0323513985779089,0.0360534065867096,0.0395710437073179,0.042894985919836,0.0459479829149683,0.0487018698177583,0.0512070607691625,0.053443296382247,0.0553339579081091
0.0673359597043891,0.0689391566421008,0.0701901287351218,0.0710743250062065,0.0715444568187485,0.0716365029642136,0.0713541692267306,0.0706740708909692,0.0696340927599567,0.0682258093656375,0.0664751328086542,0.0644024751836124,0.0620078663020972,0.059348420275099,0.0564309316462744,0.0532682687283813,0.0499392276102926,0.0464313550506769,0.0427839601182086,0.03906466560534,0.0352732829723203,0.0314409704832324,0.0276312227679015,0.0238578741409217,0.0201422121176311,0.016518336878532,0.0130194733365929,0.00966273849154112,0.00646827546328295,0.00344931255889463,0.000621873127266997,-0.00200709933918345,-0.00442775009465022,-0.00663696638813902,-0.00863163699635947,-0.0104245093791426,-0.0120305953930852,-0.0134425385265787,-0.0146524732348499,-0.0157242969085327,-0.0166697933542471,-0.0174349598221765,-0.0181209363258279,-0.0187603423249777,-0.0192534773606889,-0.0197589220222186,-0.0202746653039441,-0.0206997174088693,-0.0212313159862935,-0.0218127782007528,-0.022374228492802,-0.0231110410732751,-0.0239309880955253,-0.0248036214594315,-0.0258715890183471,-0.0270666414020445,-0.0283662013808205,-0.0298392803700127,-0.0314623842565281,-0.0332365660306573,-0.0351367062932404,-0.0371433557445389,-0.0393257330146176,-0.0416423083432887,-0.0439525001162859,-0.0463086796031257,-0.0488354451740768,-0.0514157370714749,-0.0538588729632691,-0.0561951579002721,-0.0585303204070218,-0.0608934888235791,-0.0631365700473403,-0.065058199187962,-0.0667060633674167,-0.0680655864122883,-0.0692684432430261,-0.0702074197612699,-0.0708193039254848,-0.0711031727096793,-0.0709023293806786,-0.0702305209541743,-0.069134659698181,-0.0676172871562381,-0.0656783373765111,-0.0633405755909782,-0.0606232340816691,-0.0575600037229761,-0.0541712785418952,-0.0504846577939921,-0.0465160943086359,-0.042293863458281,-0.0378370296194863,-0.0331756967149818,-0.028327843384009,-0.0233122889908963,-0.0181562784130691,-0.0129269612523379,-0.00763820214985849,-0.00233226810472382,0.00296370607690871,0.00824834240456505,0.0134958378369331,0.0186797999375385,0.0237382623496918,0.0286308142147637,0.0333634895281898,0.0379386038135033,0.0423331557446747,0.0464718197769651,0.0503275825030263,0.0539372735128701,0.0572919552164135,0.0603034471897863,0.0629663652105556,0.0653263769078855
0.0761926436671571,0.0782026719871608,0.0797813273817857,0.0809272594599528,0.0816781275938972,0.0819898881324036,0.0818646535635389,0.0813311852726442,0.0803691349193275,0.0790081312112452,0.0772533884982459,0.0751202070110881,0.0726533412389468,0.0698427896862548,0.0667408049199597,0.0633906350528221,0.0597808013385117,0.0559904906275892,0.0520505280457225,0.047963493810228,0.0438039731515046,0.0396078724147566,0.0353835906307602,0.0311821858218623,0.0270466604825856,0.0229989908837639,0.0190619293427067,0.0152637767961497,0.0116278519854962,0.00817337542763539,0.00491439884886197,0.00186232785143603,-0.000976948884733714,-0.00360237985190606,-0.00601524308012408,-0.00821227857127049,-0.0101904072406394,-0.0119790392318363,-0.0136081798125385,-0.0150463359959029,-0.0163160889909865,-0.0175101457225085,-0.0185651058538857,-0.0194983271061354,-0.0204499456148939,-0.0213083125463988,-0.0221243338100756,-0.0230431104648389,-0.023909312975507,-0.0248290691483348,-0.0259052101848782,-0.0269823598155316,-0.0281862233171608,-0.0295744550583482,-0.0310273777249596,-0.0326359254374692,-0.0344311618918372,-0.0363544245790867,-0.0384283331906179,-0.0406479516546742,-0.0430243608795431,-0.0455600792453177,-0.0481580718503486,-0.050831283114421,-0.0536790909415168,-0.056605617621212,-0.0594329414172606,-0.0622248744672959,-0.0651085520265697,-0.067988228713444,-0.0706832435403854,-0.0730936082643673,-0.0752875564304734,-0.077395591165703,-0.0792881049855657,-0.0809068669682414,-0.0820447219154405,-0.0827453480402232,-0.0830123232666004,-0.0827865282146344,-0.0821702549176728,-0.0811061667164438,-0.079525490685397,-0.0774390233919037,-0.0748830068237824,-0.0718907422026016,-0.0685022494253154,-0.0647468435329002,-0.0606606455663654,-0.0562740597185993,-0.0516228117418877,-0.0467314503577473,-0.0416270027775495,-0.0363280602790058,-0.0308631583879734,-0.0252668297338003,-0.019565255797432,-0.0137551583083765,-0.00788658145700118,-0.00198093703770403,0.00392989314497042,0.00978702430137339,0.0155656866648034,0.0212351201079711,0.0268088760043963,0.0322741470018514,0.037577261126415,0.0426653262073995,0.0475170497452174,0.0521600092024434,0.0565760342567045,0.0606815693984779,0.0644489877945419,0.0679254871942206,0.0710782985014393,0.0738263678616793
0.0828445023988697,0.0851694228118599,0.0870941114816893,0.0885919887428969,0.0896114033960599,0.0901859004997581,0.0903097503377658,0.0899580031306049,0.0891651356558373,0.0879197902654418,0.0862481576773535,0.0841690281724966,0.0816845135564281,0.0788548823084973,0.0756864283486709,0.0722003328112496,0.0684778983001545,0.0645107051512569,0.0603473537191856,0.0560597793473613,0.051652587869855,0.0471670437379661,0.0426710586996137,0.038184071405792,0.0337341666600943,0.0293619393477401,0.0251043255469751,0.0209833712748175,0.0170226901383519,0.0132395245229135,0.00965186506517575,0.00626919529320471,0.00310204171517118,0.000154703574434979,-0.00257045818618093,-0.00508601816158538,-0.00740774285525618,-0.00952856995474463,-0.0114451833405834,-0.0132226263279713,-0.0148718241369513,-0.0163438277177768,-0.0177453570930997,-0.0191034289502811,-0.020326888931296,-0.0215785073086848,-0.0228497492886894,-0.0240492351773082,-0.0253765058192696,-0.0267668162395602,-0.0281619475060119,-0.0297538540353654,-0.0314455327509153,-0.0332134674390634,-0.0351968604547217,-0.0373220551097278,-0.0395698295794725,-0.0420040835672974,-0.0445978539803606,-0.047348138405014,-0.0502253601777381,-0.053204468929607,-0.056349181889503,-0.0596079082440562,-0.0628332826393262,-0.0660685554875037,-0.069429494201097,-0.0727856212736703,-0.0759330683124098,-0.0788895884159224,-0.0817520968891639,-0.0845342439404074,-0.087080180147341,-0.0891658108533613,-0.090832273568605,-0.0920551027963931,-0.0929671916055427,-0.0934656691773582,-0.0934876642223438,-0.0930432008009663,-0.0919627447982135,-0.0902557077525962,-0.0879807780109388,-0.0851691051894696,-0.0818598849475947,-0.0781186758124538,-0.0740002272719094,-0.0695620179670135,-0.0648388515624954,-0.0598663777856284,-0.0546665390504597,-0.0492706070355521,-0.0436973331036277,-0.0379706244805751,-0.032098592385982,-0.0260897068902687,-0.0199692296905236,-0.0138044186752432,-0.00760468566245171,-0.00141186137093844,0.00475470417866367,0.0109011000206933,0.0170048716698784,0.0230450066920196,0.0289593154931452,0.0347148620141985,0.0403201614296731,0.0457765981289618,0.0510562961292066,0.0560802043452246,0.0608221509172215,0.0653170596187147,0.0695440797962613,0.073408474564033,0.0769045495888393,0.0800702874869531
0.0865555964578408,0.089300404802745,0.0915875868256836,0.0934136569947992,0.094804893887707,0.0957080186648046,0.0961217803239616,0.0960672706283754,0.0955188339493771,0.0945040454879303,0.0930232615712316,0.0910930717135768,0.088755595267367,0.0860020796509345,0.0828889539428928,0.0794587879992235,0.0757055831821992,0.0717147840819743,0.0675176686325256,0.0631253565262858,0.0586180189496983,0.0540344561792432,0.049389709200553,0.0447413464841673,0.0401352386958458,0.0355979007329565,0.0311561934231486,0.0268421592474319,0.0226811586422342,0.0186946829171015,0.0148977702077183,0.011302935190839,0.00791589140790378,0.00473781951303168,0.00176648892750082,-0.00099582118309353,-0.00354880138179944,-0.00592364662686916,-0.00815063848066615,-0.0102008269274892,-0.0121029202427107,-0.0139477541050135,-0.0156729922907719,-0.0173049223125076,-0.0189795770929483,-0.0205855473303083,-0.0221839032542003,-0.0239114334417129,-0.0256151788728811,-0.0274084902293923,-0.0293839087758474,-0.031389280100608,-0.0335530755245934,-0.0359230485837508,-0.038381016669093,-0.0410165475286143,-0.0438525611111614,-0.046827681288242,-0.0499596749425497,-0.0532366191141245,-0.0566628419794263,-0.0602322570884051,-0.0638388272302857,-0.0674861918157531,-0.0712619619419578,-0.0750581074879266,-0.0786812256873747,-0.082180511349987,-0.0856717806442984,-0.0890450383380899,-0.0921000155111015,-0.0947228543746505,-0.096963430767332,-0.0989574415375571,-0.100564597000663,-0.101721507373829,-0.102213112882814,-0.102092431566923,-0.101404419518199,-0.100102608249941,-0.0982992384829659,-0.0959213411582107,-0.0929070833041784,-0.0893129711045539,-0.0852486007752362,-0.0808104005700072,-0.0760806643321204,-0.0711038524121403,-0.0659186643934292,-0.0605524081370662,-0.0550401813946185,-0.0494029895319985,-0.0436598908544851,-0.0378109094821561,-0.0318626231943887,-0.0258298366100656,-0.0197263505624433,-0.0135433583653623,-0.00733381296832694,-0.00110476918295039,0.0051220996895065,0.0113017633330831,0.017422167725993,0.0234614625767944,0.0294438724520601,0.0353576993225262,0.0411501908777411,0.0467711200211379,0.0522009422677219,0.0574672049126538,0.0625422995405656,0.0673363202999577,0.0718213942677391,0.076038828413784,0.0799405456328674,0.0834395878571431
0.0871974168803095,0.0902833615843094,0.0929786667253363,0.0952412458944406,0.0970121560269185,0.0983179685476838,0.0991397343020059,0.0994479592182314,0.0992694642888759,0.098587200831313,0.097424075606889,0.0957943166765401,0.0936995865469191,0.091199909563553,0.0882989654645806,0.0850240174624117,0.0814553822280874,0.0775874796780214,0.0734751947848517,0.0691918667153442,0.0647451432270034,0.060183734411858,0.0555765944091442,0.0509467313851668,0.0463261555269945,0.0417590442329539,0.0372829700643109,0.0329224219875491,0.0287015277282245,0.0246390285005858,0.0207520966806639,0.0170505880430766,0.0135432440770281,0.0102337741730854,0.0071218378260344,0.00419392894038484,0.00143217805570255,-0.00115761783089928,-0.00357740004434767,-0.005892450692322,-0.00811347217255284,-0.0101966114266657,-0.0122517712769971,-0.0142996831563502,-0.0162579009316789,-0.0182884399135539,-0.0203761783755631,-0.02243758085791,-0.0246689757157217,-0.0269971746858034,-0.0293725978757611,-0.0319775552748182,-0.0347102380957992,-0.0375490017793741,-0.0406246295281036,-0.0438559142465136,-0.0472223586003723,-0.0507773281326181,-0.0544871287079167,-0.0583392655243178,-0.0622954439371238,-0.0663184073086046,-0.0704608818169325,-0.0746566569825803,-0.0787446966887084,-0.0827489437153813,-0.0867728940372125,-0.0906687012332615,-0.0942101291869704,-0.0973944227545368,-0.100312032012027,-0.102964193625782,-0.105194608806061,-0.106752479412463,-0.107686413113326,-0.107972882809577,-0.10775756538009,-0.106976584427001,-0.105630314899205,-0.103800120450295,-0.101275957244431,-0.0980135024897917,-0.094095178336074,-0.0896528123717213,-0.0848391245970841,-0.0797997977222289,-0.0746165432459254,-0.0693346869807883,-0.0639630647678168,-0.0585172651203621,-0.0530111716105223,-0.0474696264328339,-0.0418959398318325,-0.0362827444216861,-0.0305965093624768,-0.0248084093641055,-0.0189340561603733,-0.013046890548376,-0.00715071351574351,-0.00127276047958604,0.00459768810553114,0.0104886410381116,0.0163888361635526,0.0222900031256693,0.0281346044691294,0.0339019290986811,0.0396049324336064,0.045246273891461,0.050794299767277,0.0561666639653371,0.061337886044707,0.0663394161372759,0.0711361330661712,0.0756253408321435,0.0797984305247733,0.0836817081394293
0.0846655277301613,0.0882056378055065,0.0913230453031205,0.0940084481446219,0.0962724821830798,0.0980500878779906,0.0993326538439714,0.100129732471474,0.100407433836277,0.100187364687861,0.0994620540239325,0.0982460639601481,0.0965753184222623,0.0944400578731247,0.0918970364911646,0.0889852749142915,0.0857020015983813,0.0821346923693287,0.078312481386258,0.0742522613416908,0.0700356125101215,0.0657013007213178,0.0612680030627804,0.0567957461605018,0.0523298912140639,0.0478982694651657,0.0435284954239845,0.0392529217227877,0.0350958989312723,0.0310782418385689,0.0272133725496507,0.0235124731620914,0.0199791543357307,0.0166129271261939,0.0134093424549729,0.0103685012217015,0.00748750085531125,0.00473350037528229,0.00207624205270823,-0.000458111859629097,-0.00290235191995038,-0.00534348733273765,-0.00772013898117368,-0.0100642361656952,-0.0125039789847955,-0.0149283722709373,-0.017403067190495,-0.0200529627461164,-0.0227266887893153,-0.0255379819161115,-0.0285657008950125,-0.0316592710677766,-0.0349421194050007,-0.0384495753607985,-0.0420612072071653,-0.0458584749021031,-0.0498521417110329,-0.0539738703354888,-0.0582300503212795,-0.0625969019510159,-0.0670652449745838,-0.0716155309938172,-0.0761255175758279,-0.0805807542383461,-0.085051062438978,-0.0894129564240781,-0.0934460315514428,-0.0971760836494428,-0.100708470993915,-0.10392207728013,-0.106594730805961,-0.108603647605539,-0.109982811447772,-0.110902184607873,-0.111244170644989,-0.110961878284582,-0.109801533121394,-0.107853285834764,-0.105368535103234,-0.102407112888874,-0.0990024322397091,-0.0949390735130676,-0.090205590572515,-0.0850487507646175,-0.0797447225943882,-0.0744456353566488,-0.069207619395703,-0.0640048206538522,-0.0588154512418774,-0.0536370208314266,-0.0485026165511997,-0.0434288146624334,-0.0384124154605329,-0.033406020167567,-0.0283567597421241,-0.0232294076883734,-0.0180269563640212,-0.012765120951603,-0.00751034514314442,-0.00222293908128423,0.0031152160661161,0.00848130946247901,0.0138746689598063,0.0192868880946759,0.0247588305633388,0.0302799212407096,0.0357990509203804,0.04126952961383,0.0466743098486232,0.0520413714773244,0.0573325923922749,0.0624508560728784,0.0673664118057388,0.0721120728717192,0.0766222873561628,0.0808025857504775
0.0794444011315714,0.083346627825541,0.0869270295106068,0.0901263417089617,0.0928756051331693,0.0951906723710079,0.0970365068599597,0.0983762071209644,0.0992248725474244,0.0995572832177499,0.0993889905049733,0.0987268236519536,0.0975686434926287,0.0959703911595106,0.0939302753832589,0.0914781713139104,0.0886890277420705,0.0855577746578631,0.082140722222201,0.0785089375061701,0.0746697587084025,0.0706750967390804,0.066590411325686,0.0624392098736877,0.058253051431183,0.054075963601935,0.0499422377362389,0.045875877607555,0.0418979983963491,0.0380263689447571,0.0342744596892204,0.0306508907717415,0.0271605678625017,0.0238058504748077,0.0205825958163134,0.0174766698321069,0.014467895603881,0.0115615155268236,0.00875124793436999,0.00597440807345621,0.00322115868208825,0.000532693383374092,-0.00219985195469885,-0.00498885628143088,-0.00775839925383769,-0.010662736172295,-0.0136794584254802,-0.016728084560891,-0.0199952350169369,-0.023397780332925,-0.0268893083805496,-0.0306354954175436,-0.0345290276623018,-0.0385424115616118,-0.0427928851258461,-0.0471880665511535,-0.0516999815821126,-0.0563648538833544,-0.0611379700515119,-0.065989963441242,-0.0708683935420435,-0.0757147209816759,-0.0805646430064369,-0.0853314725887803,-0.0898318174558518,-0.0940593656205499,-0.0981065055156996,-0.101806099638914,-0.104901465535569,-0.10736778381877,-0.109309729102275,-0.110742775238664,-0.111525057915155,-0.111364085759068,-0.110405615899278,-0.108678938489533,-0.106237461236157,-0.103084656261494,-0.0996133228594313,-0.0961468073088115,-0.0920791921674155,-0.0870987348229162,-0.0815549827980642,-0.0759270901063119,-0.0704876369449249,-0.0653362782639275,-0.0604356299420719,-0.055707668017943,-0.0510825534178584,-0.0465563947980243,-0.042154684805854,-0.037899792779365,-0.0337654962291115,-0.0296902425026602,-0.0255627186754527,-0.0212755069787322,-0.0168609254131003,-0.012480697730315,-0.0081391837662918,-0.00377946733915827,0.000684909389141841,0.00528759512543666,0.0100116453011622,0.0148698404154786,0.0198103182677559,0.0248224686857344,0.0299234058535135,0.0351200585873357,0.0403778263831351,0.0456110269750403,0.0507946958670151,0.055956782184399,0.0610471187585985,0.0659547279367977,0.0706663463031026,0.0751948101981009
0.0719364412872403,0.0762854320089417,0.0803047351661259,0.083976964891931,0.0872945353808625,0.0901793949952984,0.0926119239718999,0.0945876765626104,0.096061523434953,0.0970457346677459,0.0975219123310728,0.0974992310083333,0.0970034705150134,0.096021228951474,0.0946046300348118,0.0927862353989785,0.0905625377040402,0.0880179980264811,0.0851759889359187,0.0820552672480185,0.0787333961852022,0.0752457440437016,0.0716101701301777,0.0678847157896694,0.0641100392447092,0.0603119035343831,0.056514770614845,0.052748226042297,0.0490325641175276,0.0453856833820081,0.0418172995976758,0.0383360147577107,0.0349421740936458,0.0316333853754905,0.0284028376305232,0.0252491364560309,0.0221671847900593,0.0191245219134187,0.0160925469456186,0.0130966023466019,0.0101036405171928,0.00703395310393747,0.00394959210603711,0.000818655765273524,-0.00247493684923793,-0.00581887121869893,-0.00927615005486915,-0.0129559293659417,-0.016706076331854,-0.0206321936026121,-0.0247965107156524,-0.0290466247789598,-0.0334925918982678,-0.0381545853152585,-0.0429046854204981,-0.0478086073154011,-0.0528608980723678,-0.0579804408223908,-0.0631547764402829,-0.0683421745743661,-0.0735122268150246,-0.0786263136359254,-0.0835370793422822,-0.0882022470686407,-0.0926707645249838,-0.0968037029464774,-0.100342707389748,-0.103285469278265,-0.105741629197416,-0.107595174180854,-0.108608669811453,-0.108700518195821,-0.107885290754298,-0.106344561635572,-0.104198494037137,-0.10155533634507,-0.0977059964939716,-0.0927677710750149,-0.0879261013220308,-0.0834828507109696,-0.0786568457256561,-0.0729957034430916,-0.0671462654273324,-0.0616830758671626,-0.0567798945290706,-0.0523654128917344,-0.0483158773700437,-0.0444722455641069,-0.0407677972960968,-0.0372123762823357,-0.0338611506119311,-0.0307103249070829,-0.0277186895802957,-0.0247998859458448,-0.0218409273441396,-0.0187062963029624,-0.0154257007476272,-0.012179628242433,-0.00902180293794894,-0.00570921793385932,-0.00215484268966901,0.00155125301635942,0.00539114879538163,0.00940456230454429,0.0136516648785064,0.0181108591834392,0.0227358494566566,0.0274857675159043,0.0323478425929561,0.0373545653457535,0.042458271543744,0.0475553761419936,0.0526146731357526,0.0576620207514108,0.0626150485644753,0.0673719666515808
0.062930957563839,0.0675914741313018,0.0720521883799572,0.0762395745730665,0.080070028899633,0.0835492688932149,0.0866216173277835,0.0892431134169435,0.0914106995442138,0.0930916478586418,0.0942871311680042,0.0949968754842925,0.0952076999173389,0.0949705363059943,0.0942716925245951,0.0931423888868651,0.0916440482955706,0.0897720360132585,0.0875750478505453,0.0851212962954518,0.0824103042113538,0.0794958318917541,0.0764317941186121,0.0732424223762829,0.0699508205036848,0.0666010148106229,0.0632170463449152,0.05982380490641,0.0564330017756602,0.0530636991623095,0.0497203724582385,0.0464139548279984,0.0431411076547117,0.0399073780344314,0.0367014927146028,0.0335146710228171,0.0303218523291748,0.0271339843536174,0.0239390949447739,0.0206854481549534,0.0173620048626269,0.0140155765063541,0.0105392553252318,0.00693609041074666,0.00327523325888436,-0.00057813867971525,-0.00459781995281669,-0.00869570872607803,-0.0130469549651089,-0.0175519184745259,-0.022165469939405,-0.0270258767221735,-0.0320241686470646,-0.0371131276047287,-0.0423966820484859,-0.0477621207528957,-0.0531721892375947,-0.0586337658868865,-0.0640915624387975,-0.0694855634987336,-0.0747491612240271,-0.0797864649436427,-0.0846171510171674,-0.08912334686285,-0.0930983728391132,-0.0964930484196077,-0.0994105200307031,-0.101659610758295,-0.102959162104338,-0.10327175530653,-0.1027424049062,-0.101537434722911,-0.0995643518170036,-0.0961268990213828,-0.0920092235602906,-0.0876527999210115,-0.0821179877532807,-0.0755304166580527,-0.0697202525215697,-0.0652870345087797,-0.0599394446968267,-0.0537311092501322,-0.0482501876603152,-0.0437538278176115,-0.0399474299249481,-0.0366005145579883,-0.0335899590885579,-0.0308522732366363,-0.0283784774796188,-0.0261464917136459,-0.0241244540097514,-0.0222455660735169,-0.0204745801494717,-0.0187875032650691,-0.0171054074652469,-0.0151541061242999,-0.0130047073812253,-0.0111123652996007,-0.00932314090825185,-0.00727114448120529,-0.00483753631304718,-0.00218789148136826,0.000664099142885502,0.00385636400653811,0.00729282287023887,0.0109555529676649,0.0148867245350647,0.0191049116854471,0.0235727429670939,0.0282058153295926,0.0329797609198374,0.0379267920612736,0.0429826305648281,0.0480325499921246,0.0530577296906239,0.0580622943893935
0.0529499312514118,0.0579572461179369,0.0627754417712444,0.0673906852752234,0.0717638675832985,0.0758160451046258,0.0795003259749208,0.0828098062487592,0.085671294865095,0.0880987554553638,0.0900452309664126,0.0915250669485315,0.092534997179534,0.0930698223541405,0.0931564850547907,0.0928332913869088,0.0920750341738308,0.0909739695522441,0.0895278766027196,0.0877695598823813,0.0857504829303334,0.0835163862118557,0.0810629509041667,0.0784598002066391,0.0757218758696018,0.0728880820993743,0.0699589361791759,0.0669777630470928,0.0639405705944081,0.0608802801065516,0.0577835279538294,0.0546758763607294,0.0515354914938769,0.0483788967019505,0.0451786591585433,0.0419542338074025,0.0386804490658001,0.035348915553372,0.0319148713297537,0.0284271265304549,0.0248359215678741,0.0210939868552473,0.0172449646707898,0.013285351783284,0.00909287691550504,0.00480612864398958,0.000349147239597915,-0.00434550686780954,-0.00914498551074349,-0.0141148680349137,-0.0193232134309262,-0.0245874586327147,-0.0300211339335269,-0.0356018650892537,-0.0412137902642769,-0.046873773482688,-0.0525828481596125,-0.0582134212524247,-0.0637540847783643,-0.0691112841103129,-0.0742550366662939,-0.0790929805244021,-0.0834735743948047,-0.0872881201314385,-0.0906041537293811,-0.0932418076212237,-0.0949374058951799,-0.0956169625104589,-0.0954743017605195,-0.0944530283238544,-0.0921827846678185,-0.0888609929297599,-0.0847026708142438,-0.0789539915661017,-0.0730668000734677,-0.0681174783050189,-0.0611942976404917,-0.0528143061016682,-0.0453589109065522,-0.0387688699615022,-0.0322729434726895,-0.0271286251935758,-0.0238591673860711,-0.0214311770778852,-0.0194046960559076,-0.0174860332340876,-0.0157613223536054,-0.0143479013894278,-0.0133585938403949,-0.0126406040391759,-0.0120282863441906,-0.0113732981222892,-0.010717938236381,-0.010119365059721,-0.00974903245324181,-0.00950219385736446,-0.00922047619436392,-0.00901523697726074,-0.00869150690632457,-0.00777876280430846,-0.00633056688101642,-0.00485377395947444,-0.00320179677636742,-0.00108841415657618,0.00139622058480529,0.00422814275681558,0.00741708369932059,0.010909161869748,0.0147004668833672,0.0188506598907476,0.0232946284137648,0.0279354213601728,0.0327354059273629,0.0377310986546083,0.0428161788178571,0.047894108073441
0.0427218403402758,0.0478943983704619,0.0530133225510175,0.058050112699431,0.0628476348659769,0.0674560039868235,0.0717410461705531,0.0757046131444988,0.0792681101364297,0.0824422956272327,0.0851553831680654,0.0874495466018141,0.0892435972008338,0.0906320870794834,0.0915331294322543,0.0920254687918533,0.0921009540731777,0.0918027091663785,0.0911163989743927,0.0901538965344298,0.0888527488450045,0.0873144313596734,0.0855286684834317,0.0835672609810939,0.0813927082913762,0.0790955886246948,0.0766397759525552,0.0740985448669816,0.0714253499854534,0.0686883259282715,0.0658356427705874,0.0629292260612494,0.0599114753626687,0.0568403033346988,0.0536523545810267,0.0503936434439653,0.0469904021880287,0.0435091676253011,0.0398897766056838,0.0361412622137209,0.0322078615808245,0.028192236898601,0.0239496712040754,0.0195459914398248,0.0150021890723665,0.0102536664014903,0.00528696940514206,0.000248755016777976,-0.00506423829103896,-0.0104915241501531,-0.0160265375167179,-0.0217318595930621,-0.0275382994557592,-0.0333277679512599,-0.0392310602915145,-0.0450687378545969,-0.0508279923232629,-0.0564381235767979,-0.0618711613072169,-0.066989282001932,-0.0717473795855199,-0.0759595985803527,-0.0796703352247064,-0.0826908778742554,-0.0848336337576138,-0.0859558384585912,-0.086273699408047,-0.0855319923214843,-0.0833878934462833,-0.0800786853989168,-0.0753320331911774,-0.069912991555694,-0.0648062197884059,-0.056479054324038,-0.0474644280499409,-0.0396086717951652,-0.0314790362706523,-0.0247768739866004,-0.0172153637088394,-0.00797639560017636,-0.00247258545336709,-0.00104057058916496,-0.000726774891418572,-0.000614358572887351,-0.000561259748375848,-0.0005041108015389,-0.000470736960653524,-0.000424571138146943,-0.000411122352271348,-0.000384595164929369,-0.000387554067174462,-0.000370087761087323,-0.000392739463502775,-0.000456863482294623,-0.000829606585188841,-0.00200129618977187,-0.00382349728268042,-0.00496408191613637,-0.00553026404309856,-0.0058368616690328,-0.00588473261787166,-0.0058712177021526,-0.00546753376292672,-0.00424615649480569,-0.00289806502348504,-0.00117730141069031,0.00101201814959659,0.00367441211499342,0.00675908150248397,0.0102411155377262,0.0140315791145874,0.0182525067107832,0.0227646591597419,0.0275168219645738,0.0324280916298109,0.0375610094435776
0.0326338662451566,0.0379338814108909,0.043228336056623,0.0485300955731783,0.053748415020003,0.0588179057162086,0.0636471562718533,0.0682368513093617,0.0724736698352297,0.076374580570621,0.0798561585934328,0.0829340193458977,0.0855742377693529,0.0877709480939263,0.0895268547859088,0.0908726086709349,0.0917685598682539,0.0922958958222579,0.0924409656323633,0.0922264349730824,0.0916958554266603,0.0908789682368433,0.08977327209719,0.0884283587770262,0.0868637576347944,0.0850962009310113,0.083138279222688,0.081007625783961,0.0787181938519345,0.0762745905470457,0.0736880233018033,0.0709530941013614,0.0680801497254644,0.0650526124529079,0.0618821064291647,0.058550979718951,0.0550804280780429,0.0514244780844724,0.0475942116910617,0.0435921576996996,0.0394309356314409,0.0350209051762479,0.0304728419061697,0.0257306765078259,0.0207566579668519,0.0156247649385544,0.0103501225339495,0.00480799000893647,-0.000781036614360616,-0.00654748994309918,-0.0124492158756894,-0.0183890574992527,-0.0243510095167512,-0.0304029558784456,-0.0362978465791548,-0.0421418853384192,-0.0477861152899634,-0.0532117439664657,-0.0582336319128181,-0.0628829283897988,-0.06693393568137,-0.0704378534346283,-0.0730218031969975,-0.0747277259441928,-0.0754434115492595,-0.0751926249022508,-0.0734432208686116,-0.0704468116221672,-0.0657888564980344,-0.0610475429484053,-0.0539619700277625,-0.0450924298560538,-0.0365744827700032,-0.0274869612588998,-0.0178618185064525,-0.0066438364595263,-0.00157026803752609,-0.000743739349617221,-0.000417435683269541,-0.000155503165951009,-0.000128158878171262,-5.46618336517495e-05,-2.23314724224792e-05,6.87350469143054e-06,-1.76953209668792e-05,-2.3383489151888e-06,-3.36142275858463e-05,-1.48844734685383e-05,-4.13960253237646e-05,-1.98702200333704e-05,-4.69895817649806e-05,-2.98027257957664e-05,-6.16123277012153e-05,-5.4439393986056e-05,-8.45257146134011e-05,-6.79696458199116e-05,-0.000151395823034699,-0.000220485346686,-0.000398529359556778,-0.0012393507242457,-0.00294179549327674,-0.00408277956086813,-0.00478229024781657,-0.00500459030745643,-0.00509571666212329,-0.00447967644379273,-0.00328142570736709,-0.00175736940673647,0.000289665875620098,0.00292594176357089,0.00604147540984403,0.00960234359952626,0.0135210687622358,0.017905998054162,0.022590356390119,0.0275200442873831
0.023238041312199,0.0283757412450251,0.0337840285227635,0.03924405356503,0.0447537721757458,0.050179537723787,0.0555311489565569,0.0606309659807098,0.0655381376261595,0.0700872760062977,0.0743414277183071,0.0781717788750694,0.0816303163983484,0.0846447218882314,0.0872627490812733,0.0894062963645439,0.0911909415686966,0.0925090543413066,0.0934713814093759,0.0940397781644079,0.0942767126358927,0.0941415639480375,0.0937429059080201,0.0930161695856923,0.0920439310581375,0.0907839122315633,0.0893172914228142,0.0875903665671312,0.0856737606010867,0.0835142570465116,0.0811760355034102,0.0786043516157417,0.0758572515710856,0.0728820377529907,0.0697305571629149,0.0663439894497257,0.0627633168377158,0.0589540255273672,0.0549689134732498,0.0507253203658386,0.0462791521819636,0.041639507239953,0.0367773426196903,0.0316739742128917,0.0264530124631645,0.02097937003038,0.0153419172406238,0.00960958262268377,0.00369106590473375,-0.00232707359209568,-0.00833835126938082,-0.0144577506179401,-0.0205295771389978,-0.0264816812156348,-0.0323499058899788,-0.0380002230767994,-0.0433275324772083,-0.0482885807875249,-0.0527793112988824,-0.0566708705409913,-0.0598555647471296,-0.0621154021578241,-0.0634941161725436,-0.0637428368191837,-0.0627263429936023,-0.0601339433622037,-0.0563387158054733,-0.0516964439449189,-0.0440935382707709,-0.0358197718731401,-0.0270935551482017,-0.0163702963997057,-0.00511842377449217,-0.00114088622686675,-0.000364735280510761,-0.00012600395516441,-0.000149250533887706,-6.26439222394276e-05,-5.16223442621527e-05,-0.000117693607415024,-0.000149709994679546,-0.000172140066014352,-0.000135892635715941,-0.000134908107458863,-0.000106724243029398,-0.000119858020966588,-9.6603721433485e-05,-0.000114360607725447,-9.22584758563666e-05,-0.000112942903416091,-9.28778114944894e-05,-0.000116284641179506,-9.73068324634207e-05,-0.00011814766548002,-8.51874145088975e-05,-8.60751087301569e-05,-5.36266803021672e-05,-8.53677500878015e-05,-8.11041046566676e-05,-9.55447007916555e-05,-0.000126865374166218,-0.00029604384382123,-0.000954752862418545,-0.00270135752841361,-0.00405072117347067,-0.00475272095606945,-0.00500372506947299,-0.00486369099001195,-0.00374954854416926,-0.00230361853542478,-0.000221071062508474,0.00245474028342828,0.00575422072017557,0.0094566100310306,0.0136638828072218,0.0182684675720044
0.0146799943652447,0.0196573952890697,0.0248959734080435,0.0303957636999262,0.0360501140000409,0.041776229964457,0.0474573012615723,0.0530820121766433,0.058499607610414,0.0637239065277339,0.0686246902865004,0.0732268959173034,0.0774387914140269,0.0812756960347072,0.0846753107318203,0.0877007316119603,0.0902416330988323,0.0924240243141917,0.0941518387780344,0.0955097093033709,0.0964486194520449,0.0970721151498063,0.0972787879681056,0.0972048879872546,0.0967592311758175,0.0960616025406965,0.0950049152281931,0.0937232399744278,0.0921001953189259,0.0902726430931077,0.0881113815550055,0.0857591653247102,0.083074355968125,0.0802052445962527,0.0770000473096629,0.0736230895444142,0.0699184302105645,0.0660408695189011,0.061811419307735,0.0574489495571145,0.0527608576004374,0.0478997512133709,0.0427459801768124,0.0375056501073248,0.0319032667124819,0.0262887832526118,0.0204150934747918,0.0144708520324134,0.00837590006430762,0.00234991293889328,-0.00388768206512098,-0.00987064329124076,-0.0159272651382678,-0.0217142859933228,-0.0273801081178174,-0.0325522693046124,-0.0375347970307004,-0.0417764345172032,-0.0455977021528407,-0.0484085403836097,-0.0506098948735908,-0.051487797668031,-0.0514810560015753,-0.0496080863349091,-0.0468789010502763,-0.0425190120394238,-0.0358499665967313,-0.0281491475738007,-0.0190807551113561,-0.00833354431537156,-0.00159393114660633,-0.000286956797239321,-0.00011930193053073,-0.000170802437028285,-3.22800033721718e-05,-0.00015394362477726,-0.000144551329539622,-0.000189968352398006,-8.36163429761246e-05,-0.000114228163583543,-8.74127993925684e-05,-0.000116625095383246,-7.00499727750808e-05,-9.20061026092597e-05,-5.97233683707347e-05,-8.46298993461606e-05,-6.03568345162391e-05,-8.35361205058263e-05,-6.20563048440144e-05,-8.36430622776089e-05,-6.50292917463988e-05,-8.68650452894331e-05,-7.03718553579642e-05,-9.13042164133641e-05,-7.15694084991826e-05,-8.81416189099139e-05,-7.51461470155135e-05,-0.000109284618277704,-9.06696999193168e-05,-9.94927564476184e-05,-7.10846622778774e-05,-0.000112855725783107,-9.21470962629367e-05,-0.000145446305753147,-0.000397366625864684,-0.00169251828160304,-0.00346444458790868,-0.00461252602018654,-0.00509873012846575,-0.00506987937076663,-0.0040819613538224,-0.00251319687454713,-0.000344092877466879,0.00260612302523292,0.00612002143090059,0.0101678178303573
0.00743158899556773,0.0119126186430608,0.0168359178770287,0.0222302491812473,0.0278217724652009,0.0337094762168843,0.0396317393084133,0.0456308808236184,0.0515031673019528,0.0572903171382537,0.0628014069509425,0.0681075087925698,0.073015627832914,0.0776466282195968,0.0818121508488348,0.085627521373887,0.0889772518189016,0.0919457574660021,0.0944229881765901,0.0965565085952559,0.0981986836188747,0.0994948971330983,0.100346599183519,0.100874668000139,0.100964050815186,0.1007556125657,0.10013851283692,0.0992413162591462,0.0979492580189763,0.0963904912542728,0.0944500549116772,0.0922539087201515,0.0896866786210496,0.0868752524528768,0.0837037995893168,0.0802931009317606,0.0765224522889435,0.0725339583932101,0.0682221324510349,0.0636839831786717,0.0588211521303909,0.0538147577171009,0.0484923492345704,0.0430072800484384,0.0373334555430458,0.0315169468608703,0.0254993687699385,0.0195185605304953,0.0133545065664381,0.00725466603712778,0.00119344829700898,-0.00476713275350528,-0.0106130643904195,-0.016090388970616,-0.021366744288633,-0.0261325856823142,-0.0304061369898781,-0.0339576960706502,-0.0368281432850681,-0.0386544840556882,-0.0395608565678718,-0.0389496155600047,-0.0372456324591791,-0.0340546869306875,-0.0286174075615592,-0.0221977570226352,-0.0134314147285678,-0.0041782074205452,-0.000679553397904561,-9.51214629792056e-05,-0.00011114365447797,-0.000102270186382254,-0.000103196061807419,-0.000165173623599859,-0.000105838777036166,-8.8854336589008e-05,-0.000128570019091807,-9.965670764994e-05,-0.00012736195659438,-0.000110415602416693,-0.000131845353689823,-0.000113818351173224,-0.000130769508624961,-9.94825992000383e-05,-0.00011503279624439,-8.79230341140289e-05,-0.000107504699320169,-8.34955746620132e-05,-0.00010520014077714,-8.28170587223305e-05,-0.000105800292134741,-8.44936828678195e-05,-0.000107293344198708,-8.38483239963928e-05,-0.000101375474897312,-7.53012010687879e-05,-9.51473080061076e-05,-7.55097801057418e-05,-9.94422698221971e-05,-7.91242858153697e-05,-0.000104259561945672,-9.95604919086525e-05,-0.000103903853909838,-9.31785444433851e-05,-0.000116837283457422,-0.000100874893471469,-0.000266782045010333,-0.00107572544613916,-0.00306966710806102,-0.00454811255180595,-0.00516575900087205,-0.00508507705302709,-0.00403737319960669,-0.00222455998216405,0.000222747488484994,0.00357503920154104
0.00165224938958091,0.00545628645385295,0.00983268893623412,0.0148107907488791,0.0202534166982151,0.0260698817833338,0.0320980952812327,0.038325355003661,0.0445539843592419,0.0507829611218137,0.0568424237106965,0.0627368937720852,0.0683419267359078,0.0736467215020948,0.0785692050939582,0.0831381935646906,0.0872388161001509,0.0909565248028156,0.0942024533648759,0.0970182972654709,0.0993731849482448,0.10131987948116,0.102792772016711,0.103869277692902,0.104505929916197,0.10475753520297,0.104579495527836,0.104031999208708,0.103075089731794,0.101762904679,0.100057217182378,0.0980085148545642,0.0955817661116811,0.0928226000744564,0.0897011008950831,0.0862665458188604,0.0825006773903971,0.0784323250282134,0.0740379001664806,0.0693913746198609,0.0644743716763172,0.0592846358405077,0.0538887189834721,0.0483190725959482,0.0425178001306054,0.0366295559000009,0.0306498572660191,0.0245481366915968,0.0184991554936058,0.0124880012657438,0.00651968670288791,0.000780692640563777,-0.00471177479826175,-0.00994134684409615,-0.0146839323103494,-0.0189001953429292,-0.0224874853188664,-0.0252979761623611,-0.0271614946704526,-0.0279076380020427,-0.0274871562760852,-0.0257536458809547,-0.0220369730710107,-0.0172454949482255,-0.010056088091705,-0.00271324907598071,-0.000307625318045029,-7.78232464934796e-05,-0.00010522266192999,-3.9740558712065e-05,-0.000146150179872666,-5.99789598645493e-05,-0.000117693698380461,-9.58250274811303e-05,-0.000141161283155588,-0.000109492512216503,-0.000137534465208032,-0.00011273473082185,-0.000118384865679595,-8.43344683136259e-05,-0.00011755707850864,-8.38078712635929e-05,-0.000106146707079787,-7.36110396767258e-05,-9.87625424393556e-05,-6.85453595116675e-05,-9.59129323241122e-05,-6.69175896279989e-05,-9.50559370825361e-05,-6.69519401211115e-05,-9.59368033459953e-05,-6.86640603372928e-05,-9.79071816938815e-05,-7.05652904868503e-05,-9.96117930072352e-05,-7.22915252550027e-05,-0.000103577472165204,-8.03370628161919e-05,-0.000109371499780045,-8.07970198282299e-05,-0.000110657584534398,-8.38518603266293e-05,-0.000115285325468486,-9.0083062250384e-05,-0.000128131362169929,-8.78378481825079e-05,-0.000130282743117188,-0.000109626888016445,-0.000212302771844219,-0.000916115216120457,-0.00297331038426214,-0.00456241020583676,-0.00510500300098487,-0.0048046268237557,-0.00346737914851257,-0.00128863279891539
-0.00222307832964999,0.000472228903343505,0.00408873353296556,0.00843929544920462,0.0134507955455115,0.0189989719018602,0.0249728932000045,0.0312338113126258,0.0376970926743692,0.0442241033205585,0.0507358120615778,0.0571320298739377,0.0633243595233749,0.0692685363839271,0.074881148493699,0.0801209242210212,0.0849756742080229,0.0893818976373609,0.0933384549876451,0.0968460070670763,0.0998719194531871,0.102420711450493,0.104510706518677,0.106127034788577,0.107277837740588,0.107968582703223,0.108216160230725,0.108016281004493,0.107387316530151,0.106324459806031,0.104850767064527,0.102959064850675,0.100678154716898,0.0980003726796522,0.0949596703382639,0.0915403936827367,0.0877782390355363,0.0836736835876425,0.0792835178827988,0.0745627150613889,0.0695809726070699,0.0643652640886899,0.0589269462242518,0.053257663029773,0.0475151890767864,0.0415869285437361,0.0356052206467775,0.0296265058800671,0.0236531137590679,0.0177294503778974,0.0120621381528053,0.00650296932698481,0.00131753714839092,-0.00346923125327811,-0.00775655158761,-0.0114873984580199,-0.0143436321808516,-0.0164357970968302,-0.0174069836396607,-0.0172698726638742,-0.0155604270730305,-0.0126409737297798,-0.00765144304209545,-0.00214050331467374,-0.000185277250496714,-4.55605940416033e-05,-6.22697114210545e-05,-3.74670678737707e-05,-9.87768578198521e-05,-3.70922971913149e-05,-0.000101501944233071,-0.000101619749907689,-0.00012050639761726,-9.47123007253509e-05,-0.000112440295226318,-8.17339971555245e-05,-0.000126744053237916,-8.9667906516967e-05,-0.000133004403990732,-0.000102864104440022,-0.000126865891759274,-9.96318320513424e-05,-0.00012526324283092,-9.30885523748142e-05,-0.000114947407369754,-8.53457375709001e-05,-0.000108333401069429,-8.18311156553891e-05,-0.000105952328316206,-8.12461752467208e-05,-0.000105843030475786,-8.18896817741854e-05,-0.000106191884515229,-8.10861794298063e-05,-0.00010336053802138,-7.73145172065214e-05,-0.000101173785730405,-7.63754365955936e-05,-0.000103973694884705,-8.08234106007941e-05,-0.00010996308450399,-8.83689257921359e-05,-0.000114812771323599,-9.22404091313877e-05,-0.000119247457357679,-9.277893165333e-05,-0.00013343809568999,-9.87527431732457e-05,-0.000133807884096127,-0.000117533409573885,-0.000210908149006408,-0.000987302675448214,-0.00306924384903529,-0.00450968290140075,-0.00479595005957045,-0.00401646797632461
-0.00408004616085743,-0.00262677468851596,-0.000139162746200837,0.00323636203660054,0.00762650472488274,0.0126408704212586,0.0183129942990281,0.0244433270054224,0.0309427859877961,0.0376338531493127,0.0444478531397886,0.0512294117825527,0.0579337409281473,0.0644037271398778,0.0706349892212017,0.0765212376023505,0.0820226042328508,0.0871014711609758,0.0917417820162428,0.0958771130072354,0.0995467650489621,0.102705163179171,0.105359893687717,0.107498346979379,0.109148651079202,0.11028610794,0.110937445510745,0.111089873073862,0.110773730019323,0.109977168683389,0.108731176497868,0.107026445011751,0.104896057817622,0.102331677558891,0.0993695783563918,0.0960091133231002,0.0922959266631334,0.0882153093597394,0.0838059666611916,0.0790975803440056,0.0741330312367879,0.0688748844297551,0.0634408650652804,0.0578311826923549,0.0520452226998446,0.046187432968094,0.0403137830782503,0.0343557464306778,0.0285343342827792,0.0228243474440048,0.017258735865635,0.0119873066856571,0.0071245058264875,0.00260804635017063,-0.00128607512694679,-0.00449802525326376,-0.00689556609730752,-0.0084297296303266,-0.00870814493524297,-0.00784050558338881,-0.00536604480088731,-0.00186166125422301,-0.000153509638006272,-2.68066602526689e-06,-8.03290941390504e-06,-2.1632804420984e-05,-3.96886257421041e-05,-3.26849481631908e-05,-8.67082518755904e-05,-7.38049825829027e-05,-9.47582850810323e-05,-6.17025409259525e-05,-0.000101765899307116,-9.56872394049093e-05,-0.0001235292739069,-0.000112612838205911,-0.000114899495040523,-0.000110438073810086,-0.000104031225632006,-9.26581179873252e-05,-0.000104526792275903,-9.19950974500131e-05,-9.6695976928431e-05,-8.5888733788416e-05,-9.25901115165513e-05,-8.23435169683896e-05,-9.02730162706403e-05,-8.04374330130888e-05,-8.9145308210755e-05,-7.98241381448798e-05,-8.94253711472774e-05,-8.04930147119216e-05,-9.05862237927754e-05,-8.18181633367463e-05,-9.29374257332042e-05,-8.47749284154514e-05,-9.71783618599926e-05,-9.00576913375429e-05,-0.000101252766210658,-9.16246246366423e-05,-0.000103916052483065,-9.37526384654511e-05,-0.000109395983879776,-9.85559230436113e-05,-0.000116330088677245,-0.000104550682216709,-0.000121781322605954,-0.000108198643994961,-0.000129901072325586,-0.00011602397416494,-0.000131369656248271,-0.000129651812960872,-0.000253624250706983,-0.00127958981871217,-0.00326852700368137,-0.00427368730414375
-0.00335495495923843,-0.00359467613892033,-0.00263689642818613,-0.000391736534443635,0.00294782113021294,0.0072022246726606,0.0123036369159758,0.0180806665134514,0.0243961768144746,0.031078969376801,0.0380189243466512,0.0450771863677239,0.0521193773345393,0.0590657976634898,0.065798519779065,0.072244548485484,0.078356099653894,0.0840478841766429,0.0892904538566599,0.0940664197493853,0.0983225550855599,0.102054096141587,0.105259136848064,0.10792272707838,0.110037794822314,0.111615490802643,0.112657980649774,0.11317361216868,0.113166551689413,0.112650877288139,0.111634573071499,0.110135327827438,0.108165019114722,0.10574681429679,0.102894884365381,0.0996306293749802,0.0959661763742521,0.091943415559218,0.0875900610376774,0.0829126530398466,0.0779430952171162,0.0727614832893262,0.067342693741404,0.0617364814348273,0.056044684710768,0.0502373257492487,0.0443766994272262,0.0385923320442717,0.0328210684201976,0.0272060384359924,0.0218555320064172,0.0166995803557674,0.0119578130318157,0.00776497583271202,0.00400826771305156,0.00100520950120743,-0.00108539859501398,-0.00231793466201675,-0.00239812848876077,-0.00130018415069182,-0.000114983133340581,4.37317736288163e-05,4.73096344604279e-05,2.34319231503215e-06,1.75279123612501e-05,-1.50403700080158e-05,-4.76891073357719e-05,-5.21576475747462e-05,-4.77176712258646e-05,-5.90121250874812e-05,-7.45555190160738e-05,-0.000106988782262088,-9.3942523696602e-05,-9.83211345128483e-05,-8.87431135046564e-05,-9.28307712791739e-05,-0.000104202724649847,-0.000100459795772838,-0.000113325394508234,-0.000113336240186439,-0.000108392486117937,-0.00010853000675879,-0.000107557194995332,-0.000104249119651074,-0.000100774483853188,-9.8346500775431e-05,-9.57228156550528e-05,-9.51783483047413e-05,-9.37593705483953e-05,-9.43779793802341e-05,-9.34500098462309e-05,-9.44900056732823e-05,-9.34871069337168e-05,-9.39951924487959e-05,-9.18837441367169e-05,-9.19366649271795e-05,-9.04107739495374e-05,-9.14305243756166e-05,-9.2664399660455e-05,-9.6157149366463e-05,-9.79665236838013e-05,-0.000102422580518172,-0.000102078210718532,-0.000106898476197904,-0.00010604328639251,-0.000110836096246253,-0.00011327895363743,-0.000117833650930242,-0.000119807208602803,-0.000122618496036817,-0.000122443284324716,-0.000133752915252478,-0.000127803255766164,-0.000139676085114438,-0.000356584557461288,-0.00178044608490111
-0.00055383256668159,-0.00212909074207158,-0.00296449333529947,-0.00226160133844071,-0.000285542519710261,0.00291492594435325,0.00710032093143063,0.0123171488310517,0.0181650821327166,0.0246555847703511,0.0315045871733635,0.0386797330103256,0.0459306756521369,0.0532030826632727,0.0603295410725294,0.0672808619398552,0.0738728412964301,0.0801403099661236,0.0859443976783937,0.0912858169938907,0.0960978151701184,0.100398480414133,0.104108020184348,0.107273511654781,0.10984846512449,0.111867344232004,0.113293743281395,0.114170772260685,0.114474664056529,0.114247274209409,0.113473374284387,0.112195012734727,0.110405615661683,0.108145830507516,0.105417077911981,0.102264062267784,0.0987011046796653,0.094758289320862,0.0904464500854036,0.0858326929085382,0.080935180908452,0.0757557387879804,0.0703826703628014,0.0648540750323577,0.0591413861136677,0.0533784894604832,0.0476130905030807,0.0417758432607679,0.0360585938249073,0.030524237410663,0.0251182548653032,0.0199583647130261,0.0152987444539521,0.0109802832915848,0.00717154580264466,0.00417542544980801,0.00180812209133203,0.000470451458821715,9.18749013547221e-05,9.15594296090539e-05,8.73947621281678e-05,4.73102706829677e-05,5.65600014809596e-05,2.06286621694926e-05,-6.90735160360728e-06,-1.86662408441962e-05,-1.30427823147584e-05,-4.11011989812892e-05,-6.30328216706389e-05,-7.6627038553902e-05,-7.35525363609808e-05,-6.57973670664186e-05,-8.37894171308371e-05,-9.67119858674379e-05,-0.000106619721169889,-0.000113754965659678,-0.000100664076441299,-0.000111083629470976,-9.29871104320253e-05,-9.70793334149031e-05,-9.4539874527052e-05,-9.76297645963896e-05,-8.92049650967263e-05,-9.35986344342584e-05,-8.69141753134264e-05,-9.13491813096336e-05,-8.52887258334556e-05,-8.9792302355326e-05,-8.40827366927597e-05,-8.90841286493192e-05,-8.39034617206191e-05,-8.95379042625968e-05,-8.45848955312344e-05,-9.10090845111413e-05,-8.68225353679103e-05,-9.4616614855919e-05,-9.08649830048991e-05,-9.95801945601321e-05,-9.39473359468522e-05,-0.00010173348760577,-9.58291343557437e-05,-0.000104450132949106,-0.000100372131394898,-0.000110114421015753,-0.000105722538854908,-0.000116888469608946,-0.000109493324162505,-0.000122750830727524,-0.000113731107393855,-0.000130481971457164,-0.000119725990212051,-0.000136775117520048,-0.000119907861014539,-0.000148316476826744,-0.000133337230915405,-0.000160359042836999
-0.00014355107389943,-0.000218809213249057,-0.000939575269479423,-0.00200842556418973,-0.00177552721392873,-8.73329288348549e-06,0.00304435276044747,0.00732535914070588,0.012490238958944,0.0184890499145342,0.025073610703659,0.0321464524887976,0.0394320091563437,0.0468870318860335,0.0542960426248548,0.0615900978040207,0.0686347174683089,0.0753566824062108,0.0816589848604192,0.0875261642064941,0.0928584339879875,0.0976537329493153,0.101875676591422,0.10551301382,0.108539231054692,0.110966215528786,0.112788261950444,0.114012768576305,0.114646245454397,0.114697937279769,0.114187463511522,0.113123658094963,0.111538704952878,0.109441297559618,0.106873554140242,0.103835839315442,0.100376174520194,0.096506410359815,0.0922976659033314,0.087720294178708,0.082854361852671,0.07772758736987,0.0723837786417112,0.0668043024163764,0.0611506456606915,0.0553289124362495,0.0494952714840454,0.043644994787916,0.0378010409240072,0.0320655669297057,0.0266473388629664,0.0211311076568697,0.0161602724171528,0.0116468361643866,0.00733295545885967,0.0037448641727885,0.000964005771165289,0.000195366009514807,0.000129157303543489,0.000110781371661598,8.5088513141992e-05,7.0477893370611e-05,3.42752143130759e-05,2.36919984682296e-05,1.79552517457255e-05,-6.09421718503007e-06,-3.97974723080405e-05,-4.05779813392625e-05,-4.23846074482051e-05,-5.02634549413118e-05,-6.9990913894184e-05,-9.39753086935301e-05,-8.95111837657281e-05,-8.86295212039213e-05,-8.55397649130652e-05,-8.564890837729e-05,-0.000100457470756848,-9.48926469673679e-05,-0.000110335303285318,-0.000108331966519171,-0.0001068915773842,-0.000104101293574302,-0.000106298408356959,-0.000101460925654136,-0.000101205911085771,-9.71465952427702e-05,-9.70147719919642e-05,-9.46746869622833e-05,-9.51856236945544e-05,-9.40775698520067e-05,-9.46442898114942e-05,-9.41852502381033e-05,-9.4466940106107e-05,-9.40918101267331e-05,-9.33513645185356e-05,-9.28876632677104e-05,-9.20140544330507e-05,-9.28097202258811e-05,-9.4047894943629e-05,-9.75108433153415e-05,-9.90248827843308e-05,-0.000103490663395049,-0.000102614553939453,-0.000107738955777576,-0.000106187372746954,-0.000112532185166783,-0.000112327269197507,-0.000119186628213011,-0.000117732130046292,-0.00012485897952011,-0.000120242206318607,-0.000133512952349448,-0.000125865562094417,-0.00013868180426459,-0.000129124562114224,-0.000141008702063114
-0.000147687777536231,-0.000134161236617811,-0.000155302372505142,-0.00034414456098238,-0.00123826045011653,-0.00122164201021255,0.000379519618191576,0.00335255194774176,0.00757647340068912,0.0127784763757434,0.0188816603903653,0.0255880918580509,0.0327689020674635,0.0401710858218719,0.0477455267818924,0.0552601421066156,0.0626187994564012,0.0697078764347739,0.0764592171237897,0.0827438040272564,0.0885593784625041,0.0938210007352348,0.0985060581216388,0.102579771597784,0.106044849601878,0.108875183776312,0.11107618909158,0.112647244962806,0.113597337091309,0.113939914317164,0.113683424514692,0.112856022859834,0.111465056586394,0.109550485406254,0.107115867229351,0.104216019034316,0.1008549281803,0.0970873772293637,0.0929003691918142,0.0883931904810943,0.0835459650008827,0.078405985036458,0.0730051285511502,0.0674513743394593,0.0616130115434279,0.0557061766980116,0.0497356720657475,0.043647916542285,0.0374458329219874,0.031529889744989,0.0255303313242306,0.0195932747183306,0.0139788338585297,0.00856301411213484,0.00364804712675582,0.000586748655332441,0.000180116086336871,0.000149151738848806,0.000130686758897395,0.000107954040482666,8.61559215616325e-05,5.7531926246717e-05,5.76581977398885e-05,2.57569140779961e-05,6.68323691011484e-07,-1.15992197841464e-05,-7.42901098015346e-06,-3.45499745641921e-05,-5.40045442371241e-05,-6.92856324436019e-05,-6.66313289061539e-05,-6.18179443792687e-05,-7.64739412764807e-05,-9.05245116471381e-05,-9.97276082892964e-05,-0.0001082115157937,-9.6365499891329e-05,-0.000106052374576325,-9.05718756308944e-05,-9.41167166966666e-05,-9.27454294333465e-05,-9.58150964286725e-05,-8.93521631297807e-05,-9.30033877076861e-05,-8.83123333370824e-05,-9.15084156256742e-05,-8.74704774661973e-05,-9.01497397327751e-05,-8.65888061327679e-05,-8.92300535561018e-05,-8.64984583730335e-05,-8.93392677308095e-05,-8.73250816791782e-05,-9.0550616105789e-05,-8.98058555848434e-05,-9.39431723202758e-05,-9.42334084283214e-05,-9.83242770443519e-05,-9.74172021608893e-05,-0.000100082085389211,-9.94296034433651e-05,-0.000102249467541072,-0.000104266412547587,-0.00010747218150546,-0.000110131018962777,-0.000112890201893995,-0.000114261283340164,-0.000117705915793748,-0.000119675204628272,-0.000123601320837147,-0.000126709910472088,-0.000127725774495947,-0.000129789690547021,-0.000136056744316564,-0.00013602222682389,-0.000134467385574289
-0.000140371716295337,-0.000134029106231408,-0.000148625929340456,-0.00014377848662076,-0.000188028621400511,-0.000529035297090214,-0.000629579451838963,0.000710618284563796,0.00365393444618535,0.00780529165172015,0.0131223006037558,0.0192647890679319,0.0260466662630173,0.033270141271215,0.0407988100240437,0.0483836774234863,0.0559397580605328,0.0632910012457356,0.0703554237534642,0.0770317507444137,0.0832347576874487,0.0889075760399906,0.0940106743109352,0.0985086186787425,0.102361039381244,0.105579662735855,0.1081323299438,0.110050863297271,0.111300266185834,0.111935906159723,0.111919670885031,0.111328843663617,0.1101196813861,0.108391355019418,0.106088255490331,0.103322916406604,0.100021370237371,0.0963322917518535,0.0921763095501436,0.0876898977496866,0.0827656258649578,0.0776204014232231,0.0720840202834231,0.0663814454324241,0.0603557669374408,0.0542061301148682,0.0478232376044805,0.0414970185224153,0.0346432764618466,0.0281213435062843,0.0215063571697666,0.0146943936895911,0.00797821360748296,0.00199687718355003,0.000338044999000233,0.000188411731894842,0.000195802179370331,0.000130948654443401,0.000145867608257296,9.24787407057793e-05,0.000104225451061458,5.90097532416706e-05,5.10375102134077e-05,1.82268588565645e-05,3.16057525528996e-05,-1.02931156326606e-05,-2.23227620518765e-05,-4.30550696490541e-05,-2.93732554126346e-05,-5.26592147842073e-05,-5.66000642167044e-05,-9.28474572200785e-05,-7.80012951484038e-05,-8.96216631308603e-05,-7.58574079262822e-05,-8.70558497895849e-05,-9.07916413281462e-05,-9.68541840345226e-05,-0.000101724850226881,-0.000110112648770259,-0.000100293948387172,-0.000106085612969438,-0.000100504946484507,-0.00010401130868018,-9.70111141360145e-05,-0.000100301710245426,-9.39566523215667e-05,-9.79238037034326e-05,-9.27715932218276e-05,-9.70857714593583e-05,-9.2615583974746e-05,-9.68176199948145e-05,-9.28226525467852e-05,-9.65454343226412e-05,-9.24593049173686e-05,-9.53585140528052e-05,-9.16543522182787e-05,-9.50782791333392e-05,-9.40979753435548e-05,-9.9172959877128e-05,-9.94538076155523e-05,-0.000104452544885584,-0.000103351352783401,-0.000107768162680018,-0.000107226561478679,-0.000112138371258067,-0.000113936656104922,-0.00011760212881655,-0.000119466845791959,-0.000122023962018033,-0.000123944991707719,-0.000128093452763901,-0.000131111820191179,-0.000130749689190892,-0.000134687797669354,-0.000137171768064836
-0.000140758041167313,-0.000139373547027122,-0.000140715676444125,-0.00014579562530175,-0.000136741951585802,-0.00015278921920055,-0.00023217074760988,-0.000318387733584202,0.000967908234615689,0.00384398427196847,0.00802143663631963,0.0133547977492801,0.0195066427299028,0.0263204098813977,0.0336050189602264,0.0411310910841026,0.0486816066239268,0.0561947939323328,0.0634761667471633,0.0704184519775241,0.0769407880172128,0.0829723867709667,0.0884297687604297,0.093288419970541,0.0975117623002343,0.101078255048852,0.103974363499948,0.106195944694319,0.107749902169818,0.108636063948264,0.108877557129076,0.108478090635983,0.107475425074981,0.105872533642853,0.103717444784975,0.101010035156668,0.0978131389812812,0.0941131355716262,0.0899711520778133,0.0853920422774064,0.0804527312605221,0.0750686216805202,0.0693891498939899,0.0634159241156763,0.0570776522138809,0.0503803800092729,0.043689682919419,0.0365430348821334,0.029072193633144,0.0215890899508424,0.0137047971485929,0.00611097012164177,0.000965707241649199,0.000257075479259045,0.000198797297511281,0.000192076295616519,0.000170302960823158,0.000150557035204653,0.00012746833131339,0.000112926497208772,8.18351619363336e-05,6.82865648957785e-05,5.28337297132452e-05,3.58707778184326e-05,9.41926771250881e-07,-1.01056725417873e-06,-9.7206360241844e-06,-2.34251686114835e-05,-5.27416864266341e-05,-5.81470297412252e-05,-6.70103701879204e-05,-5.37486657204113e-05,-7.5959230372386e-05,-8.09259834071484e-05,-9.89719483930856e-05,-9.94805641634633e-05,-9.74659571155145e-05,-9.82629115243454e-05,-9.27732867696129e-05,-8.81161275478804e-05,-9.49811325369917e-05,-9.09906423952152e-05,-9.2716407617136e-05,-8.9338363322384e-05,-9.2184408280247e-05,-8.86700229338294e-05,-9.16054942468348e-05,-8.78332251571352e-05,-9.07025002954968e-05,-8.71627124392374e-05,-9.04134977114073e-05,-8.74297465219304e-05,-9.10394628395682e-05,-8.88103175736022e-05,-9.32685080564822e-05,-9.23355328366411e-05,-9.75375652477003e-05,-9.67447878814339e-05,-0.000100403263618649,-9.86866298712159e-05,-0.000102030930071489,-0.000100952893151267,-0.00010650612934093,-0.000106442359243457,-0.000112130615270204,-0.000111594535824696,-0.000115647145890991,-0.000116444307798059,-0.000121040422678199,-0.000122439006129867,-0.000126906806410668,-0.000126578346546624,-0.000130559027523901,-0.000133475170515865,-0.00013592857422295,-0.000134754938858009
-0.000138420653574621,-0.000135795587590184,-0.000143927516690845,-0.000139145952755832,-0.000139633754101619,-0.000142076771537509,-0.000141992256333939,-0.000157365323072499,-0.000131815786435314,0.00110636788841192,0.00387799782041319,0.00809813669897266,0.0133726138584732,0.0195515887409445,0.0264108785626575,0.0336263714917299,0.0410775806238223,0.048567122270449,0.0559429986013567,0.0630522629861353,0.0698119886415293,0.0760864932215175,0.0818613447434976,0.0870166157050411,0.0915673765106762,0.095422898163309,0.0986383699312932,0.101125641220679,0.102966064954735,0.104071447562636,0.104551259944474,0.104313224016283,0.103492855276207,0.10198981398759,0.0999615871619083,0.097281234389975,0.0941248515489708,0.0903610268230387,0.0862061934711374,0.0814577480651456,0.0763652196895125,0.0707175349018186,0.0647682120615923,0.0583047558379182,0.0516136489826161,0.0441815131333835,0.0367808584018835,0.0288138573841359,0.020407815043931,0.0115551020628569,0.00317590314337016,0.000530849094870613,0.000228313197870545,0.000266532762099224,0.000174693449772106,0.000208467771864237,0.00015740850732614,0.000163524820280241,0.000115884930294179,0.00011971339948288,8.13695586329866e-05,8.24861929976633e-05,3.52117249650221e-05,4.00961339567915e-05,1.65651913571028e-05,1.03259555215592e-05,-3.14164250176454e-05,-2.43336444597194e-05,-3.96011008391267e-05,-3.58714921926908e-05,-6.40895091251801e-05,-7.50852501101875e-05,-8.54110272704562e-05,-7.52453555971258e-05,-8.34388805356733e-05,-7.42366366202185e-05,-9.69512996298053e-05,-8.54510083842243e-05,-0.00010743687593875,-9.94529297784103e-05,-0.000106657748002008,-9.66341300921618e-05,-0.000106607608449539,-9.57669287601062e-05,-0.000103446993775348,-9.32497516572195e-05,-0.000100496976291088,-9.16912064910484e-05,-9.91218540036705e-05,-9.14019455914368e-05,-9.86297553973557e-05,-9.15602846297722e-05,-9.85088734560673e-05,-9.18010041446292e-05,-9.80468987962927e-05,-9.12483920987435e-05,-9.70157283200989e-05,-9.14678463650681e-05,-9.91314752937887e-05,-9.57439727884328e-05,-0.000104093097451763,-0.000101204137454251,-0.000107544707528455,-0.000104569297918785,-0.000110831720537626,-0.000109377071672558,-0.000117149111239549,-0.000114986655981432,-0.000121707047649528,-0.00011952067876692,-0.000126199531552835,-0.000125788986559448,-0.000131872340440125,-0.000128910762469112,-0.00013527688147517,-0.000135419907591319
-0.000137006569028303,-0.000140830673984003,-0.000137814039355901,-0.00014220367454914,-0.000139420680446172,-0.0001394338389181,-0.000141798443577066,-0.000133207846212372,-0.000140917350758167,-6.421048305882e-05,0.000948465341156844,0.00367935080810671,0.00791005445591092,0.0131819998917333,0.0193761605617529,0.0261398175486208,0.0332491010414461,0.0406004109020719,0.0479279009782701,0.0550753474303392,0.0619480843471613,0.0684224631023342,0.0743884478747784,0.079799623456446,0.0845877820843237,0.0887281447216995,0.0921720504244193,0.0949306386732817,0.0969675749130688,0.0983131409936879,0.0989392399170383,0.0988955262008117,0.0981554352651122,0.0967858268644722,0.0947547772451984,0.0921373235889836,0.0888942574131763,0.0851130807136623,0.0807294219192676,0.0758565489759584,0.0704396758501926,0.0644998258142004,0.0579714797257081,0.0511703070662024,0.0436155363913554,0.0355379151708645,0.0270940855774555,0.0178338690031851,0.00865606076196905,0.00154307380745994,0.000346292323960932,0.0002329491085515,0.000243058781345418,0.000220089870266053,0.000208800041723364,0.000182970025248732,0.000170474212613098,0.000145254048130663,0.000133418811482329,0.00010618412246922,9.07166217770148e-05,6.33818746257135e-05,6.13602180131529e-05,3.15187433890846e-05,1.29753501574131e-05,-5.00254879617589e-06,-2.34879955594914e-07,-2.64698728512021e-05,-4.06843001991732e-05,-6.05987170831337e-05,-5.67724730205814e-05,-5.83893095634491e-05,-6.552423085893e-05,-8.37602815959342e-05,-8.84602061648061e-05,-0.000102427980358504,-8.88933510691137e-05,-0.000101701389178849,-8.55162750745649e-05,-9.26686528909727e-05,-8.80198435693186e-05,-9.59864391424107e-05,-8.69219168644489e-05,-9.48262549822195e-05,-8.70278599537705e-05,-9.43985169425426e-05,-8.69363893943762e-05,-9.36400408886515e-05,-8.63602272449323e-05,-9.28800964432079e-05,-8.62701876277585e-05,-9.29833426281824e-05,-8.70734503325401e-05,-9.41680966237316e-05,-8.93856822982594e-05,-9.74093457544493e-05,-9.37927637906182e-05,-0.000101500942791874,-9.67592362845825e-05,-0.000103286155938485,-9.84742260332332e-05,-0.000105302189569331,-0.00010301245070588,-0.000110602429163802,-0.000108815011343304,-0.000115213389303132,-0.000112269257715191,-0.00011966759080336,-0.000118049926434165,-0.000125362889295836,-0.000123466799816005,-0.000128982919688824,-0.000127845268858448,-0.000134983068197096,-0.000132729087249928,-0.000136535166077034
-0.000133958088721286,-0.00013918689953812,-0.000138079928281756,-0.000141044821951427,-0.000135881580544903,-0.000142462924504555,-0.000134347749663294,-0.00013809477737887,-0.000127125824030478,-0.000132616615061242,-7.1129716641136e-05,0.000565857549913381,0.00329914267644486,0.00747851362495069,0.0127565247231504,0.0188366377164512,0.0254638133222484,0.0325057447322847,0.039602015541788,0.0466949407854577,0.0535560437519015,0.0601091484501725,0.0661911496641941,0.0717851951603948,0.0767389704856523,0.0810902494969398,0.0847166874228628,0.0876884105551169,0.0898899059300257,0.091417631148381,0.0921641848373436,0.0922515991035705,0.0915681810444824,0.0902651183510632,0.0882178952567471,0.0855836415290825,0.0822062320250408,0.0782945636521984,0.0736830346898903,0.0685401711913046,0.0626896725478464,0.0563673209358397,0.0491935326014917,0.0416854599346836,0.0333479616381396,0.0243853854536033,0.0145407486773755,0.00485330153938152,0.000852252013660042,0.000267446801392548,0.000306176377386978,0.000213758882764812,0.000252048216355584,0.000215134145792843,0.000211187393514753,0.000175341238747213,0.000181009381541709,0.000138588894431695,0.000137814898823411,9.99321545527154e-05,0.000100711941300653,6.61265821218057e-05,5.48565006220713e-05,2.67403374217966e-05,3.27312448200872e-05,-4.59191042788808e-07,-1.35634815050022e-05,-3.38897270908341e-05,-2.52337860064743e-05,-4.48745540430549e-05,-4.94300149494043e-05,-8.11748246091264e-05,-7.22367134971574e-05,-8.26338449713172e-05,-7.20973184674465e-05,-8.16301285182907e-05,-8.55645880241749e-05,-9.25542359913805e-05,-9.65865220943422e-05,-0.000105836753806003,-9.7303586363433e-05,-0.000103107378177812,-9.7911482353257e-05,-0.000102274947355836,-9.57741245264679e-05,-9.98812503440536e-05,-9.3637271631125e-05,-9.82437519336311e-05,-9.28072873052904e-05,-9.77313490709819e-05,-9.27126761747224e-05,-9.76248141872627e-05,-9.29523033498311e-05,-9.76870060869894e-05,-9.29835637484842e-05,-9.70942636770579e-05,-9.23564684885579e-05,-9.72060670493999e-05,-9.47378503121978e-05,-0.000101100685775306,-9.98533454767075e-05,-0.000106204601089748,-0.000103462482420872,-0.000109181704131072,-0.000106779161887807,-0.000113835205136962,-0.000113234441772553,-0.000119135981691492,-0.000117550735160823,-0.000123269269922836,-0.000122462432816309,-0.00012929634865841,-0.000127489888633564,-0.000132237307178258,-0.000131381265298444,-0.000137923653888269
-0.000139830670501107,-0.000136367821747247,-0.000140038599641358,-0.000137752527781547,-0.000141146014892383,-0.000136073732399177,-0.00013940412433792,-0.000132912855874374,-0.000132038544180159,-0.000127441535245644,-0.000123627540722557,-9.41505299458977e-05,0.000294921202709149,0.00266482042856691,0.00670308504157875,0.0119648061802002,0.0179260009085176,0.0244393620027353,0.0312348231995601,0.0380516085629611,0.0448338340907384,0.0513277863281471,0.0574645375328649,0.0630962601323411,0.0681961369950203,0.0726433401772766,0.0764432559059449,0.079512861370683,0.0818826334036197,0.0834800421675932,0.0843639120572684,0.0844674500836496,0.0838658281530571,0.0824962215492271,0.0804523259571467,0.0776469705820781,0.0741875161344194,0.0699727274393473,0.06513306847805,0.0595016693154179,0.0533283504379619,0.046253854692114,0.0385123874988532,0.0300659987505559,0.0206396371113194,0.0109577382572713,0.00243755670452022,0.000504413937888981,0.000245432597570897,0.000288014455446178,0.00024827230126324,0.000251888909461452,0.000225921557815817,0.000221743654630734,0.000199708715051214,0.000190363293710155,0.000158792500046617,0.000154550896163009,0.000122977336953696,0.000116436463218254,8.19928800562821e-05,7.48869094865162e-05,5.22279268718255e-05,4.33827965008793e-05,6.89489065920505e-06,6.77256663476637e-06,-8.17456899215697e-06,-1.45028579402837e-05,-4.59522755505469e-05,-4.82893810919655e-05,-6.30938153303941e-05,-4.85924958504501e-05,-7.14748568459694e-05,-7.26884982881011e-05,-9.35897408326279e-05,-9.15563890926646e-05,-9.52614158640198e-05,-9.17415829903219e-05,-9.26781835301042e-05,-8.41463511457422e-05,-9.49795565489931e-05,-8.80057030693064e-05,-9.43862075880321e-05,-8.75185918386327e-05,-9.45688971324002e-05,-8.75432267525232e-05,-9.44722121802119e-05,-8.71535204647232e-05,-9.38232825815259e-05,-8.66642583972658e-05,-9.35791873762669e-05,-8.69767476692736e-05,-9.41970173907427e-05,-8.83179621238647e-05,-9.62161809866252e-05,-9.16033810575475e-05,-0.000100325127915371,-9.57373998279702e-05,-0.000103041655577007,-9.77738319897038e-05,-0.000104543563980934,-9.99851810531559e-05,-0.000108766179458587,-0.000105456191045259,-0.000114313866408778,-0.000110065105687261,-0.000117388951057002,-0.000114617485706599,-0.000123014155508038,-0.000120517329272015,-0.000127691767019256,-0.000124200503284925,-0.000132077536773893,-0.000130189284215685,-0.000135994208506784,-0.000132322298677317
-0.000136548290827368,-0.000135535191117817,-0.000140242653377916,-0.00013639079923243,-0.000139113105371638,-0.000136446503514943,-0.000137210653944398,-0.000131455255254984,-0.000132058583431026,-0.00012389339829445,-0.000126183329677451,-0.000106713755856905,-0.00010277918408802,0.000140563765206002,0.00170970059043744,0.00568846234108842,0.0108476773364504,0.0166761069290847,0.0229504173280434,0.0294227178670251,0.0359736224816937,0.0422946315267406,0.0483724390113991,0.0539874033886153,0.0591165726991068,0.0636075336198895,0.0674811976761613,0.0706208137601411,0.0730660585129673,0.074715023677262,0.0756414136274233,0.075749393032162,0.0751276527662396,0.0736893779592196,0.0715465876073953,0.0685724606850659,0.0648793274655605,0.0603484164624966,0.0551706571542057,0.049038753876602,0.042253817305266,0.0345579666897616,0.0260234559926204,0.016413396520014,0.00668614205924007,0.00135331438307813,0.000334643591858557,0.000309195064114279,0.000245499947075425,0.000272923321194234,0.000258838852182794,0.000244271400011392,0.000225401753174428,0.000229102024137748,0.0001922439245418,0.000190250522318106,0.000163827683932934,0.000152035339767626,0.000124548209316462,0.000112563805844926,8.93951979877039e-05,7.77811412534748e-05,4.68913508160742e-05,3.79776636150102e-05,2.42398208978472e-05,1.04713700917707e-05,-1.85554647624817e-05,-2.35807167362421e-05,-3.16218997993005e-05,-3.59077705297119e-05,-5.41703920937022e-05,-7.06846809223754e-05,-7.67226504305568e-05,-7.44834812040043e-05,-7.73568257278748e-05,-7.46648417853526e-05,-8.97190227577638e-05,-8.59270722216744e-05,-0.000100130078307677,-9.90298490711839e-05,-0.000101302920638308,-9.71116076950198e-05,-0.000101764747750503,-9.68514093225425e-05,-9.98383756162358e-05,-9.50823896142937e-05,-9.7813389504681e-05,-9.38752345184345e-05,-9.6926001151124e-05,-9.36419391875004e-05,-9.67079498959543e-05,-9.3761198588351e-05,-9.68342393815144e-05,-9.40876559368521e-05,-9.6885862803734e-05,-9.38685866622301e-05,-9.62966853951798e-05,-9.42805234976286e-05,-9.85638943992022e-05,-9.81623888425998e-05,-0.000103448881242875,-0.000103238844854066,-0.000106937701516449,-0.000106231197085908,-0.000110080167767043,-0.000110970666213754,-0.00011638624281872,-0.000116237072834458,-0.000120408222912087,-0.000120235516309991,-0.000125471801063328,-0.000126173515521673,-0.00013000452503784,-0.000129018765140107,-0.000134224765142374,-0.000134083002011616
-0.000134818217882562,-0.00013985173829998,-0.000135228839087404,-0.000140890209904218,-0.000136326905871479,-0.000138662344105787,-0.000134423344962247,-0.000134766597421267,-0.00012845908904434,-0.000127916929153462,-0.000119994679463386,-0.00011683151814574,-0.000101018343643724,-0.000101323220110639,3.43979890456182e-05,0.000952315652810962,0.0044581191659126,0.00932720714169038,0.0149953580654238,0.0209974635996664,0.0271316478481108,0.0332503129289179,0.0391075787207414,0.0446462387515143,0.0496804468332682,0.0541925918892303,0.0580225868775247,0.061213246370579,0.0636204809250915,0.065313914653583,0.0661737829708736,0.0662907001794766,0.0655367511750228,0.0640331870370042,0.0616550237545534,0.0585191727656627,0.0544755980982847,0.049657838707639,0.0439080776459605,0.037338873340448,0.0298217188640657,0.0212760475277961,0.0121499955109208,0.00353901193020047,0.000778323089678481,0.000263024890495918,0.000311224598690493,0.000259115135704255,0.000269058879694972,0.000259997786551352,0.000254600113170058,0.000241367363548507,0.000234367828087705,0.000207629794800049,0.000208959397922521,0.000178015141494293,0.000168999589793793,0.000142942177441185,0.000133457675636777,0.000105975099176431,9.33259967608337e-05,6.58270388730811e-05,6.24879610011977e-05,3.50196904501078e-05,1.91554193296111e-05,-1.00221863276222e-06,1.72507806246734e-06,-2.18803991972343e-05,-3.41464702809462e-05,-5.4520060621631e-05,-5.26200831741011e-05,-5.68573158672826e-05,-6.14287801962204e-05,-7.91949291289844e-05,-8.28843050397394e-05,-9.74477927019582e-05,-8.60464186136644e-05,-9.8150204001157e-05,-8.46369313705324e-05,-9.16103600190763e-05,-8.70686389562209e-05,-9.53618124496167e-05,-8.71555110393321e-05,-9.50185267081686e-05,-8.76484434563652e-05,-9.50026908307367e-05,-8.78057809945498e-05,-9.45536892444031e-05,-8.7402372609074e-05,-9.39739188145406e-05,-8.73484272802109e-05,-9.41410056231911e-05,-8.81173021598991e-05,-9.52858676370283e-05,-9.01715288586852e-05,-9.82373455020106e-05,-9.42620575728595e-05,-0.000102046575998082,-9.70893927957915e-05,-0.000104012282194979,-9.88062586379578e-05,-0.000106121164296659,-0.000103087731836403,-0.000111355024069736,-0.000108724056136111,-0.000115666756027737,-0.000111918353009451,-0.000119966046000751,-0.000117733127865354,-0.000125638495625669,-0.000122281013098154,-0.000129017297561989,-0.000127043746349463,-0.00013458076021091,-0.000130729365275476,-0.000136643782097179
-0.000134294582821645,-0.00013721932778626,-0.000137441225632411,-0.000137863963301865,-0.000136313045168224,-0.000137773866876063,-0.000133548786257165,-0.000133404493647018,-0.000127932877831707,-0.000126262461949933,-0.00011966565760811,-0.000113086181147235,-0.000106044583400915,-0.000100231808389576,-8.14879711825584e-05,-2.35425966906175e-05,0.000517169393033708,0.00292598047453516,0.00753389346420372,0.0129207316965995,0.0185966393012326,0.024316780905831,0.0299114506322434,0.0352583389885367,0.0401526084073156,0.0445566488916878,0.0483148425445448,0.0514479712241752,0.0538029093210279,0.0554352272547712,0.0562222327036627,0.0562389162616374,0.0553552450825503,0.053675422678266,0.0510878452965709,0.0476649892703188,0.0432657052452679,0.0379985578639246,0.0317939690920027,0.0245463702254756,0.0162735014773488,0.00760224333202353,0.00194046576995379,0.000464862851751779,0.00029350177601121,0.000265784513796066,0.000274997096934637,0.000276900106121752,0.000263964457641791,0.00025538338717423,0.000264026874441028,0.000233331166087417,0.000233497655534803,0.000216409923395584,0.00020005687778578,0.000181042638398191,0.000169928244176507,0.000144766321794121,0.000130801579875792,0.000106841995808826,9.50289817875577e-05,7.28778545360241e-05,5.3647567523556e-05,3.42106966579686e-05,2.90106250987213e-05,7.33035848813633e-06,-1.17173309825114e-05,-2.5995877848854e-05,-2.70920580802277e-05,-3.90141286677167e-05,-4.90310345119023e-05,-7.13147786164562e-05,-7.16600877175542e-05,-7.66688960504519e-05,-7.38575464081157e-05,-7.76066093163777e-05,-8.5625591281638e-05,-8.83856705177396e-05,-9.57006628009861e-05,-0.000100511578459813,-9.75878636098216e-05,-9.89683302849841e-05,-9.82517947746643e-05,-9.87811249878884e-05,-9.68020434234025e-05,-9.71930939402571e-05,-9.51609216903104e-05,-9.60420630625334e-05,-9.44837587632822e-05,-9.57608847020538e-05,-9.44076966396493e-05,-9.58292352400408e-05,-9.46728338162347e-05,-9.61607831469655e-05,-9.49718611484967e-05,-9.6099250727576e-05,-9.46868605732886e-05,-9.66337034978441e-05,-9.70372581936355e-05,-0.000100314271151862,-0.000101820723544495,-0.000105182429514876,-0.000105368505737168,-0.000108141586553283,-0.00010854425105193,-0.000112836825348168,-0.000114747325228304,-0.000118012058036276,-0.000118665314488638,-0.000121924281666937,-0.000123811599121399,-0.000127773138026283,-0.000127997037331595,-0.000130664552062233,-0.000132309197219113,-0.000135427487651028
-0.000138171909860574,-0.000135574439200538,-0.000138448603904276,-0.000136779931980164,-0.000139026233079557,-0.000134649674356258,-0.000136697990610345,-0.000130835824182686,-0.000130584342093165,-0.000124026906622496,-0.000120973420898162,-0.000113299122229148,-0.000105938995542601,-9.97556394352406e-05,-9.21298088084309e-05,-6.597848998082e-05,-4.95316150958835e-05,0.000262382118669994,0.0016628081940441,0.00551780188479272,0.0104387746197188,0.0157161192760793,0.0209874928649969,0.0259950851246399,0.0307109769671886,0.0349147597331474,0.0385717083929828,0.04155039574381,0.0438241429140732,0.0453068361432813,0.0460037911452503,0.0458372602140842,0.0448175722539708,0.0428638085035817,0.0400461465705193,0.0362295902816543,0.0315341866700156,0.0257180721736689,0.0188958658980172,0.01131820496597,0.00412111259085974,0.00109328259417823,0.000315526205627314,0.00030575334658474,0.000258269544159213,0.000263495750533238,0.00027849149550424,0.00026641709369364,0.00026384298561405,0.000263569651796969,0.000244300063706625,0.000247574982402683,0.000225071708233604,0.000214373853374944,0.000199347773897222,0.000185004430345885,0.000161096065815325,0.000149800085039194,0.000126089817142448,0.000113035854717723,8.71578262139664e-05,7.34490253039792e-05,5.57521389813782e-05,4.24534159877962e-05,1.47123640103916e-05,6.64254736367518e-06,-4.61347442106207e-06,-1.46858020693505e-05,-3.82179314608234e-05,-4.63204296069236e-05,-5.7408184293618e-05,-5.12360411431458e-05,-6.65731449388254e-05,-7.21236477997944e-05,-8.67104252430347e-05,-8.97476056373086e-05,-9.09075678365446e-05,-9.13647774758492e-05,-9.03644041194749e-05,-8.62873364183068e-05,-9.25816862442745e-05,-9.00003457937879e-05,-9.29078766644248e-05,-8.99679349297402e-05,-9.3329012256945e-05,-9.00802773909187e-05,-9.33923780856871e-05,-8.97750295629181e-05,-9.2945662146845e-05,-8.93416745764216e-05,-9.28238059461712e-05,-8.96077817145984e-05,-9.34853242192717e-05,-9.07876552568681e-05,-9.53206820464014e-05,-9.36163079116969e-05,-9.90792900083087e-05,-9.73088257542642e-05,-0.00010178569646801,-9.94750096414335e-05,-0.000103545980777393,-0.00010178109638611,-0.000107645153709762,-0.000106987893543941,-0.000113079169260659,-0.000111324026971892,-0.00011623775873458,-0.000115681198103053,-0.000121909661388155,-0.000121380988091214,-0.000126178476154482,-0.000124841926182962,-0.000130931935221996,-0.000130318342091709,-0.000134237503544508,-0.000132646724810087
-0.000136042922480392,-0.000135131656940471,-0.000138925317798259,-0.000135505832862738,-0.000138001413950996,-0.000135052035386256,-0.000135101364818973,-0.000130625434624032,-0.000129609342855546,-0.00012308618856958,-0.000120990913141215,-0.000110475073259139,-0.000107932689990036,-9.71808383315649e-05,-8.8536513862045e-05,-7.92178471059435e-05,-6.32115029270247e-05,-3.76784236610299e-05,0.000113413973996245,0.00090794574125239,0.00339755985663238,0.00769759534048247,0.0124103129738748,0.0171047254719322,0.0215420807690261,0.025489361197168,0.0289542289464619,0.0317472806301552,0.0338636246047041,0.0351751171174111,0.0357061287395544,0.0353371263957594,0.0341089792747476,0.0318846880813029,0.0287835759639231,0.0245799215689515,0.0193920564559345,0.0132795369640368,0.00664883681705672,0.00220517815572165,0.00061852383533978,0.000295909397615805,0.000267978620686201,0.000261321847789433,0.000268394492924058,0.000269260218138362,0.000264771493112644,0.000279179708004869,0.000257909513085267,0.000260376295611159,0.000253816865302792,0.000239047111201681,0.000226509395091106,0.000219559054681182,0.00019481114820587,0.000184783444402714,0.000164616915382708,0.000148784532803642,0.000126576933156993,0.000111051976900595,9.09882021606601e-05,7.67821425387029e-05,5.12453480803467e-05,3.85560925527204e-05,2.52046791727171e-05,1.13423925393219e-05,-1.30130083094597e-05,-2.14852793142474e-05,-3.02247801166451e-05,-3.59268247690757e-05,-5.13215238483111e-05,-6.58937160180286e-05,-7.32880197951578e-05,-7.31059278625384e-05,-7.69197347721816e-05,-7.53081211234762e-05,-8.77624582356849e-05,-8.56045966399666e-05,-9.70462906939855e-05,-9.66749706358821e-05,-9.92735640111597e-05,-9.57421469463118e-05,-9.9895226285235e-05,-9.57394306168386e-05,-9.86671803341089e-05,-9.44529739255139e-05,-9.7195837753926e-05,-9.34845734963593e-05,-9.65383839304241e-05,-9.32814564716075e-05,-9.6442627498455e-05,-9.3429148296898e-05,-9.67106075601387e-05,-9.38916651614972e-05,-9.71278846878567e-05,-9.41221312357166e-05,-9.70911359233914e-05,-9.49221258103022e-05,-9.94207923289557e-05,-9.84911442576246e-05,-0.000103964130272841,-0.00010321066371131,-0.000107517404257697,-0.000106286663716687,-0.000110734825005477,-0.000110981731660151,-0.000116728448517039,-0.000116117711843775,-0.000120615825213434,-0.000120049961559176,-0.000125766211297695,-0.000125774708841205,-0.000129769367438265,-0.000128752211585601,-0.000134138004904169,-0.000133209285187751
-0.000136893604828756,-0.00013613946467553,-0.000137297365973764,-0.000137301201620426,-0.000137633673095765,-0.000135131592729466,-0.000135251636035596,-0.000131132776299016,-0.000129243919186367,-0.000124022875139478,-0.000119582845304792,-0.000113119855287815,-0.000105717734535106,-9.81861281311013e-05,-9.08234858579299e-05,-7.4709973502465e-05,-7.2498143604229e-05,-5.58307251963623e-05,-2.11078035565756e-05,4.10996939249264e-05,0.000474911058139157,0.00183559181422576,0.00482130116609278,0.00879301182750917,0.0127623952037202,0.0164546362653999,0.0196756034807122,0.0222538402999353,0.0241454517295127,0.0252637857294528,0.0255713123109185,0.0249897517790298,0.0234991873852842,0.0209784905525618,0.0174834324826795,0.0130560043966779,0.00792470132418744,0.00352643309527629,0.00119005807568057,0.000386420910312623,0.000292301021997433,0.000248679740180066,0.000243069636596028,0.00027401932100344,0.000259218273982023,0.000266786228378587,0.000273559336202344,0.00026453969654455,0.000265058291144141,0.000260003691697553,0.000245464996199833,0.000243853351473268,0.000226314947077311,0.000212216632440881,0.000199746642296338,0.000182951293475381,0.000162686255760282,0.000147825278462058,0.000127633585787218,0.000111342272866169,8.93942488898664e-05,7.24688195084591e-05,5.70717685959801e-05,4.12340894538494e-05,1.79722592446964e-05,6.01481564590505e-06,-3.54536110842482e-06,-1.59136082701686e-05,-3.50839761627078e-05,-4.60766099458759e-05,-5.50046241363184e-05,-5.36092616132296e-05,-6.49863497013214e-05,-7.28024056018549e-05,-8.36657466515284e-05,-8.93153558616433e-05,-8.8967117295957e-05,-9.18069053660704e-05,-8.94604161541077e-05,-8.82127379541946e-05,-9.15611418358907e-05,-9.15740298797876e-05,-9.2126505230164e-05,-9.16570069699409e-05,-9.25059622155214e-05,-9.17086877413066e-05,-9.25207445414148e-05,-9.13889380870293e-05,-9.21147442967436e-05,-9.09858930806335e-05,-9.20248249456259e-05,-9.1232571940239e-05,-9.26748068845089e-05,-9.23307136506407e-05,-9.43827428491402e-05,-9.48998887733026e-05,-9.78504937017782e-05,-9.83364512209484e-05,-0.000100546261852816,-0.000100619802552935,-0.00010252149604346,-0.000103068912705881,-0.000106550901383166,-0.000108096262058966,-0.000111854216558005,-0.000112396617310888,-0.000115183402722343,-0.000116729709927095,-0.000120775551941404,-0.000122307059754465,-0.000124998150438491,-0.000125812791202214,-0.000129804372623123,-0.000131059724040121,-0.000133016167835997,-0.000133523642592465
-0.000135083701999275,-0.000135992036129134,-0.00013769804985247,-0.000136272031287651,-0.000136901182991493,-0.000135598378841652,-0.000133900639109852,-0.000131230274046703,-0.000128320074297226,-0.000123637723911398,-0.000119394198995169,-0.00011149740367905,-0.00010636642654373,-9.75833687000532e-05,-8.75591097825872e-05,-7.94479884910126e-05,-6.7417433258322e-05,-5.60063498977277e-05,-4.5187920504863e-05,-1.91858435657558e-05,3.63030934596389e-05,0.000230300224734519,0.000938844518114691,0.00253391350035621,0.00512154779359138,0.00815362978702788,0.0109434862469838,0.0132177515888795,0.0148490731863314,0.0157376715428341,0.015797630388318,0.0149778638727008,0.013259219636483,0.0106347499950882,0.00724217051807521,0.00395873647278197,0.00173595383238776,0.000646488780732455,0.000328247686712828,0.000253215064371932,0.000236786680381406,0.000246640204841698,0.000254934615956185,0.000258020373590026,0.000269322392679784,0.000266617279554972,0.000266540215142905,0.000273395813356917,0.000260733531022705,0.00025729696766158,0.000253413912925104,0.000237263641704294,0.000227340508619176,0.000216389660412165,0.000196562100487653,0.000182475349083736,0.000165630496933863,0.000147011341233055,0.000128097244503907,0.000109672077497781,9.22312868800165e-05,7.51906897118389e-05,5.36721639957978e-05,3.77276237846002e-05,2.59127120411813e-05,1.00789420797844e-05,-1.00233471925473e-05,-2.17923672108382e-05,-2.92749224370773e-05,-3.77796030550423e-05,-4.98293975629549e-05,-6.5024023148488e-05,-7.09211316862584e-05,-7.39710085843147e-05,-7.62998208004065e-05,-7.75394955507554e-05,-8.62820787914717e-05,-8.70221761318357e-05,-9.47096045035967e-05,-9.66465935824194e-05,-9.72554098017771e-05,-9.62729054623285e-05,-9.79019636063848e-05,-9.6312404171506e-05,-9.69349860877306e-05,-9.52098508586302e-05,-9.56856448293935e-05,-9.43234167371928e-05,-9.50970296358823e-05,-9.41035163480132e-05,-9.50360080852494e-05,-9.42579255864027e-05,-9.53701781995153e-05,-9.47885694056796e-05,-9.59654702012374e-05,-9.52701356495373e-05,-9.62906583482859e-05,-9.63141043126444e-05,-9.86561405299245e-05,-9.97102304928404e-05,-0.000102962921287772,-0.000104201173215464,-0.000106585722377169,-0.000107416902288458,-0.000109956688421829,-0.000112056766559604,-0.000115721077200979,-0.000117114580302069,-0.000119703828939572,-0.000121110927772442,-0.000124828465255415,-0.000126646287605287,-0.000128784467376452,-0.000129767390036937,-0.000133135941310629,-0.000133954995142712
-0.00013627709377571,-0.000136103846522743,-0.000136848406912207,-0.0001372225891073,-0.000136969862168688,-0.00013513773265241,-0.000134512323846512,-0.000131053994363504,-0.000128529441534048,-0.000123818531980163,-0.000118874091640115,-0.000112873284908296,-0.00010529429627083,-9.77338849445387e-05,-8.95972905171495e-05,-7.64904019192051e-05,-7.00009674371231e-05,-5.77163130046584e-05,-4.07502555896127e-05,-3.58299378267206e-05,-1.23189167497505e-05,3.38031934407578e-05,0.000137127790220571,0.000452318370381382,0.00118706492969311,0.00242412641303223,0.00397761895791008,0.00551349638354043,0.00669005398175925,0.00727910237230237,0.00715743542287182,0.00632184356429978,0.00491332271702026,0.00330980871445647,0.0018043238412957,0.000840958253389554,0.000411857636971411,0.000272061452802189,0.00023148578222025,0.000219000121874767,0.000245728916155349,0.000242110824120432,0.000248545289263507,0.000266786911527887,0.0002610445343416,0.000266728768377206,0.000271501500025959,0.00026415347085469,0.000264468807517996,0.000258519069261564,0.000246075037677693,0.000241640690279998,0.000226599372912531,0.00021165188479526,0.000199202378709863,0.000182196056943719,0.000163228227307224,0.000147059708472415,0.000127992208409405,0.000110701637297147,9.03253347027076e-05,7.24878276894344e-05,5.70551896474549e-05,4.07758863295866e-05,1.98609610549421e-05,6.31191695102003e-06,-3.89804451264434e-06,-1.65145506295078e-05,-3.33397597291733e-05,-4.49561017871345e-05,-5.38265217833041e-05,-5.53003265331891e-05,-6.48699112694506e-05,-7.2730145549492e-05,-8.18378915607875e-05,-8.78558934970082e-05,-8.81779783276098e-05,-9.1322233625667e-05,-8.97300797654393e-05,-8.93682742850867e-05,-9.16871259845507e-05,-9.22446863977562e-05,-9.23918172609643e-05,-9.24002272405584e-05,-9.26549173445115e-05,-9.23510264505169e-05,-9.25590271644819e-05,-9.19967921603791e-05,-9.21624195744428e-05,-9.1628692410481e-05,-9.20866865583166e-05,-9.18655363036451e-05,-9.27039928049108e-05,-9.28860335295208e-05,-9.42605018071844e-05,-9.51811893127158e-05,-9.73666882946232e-05,-9.8341747751147e-05,-0.000100043295163308,-0.000100774250899315,-0.000102273606784514,-0.000103423085714838,-0.000106214454641751,-0.00010824782414724,-0.000111332087138216,-0.000112564004377138,-0.000114886016366306,-0.00011691882174192,-0.000120329421727338,-0.000122360169235777,-0.000124567727358169,-0.000126005524242277,-0.000129341965669421,-0.000131026008056605,-0.000132547396965919,-0.000133672146658632
-0.000134603988311315,-0.000135674678603408,-0.000136941182493707,-0.000135963469308879,-0.000136278483873378,-0.000135088890888141,-0.000133284048369287,-0.000130771269199923,-0.000127657083337593,-0.000123198232858018,-0.00011860133647245,-0.00011134089222837,-0.000105626519618277,-9.70620466678278e-05,-8.74040900343958e-05,-7.87762261102129e-05,-6.7553343260023e-05,-5.58539787649746e-05,-4.56685673643686e-05,-3.18143650366187e-05,-1.69469857281794e-05,-4.60572876083394e-06,3.12183825871709e-05,0.000101586308772132,0.000244342227446092,0.000532834276631676,0.000986061787948288,0.00152383194837228,0.00199013804006433,0.00222619554915603,0.00214718924303507,0.00178956093060275,0.00127971926588709,0.000806598708363722,0.00046956497324262,0.000303567569885286,0.000233194739764836,0.000204047215887083,0.000220125674070432,0.000225898795101859,0.000233300210596438,0.000245640431710711,0.000252594882296465,0.000257518409462124,0.000266811110443819,0.000265870747245701,0.000265741368891709,0.000270153186961418,0.000260607788463501,0.000255861658424849,0.000251097378006351,0.000236821869557808,0.000226110996202567,0.000214556492417532,0.000196317923806265,0.000181404974928786,0.000164718491865026,0.000146345759837035,0.000127782273385177,0.000109334110099863,9.17476527502469e-05,7.45471580279841e-05,5.4409135999503e-05,3.79674268362703e-05,2.50480257906957e-05,9.68937314317482e-06,-8.50569227906883e-06,-2.09661934372601e-05,-2.96779647737457e-05,-3.86760778371314e-05,-4.97153557391237e-05,-6.30182654338213e-05,-6.95817524575067e-05,-7.3681567867185e-05,-7.67726556522312e-05,-7.87799072468264e-05,-8.5823265277568e-05,-8.72949550558314e-05,-9.32445404447945e-05,-9.5286559022521e-05,-9.59954096424337e-05,-9.55249590723049e-05,-9.66332597749832e-05,-9.55845022187603e-05,-9.58821029230024e-05,-9.46629540951681e-05,-9.4823783550876e-05,-9.38601413957256e-05,-9.42700991161998e-05,-9.36258373196068e-05,-9.42171128137683e-05,-9.37991424322476e-05,-9.45978935745159e-05,-9.44081445260808e-05,-9.53518044917568e-05,-9.51640279195027e-05,-9.60611880690437e-05,-9.64825799834681e-05,-9.8436052529973e-05,-9.97049376498833e-05,-0.000102449089027088,-0.00010394461521931,-0.000106130598650537,-0.000107346507692372,-0.000109681689317779,-0.000111916855588315,-0.000115147310927118,-0.000116889074478191,-0.000119267911658338,-0.000121001212239278,-0.000124296491789695,-0.000126302951489909,-0.000128270263158407,-0.000129619342222412,-0.000132521828809488,-0.000133553081992305
-0.00013393385599246,-0.000134098714723485,-0.000134705501690483,-0.000135131992664344,-0.000134668415000404,-0.000133199591531482,-0.000132187135510044,-0.000129114275354784,-0.000126333881104625,-0.000121895763598383,-0.000116885440385371,-0.000111020009542735,-0.000103617021067933,-9.61181217555535e-05,-8.77280336751505e-05,-7.60008121062287e-05,-6.81359226346705e-05,-5.64348657778409e-05,-4.21077315761097e-05,-3.42231207137936e-05,-2.00845442092299e-05,-3.7328650802804e-06,1.01725545175405e-05,3.29622583328026e-05,8.01695952000245e-05,0.0001582077942793,0.000271811940321188,0.000413503652403856,0.000544583584048209,0.000617901942349181,0.000602967134292897,0.000516821608812566,0.000402134238801353,0.000298532904387223,0.000232573555480116,0.000197207185868594,0.000195454628258335,0.000202005771966958,0.000210859322918399,0.000217968214113423,0.000237228933982847,0.000239407839809385,0.000246403552964353,0.000260290953433515,0.000258349413037106,0.000262629524283084,0.00026647063474253,0.000260937718898166,0.000259778421107069,0.000254326346404597,0.000243174642543251,0.00023686302217359,0.000223489974210091,0.000208789493204087,0.000195741779156786,0.000179380129588572,0.000161242889272003,0.000144654758866292,0.000126255536066772,0.000108818100382634,8.95814177443354e-05,7.17241102655318e-05,5.58760042454448e-05,3.98413368958584e-05,2.09647957507119e-05,6.67699726106846e-06,-4.59278538532656e-06,-1.6876073971672e-05,-3.16501918255116e-05,-4.31514936842375e-05,-5.22680549066262e-05,-5.61095684480294e-05,-6.4322966979962e-05,-7.16105025925165e-05,-7.93035684781877e-05,-8.50420680016644e-05,-8.64885079827087e-05,-8.94410944745023e-05,-8.9028415282018e-05,-8.91622536286473e-05,-9.08153863574552e-05,-9.14566788365223e-05,-9.15832076834788e-05,-9.16516208783244e-05,-9.16951658170674e-05,-9.14827899056395e-05,-9.1462482952999e-05,-9.10875057224916e-05,-9.10646946494426e-05,-9.07587319165368e-05,-9.09940627825345e-05,-9.09818049286239e-05,-9.1564103384023e-05,-9.19159270422025e-05,-9.2949408267673e-05,-9.39118133851717e-05,-9.56345590559253e-05,-9.67532763989021e-05,-9.82538035573429e-05,-9.93034210581604e-05,-0.000100722761611463,-0.00010213303409457,-0.000104523666820945,-0.00010667650673901,-0.000109367218099305,-0.00011097375168852,-0.000113131820778377,-0.000115309427426953,-0.000118321641044475,-0.000120525166367866,-0.000122568789363623,-0.000124300921513461,-0.000127204494276137,-0.00012902363023453,-0.00013043498091755,-0.000131819125045874
-0.000127721624924263,-0.00012879475052708,-0.000129725206062123,-0.000129122114007215,-0.000129205022260753,-0.000128138781325722,-0.000126402373234771,-0.00012407293563055,-0.000121021380195525,-0.000116919661826134,-0.000112336088074005,-0.000105812943254188,-0.000100025123254927,-9.20535857691685e-05,-8.30798412706173e-05,-7.45320885477508e-05,-6.42234316624369e-05,-5.31622324879622e-05,-4.29403044056716e-05,-3.09124083637335e-05,-1.79714486496451e-05,-8.1423211476796e-06,6.57751571369389e-06,2.39578738391814e-05,4.33492351771541e-05,7.11395226702696e-05,0.000112649111928929,0.000164301684246653,0.000211168423780033,0.000241681443868554,0.000245780380389578,0.000228512920309993,0.000203003141343365,0.000178922993875965,0.000174887371866356,0.000177328204197045,0.000182098610390556,0.000186729560935829,0.000204592205661446,0.000212952235755577,0.000221906121877083,0.000232405278231955,0.000239193116366828,0.000244679738742212,0.000251919076950808,0.000252376654932207,0.000252269873211192,0.000254809692139979,0.000247825348129381,0.000242413654767026,0.000237190665245199,0.000225134237119361,0.000214176741935168,0.000202768407565337,0.000186642315253993,0.000171818240909898,0.000155947375284131,0.000138759684238375,0.000121274533171436,0.00010376559682422,8.68152348720863e-05,7.03650391024952e-05,5.22827596166847e-05,3.63104829943594e-05,2.29602568172891e-05,8.8104509447586e-06,-6.92507457878097e-06,-1.92817807369138e-05,-2.87438175290776e-05,-3.76463501877701e-05,-4.73488296470993e-05,-5.82670078933191e-05,-6.51660577926728e-05,-6.99381127396868e-05,-7.35819025042873e-05,-7.6089213859845e-05,-8.1319587001419e-05,-8.32821859155764e-05,-8.75161000929926e-05,-8.94662650505595e-05,-9.03298639638653e-05,-9.02565739555564e-05,-9.09205290533497e-05,-9.03058070249048e-05,-9.03693945663205e-05,-8.95634287337221e-05,-8.95089169392067e-05,-8.8858865229379e-05,-8.90015252014762e-05,-8.86142306279717e-05,-8.8953581784864e-05,-8.87927314165755e-05,-8.93553808369441e-05,-8.94368636073087e-05,-9.02020156598166e-05,-9.03866280382566e-05,-9.12068710113269e-05,-9.18691664114691e-05,-9.34640596693367e-05,-9.47843266995716e-05,-9.70255210028011e-05,-9.86116275514534e-05,-0.000100591195076702,-0.000102019270937068,-0.000104128654113705,-0.000106298010153227,-0.0001090705880084,-0.000110967515155939,-0.000113129969365781,-0.000114987821237381,-0.000117818522580037,-0.000119835039382119,-0.000121650022955543,-0.000123167204463863,-0.000125589147987991,-0.000126716689719045
-0.000114662545862405,-0.000114955435559424,-0.00011548387647562,-0.000115786301233168,-0.000115366238929406,-0.000114233105653684,-0.000113200373189806,-0.000110706431877501,-0.000108216993602798,-0.000104476032540711,-0.000100173770442009,-9.50882153316959e-05,-8.88423740126373e-05,-8.2381394465601e-05,-7.50007363512294e-05,-6.54298737648774e-05,-5.81708056657605e-05,-4.82222155986004e-05,-3.66491725807931e-05,-2.88326452247098e-05,-1.73394598600407e-05,-5.1570824414111e-06,4.90168311111367e-06,1.5972532695372e-05,3.12750469767323e-05,4.91261349952825e-05,6.97386762242314e-05,9.37347251580147e-05,0.000115453541422447,0.000132786240488623,0.000141143659714455,0.00014312173953578,0.000143101451912577,0.000140040027919884,0.000145495698868013,0.000150291558018128,0.000160939141747583,0.000170229808738097,0.000180297155900536,0.000187854887873006,0.000202058021986263,0.000205761920850229,0.000211635081353098,0.000222202788545522,0.000222215687235518,0.000224927305823738,0.000228049588385665,0.000224336442876999,0.000222213024282953,0.000217956965510102,0.000209076781699816,0.000202430751979965,0.000191801248295601,0.000179343050838154,0.000167515212922202,0.000153821152715888,0.000138546618939235,0.000123965404378916,0.000108341501503535,9.32059138828593e-05,7.71574677414015e-05,6.17733782565065e-05,4.76375163409966e-05,3.39541817139642e-05,1.88436210976883e-05,6.09950895489285e-06,-4.51172813055329e-06,-1.48807191894947e-05,-2.64181252278757e-05,-3.6184397262441e-05,-4.4340955345356e-05,-4.9180302118382e-05,-5.55355402369079e-05,-6.13466013657001e-05,-6.71748920339602e-05,-7.18106140274866e-05,-7.39520959709238e-05,-7.62618735917367e-05,-7.68126438452529e-05,-7.71643084816082e-05,-7.82536247959128e-05,-7.87400661644559e-05,-7.89442229856441e-05,-7.89270402178652e-05,-7.89296694518928e-05,-7.86934346048351e-05,-7.8629610097112e-05,-7.83199720038862e-05,-7.82822451355879e-05,-7.80592327290087e-05,-7.82259921182295e-05,-7.8245208733822e-05,-7.86877599304507e-05,-7.89958861204406e-05,-7.97756984886342e-05,-8.05263708655994e-05,-8.18140874805427e-05,-8.27743913670148e-05,-8.40510737032143e-05,-8.50678959180953e-05,-8.63627284891798e-05,-8.76526658481902e-05,-8.95668723868286e-05,-9.139772622876e-05,-9.35758164310655e-05,-9.51230570071892e-05,-9.70002902065858e-05,-9.88781881221973e-05,-0.000101321338222,-0.000103244201570448,-0.000105033021533254,-0.000106626783657012,-0.000108946852729478,-0.000110521812027443,-0.000111795220299335,-0.000113052183673363
-8.76811223558543e-05,-8.84920660518892e-05,-8.90819065340509e-05,-8.86702230293029e-05,-8.87509502353437e-05,-8.80176279512634e-05,-8.68073533349477e-05,-8.52325706639557e-05,-8.31193243030358e-05,-8.03402268529929e-05,-7.71468567859258e-05,-7.26980193936311e-05,-6.87698266506612e-05,-6.32117748518052e-05,-5.70965217582047e-05,-5.13150391766573e-05,-4.41082935126878e-05,-3.65576395200585e-05,-2.96547106446151e-05,-2.12969633427435e-05,-1.24896457851328e-05,-5.80069422211407e-06,3.40520331046886e-06,1.3429975947603e-05,2.24503235182892e-05,3.20477942157267e-05,4.44041391895852e-05,5.92620769895525e-05,7.24451248742995e-05,8.38662744153039e-05,9.10970701905522e-05,9.53356701758039e-05,9.86459770647927e-05,0.000100250261012153,0.000109500477939068,0.000117233617280058,0.000123206546701752,0.000127889191856019,0.000140052517852129,0.000146260035497646,0.000152003969771964,0.000159257948661493,0.000164463776028254,0.000167609324389862,0.00017254367671404,0.000173668913883944,0.000172738997326828,0.000174583422322115,0.000170576202215256,0.000165932233886353,0.000162599422774984,0.000154945203975469,0.000146611596777145,0.000139033400815144,0.000128398907648893,0.000117747674560434,0.000106896771765919,9.53244541986367e-05,8.3265008329489e-05,7.12549956563849e-05,5.93924856788949e-05,4.82682175057084e-05,3.6268227851119e-05,2.49236050079195e-05,1.51958237566471e-05,6.10863115368383e-06,-4.07031071668757e-06,-1.31305346704281e-05,-2.03340068312407e-05,-2.62129984462196e-05,-3.23381276698646e-05,-3.90435585825493e-05,-4.46299234445907e-05,-4.83344368695534e-05,-5.10968593909273e-05,-5.27205552042124e-05,-5.54765582401454e-05,-5.71565164651488e-05,-5.95038949308796e-05,-6.10442884050021e-05,-6.19458904667503e-05,-6.20067978906714e-05,-6.22889439658791e-05,-6.198069000124e-05,-6.19510475721474e-05,-6.1492157934496e-05,-6.13881075052127e-05,-6.09956295893914e-05,-6.10248254338255e-05,-6.08088761716772e-05,-6.09956569752386e-05,-6.09391901383094e-05,-6.12874760047416e-05,-6.14077688926405e-05,-6.19228690443169e-05,-6.21347321145961e-05,-6.2682985648031e-05,-6.31632540259667e-05,-6.41724432234455e-05,-6.50919638765225e-05,-6.65719770689923e-05,-6.77250574812287e-05,-6.91027101242395e-05,-7.00900892728956e-05,-7.1504181630239e-05,-7.29867814153567e-05,-7.48808286081897e-05,-7.62555501682953e-05,-7.76720325278507e-05,-7.89563472220472e-05,-8.09087994389696e-05,-8.23308517807959e-05,-8.35092123693161e-05,-8.45943508833853e-05,-8.62657154449258e-05,-8.70151238660961e-05
-5.04810192865936e-05,-5.06366844175463e-05,-5.08840175893983e-05,-5.09901902523411e-05,-5.08156770986002e-05,-5.03345886831314e-05,-4.98547334980163e-05,-4.8778338690436e-05,-4.76702607262296e-05,-4.60291205784716e-05,-4.41435085122538e-05,-4.18795795900038e-05,-3.91622113311706e-05,-3.63056174491222e-05,-3.30210026405558e-05,-2.88878107678291e-05,-2.56122466826124e-05,-2.12358852792984e-05,-1.62445218287972e-05,-1.26622170230602e-05,-7.63089876130279e-06,-2.45759844408265e-06,2.00174925924281e-06,6.66713529573265e-06,1.23840039513352e-05,1.83514357994448e-05,2.4669387356581e-05,3.17562914985464e-05,3.8053362612888e-05,4.40174069241768e-05,4.84791746388178e-05,5.20900681383524e-05,5.55696171817839e-05,5.73347393480386e-05,6.21073908476651e-05,6.56548847102339e-05,7.06317771907914e-05,7.47318997396724e-05,7.94650432076959e-05,8.28353916313929e-05,8.88126362197249e-05,9.07359977990731e-05,9.32541414528309e-05,9.77247700029283e-05,9.80461378257065e-05,9.90161634848272e-05,0.000100387833976275,9.89890136084509e-05,9.77730058998352e-05,9.60167999955613e-05,9.2254550743156e-05,8.90499375255224e-05,8.45494774348295e-05,7.91122818774369e-05,7.37375910822214e-05,6.77960393913141e-05,6.11201267434556e-05,5.46247897725631e-05,4.77643758140615e-05,4.10649337641915e-05,3.40852418313084e-05,2.73068910660194e-05,2.09348798738688e-05,1.4931616223369e-05,8.51576073374864e-06,2.80300526903526e-06,-2.11282643834381e-06,-6.63352087796794e-06,-1.14618024803282e-05,-1.57258872153222e-05,-1.94109232655874e-05,-2.189927590345e-05,-2.45535419588278e-05,-2.69956839378889e-05,-2.93956847002485e-05,-3.13510582465622e-05,-3.25266374205876e-05,-3.34757905630694e-05,-3.3948487266131e-05,-3.41474310652857e-05,-3.4563032511881e-05,-3.47472088450304e-05,-3.48741750088938e-05,-3.48342829497617e-05,-3.48416665434438e-05,-3.47104738196064e-05,-3.4685788557631e-05,-3.45378138598769e-05,-3.45316512250446e-05,-3.44291333439233e-05,-3.45083180828139e-05,-3.45097522826355e-05,-3.47056400887106e-05,-3.48297998532548e-05,-3.51620843597681e-05,-3.54612623359189e-05,-3.59969572259855e-05,-3.64069977272517e-05,-3.69809564991688e-05,-3.74433581863382e-05,-3.804688080245e-05,-3.86207707638306e-05,-3.94463073211324e-05,-4.02344968249722e-05,-4.11776751716151e-05,-4.18870404053699e-05,-4.27352664940673e-05,-4.35518066346007e-05,-4.46078253150441e-05,-4.54506306275966e-05,-4.62623856834636e-05,-4.69776930785323e-05,-4.79718993242149e-05,-4.86581632409431e-05,-4.92494264689552e-05,-4.98060201461188e-05
-1.47084046896613e-05,-1.51468123337822e-05,-1.52924276421421e-05,-1.49265996025401e-05,-1.516443895093e-05,-1.5064887694495e-05,-1.46914338717021e-05,-1.45624088181479e-05,-1.41260302735367e-05,-1.37105540189731e-05,-1.31839916208263e-05,-1.21960575854166e-05,-1.19899977861591e-05,-1.06636916765582e-05,-9.49589415294929e-06,-9.28189825932354e-06,-7.2106571284213e-06,-6.00309522394453e-06,-5.85230797263584e-06,-3.25261570326719e-06,-1.74536724237095e-06,-1.86997379887883e-06,3.16671790769254e-07,2.93505738677108e-06,3.76775725946888e-06,4.41554483209412e-06,6.1143536054608e-06,8.61064932872666e-06,1.07606663923076e-05,1.26530413397436e-05,1.38448188674739e-05,1.45428626270738e-05,1.50015543729257e-05,1.56889001237483e-05,1.84437696677441e-05,2.09038105908611e-05,2.06626701409682e-05,2.01837693619485e-05,2.42875670983901e-05,2.58275633135091e-05,2.40059763515157e-05,2.71343479998846e-05,2.90901581420458e-05,2.66893889184364e-05,2.95267691833461e-05,3.04096845193357e-05,2.76672277946429e-05,3.01443939908562e-05,2.94588848134184e-05,2.68627859318092e-05,2.80679533924271e-05,2.65779108691081e-05,2.39358100376537e-05,2.38510014088228e-05,2.19598853054715e-05,1.94757916313733e-05,1.80152440982072e-05,1.6241133288417e-05,1.40484534914442e-05,1.19046798917686e-05,9.731886011286e-06,8.38690935365859e-06,6.4134099844514e-06,3.67767829996253e-06,1.97985635200807e-06,1.6085738032255e-06,-1.19993636429719e-07,-2.84083701497072e-06,-4.39438433632215e-06,-4.37551531344994e-06,-4.6741764474089e-06,-5.88662923273278e-06,-8.31490455513797e-06,-9.17518607564714e-06,-9.33559783517155e-06,-8.66900941044079e-06,-8.46078980341189e-06,-9.13989335558326e-06,-9.57233973291328e-06,-1.05833224637185e-05,-1.12166030343817e-05,-1.1213852953106e-05,-1.1104499224841e-05,-1.10520420954056e-05,-1.09647202222744e-05,-1.08667104187981e-05,-1.07669301478449e-05,-1.06750014405376e-05,-1.06416522572871e-05,-1.06198614673094e-05,-1.06446228601883e-05,-1.06447604516912e-05,-1.06878294999733e-05,-1.07136677881961e-05,-1.07864032048663e-05,-1.0755741074255e-05,-1.068526939076e-05,-1.06610317811161e-05,-1.07608638302491e-05,-1.09546683392736e-05,-1.13541472023249e-05,-1.16688516966664e-05,-1.19254469946105e-05,-1.19004649340522e-05,-1.20211985787342e-05,-1.23439641675353e-05,-1.28686627219756e-05,-1.31402147939993e-05,-1.31356014014983e-05,-1.32505724720248e-05,-1.3858202925029e-05,-1.4197005904745e-05,-1.40959314253184e-05,-1.42486180670332e-05,-1.48563578296487e-05,-1.48312788099016e-05
-1.61409148898646e-21,-1.35463408411321e-31,-2.85777916676258e-32,5.9361405590695e-32,1.79756738542261e-32,9.88076619090112e-33,4.94355849822893e-32,1.71642057015034e-32,-2.92994584853992e-31,9.42894888338813e-32,1.87195899548878e-32,-4.12789889858072e-32,-9.78107075296543e-32,1.97167221502281e-32,-4.21009451251562e-32,6.45702598310894e-32,-1.71435751962904e-31,-1.72231602800181e-32,1.78411293150936e-32,4.11369202439692e-32,9.06396993236328e-32,2.96712647756248e-32,-5.07946379086154e-33,3.65735914877011e-32,1.49032325009904e-31,3.88487871532064e-32,-8.30619418437542e-33,1.25936359632824e-32,9.03855886446781e-32,-3.232264697708e-31,1.1528790791904e-31,-2.74151275555018e-33,-1.62225454124119e-31,1.01747507849715e-32,5.0652058422072e-33,6.57240758797496e-32,-2.4629102500058e-32,-7.00025532209462e-32,-1.2651958869807e-32,-3.31651097863108e-32,1.73526769746023e-31,-3.171843545081e-32,1.09582625279913e-32,1.66044194124579e-32,-2.95992514552355e-32,2.73645061760994e-32,4.19787617212737e-32,-7.10126521327547e-32,-3.54926202801292e-32,2.52151929656284e-32,-2.10549436024418e-32,-7.10943751344983e-33,-2.81951544908304e-31,4.55870411007031e-32,6.74278992075145e-32,-4.45501072633556e-32,-1.52776791226145e-31,1.37048605068998e-31,-2.5223114385512e-32,1.28101837973394e-31,-1.78609467453104e-31,-9.61636094810909e-32,-5.86996304371186e-33,6.79636089656955e-32,-3.12375575663916e-31,-8.17072591769848e-32,-3.19027913910747e-32,-1.44255713592992e-32,3.64253162995927e-32,-5.96174785817884e-32,9.42235571585971e-32,6.15274250219519e-32,-6.57888549117854e-32,1.0248643203183e-32,-4.42470820806881e-33,-5.75479837309091e-32,1.49371670812827e-31,6.96725149012832e-32,1.49161434295718e-32,-8.02672580476935e-32,-1.01205598014464e-31,4.17362612657555e-32,-4.29348350758433e-32,1.28174788485745e-32,-3.63486395243713e-31,-2.32491003275664e-32,-5.19176022065458e-32,6.41549558054995e-32,6.57710780646502e-32,3.23597722408889e-32,-3.08788544066638e-32,1.24733453401883e-32,1.17742254860338e-31,2.20779748819677e-32,1.16591388794102e-32,-1.95906847799868e-32,-4.32303430109522e-32,-3.30059432649367e-33,-1.07272143618974e-32,3.61042461534595e-32,-1.12309555386798e-31,-2.54730431259554e-32,-8.32822919795999e-32,6.72636867939844e-34,-2.17241377422707e-32,-4.96144986615864e-32,-2.11786433363488e-32,-1.71514459073232e-32,-1.50375181429145e-31,-3.36026598643412e-32,-1.77923903221911e-32,-4.9367085236851e-32,8.53872197892614e-32,2.65530934150696e-32,-4.6195344879427e-32,-1.56963321080478e-31
