NaN,NaN,NaN,NaN,NaN,NaN,NaN,NaN,NaN,NaN,NaN,NaN,NaN,NaN,NaN,NaN,NaN,NaN,NaN,NaN,NaN,NaN,0,0,0,0,0,0,0,0,0,0,0,0,0,0,0,NaN,NaN,NaN,NaN,NaN,NaN,NaN,NaN,NaN,NaN,NaN,NaN,NaN,NaN,NaN,NaN,NaN,NaN,NaN,NaN,NaN,NaN,NaN,NaN,NaN,NaN,NaN,NaN,NaN,NaN,NaN,NaN,NaN,NaN,NaN,NaN,NaN,NaN,NaN,NaN,NaN,NaN,NaN,NaN,NaN,NaN,NaN,NaN,NaN,NaN,NaN,NaN,NaN,NaN,NaN,NaN,NaN,NaN,NaN,NaN,NaN,NaN,NaN,NaN,NaN,NaN,NaN,NaN,NaN,NaN,NaN,NaN,NaN,NaN,NaN,NaN,NaN,NaN,NaN
NaN,NaN,NaN,NaN,NaN,NaN,NaN,NaN,NaN,NaN,NaN,NaN,NaN,NaN,NaN,NaN,NaN,NaN,NaN,NaN,NaN,NaN,4.156153e-06,1.889972e-06,9.779275e-07,1.933555e-07,-1.439411e-06,-3.792097e-06,-5.887902e-06,-7.797675e-06,-9.096749e-06,-9.952094e-06,-1.058169e-05,-1.140369e-05,-1.416554e-05,-1.670118e-05,-1.672436e-05,NaN,NaN,NaN,NaN,NaN,NaN,NaN,NaN,NaN,NaN,NaN,NaN,NaN,NaN,NaN,NaN,NaN,NaN,NaN,NaN,NaN,NaN,NaN,NaN,NaN,NaN,NaN,NaN,NaN,NaN,NaN,NaN,NaN,NaN,NaN,NaN,NaN,NaN,NaN,NaN,NaN,NaN,NaN,NaN,NaN,NaN,NaN,NaN,NaN,NaN,NaN,NaN,NaN,NaN,NaN,NaN,NaN,NaN,NaN,NaN,NaN,NaN,NaN,NaN,NaN,NaN,NaN,NaN,NaN,NaN,NaN,NaN,NaN,NaN,NaN,NaN,NaN,NaN,NaN
NaN,NaN,NaN,NaN,NaN,NaN,NaN,NaN,NaN,NaN,NaN,NaN,NaN,NaN,NaN,NaN,NaN,NaN,NaN,NaN,NaN,NaN,1.326094e-05,8.831142e-06,3.527838e-06,-2.1667e-06,-8.254156e-06,-1.515583e-05,-2.148436e-05,-2.759578e-05,-3.239165e-05,-3.640432e-05,-4.030594e-05,-4.261997e-05,-4.778882e-05,-5.185147e-05,-5.73892e-05,NaN,NaN,NaN,NaN,NaN,NaN,NaN,NaN,NaN,NaN,NaN,NaN,NaN,NaN,NaN,NaN,NaN,NaN,NaN,NaN,NaN,NaN,NaN,NaN,NaN,NaN,NaN,NaN,NaN,NaN,NaN,NaN,NaN,NaN,NaN,NaN,NaN,NaN,NaN,NaN,NaN,NaN,NaN,NaN,NaN,NaN,NaN,NaN,NaN,NaN,NaN,NaN,NaN,NaN,NaN,NaN,NaN,NaN,NaN,NaN,NaN,NaN,NaN,NaN,NaN,NaN,NaN,NaN,NaN,NaN,NaN,NaN,NaN,NaN,NaN,NaN,NaN,NaN,NaN
NaN,NaN,NaN,NaN,NaN,NaN,NaN,NaN,NaN,NaN,NaN,NaN,NaN,NaN,NaN,NaN,NaN,NaN,NaN,NaN,NaN,NaN,2.327115e-05,1.405439e-05,5.464844e-06,-3.89183e-06,-1.569235e-05,-2.994792e-05,-4.30166e-05,-5.47128e-05,-6.270472e-05,-6.791962e-05,-7.222375e-05,-7.485953e-05,-8.469507e-05,-9.32388e-05,-0.0001003556,NaN,NaN,NaN,NaN,NaN,NaN,NaN,NaN,NaN,NaN,NaN,NaN,NaN,NaN,NaN,NaN,NaN,NaN,NaN,NaN,NaN,NaN,NaN,NaN,NaN,NaN,NaN,NaN,NaN,NaN,NaN,NaN,NaN,NaN,NaN,NaN,NaN,NaN,NaN,NaN,NaN,NaN,NaN,NaN,NaN,NaN,NaN,NaN,NaN,NaN,NaN,NaN,NaN,NaN,NaN,NaN,NaN,NaN,NaN,NaN,NaN,NaN,NaN,NaN,NaN,NaN,NaN,NaN,NaN,NaN,NaN,NaN,NaN,NaN,NaN,NaN,NaN,NaN,NaN
NaN,NaN,NaN,NaN,NaN,NaN,NaN,NaN,NaN,NaN,NaN,NaN,NaN,NaN,NaN,NaN,NaN,NaN,NaN,NaN,NaN,3.9364e-05,2.994958e-05,1.94218e-05,5.38222e-06,-1.132721e-05,-3.078033e-05,-5.372133e-05,-7.513985e-05,-9.297478e-05,-0.0001027801,-0.0001065561,-0.0001082466,-0.0001068977,-0.0001135158,-0.0001195884,-0.0001315259,-0.0001422193,NaN,NaN,NaN,NaN,NaN,NaN,NaN,NaN,NaN,NaN,NaN,NaN,NaN,NaN,NaN,NaN,NaN,NaN,NaN,NaN,NaN,NaN,NaN,NaN,NaN,NaN,NaN,NaN,NaN,NaN,NaN,NaN,NaN,NaN,NaN,NaN,NaN,NaN,NaN,NaN,NaN,NaN,NaN,NaN,NaN,NaN,NaN,NaN,NaN,NaN,NaN,NaN,NaN,NaN,NaN,NaN,NaN,NaN,NaN,NaN,NaN,NaN,NaN,NaN,NaN,NaN,NaN,NaN,NaN,NaN,NaN,NaN,NaN,NaN,NaN,NaN,NaN,NaN
NaN,NaN,NaN,NaN,NaN,NaN,NaN,NaN,NaN,NaN,NaN,NaN,NaN,NaN,NaN,NaN,NaN,NaN,NaN,NaN,5.521181e-05,4.582652e-05,3.273814e-05,1.694098e-05,-9.486575e-07,-2.654347e-05,-6.44149e-05,-0.000112223,-0.0001570804,-0.0001883002,-0.000195922,-0.0001834353,-0.0001623654,-0.0001416355,-0.0001392286,-0.0001430364,-0.000149517,-0.0001558274,-0.0001755166,NaN,NaN,NaN,NaN,NaN,NaN,NaN,NaN,NaN,NaN,NaN,NaN,NaN,NaN,NaN,NaN,NaN,NaN,NaN,NaN,NaN,NaN,NaN,NaN,NaN,NaN,NaN,NaN,NaN,NaN,NaN,NaN,NaN,NaN,NaN,NaN,NaN,NaN,NaN,NaN,NaN,NaN,NaN,NaN,NaN,NaN,NaN,NaN,NaN,NaN,NaN,NaN,NaN,NaN,NaN,NaN,NaN,NaN,NaN,NaN,NaN,NaN,NaN,NaN,NaN,NaN,NaN,NaN,NaN,NaN,NaN,NaN,NaN,NaN,NaN,NaN,NaN
NaN,NaN,NaN,NaN,NaN,NaN,NaN,NaN,NaN,NaN,NaN,NaN,NaN,NaN,NaN,NaN,NaN,NaN,NaN,NaN,5.862688e-05,4.432351e-05,3.147909e-05,1.10109e-05,-2.978389e-05,-9.802134e-05,-0.0001987009,-0.0003269617,-0.0004496598,-0.0005241507,-0.0005201756,-0.0004494642,-0.0003490033,-0.0002553118,-0.0001946311,-0.000162091,-0.000161877,-0.0001699178,-0.0001808747,NaN,NaN,NaN,NaN,NaN,NaN,NaN,NaN,NaN,NaN,NaN,NaN,NaN,NaN,NaN,NaN,NaN,NaN,NaN,NaN,NaN,NaN,NaN,NaN,NaN,NaN,NaN,NaN,NaN,NaN,NaN,NaN,NaN,NaN,NaN,NaN,NaN,NaN,NaN,NaN,NaN,NaN,NaN,NaN,NaN,NaN,NaN,NaN,NaN,NaN,NaN,NaN,NaN,NaN,NaN,NaN,NaN,NaN,NaN,NaN,NaN,NaN,NaN,NaN,NaN,NaN,NaN,NaN,NaN,NaN,NaN,NaN,NaN,NaN,NaN,NaN,NaN
NaN,NaN,NaN,NaN,NaN,NaN,NaN,NaN,NaN,NaN,NaN,NaN,NaN,NaN,NaN,NaN,NaN,NaN,NaN,6.956414e-05,5.68437e-05,4.522557e-05,1.55764e-05,-4.320793e-05,-0.0001630671,-0.0004081154,-0.0008006064,-0.00127924,-0.001710743,-0.001950576,-0.001912298,-0.001615714,-0.001167133,-0.0007376329,-0.0004240607,-0.0002666573,-0.0001996416,-0.0001722741,-0.0001899294,-0.0001976681,NaN,NaN,NaN,NaN,NaN,NaN,NaN,NaN,NaN,NaN,NaN,NaN,NaN,NaN,NaN,NaN,NaN,NaN,NaN,NaN,NaN,NaN,NaN,NaN,NaN,NaN,NaN,NaN,NaN,NaN,NaN,NaN,NaN,NaN,NaN,NaN,NaN,NaN,NaN,NaN,NaN,NaN,NaN,NaN,NaN,NaN,NaN,NaN,NaN,NaN,NaN,NaN,NaN,NaN,NaN,NaN,NaN,NaN,NaN,NaN,NaN,NaN,NaN,NaN,NaN,NaN,NaN,NaN,NaN,NaN,NaN,NaN,NaN,NaN,NaN,NaN
NaN,NaN,NaN,NaN,NaN,NaN,NaN,NaN,NaN,NaN,NaN,NaN,NaN,NaN,NaN,NaN,NaN,NaN,7.839491e-05,7.232823e-05,5.378859e-05,1.670752e-05,-6.597766e-05,-0.0003191625,-0.0009210426,-0.001961775,-0.003308545,-0.004687802,-0.005797543,-0.006417006,-0.006410283,-0.005745855,-0.004528281,-0.003088561,-0.001699534,-0.0007909429,-0.0003780482,-0.0002410374,-0.0002019265,-0.0001908485,-0.0002201555,NaN,NaN,NaN,NaN,NaN,NaN,NaN,NaN,NaN,NaN,NaN,NaN,NaN,NaN,NaN,NaN,NaN,NaN,NaN,NaN,NaN,NaN,NaN,NaN,NaN,NaN,NaN,NaN,NaN,NaN,NaN,NaN,NaN,NaN,NaN,NaN,NaN,NaN,NaN,NaN,NaN,NaN,NaN,NaN,NaN,NaN,NaN,NaN,NaN,NaN,NaN,NaN,NaN,NaN,NaN,NaN,NaN,NaN,NaN,NaN,NaN,NaN,NaN,NaN,NaN,NaN,NaN,NaN,NaN,NaN,NaN,NaN,NaN,NaN,NaN
NaN,NaN,NaN,NaN,NaN,NaN,NaN,NaN,NaN,NaN,NaN,NaN,NaN,NaN,NaN,NaN,NaN,9.016863e-05,8.121059e-05,6.101127e-05,1.865395e-05,-0.0001285836,-0.000675368,-0.001946879,-0.004079245,-0.006673234,-0.009166298,-0.01129988,-0.01292954,-0.01393236,-0.01419992,-0.01365326,-0.01224728,-0.009947725,-0.006860252,-0.003795086,-0.001676804,-0.0006172041,-0.0003013763,-0.0002262571,-0.0002112932,-0.0002234492,NaN,NaN,NaN,NaN,NaN,NaN,NaN,NaN,NaN,NaN,NaN,NaN,NaN,NaN,NaN,NaN,NaN,NaN,NaN,NaN,NaN,NaN,NaN,NaN,NaN,NaN,NaN,NaN,NaN,NaN,NaN,NaN,NaN,NaN,NaN,NaN,NaN,NaN,NaN,NaN,NaN,NaN,NaN,NaN,NaN,NaN,NaN,NaN,NaN,NaN,NaN,NaN,NaN,NaN,NaN,NaN,NaN,NaN,NaN,NaN,NaN,NaN,NaN,NaN,NaN,NaN,NaN,NaN,NaN,NaN,NaN,NaN,NaN,NaN
NaN,NaN,NaN,NaN,NaN,NaN,NaN,NaN,NaN,NaN,NaN,NaN,NaN,NaN,NaN,NaN,0.0001025449,9.06511e-05,6.567567e-05,2.00825e-05,-0.0002904587,-0.001307455,-0.003630012,-0.0068683,-0.0102706,-0.01358353,-0.01660763,-0.0191592,-0.02116157,-0.02250243,-0.02311602,-0.02290017,-0.02180919,-0.0197027,-0.01660699,-0.01253876,-0.007699317,-0.003463909,-0.001170629,-0.0003656105,-0.000269175,-0.000225974,-0.0002220559,NaN,NaN,NaN,NaN,NaN,NaN,NaN,NaN,NaN,NaN,NaN,NaN,NaN,NaN,NaN,NaN,NaN,NaN,NaN,NaN,NaN,NaN,NaN,NaN,NaN,NaN,NaN,NaN,NaN,NaN,NaN,NaN,NaN,NaN,NaN,NaN,NaN,NaN,NaN,NaN,NaN,NaN,NaN,NaN,NaN,NaN,NaN,NaN,NaN,NaN,NaN,NaN,NaN,NaN,NaN,NaN,NaN,NaN,NaN,NaN,NaN,NaN,NaN,NaN,NaN,NaN,NaN,NaN,NaN,NaN,NaN,NaN,NaN
NaN,NaN,NaN,NaN,NaN,NaN,NaN,NaN,NaN,NaN,NaN,NaN,NaN,NaN,NaN,0.000108755,9.741936e-05,7.94826e-05,-1.929153e-05,-0.0005630899,-0.002361825,-0.005657306,-0.00949811,-0.01353071,-0.01752332,-0.02124419,-0.02465294,-0.02755273,-0.02990143,-0.03155303,-0.032496,-0.03259339,-0.03185383,-0.0301243,-0.02749108,-0.02372044,-0.01890173,-0.01307404,-0.006618369,-0.002214365,-0.0006092881,-0.0002770708,-0.0002486402,-0.0002437065,NaN,NaN,NaN,NaN,NaN,NaN,NaN,NaN,NaN,NaN,NaN,NaN,NaN,NaN,NaN,NaN,NaN,NaN,NaN,NaN,NaN,NaN,NaN,NaN,NaN,NaN,NaN,NaN,NaN,NaN,NaN,NaN,NaN,NaN,NaN,NaN,NaN,NaN,NaN,NaN,NaN,NaN,NaN,NaN,NaN,NaN,NaN,NaN,NaN,NaN,NaN,NaN,NaN,NaN,NaN,NaN,NaN,NaN,NaN,NaN,NaN,NaN,NaN,NaN,NaN,NaN,NaN,NaN,NaN,NaN,NaN,NaN
NaN,NaN,NaN,NaN,NaN,NaN,NaN,NaN,NaN,NaN,NaN,NaN,NaN,0.00012282,0.000118182,0.0001028298,9.017067e-05,-9.477603e-05,-0.001008213,-0.003715619,-0.007469933,-0.01177148,-0.01630654,-0.0208284,-0.02526276,-0.02939127,-0.03314161,-0.0363659,-0.03900443,-0.0409495,-0.04217327,-0.04257808,-0.04214478,-0.04077383,-0.03850579,-0.03519271,-0.03092659,-0.02545723,-0.01887328,-0.01141436,-0.00419948,-0.001113087,-0.0003012257,-0.0002916385,-0.0002435989,-0.000251151,NaN,NaN,NaN,NaN,NaN,NaN,NaN,NaN,NaN,NaN,NaN,NaN,NaN,NaN,NaN,NaN,NaN,NaN,NaN,NaN,NaN,NaN,NaN,NaN,NaN,NaN,NaN,NaN,NaN,NaN,NaN,NaN,NaN,NaN,NaN,NaN,NaN,NaN,NaN,NaN,NaN,NaN,NaN,NaN,NaN,NaN,NaN,NaN,NaN,NaN,NaN,NaN,NaN,NaN,NaN,NaN,NaN,NaN,NaN,NaN,NaN,NaN,NaN,NaN,NaN,NaN,NaN,NaN,NaN,NaN
NaN,NaN,NaN,NaN,NaN,NaN,NaN,NaN,NaN,NaN,NaN,NaN,0.0001281166,0.0001240342,0.0001129458,8.521912e-05,-0.0002130784,-0.001697628,-0.004889478,-0.008982698,-0.0136121,-0.0185415,-0.0235894,-0.02861183,-0.03340368,-0.03788934,-0.04190195,-0.04542078,-0.04828116,-0.05049922,-0.05193587,-0.05263129,-0.0524396,-0.05143332,-0.04948414,-0.04664099,-0.04274673,-0.03788782,-0.03197698,-0.02489834,-0.01664766,-0.007855222,-0.00201858,-0.0004652672,-0.0002821009,-0.000254637,-0.0002668816,NaN,NaN,NaN,NaN,NaN,NaN,NaN,NaN,NaN,NaN,NaN,NaN,NaN,NaN,NaN,NaN,NaN,NaN,NaN,NaN,NaN,NaN,NaN,NaN,NaN,NaN,NaN,NaN,NaN,NaN,NaN,NaN,NaN,NaN,NaN,NaN,NaN,NaN,NaN,NaN,NaN,NaN,NaN,NaN,NaN,NaN,NaN,NaN,NaN,NaN,NaN,NaN,NaN,NaN,NaN,NaN,NaN,NaN,NaN,NaN,NaN,NaN,NaN,NaN,NaN,NaN,NaN,NaN,NaN
NaN,NaN,NaN,NaN,NaN,NaN,NaN,NaN,NaN,NaN,NaN,0.0001341064,0.0001295328,0.0001234044,7.639682e-05,-0.0003793571,-0.002444269,-0.005795452,-0.01009993,-0.01499581,-0.02027965,-0.02578799,-0.03128939,-0.03668728,-0.04179415,-0.04655266,-0.05079455,-0.05451898,-0.05757063,-0.05997932,-0.06161046,-0.06251911,-0.06256309,-0.06183138,-0.06018471,-0.05771348,-0.05425379,-0.04991626,-0.04452967,-0.03818737,-0.03074727,-0.02211321,-0.01273889,-0.003743359,-0.000814048,-0.000251914,-0.000307863,-0.0002535278,NaN,NaN,NaN,NaN,NaN,NaN,NaN,NaN,NaN,NaN,NaN,NaN,NaN,NaN,NaN,NaN,NaN,NaN,NaN,NaN,NaN,NaN,NaN,NaN,NaN,NaN,NaN,NaN,NaN,NaN,NaN,NaN,NaN,NaN,NaN,NaN,NaN,NaN,NaN,NaN,NaN,NaN,NaN,NaN,NaN,NaN,NaN,NaN,NaN,NaN,NaN,NaN,NaN,NaN,NaN,NaN,NaN,NaN,NaN,NaN,NaN,NaN,NaN,NaN,NaN,NaN,NaN,NaN
NaN,NaN,NaN,NaN,NaN,NaN,NaN,NaN,NaN,NaN,0.0001383573,0.0001321985,0.0001334006,6.390871e-05,-0.0006034863,-0.002901498,-0.006418205,-0.01084935,-0.01596054,-0.02153426,-0.02741729,-0.0333433,-0.03924426,-0.04491172,-0.05028168,-0.05519443,-0.05962968,-0.06345639,-0.06667807,-0.06917607,-0.07099059,-0.07200765,-0.07228769,-0.07172415,-0.07040595,-0.06818767,-0.06516395,-0.0611942,-0.05645647,-0.05062149,-0.04398488,-0.03626093,-0.02752263,-0.0174948,-0.007195397,-0.001458097,-0.000335775,-0.0003095042,-0.0002417474,NaN,NaN,NaN,NaN,NaN,NaN,NaN,NaN,NaN,NaN,NaN,NaN,NaN,NaN,NaN,NaN,NaN,NaN,NaN,NaN,NaN,NaN,NaN,NaN,NaN,NaN,NaN,NaN,NaN,NaN,NaN,NaN,NaN,NaN,NaN,NaN,NaN,NaN,NaN,NaN,NaN,NaN,NaN,NaN,NaN,NaN,NaN,NaN,NaN,NaN,NaN,NaN,NaN,NaN,NaN,NaN,NaN,NaN,NaN,NaN,NaN,NaN,NaN,NaN,NaN,NaN,NaN
NaN,NaN,NaN,NaN,NaN,NaN,NaN,NaN,NaN,0.0001450569,0.0001346054,0.0001519602,9.376014e-05,-0.000790545,-0.003098156,-0.006694409,-0.01122248,-0.01652297,-0.02234941,-0.02848023,-0.03480292,-0.04109517,-0.04725119,-0.05311887,-0.05863306,-0.06366338,-0.06817789,-0.07207708,-0.07535714,-0.07792848,-0.07981817,-0.08094181,-0.08134702,-0.08095313,-0.07983027,-0.07787426,-0.07517255,-0.07160673,-0.06729171,-0.0620409,-0.05609465,-0.04907033,-0.04119438,-0.03241115,-0.02242615,-0.01201228,-0.002687145,-0.0005369149,-0.0002402863,-0.0002944603,NaN,NaN,NaN,NaN,NaN,NaN,NaN,NaN,NaN,NaN,NaN,NaN,NaN,NaN,NaN,NaN,NaN,NaN,NaN,NaN,NaN,NaN,NaN,NaN,NaN,NaN,NaN,NaN,NaN,NaN,NaN,NaN,NaN,NaN,NaN,NaN,NaN,NaN,NaN,NaN,NaN,NaN,NaN,NaN,NaN,NaN,NaN,NaN,NaN,NaN,NaN,NaN,NaN,NaN,NaN,NaN,NaN,NaN,NaN,NaN,NaN,NaN,NaN,NaN,NaN,NaN
NaN,NaN,NaN,NaN,NaN,NaN,NaN,0.0001404425,0.0001468634,0.0001445089,0.0001883371,0.0002491058,-0.0007205537,-0.00306496,-0.006690475,-0.01129683,-0.01670329,-0.02271986,-0.02908404,-0.03567572,-0.04230087,-0.04883953,-0.05513826,-0.06113483,-0.06667833,-0.07176108,-0.07625231,-0.08018286,-0.08342426,-0.08604044,-0.0879064,-0.08911811,-0.08954323,-0.08931356,-0.08828098,-0.08659105,-0.08406067,-0.08089331,-0.07689146,-0.07222683,-0.06668646,-0.06051551,-0.05328437,-0.04554515,-0.03673563,-0.02709111,-0.01628425,-0.005485295,-0.0009523377,-0.0002704225,-0.0003212791,-0.0002164885,NaN,NaN,NaN,NaN,NaN,NaN,NaN,NaN,NaN,NaN,NaN,NaN,NaN,NaN,NaN,NaN,NaN,NaN,NaN,NaN,NaN,NaN,NaN,NaN,NaN,NaN,NaN,NaN,NaN,NaN,NaN,NaN,NaN,NaN,NaN,NaN,NaN,NaN,NaN,NaN,NaN,NaN,NaN,NaN,NaN,NaN,NaN,NaN,NaN,NaN,NaN,NaN,NaN,NaN,NaN,NaN,NaN,NaN,NaN,NaN,NaN,NaN,NaN,NaN
NaN,NaN,NaN,NaN,NaN,NaN,0.0001487316,0.0001376279,0.0001667735,0.0003048431,0.0005967559,-0.0003643222,-0.002777935,-0.006406962,-0.01110036,-0.01658447,-0.02268521,-0.02923611,-0.03603157,-0.04289863,-0.04972989,-0.05638238,-0.06274153,-0.06872661,-0.0742551,-0.07927171,-0.08371048,-0.08755223,-0.09074235,-0.09328414,-0.09513094,-0.09630821,-0.09677112,-0.09656575,-0.09564222,-0.09405772,-0.09175491,-0.08880714,-0.08513203,-0.08082952,-0.07582679,-0.07013321,-0.0636612,-0.05673057,-0.04881725,-0.04014926,-0.0308812,-0.02050977,-0.01005859,-0.001790574,-0.0003741644,-0.0002373685,-0.0002571436,NaN,NaN,NaN,NaN,NaN,NaN,NaN,NaN,NaN,NaN,NaN,NaN,NaN,NaN,NaN,NaN,NaN,NaN,NaN,NaN,NaN,NaN,NaN,NaN,NaN,NaN,NaN,NaN,NaN,NaN,NaN,NaN,NaN,NaN,NaN,NaN,NaN,NaN,NaN,NaN,NaN,NaN,NaN,NaN,NaN,NaN,NaN,NaN,NaN,NaN,NaN,NaN,NaN,NaN,NaN,NaN,NaN,NaN,NaN,NaN,NaN,NaN,NaN
NaN,NaN,NaN,NaN,NaN,0.000154512,0.0001438589,0.000219254,0.0006859756,0.001098412,0.0001627157,-0.002301176,-0.00592977,-0.01065907,-0.01619417,-0.02237338,-0.02899658,-0.03592918,-0.04297224,-0.0500096,-0.05690942,-0.06355282,-0.06987514,-0.0757622,-0.08118702,-0.08605096,-0.0903737,-0.09405366,-0.09714512,-0.09954044,-0.1013303,-0.1023973,-0.1028663,-0.1026068,-0.1017743,-0.1002062,-0.09808537,-0.09523765,-0.09189539,-0.0878055,-0.08324429,-0.07793752,-0.0721784,-0.06568376,-0.05878639,-0.05086496,-0.04280649,-0.03387614,-0.02426347,-0.01387659,-0.003845578,-0.0006193047,-0.0002372967,-0.0002958003,NaN,NaN,NaN,NaN,NaN,NaN,NaN,NaN,NaN,NaN,NaN,NaN,NaN,NaN,NaN,NaN,NaN,NaN,NaN,NaN,NaN,NaN,NaN,NaN,NaN,NaN,NaN,NaN,NaN,NaN,NaN,NaN,NaN,NaN,NaN,NaN,NaN,NaN,NaN,NaN,NaN,NaN,NaN,NaN,NaN,NaN,NaN,NaN,NaN,NaN,NaN,NaN,NaN,NaN,NaN,NaN,NaN,NaN,NaN,NaN,NaN,NaN
NaN,NaN,NaN,0.0001453834,0.0001352281,0.0001625988,0.0003855138,0.001529794,0.001901866,0.0008051145,-0.001670199,-0.005358487,-0.01003899,-0.01559931,-0.02179337,-0.02847694,-0.03543722,-0.04259247,-0.04974977,-0.0568073,-0.06365089,-0.0702047,-0.07636267,-0.08208255,-0.08730089,-0.09198038,-0.09608223,-0.09958459,-0.1024712,-0.1047246,-0.1063474,-0.1073263,-0.1076806,-0.1073967,-0.1065069,-0.1049941,-0.1029073,-0.1002166,-0.09697174,-0.09315901,-0.08884598,-0.08392797,-0.07854769,-0.07268872,-0.06626081,-0.05924729,-0.05203784,-0.04410496,-0.03556298,-0.02675495,-0.0172119,-0.007788779,-0.001211801,-0.0002868887,-0.0002122352,-0.0002136532,NaN,NaN,NaN,NaN,NaN,NaN,NaN,NaN,NaN,NaN,NaN,NaN,NaN,NaN,NaN,NaN,NaN,NaN,NaN,NaN,NaN,NaN,NaN,NaN,NaN,NaN,NaN,NaN,NaN,NaN,NaN,NaN,NaN,NaN,NaN,NaN,NaN,NaN,NaN,NaN,NaN,NaN,NaN,NaN,NaN,NaN,NaN,NaN,NaN,NaN,NaN,NaN,NaN,NaN,NaN,NaN,NaN,NaN,NaN,NaN
NaN,NaN,0.0001531883,0.0001409171,0.0002216887,0.0009398571,0.002457044,0.002804052,0.001554419,-0.0009428399,-0.004717041,-0.009363447,-0.01491053,-0.02104901,-0.02773978,-0.03468978,-0.04186954,-0.049058,-0.0562018,-0.06315034,-0.06984178,-0.07617304,-0.08210444,-0.08756824,-0.09251586,-0.09693097,-0.1007647,-0.1040314,-0.1066727,-0.1087354,-0.110151,-0.1109978,-0.1111942,-0.1108497,-0.1098634,-0.1083686,-0.1062377,-0.1036495,-0.1004613,-0.09685212,-0.09263961,-0.08809426,-0.082958,-0.07752601,-0.07153124,-0.06525738,-0.05848196,-0.05159831,-0.04381431,-0.03621966,-0.02817692,-0.01965477,-0.01085732,-0.002746636,-0.0004246296,-0.0002071713,-0.0002360616,NaN,NaN,NaN,NaN,NaN,NaN,NaN,NaN,NaN,NaN,NaN,NaN,NaN,NaN,NaN,NaN,NaN,NaN,NaN,NaN,NaN,NaN,NaN,NaN,NaN,NaN,NaN,NaN,NaN,NaN,NaN,NaN,NaN,NaN,NaN,NaN,NaN,NaN,NaN,NaN,NaN,NaN,NaN,NaN,NaN,NaN,NaN,NaN,NaN,NaN,NaN,NaN,NaN,NaN,NaN,NaN,NaN,NaN,NaN
0.0001441493,0.0001269632,0.0001571932,0.0004625398,0.002245189,0.003675189,0.003656589,0.002301545,-0.0003070589,-0.00398801,-0.008724351,-0.01416314,-0.02028922,-0.0268515,-0.03379437,-0.04089093,-0.04807464,-0.05518985,-0.06218216,-0.0689014,-0.07533348,-0.0813705,-0.08698343,-0.09210988,-0.09673927,-0.1008255,-0.1043589,-0.1073206,-0.1097027,-0.1115052,-0.1127175,-0.1133583,-0.113414,-0.1129187,-0.1118527,-0.1102683,-0.1081439,-0.1055361,-0.1024031,-0.09884912,-0.09482209,-0.0903779,-0.08551183,-0.0803466,-0.07470154,-0.06881541,-0.06265214,-0.05615868,-0.04927793,-0.04248782,-0.03530592,-0.0278791,-0.02047937,-0.01296656,-0.00571785,-0.0008777612,-0.000217882,-0.0001674477,-0.0001650779,NaN,NaN,NaN,NaN,NaN,NaN,NaN,NaN,NaN,NaN,NaN,NaN,NaN,NaN,NaN,NaN,NaN,NaN,NaN,NaN,NaN,NaN,NaN,NaN,NaN,NaN,NaN,NaN,NaN,NaN,NaN,NaN,NaN,NaN,NaN,NaN,NaN,NaN,NaN,NaN,NaN,NaN,NaN,NaN,NaN,NaN,NaN,NaN,NaN,NaN,NaN,NaN,NaN,NaN,NaN,NaN,NaN
0.0001391381,0.0002439754,0.001330023,0.003575047,0.004791167,0.004538577,0.003011702,0.0002211889,-0.003440316,-0.008139988,-0.01351072,-0.01956712,-0.02601046,-0.03284479,-0.03982796,-0.0469251,-0.05395745,-0.0608879,-0.06757402,-0.07400476,-0.08005872,-0.08572631,-0.09094407,-0.09569267,-0.09992868,-0.1036448,-0.1068258,-0.1094557,-0.1115396,-0.1130571,-0.1140341,-0.1144434,-0.1143313,-0.1136634,-0.1125037,-0.1108028,-0.1086392,-0.1059657,-0.1028924,-0.09932319,-0.0953863,-0.09103145,-0.08636191,-0.08126833,-0.07598487,-0.0703087,-0.06448842,-0.05839016,-0.0521293,-0.04568595,-0.03940632,-0.03259266,-0.02619942,-0.01989551,-0.01344762,-0.007341639,-0.002012304,-0.0003050732,-0.000160894,-0.000150248,NaN,NaN,NaN,NaN,NaN,NaN,NaN,NaN,NaN,NaN,NaN,NaN,NaN,NaN,NaN,NaN,NaN,NaN,NaN,NaN,NaN,NaN,NaN,NaN,NaN,NaN,NaN,NaN,NaN,NaN,NaN,NaN,NaN,NaN,NaN,NaN,NaN,NaN,NaN,NaN,NaN,NaN,NaN,NaN,NaN,NaN,NaN,NaN,NaN,NaN,NaN,NaN,NaN,NaN,NaN,0.0001359567
0.0006913589,0.003074956,0.005133523,0.005747527,0.005202143,0.003454061,0.0007213417,-0.003167251,-0.007715142,-0.01307937,-0.01895187,-0.02533305,-0.03195455,-0.03883138,-0.04572969,-0.05266297,-0.05941986,-0.06603478,-0.07234403,-0.07835756,-0.08397109,-0.08920428,-0.09395792,-0.09826637,-0.1020672,-0.1053815,-0.1081651,-0.1104406,-0.1121833,-0.1134096,-0.1141103,-0.1142961,-0.1139732,-0.1131445,-0.1118308,-0.1100318,-0.1077887,-0.1050798,-0.1019504,-0.09840623,-0.09450857,-0.09019011,-0.08559105,-0.08066953,-0.07545456,-0.06999304,-0.06440664,-0.05850605,-0.05258209,-0.04658099,-0.04052652,-0.03438586,-0.02859942,-0.02276184,-0.01717976,-0.01206565,-0.007340676,-0.003258948,-0.0005791363,-0.0001398196,-0.0001171641,-9.499751e-05,NaN,NaN,NaN,NaN,NaN,NaN,NaN,NaN,NaN,NaN,NaN,NaN,NaN,NaN,NaN,NaN,NaN,NaN,NaN,NaN,NaN,NaN,NaN,NaN,NaN,NaN,NaN,NaN,NaN,NaN,NaN,NaN,NaN,NaN,NaN,NaN,NaN,NaN,NaN,NaN,NaN,NaN,NaN,NaN,NaN,NaN,NaN,NaN,NaN,NaN,NaN,0.0001411419,0.0001257233,0.0001579087
0.004862266,0.006253118,0.006596044,0.005665165,0.003668837,0.0007777583,-0.003068769,-0.007657824,-0.01290851,-0.01868344,-0.02486799,-0.03134904,-0.03800161,-0.04472964,-0.05143534,-0.05802865,-0.06444561,-0.07060677,-0.07646087,-0.08197653,-0.08709428,-0.09179628,-0.09606215,-0.09987246,-0.1032041,-0.1060606,-0.1084289,-0.1103138,-0.1117041,-0.1126105,-0.1130256,-0.1129653,-0.1124244,-0.1114249,-0.1099627,-0.1080595,-0.105708,-0.1029503,-0.09979258,-0.09624378,-0.09231217,-0.08808194,-0.08350275,-0.07862732,-0.07353076,-0.06818709,-0.06262749,-0.05699462,-0.05117617,-0.04534156,-0.03955475,-0.03373337,-0.02808382,-0.02277495,-0.017514,-0.01283684,-0.008767669,-0.005109647,-0.00241126,-0.0006420149,-0.0001344152,-8.142139e-05,-8.052176e-05,NaN,NaN,NaN,NaN,NaN,NaN,NaN,NaN,NaN,NaN,NaN,NaN,NaN,NaN,NaN,NaN,NaN,NaN,NaN,NaN,NaN,NaN,NaN,NaN,NaN,NaN,NaN,NaN,NaN,NaN,NaN,NaN,NaN,NaN,NaN,NaN,NaN,NaN,NaN,NaN,NaN,NaN,NaN,NaN,NaN,NaN,NaN,NaN,NaN,0.0001171679,0.0001318921,0.0004058089,0.002298613
0.007232975,0.006968244,0.005718712,0.003633059,0.0004339376,-0.003383496,-0.007974754,-0.01313482,-0.01880621,-0.02479333,-0.03110062,-0.03751569,-0.04403058,-0.05048044,-0.05685152,-0.06302155,-0.06896555,-0.07460404,-0.07993011,-0.08486265,-0.08942401,-0.0935605,-0.09727323,-0.1005382,-0.1033694,-0.1057414,-0.107665,-0.1091312,-0.1101494,-0.1107162,-0.110838,-0.1105188,-0.1097617,-0.1085757,-0.1069618,-0.1049409,-0.1025173,-0.09970389,-0.09649184,-0.09294162,-0.08904275,-0.08479635,-0.0802597,-0.07547654,-0.07037286,-0.0651112,-0.05966666,-0.05402396,-0.04832564,-0.04261662,-0.03680579,-0.03115395,-0.02564582,-0.02029876,-0.01525437,-0.01077136,-0.006654481,-0.003226633,-0.000762531,0.0009246251,0.001307651,0.0006183372,1.68453e-05,-3.491438e-05,-3.220149e-05,NaN,NaN,NaN,NaN,NaN,NaN,NaN,NaN,NaN,NaN,NaN,NaN,NaN,NaN,NaN,NaN,NaN,NaN,NaN,NaN,NaN,NaN,NaN,NaN,NaN,NaN,NaN,NaN,NaN,NaN,NaN,NaN,NaN,NaN,NaN,NaN,NaN,NaN,NaN,NaN,NaN,NaN,NaN,NaN,NaN,0.0001179829,0.0001216578,0.0002668794,0.001548756,0.004305793,0.006312887
0.006946077,0.005423576,0.002951773,-0.0002691163,-0.004227197,-0.008782322,-0.01390523,-0.01940558,-0.02527105,-0.03134127,-0.03754956,-0.04379232,-0.04999965,-0.05608081,-0.0619895,-0.06764514,-0.07303394,-0.07808255,-0.08278275,-0.08711018,-0.09104116,-0.09455964,-0.09767839,-0.1003751,-0.1026537,-0.1045114,-0.1059586,-0.1069901,-0.1076143,-0.1078282,-0.1076417,-0.1070531,-0.1060732,-0.1047023,-0.1029522,-0.1008188,-0.09831079,-0.09544242,-0.09223817,-0.08867157,-0.08477421,-0.08059567,-0.07610463,-0.07131748,-0.06634551,-0.06110353,-0.05566958,-0.05014353,-0.04445254,-0.03869333,-0.03300655,-0.02727323,-0.02169507,-0.01636782,-0.01125144,-0.006529731,-0.002396597,0.001213799,0.004015439,0.005895148,0.006579333,0.006212912,0.004150844,0.001240689,9.123235e-05,8.57226e-06,1.861918e-05,NaN,NaN,NaN,NaN,NaN,NaN,NaN,NaN,NaN,NaN,NaN,NaN,NaN,NaN,NaN,NaN,NaN,NaN,NaN,NaN,NaN,NaN,NaN,NaN,NaN,NaN,NaN,NaN,NaN,NaN,NaN,NaN,NaN,NaN,NaN,NaN,NaN,NaN,NaN,NaN,NaN,0.0001179143,0.000109177,0.0002109418,0.001152679,0.003826675,0.006121072,0.007342084,0.007637824
0.00455239,0.001787833,-0.001580915,-0.005593597,-0.01018939,-0.01523968,-0.02062178,-0.02634007,-0.0322004,-0.03818316,-0.04416562,-0.05010229,-0.05588688,-0.06150068,-0.06684506,-0.07193132,-0.07666076,-0.08107396,-0.08509636,-0.0887508,-0.09200135,-0.09488492,-0.09734593,-0.0994404,-0.1011315,-0.1024617,-0.1033936,-0.1039753,-0.1041727,-0.1040289,-0.1035106,-0.1026587,-0.1014409,-0.09989291,-0.09798508,-0.09575664,-0.09318737,-0.09029764,-0.08705879,-0.08353446,-0.07970009,-0.0755448,-0.0711263,-0.06646899,-0.06150026,-0.0563625,-0.05103659,-0.04547856,-0.03986123,-0.03415665,-0.02834151,-0.02262262,-0.01698152,-0.01141477,-0.006162202,-0.001245019,0.003301392,0.007270108,0.01049517,0.01293226,0.01439442,0.01471374,0.01349282,0.01117662,0.00683962,0.00190549,0.0002126538,4.51015e-05,6.269442e-05,NaN,NaN,NaN,NaN,NaN,NaN,NaN,NaN,NaN,NaN,NaN,NaN,NaN,NaN,NaN,NaN,NaN,NaN,NaN,NaN,NaN,NaN,NaN,NaN,NaN,NaN,NaN,NaN,NaN,NaN,NaN,NaN,NaN,NaN,NaN,NaN,NaN,0.0001133984,9.9849e-05,0.0002110962,0.001051128,0.003603635,0.005928917,0.007267981,0.007926532,0.007560231,0.006428762
6.050407e-05,-0.003517583,-0.007613509,-0.01226737,-0.01720916,-0.02256105,-0.02808568,-0.03379324,-0.03951941,-0.0452939,-0.05091036,-0.05644478,-0.06170638,-0.06677166,-0.07148169,-0.07591345,-0.07994816,-0.0836622,-0.08694237,-0.08990572,-0.09242611,-0.09462036,-0.09640057,-0.09786989,-0.09893025,-0.09970044,-0.1000885,-0.1002035,-0.09995034,-0.09943571,-0.09856468,-0.09744169,-0.09597099,-0.09425493,-0.09219665,-0.0898913,-0.08723732,-0.08434757,-0.08113387,-0.07766373,-0.07385547,-0.06985802,-0.0655155,-0.06094579,-0.05614452,-0.0511156,-0.04582109,-0.04046705,-0.03484013,-0.02915437,-0.02341492,-0.0176159,-0.0118145,-0.006225266,-0.0006731165,0.004560833,0.009443607,0.01385746,0.01777337,0.02086159,0.02319774,0.02436854,0.02454976,0.02340155,0.02040994,0.0163321,0.01020807,0.003246138,0.0005336825,6.884605e-05,7.862443e-05,7.022721e-05,NaN,NaN,NaN,NaN,NaN,NaN,NaN,NaN,NaN,NaN,NaN,NaN,NaN,NaN,NaN,NaN,NaN,NaN,NaN,NaN,NaN,NaN,NaN,NaN,NaN,NaN,NaN,NaN,NaN,NaN,NaN,7.829609e-05,9.916301e-05,8.931843e-05,0.0002762688,0.001236779,0.003702656,0.005836024,0.007156061,0.007926574,0.007745381,0.006864486,0.005388031,0.002983632
-0.006058277,-0.01034339,-0.01495263,-0.01992173,-0.02516306,-0.03059296,-0.03608351,-0.0416622,-0.04714609,-0.05254815,-0.05775333,-0.06275399,-0.06745094,-0.07186738,-0.07590573,-0.07962362,-0.08291571,-0.08587453,-0.0884117,-0.09060019,-0.09238429,-0.09385621,-0.09492831,-0.09571719,-0.09614582,-0.09632074,-0.09615377,-0.09576137,-0.0950484,-0.09413178,-0.09290586,-0.09149118,-0.0897714,-0.08786791,-0.08565492,-0.08326565,-0.08057198,-0.07769405,-0.07448065,-0.07111004,-0.06742062,-0.06351992,-0.05931923,-0.05497718,-0.05025015,-0.04543941,-0.0403338,-0.03505647,-0.02958323,-0.02406106,-0.0182471,-0.01256397,-0.00671643,-0.0009612748,0.004754239,0.01016846,0.01553924,0.02035744,0.0248769,0.02866662,0.03196042,0.03416524,0.03563717,0.03557706,0.03466525,0.03227086,0.02789018,0.02234572,0.01549341,0.00692498,0.001336724,0.000242232,0.000101862,0.0001303771,1.678167e-05,NaN,NaN,NaN,NaN,NaN,NaN,NaN,NaN,NaN,NaN,NaN,NaN,NaN,NaN,NaN,NaN,NaN,NaN,NaN,NaN,NaN,NaN,NaN,NaN,NaN,5.037605e-05,9.771668e-05,7.505951e-05,0.0001376356,0.000439233,0.00198385,0.004267373,0.005999587,0.007139742,0.007872036,0.007672871,0.00692737,0.005645297,0.003551331,0.0008968916,-0.002331908
-0.01368221,-0.01831761,-0.02331727,-0.02848931,-0.03379873,-0.03915374,-0.04455473,-0.04980899,-0.05498149,-0.05991631,-0.06462861,-0.06901595,-0.07310499,-0.07679939,-0.08015219,-0.08307046,-0.08564053,-0.08777293,-0.0895535,-0.09093658,-0.09198692,-0.09265903,-0.09305256,-0.09311047,-0.09291505,-0.09242613,-0.09172641,-0.09076644,-0.08962078,-0.08823881,-0.08668862,-0.08491642,-0.08298483,-0.08083924,-0.07853571,-0.07601146,-0.07331122,-0.07039154,-0.06730804,-0.06396885,-0.0604313,-0.05669032,-0.05271717,-0.04847707,-0.04410121,-0.03942949,-0.03455474,-0.02953236,-0.02426087,-0.01881274,-0.01330957,-0.007585002,-0.001823524,0.00392208,0.009713439,0.01542069,0.02090851,0.02621882,0.03120518,0.03573362,0.0397204,0.04301848,0.04554959,0.0471329,0.04762376,0.04677278,0.04473376,0.04184996,0.03635279,0.03001482,0.02304081,0.01423683,0.004534754,0.0009988901,0.0003318343,0.0001142126,0.000121124,4.04204e-05,NaN,NaN,NaN,NaN,NaN,NaN,NaN,NaN,NaN,NaN,NaN,NaN,NaN,NaN,NaN,NaN,NaN,NaN,NaN,6.365428e-05,6.561232e-05,7.566804e-05,0.0001208719,0.0003269642,0.001124468,0.003321766,0.00522592,0.006470699,0.007349494,0.007920926,0.007516153,0.006817189,0.005532138,0.003631219,0.001109333,-0.001850147,-0.005333799,-0.009296006
-0.02226628,-0.02729038,-0.0324042,-0.03762113,-0.04288134,-0.04809655,-0.05317185,-0.05812835,-0.0628247,-0.06726386,-0.0713807,-0.07515243,-0.07853439,-0.08152928,-0.0841001,-0.08627726,-0.08801923,-0.08938092,-0.09034798,-0.09094577,-0.09119811,-0.09114071,-0.09076942,-0.09013555,-0.08925553,-0.08815783,-0.08685245,-0.08536758,-0.0837152,-0.0819131,-0.07996897,-0.07788946,-0.07568011,-0.07333712,-0.07086501,-0.06825705,-0.06552362,-0.06262971,-0.05957344,-0.05636578,-0.05300429,-0.04940568,-0.04566119,-0.04172451,-0.03753389,-0.03317616,-0.02864067,-0.02380212,-0.01887147,-0.01371723,-0.008345857,-0.002889964,0.002684319,0.008441673,0.0141279,0.01986592,0.02555524,0.0311123,0.03640816,0.04149339,0.04612388,0.05031826,0.05380489,0.05658487,0.05849293,0.05954776,0.05929741,0.05792487,0.05499434,0.05179591,0.04650675,0.03940964,0.03236084,0.02459574,0.01632104,0.006207942,0.001452247,0.0006883569,0.0003990629,0.0001503455,0.0001099668,3.637786e-05,3.801437e-07,-2.620326e-05,NaN,NaN,NaN,NaN,NaN,NaN,NaN,5.990044e-06,3.826087e-05,3.414438e-05,6.53492e-05,4.851244e-05,0.0001473491,0.0002456984,0.0004650903,0.001507276,0.003716107,0.005397264,0.006607338,0.007366868,0.008085477,0.008136288,0.00756968,0.006749151,0.005406856,0.003477559,0.001048654,-0.001838082,-0.005112716,-0.008904572,-0.01306624,-0.01753114
-0.03165273,-0.03675252,-0.04190737,-0.04709346,-0.05212897,-0.05708496,-0.06182871,-0.06632933,-0.07052027,-0.07440964,-0.07788348,-0.08100012,-0.08366086,-0.08592584,-0.08772559,-0.08911939,-0.09007278,-0.09064261,-0.09079468,-0.09063078,-0.09009505,-0.08928373,-0.08817908,-0.0868618,-0.08529656,-0.08357844,-0.08167343,-0.07966302,-0.07750528,-0.07527758,-0.07293155,-0.07053636,-0.06803747,-0.06550019,-0.06286299,-0.0601773,-0.05736854,-0.05450545,-0.05152604,-0.04844138,-0.04518943,-0.04187156,-0.03833614,-0.03464569,-0.03081726,-0.02677612,-0.02250063,-0.01814098,-0.01346709,-0.008643788,-0.003676418,0.001530878,0.006897728,0.01230395,0.01792965,0.02357009,0.02920947,0.0348336,0.04039961,0.04573634,0.05086145,0.05560464,0.0599557,0.06374291,0.06684256,0.069079,0.07059011,0.07115195,0.07046601,0.06867845,0.06555157,0.06159902,0.05784782,0.05111495,0.04349456,0.03672271,0.02944658,0.02341815,0.01664369,0.00789884,0.002456089,0.001026792,0.0007241193,0.0006189032,0.0005727545,0.0005211099,0.0004921078,0.0004490034,0.0004389608,0.0004173271,0.0004268462,0.0004171936,0.0004502287,0.0005377711,0.0009898263,0.002440108,0.004797861,0.006481561,0.007494275,0.008254698,0.008780006,0.009349142,0.009577325,0.008905343,0.008149641,0.007069423,0.005509668,0.003475635,0.001002216,-0.001888085,-0.005107495,-0.008804685,-0.01285199,-0.01719647,-0.02176598,-0.02665018
-0.04120985,-0.0463685,-0.05142908,-0.0563792,-0.06120005,-0.06579116,-0.0700918,-0.07411837,-0.07776496,-0.0810294,-0.08388083,-0.08629516,-0.0882564,-0.08977018,-0.09082229,-0.09144929,-0.09162707,-0.09141763,-0.09082159,-0.08987261,-0.08860538,-0.08706903,-0.08526363,-0.08325582,-0.08106328,-0.07873178,-0.07626787,-0.07372022,-0.07109212,-0.06842371,-0.06570922,-0.06298042,-0.0602227,-0.05745853,-0.05466622,-0.05186818,-0.04904302,-0.0461851,-0.04325193,-0.04028986,-0.03725004,-0.03408098,-0.03082542,-0.02747593,-0.02390188,-0.02024091,-0.01641112,-0.01232809,-0.008134989,-0.003746147,0.0009219207,0.005669212,0.01063812,0.01582468,0.02108137,0.02646771,0.03200358,0.03752116,0.04304253,0.04852071,0.05387592,0.05901989,0.06386645,0.06829702,0.07231849,0.07578512,0.07848334,0.08031245,0.08138611,0.08165017,0.08077467,0.07887031,0.07616637,0.0719372,0.0673182,0.06351124,0.05780309,0.05051633,0.04394637,0.03809131,0.03207934,0.02720457,0.02418455,0.02200789,0.0202334,0.01853984,0.01700761,0.01575956,0.01494569,0.01442593,0.01403245,0.01359217,0.01314756,0.01276143,0.01264664,0.01271779,0.01282951,0.013123,0.01337452,0.01298996,0.01199141,0.01101384,0.009936019,0.008375047,0.006432764,0.004145353,0.001486035,-0.001493979,-0.004792087,-0.008492808,-0.01253838,-0.01683277,-0.02134103,-0.02612493,-0.03108328,-0.03611275
-0.05055402,-0.05554415,-0.06043516,-0.06515598,-0.06959511,-0.07377326,-0.07763682,-0.081105,-0.08418622,-0.08684456,-0.08903806,-0.09078027,-0.09204439,-0.09284382,-0.09317974,-0.09306309,-0.09252964,-0.09158668,-0.09026571,-0.08862202,-0.08666444,-0.08444009,-0.08199777,-0.07936842,-0.0765796,-0.07367737,-0.07069166,-0.06765439,-0.06458528,-0.06151094,-0.05844421,-0.05540324,-0.05239247,-0.04942401,-0.04649359,-0.04359791,-0.04071708,-0.03786391,-0.03503032,-0.03216629,-0.02926042,-0.02635836,-0.02335298,-0.0202424,-0.01709697,-0.01377054,-0.0102865,-0.006735593,-0.002920236,0.001057607,0.005148638,0.009529065,0.01407279,0.01873329,0.02366104,0.02871974,0.033865,0.03916451,0.04454015,0.0499073,0.05525975,0.06051544,0.06563861,0.07054154,0.07507534,0.0791641,0.08285566,0.08599287,0.08833418,0.08981688,0.090529,0.09058882,0.08994277,0.08793143,0.08516561,0.08212766,0.07797039,0.07263526,0.06781341,0.06431167,0.05990205,0.05442301,0.04951955,0.04554296,0.04222954,0.03934944,0.03677672,0.03444417,0.03235125,0.03048777,0.02883407,0.02732557,0.02592669,0.02461687,0.02331693,0.02170988,0.01985806,0.01834042,0.01703515,0.01548723,0.01351516,0.01131542,0.008937766,0.006201628,0.003207108,-2.363354e-05,-0.003543809,-0.007388705,-0.01152803,-0.01587803,-0.02041689,-0.02519664,-0.03016223,-0.03519373,-0.04027669,-0.04543705
-0.05890987,-0.06377292,-0.06838797,-0.07273279,-0.07682069,-0.08054947,-0.08388285,-0.08683869,-0.08934076,-0.0913815,-0.09296177,-0.09405176,-0.09466366,-0.09479745,-0.09446435,-0.09369407,-0.09248738,-0.09089632,-0.08894689,-0.08666033,-0.08409604,-0.0812927,-0.07827306,-0.07509167,-0.07179083,-0.06840315,-0.06495894,-0.06149431,-0.05803622,-0.05461093,-0.05123619,-0.04792941,-0.04469848,-0.04154953,-0.03848227,-0.03550194,-0.03260818,-0.0297751,-0.02697719,-0.02424178,-0.02153802,-0.01878684,-0.01605009,-0.0132964,-0.01040135,-0.007481182,-0.004467127,-0.001236046,0.002048848,0.00550865,0.009223685,0.01301865,0.01703582,0.02131037,0.0256824,0.03025875,0.0350555,0.03994566,0.04495541,0.05008457,0.05525601,0.06043526,0.06554291,0.07051926,0.07536653,0.07998265,0.08416283,0.08787226,0.0911741,0.09396723,0.09604441,0.09731575,0.09776872,0.09753655,0.09669288,0.09537377,0.0929359,0.08936682,0.0857323,0.0824358,0.07878358,0.07421388,0.06929221,0.06463566,0.06046676,0.05674359,0.05335498,0.05013898,0.0470189,0.04400393,0.04116387,0.03851113,0.03601353,0.03358324,0.0310974,0.0283908,0.02547856,0.02259369,0.01984766,0.01696405,0.01380824,0.01048254,0.007019431,0.003372496,-0.000538358,-0.004695987,-0.00905662,-0.01358085,-0.01826049,-0.02314378,-0.02819313,-0.03330041,-0.03843602,-0.04364404,-0.04884765,-0.0539323
-0.06582148,-0.07036249,-0.07466843,-0.07868243,-0.08230554,-0.0855661,-0.08843222,-0.09082871,-0.09278078,-0.09426332,-0.09524767,-0.09575497,-0.09577223,-0.09531713,-0.09440377,-0.09304398,-0.09128599,-0.08913852,-0.08664016,-0.08384854,-0.08078016,-0.07748052,-0.07400832,-0.07039375,-0.06667168,-0.06288794,-0.05908115,-0.05528285,-0.05152109,-0.04782179,-0.04420615,-0.04069153,-0.03729057,-0.03401386,-0.03086472,-0.02783703,-0.0249168,-0.02211395,-0.01942691,-0.01679845,-0.0142198,-0.01173507,-0.009236168,-0.006709083,-0.004233052,-0.00164578,0.00103241,0.003714407,0.00660898,0.009627452,0.01271801,0.01608241,0.01959595,0.02322896,0.02714691,0.03123007,0.0354444,0.03988663,0.04448796,0.04919251,0.05401196,0.05889674,0.06383011,0.06875695,0.07355164,0.07817915,0.08268924,0.08695126,0.09075213,0.09404765,0.09690634,0.09933023,0.1011969,0.1022299,0.1025369,0.1021307,0.1010588,0.09927396,0.09710329,0.09490957,0.09215692,0.08847389,0.08412983,0.07958232,0.07512597,0.0708885,0.06685352,0.06294877,0.05909999,0.0552981,0.05157389,0.04796182,0.04444655,0.04096824,0.037404,0.03361856,0.02963107,0.02563969,0.02168312,0.01770803,0.01361036,0.009338522,0.004914234,0.0003184331,-0.004392893,-0.009212569,-0.01416426,-0.01926631,-0.02449064,-0.02974921,-0.03501733,-0.04033845,-0.04566996,-0.05089262,-0.05599343,-0.06100379
-0.07052775,-0.07482048,-0.07876045,-0.08232936,-0.08555879,-0.08836097,-0.09070749,-0.09263083,-0.09406843,-0.09502,-0.0955001,-0.09548665,-0.09500046,-0.0940484,-0.09264778,-0.09083358,-0.08861054,-0.08603445,-0.08313591,-0.07993537,-0.07649584,-0.07285786,-0.0690451,-0.065113,-0.06110732,-0.05706196,-0.05300925,-0.04898683,-0.04502509,-0.04115232,-0.03738952,-0.03375623,-0.03026402,-0.0269209,-0.02372983,-0.02069802,-0.01782887,-0.01509728,-0.01247782,-0.01000018,-0.007636297,-0.005301894,-0.003059863,-0.0008812449,0.001367558,0.003569949,0.005794298,0.008178361,0.0105566,0.01305649,0.01577402,0.0185325,0.02148584,0.02468508,0.02797428,0.03147599,0.03522218,0.03909665,0.04314471,0.04738354,0.05175459,0.05624413,0.06079705,0.06537929,0.07001666,0.074626,0.07903772,0.08324744,0.08732437,0.09116925,0.09459305,0.09747834,0.09983213,0.1017935,0.1032474,0.1041544,0.1042687,0.1036428,0.1024881,0.1008584,0.0988052,0.09610869,0.09270497,0.0888016,0.08466665,0.08046371,0.0762642,0.07204984,0.06779797,0.06350209,0.05919648,0.05490401,0.0506289,0.04632444,0.04193071,0.03740083,0.03272865,0.02792963,0.02309189,0.01818305,0.01317982,0.008108987,0.002969302,-0.002229238,-0.007538942,-0.01295487,-0.0184262,-0.0239042,-0.02937327,-0.0348733,-0.04037405,-0.0457717,-0.05103447,-0.05620963,-0.06123557,-0.06600245
-0.07276306,-0.07664371,-0.08020755,-0.08341542,-0.0861774,-0.08853026,-0.09046131,-0.09190187,-0.09288799,-0.09340655,-0.09343654,-0.09300647,-0.09211182,-0.0907734,-0.08901241,-0.08684099,-0.08431211,-0.08143568,-0.07825068,-0.07481518,-0.07114676,-0.06728745,-0.06329818,-0.05920746,-0.05505018,-0.05087084,-0.04671013,-0.0425983,-0.03856555,-0.03463727,-0.03083757,-0.02718381,-0.02369223,-0.02037409,-0.01723669,-0.01427441,-0.01147645,-0.008853697,-0.006410039,-0.004086734,-0.001875937,0.0001742988,0.002171202,0.004135701,0.005979247,0.00787009,0.009793434,0.01165643,0.01367571,0.01577139,0.017885,0.02023436,0.02269811,0.02524972,0.0280685,0.03104415,0.03414752,0.03749363,0.041023,0.04469474,0.04853484,0.05251339,0.05662952,0.0608498,0.06506937,0.06928219,0.07355279,0.07777254,0.08175748,0.08548795,0.08902591,0.0923675,0.09538142,0.09783716,0.09976617,0.1011293,0.1020529,0.1024669,0.1023558,0.1017995,0.1005946,0.09867793,0.0961065,0.09297976,0.08943031,0.08559796,0.081568,0.07738949,0.07307289,0.0686317,0.06407816,0.05943754,0.05471531,0.04990361,0.0449629,0.03985179,0.03457874,0.02922503,0.02380043,0.01833902,0.0128341,0.007248132,0.001592293,-0.004128345,-0.009849768,-0.01555104,-0.02124952,-0.02695532,-0.03264103,-0.03821903,-0.04366108,-0.0490102,-0.05423744,-0.05922921,-0.06397365,-0.06851283
-0.07211274,-0.07567371,-0.07883786,-0.08158941,-0.0839757,-0.0859227,-0.0874075,-0.08847484,-0.08907388,-0.08920835,-0.08890343,-0.08814227,-0.08695089,-0.0853404,-0.08333027,-0.08095805,-0.07822878,-0.07519699,-0.07189529,-0.06833985,-0.06459228,-0.06069188,-0.05665903,-0.05254562,-0.0483968,-0.04424373,-0.0401171,-0.03605238,-0.03207967,-0.02822619,-0.02451341,-0.02096059,-0.01758062,-0.014382,-0.01136954,-0.008551817,-0.005935536,-0.00349711,-0.001211791,0.0008877758,0.002824424,0.004685518,0.006405877,0.00800762,0.009630358,0.0111558,0.01264517,0.01424735,0.01579277,0.0174064,0.01919713,0.02098419,0.02292394,0.02508023,0.02729589,0.02970047,0.03233805,0.03509698,0.03803257,0.04117437,0.0444746,0.04793227,0.05150766,0.05518348,0.05900284,0.06289897,0.06672695,0.07050599,0.07431883,0.0780794,0.08161984,0.08483465,0.08775023,0.0904821,0.09290067,0.09495159,0.09642732,0.09736407,0.09779588,0.09766308,0.09706931,0.09594027,0.09419615,0.09187271,0.08906022,0.08584336,0.08229902,0.07846938,0.07439094,0.07008865,0.06559521,0.06092978,0.05610944,0.05113104,0.04599634,0.04071615,0.03529892,0.02972665,0.02405476,0.01829193,0.01245887,0.006609021,0.0007536361,-0.005082619,-0.01093233,-0.01678771,-0.02259419,-0.02829701,-0.03387536,-0.03936534,-0.04474533,-0.04991661,-0.0548462,-0.05958664,-0.06409302,-0.06826115
-0.06881549,-0.07190768,-0.07466304,-0.07705923,-0.07901352,-0.08056731,-0.08172454,-0.08242162,-0.08270104,-0.08255933,-0.08197993,-0.0809954,-0.0796068,-0.07783517,-0.07570541,-0.07322747,-0.07045509,-0.06739642,-0.06408705,-0.06058257,-0.05689827,-0.05306937,-0.04915496,-0.04517899,-0.04117221,-0.03717421,-0.03322385,-0.02934722,-0.02557277,-0.0219226,-0.0184203,-0.01508111,-0.01192186,-0.008952884,-0.006183282,-0.003607239,-0.001215631,0.0009801021,0.002970929,0.004815477,0.006521353,0.008035395,0.009460797,0.01082421,0.01202706,0.01323722,0.01444555,0.0155495,0.01676741,0.01802727,0.01925885,0.0206891,0.02220037,0.02376085,0.02555804,0.02748838,0.02952048,0.03178017,0.03421399,0.03678773,0.03953544,0.04243899,0.04550641,0.04871811,0.05198187,0.05530981,0.05877899,0.06229809,0.06570371,0.06899666,0.07224724,0.07546558,0.07852323,0.08121684,0.08357488,0.08556197,0.08729652,0.08868121,0.08964904,0.0902117,0.09019715,0.08959867,0.08846576,0.08681545,0.08467161,0.08208673,0.07910716,0.0757852,0.07215247,0.06824116,0.06406891,0.05966204,0.05503442,0.05020557,0.04517869,0.03995325,0.03454811,0.02903378,0.02341719,0.0177399,0.01202333,0.006253126,0.0004512978,-0.00536366,-0.01112334,-0.01679177,-0.02238038,-0.02789626,-0.03331491,-0.03855018,-0.04357086,-0.04842043,-0.05308319,-0.05745205,-0.06151559,-0.0653255
-0.06301374,-0.06572906,-0.06806618,-0.0700093,-0.0716171,-0.07282759,-0.07362001,-0.07404739,-0.07406826,-0.07368702,-0.07293569,-0.07180025,-0.07030845,-0.06847307,-0.06631273,-0.0638648,-0.06113212,-0.05816463,-0.05499423,-0.05163061,-0.04813056,-0.0445297,-0.04084247,-0.03711406,-0.03338579,-0.02968336,-0.02603258,-0.02246377,-0.01900373,-0.01567579,-0.01249897,-0.009489765,-0.00665988,-0.00401614,-0.001563063,0.0006911556,0.002738011,0.00460039,0.006303036,0.007811544,0.009142778,0.01038638,0.01147594,0.01242426,0.01337452,0.01420788,0.01497402,0.01582985,0.01660225,0.01740713,0.01836345,0.01928579,0.02032544,0.02155653,0.02281779,0.02423821,0.02587063,0.02760377,0.0294954,0.03158307,0.03382386,0.03622312,0.03874954,0.04139474,0.04421182,0.04714535,0.0500644,0.05300246,0.05605356,0.05914551,0.06212821,0.06491026,0.0675367,0.0701209,0.0725449,0.0747617,0.07657363,0.07801382,0.07908148,0.07970874,0.07999026,0.07986873,0.0792676,0.0781891,0.07665744,0.07469601,0.07233666,0.06960318,0.06652632,0.06313236,0.05945198,0.05550435,0.05130963,0.04688185,0.04224593,0.03743256,0.03246153,0.0273208,0.02205648,0.0166884,0.01124371,0.005787377,0.0003440948,-0.005055411,-0.010432,-0.01577551,-0.02103015,-0.02613899,-0.03107861,-0.03588333,-0.04054004,-0.0449558,-0.04909579,-0.05301658,-0.0566888,-0.0600136
-0.05547551,-0.05767289,-0.05957035,-0.06116013,-0.06236424,-0.06322496,-0.06375854,-0.06390513,-0.06370883,-0.06317358,-0.06228381,-0.06107331,-0.0595457,-0.05772012,-0.05562191,-0.05325766,-0.05067832,-0.04788915,-0.04491936,-0.0418204,-0.03860298,-0.03529419,-0.031948,-0.02858283,-0.02522232,-0.0218994,-0.01864791,-0.01548844,-0.01244449,-0.009533261,-0.006774565,-0.004180164,-0.001764331,0.0004647714,0.002499219,0.00434589,0.006014669,0.007494688,0.008773635,0.009909425,0.01091135,0.01172186,0.0124391,0.0130948,0.01358249,0.01406498,0.01454032,0.0148949,0.01534453,0.01582508,0.01625274,0.01685739,0.01752704,0.01821888,0.0191244,0.0201452,0.02124353,0.02254939,0.02401398,0.02560378,0.02735635,0.02925942,0.03132517,0.0335414,0.03582272,0.03818961,0.04072725,0.04335572,0.04592406,0.04844498,0.05099843,0.05360869,0.05615493,0.05845446,0.06054413,0.06239929,0.06413946,0.0656657,0.06691328,0.06788553,0.06842446,0.06853243,0.06825262,0.06758047,0.06650861,0.06505166,0.0632225,0.06104955,0.05854929,0.05574461,0.05264662,0.04927751,0.0456506,0.04179084,0.03771154,0.03342316,0.0289468,0.02435133,0.01964675,0.01487219,0.01005481,0.005185721,0.0002903289,-0.004611062,-0.009450867,-0.0141842,-0.0188199,-0.02336724,-0.02780667,-0.03205612,-0.03608228,-0.03992977,-0.04359451,-0.04697654,-0.05006327,-0.05291361
-0.04671747,-0.04849147,-0.04995372,-0.0510877,-0.0519582,-0.0525136,-0.05273158,-0.0526706,-0.05229513,-0.05160886,-0.05064619,-0.04939478,-0.04788038,-0.04611658,-0.04411797,-0.04192082,-0.0395237,-0.03697074,-0.03429051,-0.03148664,-0.02860809,-0.02568668,-0.02272898,-0.01977287,-0.01685335,-0.01399031,-0.01120216,-0.008513631,-0.005945386,-0.003516186,-0.001239827,0.0008706207,0.002807573,0.004566568,0.006146241,0.007539533,0.008738893,0.009766703,0.01065003,0.01135363,0.01189017,0.01235035,0.01266972,0.01285075,0.01303982,0.01311896,0.01312586,0.01322225,0.01323495,0.01326628,0.01344425,0.01357927,0.01381389,0.01422986,0.0146627,0.01523461,0.01600608,0.01686354,0.01786322,0.01904677,0.02037392,0.02185103,0.02345184,0.02517057,0.02706599,0.02908915,0.03111688,0.03318764,0.0354035,0.03770253,0.03994799,0.04205632,0.04408517,0.04615141,0.04815319,0.05005063,0.05165956,0.05301826,0.05412688,0.05492723,0.0555157,0.05584483,0.05583828,0.05548924,0.05480592,0.05379157,0.05245645,0.05080537,0.04885377,0.04661543,0.04411224,0.04135776,0.03837004,0.03516163,0.03175577,0.02818428,0.02446953,0.02059646,0.01660442,0.01251223,0.008343816,0.0041615,-6.99037e-06,-0.004133359,-0.008235656,-0.01230881,-0.01629987,-0.02015401,-0.02384774,-0.02741758,-0.03085884,-0.03408646,-0.03706409,-0.03985189,-0.04243304,-0.04471483
-0.03767305,-0.03891015,-0.03991873,-0.0407035,-0.04118959,-0.04141821,-0.04141328,-0.04111828,-0.0405752,-0.03979364,-0.0387568,-0.03749806,-0.0360208,-0.03434181,-0.0324843,-0.03045138,-0.02828907,-0.02600006,-0.02360541,-0.0211523,-0.01864576,-0.01610516,-0.01357754,-0.01107634,-0.008616833,-0.006225397,-0.0039291,-0.001743289,0.0003152907,0.002234341,0.00399983,0.005603749,0.007036519,0.00829259,0.009367363,0.01026915,0.01101082,0.01158261,0.01197162,0.01223448,0.01238461,0.01236081,0.01225687,0.01210963,0.01180802,0.01150706,0.01121378,0.01080469,0.01049076,0.01021624,0.009885617,0.009726359,0.009634649,0.009555361,0.00968086,0.009917679,0.01022084,0.01072018,0.01137152,0.01213853,0.01306037,0.01412689,0.01535227,0.01672758,0.01817174,0.01970686,0.02142342,0.02324886,0.02503969,0.02681269,0.02865499,0.03060094,0.0325376,0.03429466,0.03591565,0.03738465,0.03882772,0.04015357,0.04130895,0.04230019,0.04298433,0.04336929,0.04349944,0.04336533,0.04295469,0.04227144,0.04131746,0.04010756,0.0386477,0.0369499,0.03501811,0.03286773,0.03050897,0.0279613,0.02523401,0.02233442,0.01927982,0.01612967,0.01289316,0.009599796,0.006274235,0.002903268,-0.0004937631,-0.003900509,-0.007256334,-0.0105175,-0.01369409,-0.01680087,-0.01982502,-0.02269221,-0.02536901,-0.0279027,-0.03029974,-0.03246881,-0.03439513,-0.03614333
-0.02879319,-0.02961379,-0.03020829,-0.0305587,-0.03073272,-0.03068808,-0.03039964,-0.02992839,-0.02924314,-0.0283458,-0.02727098,-0.02600737,-0.02457707,-0.0229936,-0.02126689,-0.01943108,-0.01748035,-0.01545311,-0.01337388,-0.01124079,-0.009094693,-0.006963659,-0.004846773,-0.002774847,-0.0007763526,0.001134093,0.002945582,0.004639023,0.006200156,0.007614816,0.008874918,0.009971242,0.01090097,0.01166256,0.0122586,0.01268398,0.01293327,0.0130288,0.01300102,0.01281535,0.01248148,0.0120905,0.01158235,0.01095053,0.01034328,0.009646265,0.008885743,0.0082266,0.007498873,0.006790353,0.00623702,0.005647629,0.005153621,0.004843849,0.004552514,0.004392401,0.004430649,0.004552213,0.004809428,0.005246148,0.005824019,0.006548441,0.007396384,0.008362109,0.009507362,0.01078795,0.01208526,0.01343798,0.01495333,0.01657734,0.01818147,0.01968518,0.02115346,0.02270718,0.0242566,0.02576816,0.02706847,0.02820025,0.02917035,0.02993084,0.03058276,0.03108726,0.03137397,0.03143566,0.03127783,0.0308986,0.03030303,0.02948846,0.02846373,0.02723497,0.02581833,0.02422165,0.02245928,0.02053863,0.01847773,0.01630146,0.01402854,0.01163771,0.009158215,0.006602813,0.00398773,0.001366815,-0.001235677,-0.003798171,-0.006340981,-0.008869167,-0.01133684,-0.01369445,-0.01592047,-0.01805554,-0.02010393,-0.02199004,-0.02367709,-0.02522858,-0.02663859,-0.02782106
-0.02076796,-0.02110762,-0.02129465,-0.02134362,-0.02118269,-0.02085092,-0.02037776,-0.01970951,-0.01888485,-0.01791743,-0.01678901,-0.01553159,-0.01414778,-0.01265165,-0.01106394,-0.009384495,-0.007654186,-0.005873702,-0.004056702,-0.002246093,-0.0004421519,0.001342654,0.003067775,0.004723952,0.006303264,0.007785205,0.009148888,0.01038367,0.01147895,0.01242693,0.01321901,0.01385085,0.01431747,0.01461604,0.0147454,0.01471553,0.01454249,0.01421827,0.01373023,0.01313386,0.01244713,0.01160695,0.01070263,0.009776383,0.008715091,0.007665239,0.006643103,0.005518315,0.004495179,0.003527421,0.00251033,0.001666442,0.0009014716,0.0001494705,-0.0003985215,-0.00082978,-0.001195972,-0.001369141,-0.00138844,-0.001293437,-0.001044635,-0.0006507403,-9.671546e-05,0.0006107889,0.001393968,0.002274093,0.003345072,0.004540866,0.005723006,0.006908187,0.008187454,0.009602464,0.01104796,0.0123608,0.0135867,0.01471603,0.01587977,0.01699584,0.01801931,0.01896027,0.01968707,0.02020952,0.02057596,0.02077852,0.0208058,0.02065899,0.02033781,0.01985237,0.0192053,0.01840358,0.01744768,0.01634798,0.01511147,0.01375228,0.01227586,0.01068381,0.008986915,0.00723555,0.005435662,0.003606768,0.001768093,-0.0001003191,-0.001987851,-0.003884904,-0.005739526,-0.007512487,-0.009217414,-0.01087616,-0.01248346,-0.01397349,-0.01531406,-0.01655532,-0.01771333,-0.01870582,-0.01951636,-0.02021363
-0.01370795,-0.01372029,-0.01358323,-0.01327717,-0.0128709,-0.01233034,-0.01162783,-0.01082519,-0.009895024,-0.008837258,-0.007685977,-0.006430702,-0.005090018,-0.003677103,-0.002197832,-0.0006842076,0.000873087,0.002440713,0.003997479,0.005549536,0.007063108,0.008513171,0.009906461,0.01121822,0.01242537,0.01351741,0.01448951,0.01532735,0.01602194,0.01656294,0.01694695,0.01716806,0.01722745,0.01712614,0.0168701,0.0164561,0.01588063,0.01516593,0.01434545,0.01338607,0.01229486,0.01116276,0.009934865,0.008597256,0.007298555,0.005929898,0.004507275,0.003197212,0.001835366,0.0004958078,-0.0006792337,-0.001879495,-0.00298526,-0.003901361,-0.004792502,-0.00555571,-0.006118024,-0.006594097,-0.006936107,-0.007098331,-0.007117099,-0.006988083,-0.006731662,-0.006353861,-0.005791157,-0.005082969,-0.004344286,-0.003537967,-0.002553366,-0.001437239,-0.0003122118,0.0007420357,0.001793729,0.002967108,0.004182342,0.00541012,0.006484957,0.007450121,0.008318154,0.009047803,0.009742516,0.01037052,0.01086618,0.01122262,0.0114455,0.01153162,0.01148508,0.01130036,0.0109839,0.01053798,0.009976068,0.009302597,0.008529498,0.007660231,0.006708527,0.005693089,0.004629118,0.003490225,0.002296716,0.001055594,-0.0002240726,-0.001496757,-0.002742443,-0.003946085,-0.005130973,-0.006312185,-0.007451723,-0.008505524,-0.009454146,-0.01034189,-0.01118117,-0.01190555,-0.01247842,-0.01296545,-0.01337009,-0.01361284
-0.007950799,-0.007611085,-0.007177736,-0.006673025,-0.006028296,-0.005279805,-0.004461086,-0.003521143,-0.00249516,-0.00139985,-0.0002159802,0.001026112,0.002324347,0.003667075,0.005035507,0.006432405,0.007821254,0.009202585,0.01056855,0.01187991,0.01313961,0.01434062,0.01544762,0.01645424,0.01735811,0.01814331,0.01879361,0.01930187,0.01966204,0.01986971,0.01992033,0.01981234,0.01954414,0.01911493,0.018526,0.0177884,0.01692052,0.01591583,0.01476184,0.01351237,0.01218931,0.01072863,0.009214653,0.00769437,0.006054164,0.004431673,0.002851547,0.001179202,-0.0003890063,-0.001889741,-0.003434438,-0.004807004,-0.006091755,-0.007363163,-0.008433059,-0.009381544,-0.01026565,-0.01096,-0.01149824,-0.01192234,-0.01219289,-0.01231696,-0.01227874,-0.01208255,-0.01180277,-0.01141957,-0.01083651,-0.0101129,-0.009382906,-0.008631682,-0.007765905,-0.006737638,-0.005644467,-0.004645143,-0.003694244,-0.002797265,-0.001820346,-0.0008371107,0.0001124099,0.001040238,0.001822118,0.00246703,0.003025097,0.003489795,0.003851188,0.004109518,0.004263829,0.004321487,0.004283298,0.004153121,0.003929556,0.003619938,0.003229678,0.002768755,0.002238779,0.001637327,0.000971284,0.0002831543,-0.0004224545,-0.001133659,-0.001835412,-0.002552219,-0.003281908,-0.004019012,-0.004719087,-0.005347825,-0.005921532,-0.00646676,-0.006984459,-0.007416344,-0.007731309,-0.007980921,-0.00818933,-0.008282255,-0.008241507,-0.008137821
-0.003309301,-0.002779697,-0.002155842,-0.001415913,-0.0006287648,0.0002330437,0.001199028,0.002208156,0.003284062,0.004429027,0.005609487,0.006835382,0.008090844,0.0093633,0.0106496,0.01192004,0.01318583,0.01441811,0.01559778,0.01673424,0.01779894,0.01876932,0.0196557,0.02043833,0.02109767,0.02162632,0.0220233,0.02227808,0.02238498,0.02233659,0.02213221,0.0217685,0.02124882,0.02057613,0.01975813,0.01879304,0.01767804,0.01643486,0.01509854,0.01363759,0.01205595,0.01044352,0.008749906,0.006955259,0.005206383,0.003400873,0.001545062,-0.0001942448,-0.001975045,-0.003735541,-0.005329592,-0.006943029,-0.008468115,-0.009803952,-0.01111282,-0.01230089,-0.0132907,-0.01419448,-0.01496928,-0.01556746,-0.01602317,-0.01633239,-0.01651319,-0.01657121,-0.01644199,-0.01615966,-0.01583585,-0.01543514,-0.01484492,-0.01410448,-0.01333138,-0.01260442,-0.01185483,-0.01095543,-0.009977541,-0.008946786,-0.008022921,-0.007164394,-0.006354975,-0.005631638,-0.004890845,-0.00415881,-0.003498388,-0.002916966,-0.002409523,-0.001980349,-0.001626502,-0.001355213,-0.001162057,-0.001047105,-0.0009991877,-0.00101634,-0.001089138,-0.00121702,-0.001389233,-0.001591219,-0.001810542,-0.002076181,-0.002374679,-0.002702521,-0.003055823,-0.003394389,-0.003702071,-0.00396664,-0.004213479,-0.004465373,-0.004690697,-0.004848504,-0.004920609,-0.004952878,-0.004964211,-0.004895431,-0.004709867,-0.004472956,-0.004195715,-0.003804011
0.0001020287,0.0008384053,0.001630292,0.002450723,0.003364717,0.004339938,0.005339568,0.006412873,0.007527491,0.008665375,0.00984568,0.01104053,0.01224751,0.01345766,0.01465311,0.01583917,0.01698216,0.01808396,0.01914044,0.02011589,0.02101453,0.02183394,0.0225421,0.023135,0.02361335,0.02396526,0.0241769,0.02424392,0.02416255,0.02393115,0.02354697,0.02301066,0.02232192,0.02148155,0.02049134,0.01936313,0.01811573,0.016744,0.01523422,0.01363842,0.01198042,0.01019622,0.008363745,0.00653404,0.004593232,0.002670425,0.0007961979,-0.001165757,-0.003028701,-0.004820076,-0.006656846,-0.008329784,-0.009914341,-0.01149085,-0.01287615,-0.01414231,-0.0153511,-0.01637965,-0.01725708,-0.0180262,-0.01864856,-0.01912864,-0.01945041,-0.01961514,-0.01969446,-0.01966936,-0.0194423,-0.01906524,-0.01866878,-0.01823938,-0.01768283,-0.01694496,-0.01611672,-0.01535273,-0.01460955,-0.013889,-0.01305675,-0.01217745,-0.01128917,-0.01037801,-0.009563586,-0.008839282,-0.008154879,-0.007514312,-0.006928252,-0.006397613,-0.005925291,-0.005504891,-0.005137213,-0.004819509,-0.0045556,-0.004341019,-0.004174395,-0.004048078,-0.003961349,-0.003919013,-0.003919988,-0.003924509,-0.003930264,-0.003928688,-0.003908321,-0.003895519,-0.003893715,-0.003900993,-0.003878624,-0.003793456,-0.003662876,-0.003516444,-0.0033605,-0.003141551,-0.002829152,-0.002473845,-0.002105468,-0.001655596,-0.001104717,-0.0005229943
0.002611268,0.003413438,0.004274545,0.005219278,0.006179652,0.007178454,0.008246225,0.009324248,0.01043253,0.01157602,0.01272161,0.01387935,0.01503517,0.0161777,0.01730538,0.01839103,0.01944646,0.02044719,0.02137498,0.02224191,0.02302298,0.02369786,0.0242785,0.02474943,0.02509297,0.02530419,0.02538396,0.02532477,0.0251224,0.02477168,0.0242728,0.02362423,0.02282975,0.02189366,0.02082369,0.01961909,0.01827625,0.01681618,0.01527355,0.01361852,0.01185096,0.01005927,0.008196104,0.006236627,0.004323903,0.002362005,0.000348016,-0.001552324,-0.0034911,-0.005417246,-0.007183542,-0.008970262,-0.01068142,-0.01221187,-0.01372099,-0.01512305,-0.01633794,-0.01747431,-0.01849447,-0.01934869,-0.0200695,-0.02065241,-0.02111395,-0.02145871,-0.02162244,-0.02163357,-0.02160096,-0.02149067,-0.02118943,-0.02072856,-0.02022106,-0.01974451,-0.01923178,-0.01855274,-0.01777108,-0.01690881,-0.01612125,-0.01536913,-0.01463417,-0.01394969,-0.0132136,-0.01244675,-0.0117104,-0.01101197,-0.01034798,-0.009723594,-0.009137853,-0.008598602,-0.008103358,-0.00765313,-0.007239324,-0.006861842,-0.006514907,-0.006199528,-0.005906992,-0.005624876,-0.005344031,-0.005093569,-0.004865847,-0.004658776,-0.004472309,-0.004269871,-0.004036522,-0.003762617,-0.003474458,-0.003197908,-0.002906428,-0.002561353,-0.002145478,-0.001703818,-0.001260044,-0.000760039,-0.0001666166,0.0004572649,0.001094501,0.001815338
0.004190819,0.005089703,0.00602215,0.006958239,0.007959759,0.008998831,0.01003646,0.01112052,0.01222153,0.01332094,0.01443774,0.01554677,0.0166452,0.01772663,0.01877391,0.0197944,0.02075684,0.02166419,0.02251489,0.02327641,0.02395334,0.02454688,0.02502738,0.02539244,0.02564456,0.02577489,0.02577097,0.02563028,0.02535009,0.02493054,0.0243696,0.02366915,0.02282907,0.0218509,0.02073597,0.01949608,0.01814939,0.01669152,0.01510684,0.01344493,0.01173023,0.009898959,0.008022242,0.006153583,0.004179144,0.002219389,0.0003090797,-0.00168878,-0.0035977,-0.005437278,-0.007328833,-0.009070707,-0.0107305,-0.01239324,-0.01388179,-0.01526072,-0.0165958,-0.01776738,-0.01880053,-0.0197383,-0.02054378,-0.02121909,-0.02174835,-0.02213008,-0.02243336,-0.02264001,-0.02265227,-0.02251515,-0.02235574,-0.02216194,-0.02183945,-0.02132873,-0.02071437,-0.0201471,-0.01958608,-0.01903034,-0.01834578,-0.01758868,-0.01679567,-0.01595134,-0.01517171,-0.01445213,-0.01374344,-0.01304745,-0.01237499,-0.01172712,-0.01110832,-0.01051297,-0.009943431,-0.009397735,-0.008881698,-0.008392504,-0.007931466,-0.007492658,-0.007077472,-0.006691689,-0.006337525,-0.005978274,-0.005612183,-0.005232905,-0.004831204,-0.004433959,-0.004048497,-0.00367505,-0.003279414,-0.00282824,-0.002338849,-0.001842017,-0.001348224,-0.0008075716,-0.0001896733,0.0004574582,0.001099863,0.001801496,0.002583477,0.003377799
0.005205713,0.006091855,0.007015615,0.008004217,0.008991479,0.009996654,0.01105117,0.01209909,0.01315758,0.01423394,0.01529601,0.01635402,0.01739562,0.01841062,0.0193988,0.02033524,0.02123213,0.02206865,0.02282727,0.02352195,0.02413058,0.02463455,0.02504668,0.02535485,0.02554262,0.02560668,0.02554897,0.02536407,0.02504847,0.02459837,0.02401416,0.02329526,0.02244515,0.02146865,0.02037288,0.01915741,0.01781729,0.01637223,0.01485575,0.01323906,0.01151799,0.009778528,0.007975772,0.0060803,0.004230401,0.002335809,0.000385449,-0.001457556,-0.00333966,-0.005219528,-0.006950576,-0.008707387,-0.01040489,-0.01193551,-0.01345527,-0.01488622,-0.01614687,-0.01734228,-0.0184397,-0.01938812,-0.0202186,-0.02092659,-0.02152747,-0.02202511,-0.02235594,-0.0225434,-0.02269361,-0.0227744,-0.02267261,-0.0224124,-0.02210252,-0.02181954,-0.02149863,-0.0210075,-0.02040291,-0.01970363,-0.01906075,-0.01843786,-0.0178151,-0.01722282,-0.01656053,-0.01584392,-0.0151326,-0.01443437,-0.01374665,-0.01307458,-0.01241831,-0.01178599,-0.01117669,-0.0105922,-0.01002579,-0.009478197,-0.00894564,-0.008430056,-0.007925021,-0.007419561,-0.006906024,-0.006413528,-0.005938455,-0.005479659,-0.005039611,-0.004584273,-0.004099289,-0.003576103,-0.003041095,-0.002522028,-0.001996394,-0.001426908,-0.0007965871,-0.0001488701,0.0004892865,0.001167985,0.00192497,0.0027005,0.003473196,0.004310067
0.005639968,0.006560297,0.007502388,0.008434464,0.009415421,0.01042158,0.01141279,0.01243559,0.01346333,0.01447745,0.01549676,0.01649871,0.01748028,0.01843725,0.01935327,0.02023734,0.02106038,0.02182617,0.02253516,0.02315756,0.02369809,0.0241607,0.02451769,0.02476779,0.02491462,0.02495166,0.02486734,0.02466033,0.02432839,0.02387279,0.02329169,0.0225876,0.02176015,0.02081104,0.01974073,0.01856055,0.01728752,0.01591753,0.01443298,0.01288061,0.01128481,0.009582002,0.007836731,0.006103739,0.004269583,0.002446288,0.0006714431,-0.001191957,-0.002977545,-0.004698652,-0.006479714,-0.008127117,-0.009701768,-0.01129236,-0.01272832,-0.01406778,-0.01537972,-0.01654831,-0.01759524,-0.01856371,-0.01941866,-0.0201605,-0.02077373,-0.02125486,-0.02167066,-0.02200411,-0.0221579,-0.02217096,-0.02216699,-0.02213563,-0.02198323,-0.02164606,-0.02120261,-0.02080011,-0.02040062,-0.0200011,-0.01946827,-0.01885072,-0.01818374,-0.01745062,-0.01676403,-0.01612119,-0.01547398,-0.01482218,-0.01417631,-0.01353694,-0.01290933,-0.01228804,-0.01167636,-0.01107263,-0.01048388,-0.009908142,-0.009348344,-0.008799528,-0.008264584,-0.007749734,-0.007259334,-0.006758948,-0.006246808,-0.005717783,-0.005164068,-0.004612308,-0.004072625,-0.003546649,-0.003003638,-0.002409843,-0.00178189,-0.001150936,-0.0005305389,0.0001262033,0.0008498203,0.0015952,0.002325577,0.003101045,0.003944282,0.004790036
0.00583587,0.006706713,0.007602307,0.008551938,0.009491609,0.01043774,0.01142239,0.01239248,0.01336284,0.01434281,0.01530136,0.01624888,0.01717456,0.01806934,0.01893411,0.01974599,0.02051735,0.02123053,0.02186862,0.02244695,0.02294584,0.02334809,0.02366699,0.02389309,0.02401094,0.02401838,0.02391795,0.02370584,0.02337888,0.02293424,0.02237215,0.02169259,0.02089848,0.01999477,0.01898777,0.01787702,0.01665621,0.01534355,0.01397109,0.01251083,0.01095495,0.009386634,0.007762949,0.006050574,0.004382662,0.002673916,0.0009062735,-0.0007606395,-0.002468004,-0.004183068,-0.005761025,-0.007370887,-0.00893744,-0.01035201,-0.01176717,-0.01311217,-0.01430513,-0.01544771,-0.01651178,-0.01744586,-0.01827979,-0.01900918,-0.01964874,-0.02020196,-0.0206064,-0.02088138,-0.02113049,-0.02132361,-0.02134834,-0.02122269,-0.02105149,-0.02091062,-0.02073807,-0.02040022,-0.01994766,-0.01939633,-0.01889335,-0.01840536,-0.01791135,-0.0174392,-0.01688999,-0.01627469,-0.015651,-0.01502674,-0.01439981,-0.01377507,-0.01315323,-0.01254223,-0.01194194,-0.01135422,-0.01077346,-0.0102007,-0.00963358,-0.009074358,-0.008517839,-0.007953762,-0.007375536,-0.006811633,-0.006261374,-0.005724126,-0.005203997,-0.004668893,-0.004104478,-0.003502832,-0.002890021,-0.002294651,-0.001697375,-0.001062185,-0.0003722297,0.0003309058,0.001017971,0.001735654,0.002522215,0.003321289,0.004108331,0.004947389
0.005739246,0.006616071,0.007508327,0.008383066,0.009296567,0.0102288,0.01113908,0.01207258,0.01300525,0.01391874,0.01483168,0.01572379,0.016592,0.01743389,0.01823394,0.01900237,0.01971207,0.02036746,0.02097062,0.02149408,0.02194261,0.02232224,0.02260704,0.02279646,0.02289501,0.0228979,0.02279436,0.02258379,0.02226431,0.02183789,0.0213028,0.0206618,0.01991421,0.01906166,0.01810377,0.01705117,0.01591979,0.01470556,0.01338919,0.01201454,0.01060573,0.009099521,0.007554471,0.006025724,0.004400807,0.002783872,0.00121441,-0.0004440086,-0.002034446,-0.003565311,-0.00516303,-0.006641945,-0.008057195,-0.009500273,-0.0108072,-0.01203067,-0.01324205,-0.01432964,-0.01531238,-0.01623362,-0.0170602,-0.01779132,-0.01841204,-0.01891745,-0.01937239,-0.01976119,-0.01998753,-0.02008526,-0.02017485,-0.02024769,-0.02021134,-0.01999913,-0.01968417,-0.01941027,-0.01914243,-0.01887643,-0.01848012,-0.0179953,-0.01745597,-0.01684438,-0.01626996,-0.0157318,-0.01518281,-0.01462054,-0.014055,-0.01348628,-0.01292001,-0.01235043,-0.01178103,-0.0112098,-0.01064439,-0.01008341,-0.009531229,-0.008983233,-0.008442351,-0.007914863,-0.007407368,-0.006886349,-0.006350153,-0.005793998,-0.005210989,-0.004627508,-0.004054777,-0.003496567,-0.002924742,-0.002304418,-0.001651102,-0.0009966062,-0.0003569957,0.0003121682,0.001041634,0.001789056,0.002516074,0.003279237,0.004102379,0.004923016
0.005630545,0.006445924,0.007277871,0.008156814,0.009021352,0.009885348,0.01078148,0.01165904,0.01253131,0.01340889,0.01426221,0.01510149,0.01591759,0.0167021,0.01745715,0.01816132,0.01882742,0.01944008,0.01998326,0.02047299,0.02089195,0.02122384,0.02148247,0.02166029,0.021743,0.02172891,0.02162138,0.02141748,0.02111463,0.02071033,0.02020501,0.01959864,0.01889396,0.01809555,0.0172093,0.01623432,0.01516341,0.01401302,0.01281408,0.01153896,0.01017707,0.008808497,0.007392428,0.005892031,0.00443576,0.002942344,0.001388397,-7.065763e-05,-0.001570729,-0.003086654,-0.004475684,-0.005901814,-0.007298041,-0.008555986,-0.009824319,-0.01103905,-0.01211825,-0.01316074,-0.01414215,-0.01501123,-0.01579652,-0.01649435,-0.01711871,-0.01767333,-0.01809681,-0.01840535,-0.01869991,-0.01895276,-0.01905239,-0.01901203,-0.01893276,-0.01889033,-0.01882528,-0.01860367,-0.01827051,-0.01783964,-0.01745411,-0.017084,-0.01670719,-0.01634992,-0.01591453,-0.01540807,-0.01488593,-0.01435642,-0.01381732,-0.01327318,-0.01272446,-0.01217903,-0.01163702,-0.01110062,-0.01056461,-0.01003008,-0.00949475,-0.008961111,-0.008425029,-0.00787699,-0.007310192,-0.006752974,-0.006206265,-0.005670204,-0.005149604,-0.00461439,-0.00404948,-0.003447772,-0.002834355,-0.002238511,-0.001643433,-0.001014572,-0.0003346116,0.0003564525,0.001028073,0.001723678,0.002481985,0.003249401,0.003999426,0.004793075
0.005393959,0.006204662,0.007027172,0.007827178,0.008659097,0.009505519,0.0103262,0.01116442,0.01199899,0.01281122,0.01362012,0.01440687,0.01516898,0.01590497,0.01660062,0.01726655,0.017878,0.01843924,0.01895418,0.01939685,0.01977255,0.0200884,0.02032056,0.02046851,0.0205379,0.02052481,0.02041966,0.02022193,0.01993049,0.01954726,0.01907113,0.01850453,0.01784705,0.01709962,0.01626172,0.01534272,0.01435808,0.01330317,0.01215793,0.01096308,0.009742868,0.008434026,0.007090583,0.00576717,0.004352934,0.002944544,0.001583422,0.0001336137,-0.001255902,-0.002590012,-0.003995634,-0.005295205,-0.00653847,-0.007819445,-0.008979743,-0.01006808,-0.01115699,-0.01213939,-0.01303125,-0.01387639,-0.01464299,-0.01533011,-0.01592292,-0.01641607,-0.01687204,-0.01727703,-0.01753541,-0.01767724,-0.01781946,-0.01795614,-0.01799592,-0.01787033,-0.01764677,-0.01746674,-0.01729771,-0.01713515,-0.01684783,-0.0164723,-0.01604067,-0.01553501,-0.01506128,-0.01462062,-0.01416653,-0.0136959,-0.01321733,-0.01273036,-0.01223973,-0.01174019,-0.01123498,-0.01072286,-0.01021113,-0.009698691,-0.009188972,-0.008678237,-0.008170529,-0.007672666,-0.007190457,-0.006693372,-0.006178122,-0.005641163,-0.005075518,-0.004507237,-0.003949059,-0.003405192,-0.002849324,-0.002247579,-0.001614106,-0.0009804281,-0.0003635686,0.0002779153,0.0009753251,0.001688425,0.002377767,0.003096201,0.003869224,0.004636556
0.005243633,0.005991237,0.006749449,0.007549196,0.008331838,0.009108735,0.009913361,0.01069691,0.01147172,0.01224903,0.013001,0.01373735,0.0144507,0.01513294,0.01578752,0.01639404,0.01696589,0.01748929,0.01794937,0.01836228,0.018713,0.01898571,0.01919493,0.01933428,0.0193908,0.01936286,0.01925471,0.01906382,0.01878842,0.01842599,0.01797735,0.01744216,0.01682331,0.01612472,0.01535223,0.01450423,0.01357316,0.01257354,0.01153563,0.01043187,0.009249815,0.008066198,0.006842451,0.005538791,0.004279537,0.00298669,0.001632923,0.0003692271,-0.000935135,-0.002261646,-0.003469493,-0.004718328,-0.005947924,-0.007050853,-0.008171725,-0.009252772,-0.01021207,-0.01114605,-0.01203324,-0.01282331,-0.01354326,-0.01419042,-0.01477794,-0.01531016,-0.01572645,-0.01604082,-0.01635145,-0.01663317,-0.01677543,-0.01678793,-0.01676802,-0.01679146,-0.01680102,-0.01666345,-0.01641854,-0.01607864,-0.0157828,-0.01550459,-0.01522093,-0.01495706,-0.01461622,-0.01420256,-0.01376891,-0.01332424,-0.01286594,-0.01239859,-0.01192192,-0.01144396,-0.01096466,-0.01048681,-0.01000507,-0.009520763,-0.00903112,-0.008539034,-0.008040648,-0.007527573,-0.006992609,-0.006463794,-0.005943228,-0.005431856,-0.004934803,-0.004423759,-0.00388323,-0.003306385,-0.002716985,-0.002145649,-0.001577423,-0.0009790804,-0.0003323595,0.0003239523,0.0009587241,0.001612088,0.002323287,0.003040907,0.003737395,0.004470726
0.005014196,0.005752767,0.006500263,0.007221512,0.007969309,0.008728291,0.009458943,0.01020283,0.01094126,0.01165539,0.01236456,0.01305114,0.01371326,0.01435014,0.01494883,0.01552018,0.01604148,0.01651685,0.01695176,0.01732147,0.01763179,0.01789059,0.01807592,0.01818718,0.01823102,0.01820416,0.01809809,0.01791223,0.01764615,0.01730165,0.01687818,0.01637779,0.01580036,0.01514617,0.01441463,0.01361397,0.0127593,0.01184546,0.01085194,0.009816585,0.008763804,0.007630393,0.006466496,0.005326045,0.004100074,0.002878716,0.001704773,0.0004431391,-0.0007641489,-0.001919299,-0.003149046,-0.004283188,-0.005366911,-0.00649592,-0.007517013,-0.008475585,-0.009444788,-0.01032177,-0.01112005,-0.01188391,-0.01258267,-0.01321535,-0.01376714,-0.0142325,-0.01467175,-0.0150729,-0.01534119,-0.01550359,-0.01567386,-0.01584841,-0.01593702,-0.01587002,-0.01570991,-0.01559602,-0.015498,-0.01541137,-0.01520604,-0.01491406,-0.01456584,-0.01414336,-0.01374936,-0.01338705,-0.0130105,-0.01261578,-0.01221031,-0.0117935,-0.01136941,-0.01093303,-0.01048709,-0.01003066,-0.009570623,-0.009106385,-0.008641145,-0.008171854,-0.007702349,-0.007239918,-0.006790633,-0.006325629,-0.005840737,-0.005333109,-0.004795703,-0.004254356,-0.003722571,-0.003205553,-0.002678365,-0.002107878,-0.001506799,-0.0009066586,-0.0003251763,0.0002765659,0.0009303262,0.001597582,0.002238536,0.002902745,0.003616915,0.00432273
0.004879439,0.005555473,0.006237186,0.006955808,0.007655268,0.008344889,0.009058729,0.009749748,0.01042958,0.01110996,0.01176466,0.01240296,0.01301901,0.01360498,0.01416547,0.01468095,0.01516535,0.01560617,0.01598963,0.01633189,0.01661992,0.01683828,0.01700208,0.01710586,0.01713785,0.01709643,0.01698659,0.01680608,0.01655383,0.01622726,0.01582753,0.01535401,0.0148097,0.01419796,0.01352456,0.01278728,0.0119783,0.01111048,0.01021346,0.009259781,0.008235547,0.007214462,0.006159878,0.005029713,0.003944551,0.002829233,0.001653364,0.0005637532,-0.0005657102,-0.001722,-0.00276638,-0.003854511,-0.00493184,-0.005892148,-0.006876263,-0.00783172,-0.008676882,-0.00950595,-0.01029995,-0.01100953,-0.01166036,-0.01225066,-0.01279282,-0.01329173,-0.01368757,-0.01399262,-0.01430251,-0.01459441,-0.01475891,-0.01480279,-0.01482002,-0.01488627,-0.01494647,-0.0148684,-0.01468731,-0.01441426,-0.0141847,-0.01397533,-0.0137624,-0.01357039,-0.01330351,-0.01296345,-0.01260067,-0.01222461,-0.0118323,-0.01142846,-0.01101227,-0.0105919,-0.01016698,-0.009740654,-0.00930741,-0.008868848,-0.008421974,-0.007970055,-0.007509187,-0.007031821,-0.006530555,-0.006033111,-0.005542469,-0.00506033,-0.004592001,-0.004110769,-0.003600735,-0.003055396,-0.002497352,-0.001958136,-0.001424261,-0.0008637912,-0.0002577515,0.0003561909,0.0009466143,0.001550804,0.00220838,0.002869917,0.003507179,0.004175415
0.004655517,0.005319006,0.005988968,0.006629702,0.007292616,0.007964057,0.008605348,0.009256573,0.009901193,0.01052037,0.01113371,0.01172463,0.01229189,0.01283526,0.01334295,0.01382597,0.01426343,0.01465929,0.01502035,0.01532291,0.01557325,0.0157798,0.01592224,0.01599988,0.0160202,0.0159804,0.01587293,0.0156971,0.01545308,0.01514251,0.01476532,0.01432319,0.01381626,0.01324425,0.01260651,0.01191026,0.0111703,0.010381,0.009521526,0.008627274,0.007722674,0.006744699,0.005740213,0.004762336,0.003703957,0.002649608,0.001643048,0.0005501899,-0.0004929414,-0.0014865,-0.002556677,-0.003539808,-0.004477285,-0.005465958,-0.006357275,-0.007193902,-0.008049259,-0.008824312,-0.009530561,-0.0102126,-0.0108408,-0.01141419,-0.01191803,-0.01234666,-0.01275854,-0.01314326,-0.013407,-0.01357422,-0.01375579,-0.01395019,-0.01406837,-0.01403988,-0.01392292,-0.01385485,-0.01380722,-0.01377577,-0.01363164,-0.01340308,-0.01311893,-0.01276112,-0.01242957,-0.01212923,-0.01181479,-0.01148168,-0.0111363,-0.01077792,-0.01041,-0.01002773,-0.009633344,-0.009226144,-0.008812578,-0.008392514,-0.00796891,-0.007539325,-0.007107366,-0.00668072,-0.006265621,-0.005834668,-0.005382956,-0.004908199,-0.004403274,-0.003893806,-0.00339386,-0.002909519,-0.002417012,-0.00188396,-0.001321782,-0.0007619176,-0.0002225504,0.0003330469,0.0009369584,0.001552155,0.002138763,0.002743505,0.003394031,0.004033797
0.004505799,0.005106459,0.00570885,0.006344348,0.006959207,0.007561135,0.008184666,0.008784339,0.009371314,0.00995771,0.01051875,0.01106337,0.01158709,0.01208233,0.0125547,0.01298543,0.01338893,0.01375377,0.01406714,0.01434516,0.0145765,0.01474607,0.01486943,0.01494188,0.01495266,0.01490014,0.01478991,0.01461992,0.0143897,0.01409655,0.01374196,0.01332498,0.01284872,0.012316,0.01173256,0.01109561,0.01039714,0.00964854,0.008878887,0.008060782,0.007179204,0.006305129,0.00540355,0.004430577,0.003503442,0.002549349,0.001535536,0.0006049597,-0.0003644715,-0.001364243,-0.002257674,-0.003196924,-0.004132146,-0.004958491,-0.005813381,-0.006648843,-0.007383709,-0.00811023,-0.008811472,-0.009439116,-0.01001765,-0.01054611,-0.01103628,-0.01149356,-0.0118589,-0.01214321,-0.01243985,-0.01272803,-0.01289951,-0.01295878,-0.01299677,-0.01308904,-0.01318241,-0.01314581,-0.01301068,-0.01278698,-0.01260691,-0.01244988,-0.01229169,-0.01215626,-0.01194867,-0.0116686,-0.01136437,-0.01104582,-0.01070965,-0.01036066,-0.009997508,-0.009628421,-0.009252779,-0.008874118,-0.008486737,-0.008092419,-0.007687792,-0.007276407,-0.006854423,-0.006415075,-0.005950673,-0.005488663,-0.005032703,-0.004585164,-0.004151477,-0.003706313,-0.003233471,-0.002726657,-0.002207372,-0.001707962,-0.001216219,-0.0007012909,-0.0001434968,0.0004205091,0.0009592132,0.001507465,0.002105087,0.002704355,0.003276681,0.003874979
0.004250139,0.004834255,0.005423009,0.005980398,0.006556646,0.007139571,0.007691379,0.008250919,0.008803505,0.009330357,0.009851351,0.01035087,0.0108282,0.01128366,0.01170644,0.01210772,0.01246815,0.0127916,0.01308593,0.01332839,0.01352562,0.01368652,0.01379214,0.01384174,0.01384343,0.01379481,0.0136891,0.01352554,0.01330476,0.01302822,0.01269622,0.01231016,0.01187033,0.01137596,0.01082633,0.01022777,0.009594766,0.008921241,0.008186141,0.007422737,0.006655364,0.005821194,0.004964374,0.004137195,0.003234116,0.002334954,0.001484092,0.0005484797,-0.0003410468,-0.001183049,-0.002103041,-0.002943065,-0.003741483,-0.004595912,-0.00536187,-0.006079852,-0.006823379,-0.007496791,-0.008109938,-0.008707583,-0.009261062,-0.009769562,-0.01021842,-0.01060199,-0.01097709,-0.01133466,-0.01158182,-0.01174098,-0.01192049,-0.01212071,-0.01225375,-0.01224852,-0.01215946,-0.0121223,-0.01211022,-0.01211918,-0.01202157,-0.01184246,-0.01160928,-0.01130393,-0.01102386,-0.0107754,-0.01051383,-0.01023432,-0.009942281,-0.009636729,-0.009320391,-0.008988716,-0.008643575,-0.008284655,-0.00791799,-0.007543623,-0.007163822,-0.006776692,-0.006386284,-0.006000635,-0.005625345,-0.005234875,-0.00482334,-0.004389074,-0.003924848,-0.003455833,-0.0029971,-0.002554678,-0.002105842,-0.001619443,-0.001105928,-0.0005960756,-0.0001082037,0.0003924458,0.0009381128,0.001493135,0.002017499,0.002555586,0.003135884,0.003703495
0.004055413,0.004575505,0.005094292,0.005643534,0.006171281,0.006684232,0.007217038,0.007725939,0.008221513,0.00871647,0.009187084,0.009642304,0.01007853,0.01048874,0.0108791,0.01123182,0.01156146,0.01185772,0.01210843,0.01232992,0.01251197,0.01264011,0.01272999,0.01277777,0.01277329,0.01271517,0.01260919,0.01245371,0.01224847,0.01199092,0.01168252,0.01132227,0.01091308,0.01045755,0.009961084,0.00942063,0.008827763,0.008192857,0.007544194,0.006854671,0.006108087,0.005373262,0.004616202,0.003791875,0.003014292,0.002212861,0.001352655,0.0005734623,-0.0002437213,-0.001093818,-0.001842396,-0.002638363,-0.003436058,-0.004131705,-0.004860091,-0.005576738,-0.006201331,-0.006824166,-0.007430322,-0.007972256,-0.008473774,-0.008934348,-0.009365524,-0.009772873,-0.01009837,-0.01035159,-0.01062423,-0.01089695,-0.01106298,-0.01112463,-0.01117051,-0.01127566,-0.01138892,-0.01138018,-0.01127791,-0.01109082,-0.01094862,-0.01083265,-0.01071875,-0.01063006,-0.01047274,-0.01024457,-0.009992196,-0.009725406,-0.009440868,-0.009143252,-0.008831075,-0.008512319,-0.008186307,-0.007856487,-0.007517215,-0.007170243,-0.006812324,-0.006447007,-0.006070448,-0.005676176,-0.005256712,-0.004838807,-0.004426946,-0.00402375,-0.003634997,-0.003236168,-0.002811227,-0.002353639,-0.001884264,-0.001435788,-0.0009971693,-0.0005382143,-3.902983e-05,0.0004648663,0.0009417501,0.00142472,0.001953531,0.002482282,0.002981956,0.00350378
0.003749709,0.004249358,0.004752203,0.005222734,0.005709779,0.006202807,0.006664352,0.007132814,0.007594543,0.008031499,0.0084633,0.008875594,0.009267728,0.009640924,0.009984787,0.01031112,0.0106014,0.01085996,0.01109508,0.01128526,0.01143701,0.01156005,0.01163609,0.01166485,0.01165446,0.01160333,0.01150481,0.01135853,0.01116499,0.01092599,0.0106416,0.01031337,0.009941237,0.009524448,0.009061688,0.008559013,0.008030129,0.007469061,0.006854042,0.006217015,0.005581678,0.004885868,0.004170822,0.003488443,0.002734228,0.001984509,0.00128342,0.0004993734,-0.0002416481,-0.0009366868,-0.001711083,-0.002411202,-0.003073512,-0.003795613,-0.004437136,-0.005036347,-0.005667258,-0.006236589,-0.00675354,-0.007262607,-0.007736493,-0.008173964,-0.008560926,-0.008891266,-0.009221015,-0.009541783,-0.009762141,-0.009902385,-0.01006921,-0.01026378,-0.01039973,-0.01040525,-0.01033246,-0.01031482,-0.01032735,-0.01036586,-0.01030435,-0.01016474,-0.009973808,-0.009712844,-0.009477648,-0.009275279,-0.009062047,-0.008831879,-0.008590019,-0.008335081,-0.008069984,-0.007789641,-0.007495818,-0.00718754,-0.006870946,-0.006546101,-0.006216162,-0.005879063,-0.005538324,-0.005201608,-0.004875865,-0.004535314,-0.00417449,-0.003791274,-0.003378879,-0.002961907,-0.002555691,-0.002167043,-0.001774412,-0.001346229,-0.0008923092,-0.0004431797,-1.803199e-05,0.0004169863,0.0008938364,0.001378429,0.001830754,0.002293819,0.002796084,0.003284515
0.003503386,0.003937722,0.004368612,0.004828418,0.005266462,0.005689073,0.006130669,0.006549239,0.006954689,0.007360548,0.007743719,0.008113528,0.008466819,0.008797387,0.009111581,0.00939276,0.009655312,0.00989024,0.01008559,0.01025819,0.01039845,0.01049271,0.01055641,0.0105867,0.01057361,0.01051624,0.01042023,0.01028455,0.01010878,0.00989077,0.009631605,0.00933053,0.008989924,0.008612456,0.00820289,0.007758251,0.007269406,0.006746189,0.006215805,0.005651655,0.005036238,0.004436834,0.003819883,0.003139687,0.002507201,0.00185385,0.001142681,0.0005109816,-0.0001580871,-0.0008619294,-0.001468508,-0.002123756,-0.002785693,-0.003351385,-0.003953745,-0.004550857,-0.005063581,-0.00558036,-0.006088253,-0.006540149,-0.006959677,-0.007346383,-0.007711988,-0.00806193,-0.008339415,-0.008552684,-0.008792346,-0.009040009,-0.009190422,-0.009243851,-0.009287258,-0.009395014,-0.009517975,-0.009526558,-0.009447151,-0.009287165,-0.009174404,-0.009091527,-0.009014697,-0.008966128,-0.008853233,-0.008671883,-0.008467599,-0.008249721,-0.008015138,-0.007768106,-0.007507364,-0.007240366,-0.006966596,-0.006689019,-0.006402295,-0.006107876,-0.005802997,-0.005490874,-0.005167924,-0.00482744,-0.004462324,-0.004098567,-0.00374143,-0.003393483,-0.003060977,-0.002719857,-0.002354241,-0.001957372,-0.001549879,-0.001163987,-0.0007898295,-0.0003976244,3.225133e-05,0.0004655575,0.0008702135,0.001278321,0.001729306,0.002179158,0.002598321,0.003036964
0.003150201,0.003560903,0.003974077,0.004354746,0.004750567,0.005152512,0.005523418,0.00590142,0.006273692,0.00662292,0.006968491,0.007297243,0.007608536,0.007904463,0.008174935,0.008432373,0.008658875,0.00885929,0.009042135,0.009187074,0.009300446,0.009392701,0.009446054,0.009460655,0.009444574,0.009396932,0.009311101,0.009187109,0.009025238,0.008827601,0.008593977,0.008326096,0.008023454,0.007685367,0.007309915,0.006902951,0.006477379,0.00602733,0.005530332,0.005017259,0.004511084,0.003950238,0.003373531,0.002832469,0.002223205,0.001619273,0.001064396,0.0004282318,-0.0001673539,-0.0007182203,-0.001349627,-0.001911497,-0.002438972,-0.003029592,-0.003546476,-0.004026142,-0.004543085,-0.005006017,-0.005423741,-0.005840421,-0.006230015,-0.006590994,-0.006909894,-0.00718023,-0.007457474,-0.007733707,-0.007918819,-0.008031356,-0.008176692,-0.008356622,-0.008486204,-0.008493041,-0.008427296,-0.008420527,-0.008449365,-0.008509384,-0.008476044,-0.00836869,-0.008213514,-0.007991266,-0.007796422,-0.007636429,-0.007468504,-0.007285738,-0.007093197,-0.006888887,-0.006675772,-0.006448317,-0.006208347,-0.005954416,-0.0056928,-0.005423293,-0.005149362,-0.004868719,-0.004585154,-0.004305942,-0.004038434,-0.003757167,-0.003456704,-0.003134629,-0.002784508,-0.00243024,-0.00208772,-0.001763804,-0.001437998,-0.001078585,-0.000695037,-0.0003172361,3.50021e-05,0.0003948035,0.0007937895,0.001199361,0.001571347,0.001951776,0.00236911,0.002772011
0.002861251,0.003205741,0.003545551,0.003913584,0.004260189,0.004591558,0.004941917,0.005270769,0.005587518,0.005906436,0.006204946,0.006492797,0.006767199,0.007022703,0.007265816,0.007480902,0.007682229,0.007861904,0.008008157,0.008138279,0.008243164,0.008309892,0.008353667,0.008372489,0.008356507,0.008305273,0.008224233,0.008112867,0.00797057,0.007795536,0.007588475,0.007348828,0.007078464,0.006780101,0.006457898,0.006108921,0.00572336,0.005310597,0.004896841,0.004455856,0.003969002,0.003502279,0.003022324,0.002482926,0.001992413,0.001483731,0.0009182509,0.0004311576,-9.281775e-05,-0.0006530212,-0.001119547,-0.001635981,-0.002163362,-0.002599562,-0.003076103,-0.003553101,-0.00395256,-0.004361461,-0.00476852,-0.005127002,-0.005460498,-0.005768631,-0.006063385,-0.006350097,-0.006573064,-0.006739465,-0.006939091,-0.007154228,-0.007280966,-0.007317951,-0.007350886,-0.007453519,-0.007578339,-0.007596199,-0.007531911,-0.007391766,-0.007302037,-0.007246341,-0.007201157,-0.007187898,-0.007115013,-0.006976784,-0.00681784,-0.006647101,-0.006461647,-0.006265257,-0.006056803,-0.005843222,-0.005624188,-0.005402258,-0.005172373,-0.004935589,-0.004689409,-0.004436663,-0.004174113,-0.003894843,-0.00359199,-0.003290848,-0.002997309,-0.00271381,-0.002447002,-0.002173106,-0.001876424,-0.001549875,-0.001213877,-0.0009002523,-0.0006001187,-0.0002839121,6.780325e-05,0.0004219041,0.0007460483,0.001071649,0.001437803,0.001802073,0.002134547,0.002484675
0.002472291,0.002790873,0.003111746,0.003400502,0.003703899,0.004014182,0.004294468,0.004582811,0.004867028,0.005130516,0.005392494,0.005640852,0.005874981,0.006097771,0.006299382,0.006492829,0.006660704,0.006808364,0.006944503,0.007049787,0.007130411,0.007197484,0.007233563,0.007239236,0.007222467,0.007182986,0.007114139,0.0070163,0.006889513,0.00673616,0.006555709,0.006350042,0.00611822,0.005859604,0.005571689,0.005260158,0.004937158,0.004596875,0.004216157,0.003825015,0.003445678,0.003017016,0.002575811,0.002173162,0.001705594,0.001244427,0.0008328386,0.0003414435,-0.0001112593,-0.0005203233,-0.001011047,-0.00143619,-0.00183007,-0.002290164,-0.002682483,-0.003042263,-0.003444469,-0.003799411,-0.004115746,-0.004437366,-0.004739336,-0.005019909,-0.005266231,-0.00547153,-0.005690936,-0.005916856,-0.006060321,-0.006138497,-0.00625576,-0.006414333,-0.006530474,-0.006531313,-0.006465552,-0.006463142,-0.006501992,-0.006577441,-0.00656615,-0.006485399,-0.006360935,-0.00617298,-0.006014985,-0.005894574,-0.005769713,-0.005632759,-0.005488657,-0.005334832,-0.005174288,-0.005001041,-0.004816973,-0.004620184,-0.004417064,-0.004207094,-0.003993985,-0.003775179,-0.003554703,-0.003339436,-0.003137049,-0.002922238,-0.002689619,-0.002436451,-0.002156595,-0.001873309,-0.001602926,-0.001352245,-0.001101613,-0.0008191191,-0.0005139995,-0.0002155314,5.598534e-05,0.0003332083,0.0006474584,0.0009673976,0.001252762,0.001544932,0.001872343,0.002185101
0.002152943,0.002404825,0.00265147,0.002926308,0.003180486,0.00342025,0.003679678,0.003919558,0.00414895,0.004382825,0.004599029,0.004807774,0.005006555,0.005190645,0.005366676,0.005519915,0.005664543,0.005793629,0.005895549,0.005988064,0.006062406,0.006106327,0.006134835,0.006146658,0.006131991,0.006090799,0.006028331,0.005944513,0.005838512,0.00570883,0.005555796,0.005379018,0.005179864,0.004961092,0.004726271,0.004472483,0.004189273,0.003885656,0.003586915,0.003267051,0.002906407,0.002569948,0.002224257,0.001822699,0.001471413,0.001104421,0.0006816712,0.0003366537,-4.491471e-05,-0.0004638747,-0.0007921752,-0.001171681,-0.001565853,-0.001873275,-0.002224577,-0.002581433,-0.002866905,-0.003166893,-0.003471505,-0.003734342,-0.003979106,-0.004205471,-0.004425733,-0.004645133,-0.004808906,-0.00492342,-0.005077918,-0.005255143,-0.005352289,-0.005366722,-0.00538323,-0.00547501,-0.005595858,-0.005616903,-0.005561812,-0.005435934,-0.005364384,-0.005331383,-0.005313692,-0.005332016,-0.005295625,-0.005197513,-0.005081621,-0.004956404,-0.004819089,-0.004673011,-0.004517192,-0.00435807,-0.004195448,-0.00403142,-0.003861146,-0.003685322,-0.003501756,-0.003312904,-0.003115731,-0.002903017,-0.00266815,-0.002435802,-0.002212344,-0.002000026,-0.001805823,-0.001606077,-0.001385251,-0.001135967,-0.000878539,-0.0006442913,-0.0004250664,-0.0001914182,7.584642e-05,0.0003445416,0.0005821389,0.0008196643,0.00109596,0.001369915,0.001611364,0.001869327
0.001739119,0.001963611,0.002190567,0.002386184,0.002596612,0.002815125,0.003005071,0.003204602,0.003402029,0.003581453,0.003762007,0.003932468,0.004092308,0.004245128,0.004381314,0.004514452,0.004627525,0.004726402,0.004819931,0.00488962,0.00494158,0.004987493,0.005010168,0.005010602,0.004996663,0.004968595,0.004919685,0.004850602,0.004761162,0.004653975,0.004528199,0.004385819,0.004225476,0.004046547,0.003845973,0.003629287,0.003407944,0.003176119,0.002910007,0.002638913,0.002384354,0.002085441,0.001777254,0.001510467,0.001181752,0.0008607278,0.0005899089,0.0002405366,-7.152275e-05,-0.0003409084,-0.0006931196,-0.0009830534,-0.001244649,-0.001575365,-0.001843541,-0.002083554,-0.002370848,-0.002616938,-0.002830574,-0.003055516,-0.003267765,-0.00346541,-0.003636131,-0.00377294,-0.00393083,-0.004102424,-0.004199685,-0.004238759,-0.004323334,-0.004455786,-0.004553295,-0.004542687,-0.004471708,-0.004468933,-0.004513202,-0.004599636,-0.004605776,-0.004547311,-0.004449673,-0.004292576,-0.004168703,-0.004085736,-0.004002182,-0.003909611,-0.003812913,-0.003709099,-0.003601303,-0.003483054,-0.003356193,-0.003218242,-0.003075666,-0.002927747,-0.002778709,-0.002625686,-0.002472448,-0.002325437,-0.00219304,-0.002049603,-0.001890023,-0.001711127,-0.001507018,-0.001300533,-0.001108004,-0.0009365461,-0.0007671036,-0.0005672291,-0.0003459019,-0.0001321563,5.322965e-05,0.0002427383,0.0004674962,0.0006971437,0.0008915217,0.001091666,0.001325912,0.001545502
0.001398896,0.001556462,0.001708826,0.00188974,0.002051119,0.002199236,0.002368273,0.00251989,0.002663146,0.002813484,0.002949268,0.003081022,0.003206675,0.003321986,0.003433905,0.003528307,0.003619543,0.003701316,0.003762322,0.003820605,0.003867836,0.003892174,0.00390868,0.003916507,0.003906047,0.003877457,0.003835995,0.003781764,0.003713902,0.003630971,0.003533135,0.003419941,0.003292477,0.003153333,0.003005703,0.002846465,0.002664723,0.002469001,0.00228392,0.002083375,0.001846987,0.001638732,0.001425089,0.001158847,0.0009445998,0.0007167825,0.00043432,0.0002292232,-1.217563e-05,-0.0002920302,-0.0004836414,-0.0007279761,-0.0009901854,-0.001169649,-0.001396424,-0.001633495,-0.001804686,-0.001995396,-0.002196676,-0.002362588,-0.002516881,-0.002659453,-0.002802767,-0.002952175,-0.003053494,-0.003112695,-0.003218533,-0.0033542,-0.003417532,-0.003405116,-0.00340098,-0.003478049,-0.003590864,-0.003610793,-0.003560569,-0.003444974,-0.003388118,-0.003374692,-0.003381474,-0.00342874,-0.003426138,-0.003365852,-0.003291167,-0.003210228,-0.003120192,-0.003024159,-0.002921079,-0.002817088,-0.002711891,-0.002607315,-0.002498506,-0.002385989,-0.002267664,-0.002145773,-0.002017172,-0.001874529,-0.001711398,-0.001551965,-0.001402871,-0.001266283,-0.001149256,-0.001028372,-0.0008879052,-0.0007205537,-0.0005463675,-0.0003963128,-0.0002625723,-0.0001159672,6.268879e-05,0.0002418214,0.0003889631,0.0005347885,0.0007181634,0.0008988005,0.001046535,0.001210039
0.0009686976,0.001097959,0.001230353,0.001332164,0.001449581,0.00157634,0.001676437,0.001787844,0.001899667,0.001996194,0.002096989,0.002191219,0.002278875,0.00236382,0.002437062,0.002512333,0.002573338,0.002626046,0.002679842,0.002716552,0.002742672,0.002770003,0.002781926,0.002779431,0.002770711,0.002756031,0.002729011,0.002690191,0.002639568,0.00257953,0.002509342,0.00243069,0.002342213,0.002242874,0.002129507,0.002007077,0.001886786,0.0017623,0.001609586,0.001456991,0.001325702,0.001154454,0.0009774695,0.0008446087,0.0006526594,0.0004696178,0.0003377338,0.0001280721,-4.505778e-05,-0.0001765477,-0.0003918762,-0.0005478779,-0.000678129,-0.0008806392,-0.001025015,-0.001145644,-0.001318089,-0.001455154,-0.001565381,-0.001692842,-0.001813888,-0.001926998,-0.002019962,-0.002086096,-0.002179973,-0.002294718,-0.002342546,-0.002339301,-0.002387885,-0.00249123,-0.00256675,-0.002541265,-0.002461395,-0.002455264,-0.002501901,-0.002596505,-0.002616787,-0.00257772,-0.002504068,-0.002375518,-0.002283842,-0.002236941,-0.002193257,-0.00214439,-0.002094701,-0.002041013,-0.001985945,-0.001923087,-0.001853985,-0.001776314,-0.001696195,-0.001612842,-0.001529857,-0.001444508,-0.001360748,-0.001285147,-0.001225398,-0.001156593,-0.001073068,-0.0009718916,-0.000846928,-0.0007208763,-0.0006102039,-0.0005218438,-0.0004368184,-0.0003231582,-0.0001894755,-6.448724e-05,3.13185e-05,0.0001299168,0.0002626328,0.0003994908,0.000500546,0.0006063154,0.0007455855,0.0008700993
0.0006162112,0.000678458,0.0007360648,0.0008227419,0.0008912612,0.000947746,0.001026923,0.001090769,0.001148821,0.001216603,0.001273253,0.001329337,0.001383512,0.001431667,0.001481421,0.001518834,0.00155883,0.001595295,0.001617565,0.001643671,0.001665963,0.001672638,0.0016792,0.001684811,0.001680358,0.001665842,0.001646875,0.001623374,0.001594763,0.001559302,0.001517334,0.001468011,0.001412498,0.00135287,0.001292307,0.001227099,0.001146251,0.001057498,0.0009852141,0.0009026994,0.0007892556,0.0007077414,0.0006246787,0.0004919835,0.0004133825,0.0003229465,0.0001791004,0.000112435,9.655874e-06,-0.0001326697,-0.0001885355,-0.0002990092,-0.0004301188,-0.0004822561,-0.0005850554,-0.0007027671,-0.0007595318,-0.0008409751,-0.0009384843,-0.001006811,-0.001069532,-0.001127128,-0.001191951,-0.001269819,-0.001306596,-0.001308384,-0.001363358,-0.001455264,-0.001481989,-0.001440065,-0.00141274,-0.00147296,-0.001575227,-0.001591367,-0.001543194,-0.001435371,-0.00139105,-0.001395393,-0.00142476,-0.001499407,-0.001528776,-0.001504792,-0.001469962,-0.0014326,-0.001389388,-0.001343412,-0.001293069,-0.00124459,-0.001197321,-0.001153317,-0.001107339,-0.001059933,-0.00100838,-0.0009550631,-0.0008967539,-0.0008264306,-0.0007370661,-0.0006530925,-0.0005808395,-0.0005227775,-0.0004856776,-0.0004464352,-0.0003891519,-0.0003064862,-0.0002180072,-0.0001550804,-0.0001098217,-5.322219e-05,3.440944e-05,0.000121541,0.0001760806,0.0002282506,0.0003171769,0.0004027534,0.0004552699,0.0005230145
0.0001781887,0.0002117096,0.0002491437,0.0002567834,0.0002812176,0.0003163339,0.0003268028,0.0003505254,0.000377353,0.0003916693,0.0004136451,0.0004326217,0.0004492514,0.0004675232,0.0004791445,0.0004979267,0.0005083016,0.0005162786,0.0005318842,0.000537053,0.0005388251,0.0005489998,0.000551554,0.0005473819,0.0005451254,0.0005449281,0.0005408075,0.0005330688,0.0005219961,0.0005096509,0.0004954995,0.0004808074,0.0004643178,0.0004444738,0.0004181043,0.0003895331,0.0003698489,0.0003520466,0.0003119407,0.0002769787,0.0002681171,0.0002234007,0.0001765474,0.0001765231,0.0001200404,7.383437e-05,7.98698e-05,8.576584e-06,-2.654526e-05,-2.107461e-05,-0.0001006142,-0.000123369,-0.000122895,-0.0001979369,-0.0002187486,-0.000220207,-0.0002779745,-0.0003058304,-0.0003122472,-0.0003418365,-0.0003710521,-0.0003988787,-0.0004130579,-0.0004073288,-0.0004359536,-0.0004925211,-0.0004891713,-0.0004418286,-0.0004528475,-0.0005255469,-0.0005771621,-0.0005346423,-0.0004438504,-0.0004327934,-0.0004802475,-0.000581532,-0.0006140977,-0.0005926687,-0.0005413914,-0.0004399939,-0.0003795065,-0.0003680159,-0.0003635933,-0.0003578738,-0.0003546778,-0.0003508588,-0.0003485121,-0.0003413216,-0.0003303878,-0.0003135309,-0.0002964251,-0.0002783982,-0.0002625901,-0.0002464478,-0.0002335796,-0.0002307823,-0.0002454114,-0.0002528544,-0.0002470854,-0.0002253956,-0.000181329,-0.0001377337,-0.0001108112,-0.0001077074,-0.0001092119,-8.369415e-05,-3.934326e-05,-4.963141e-06,-6.47499e-07,5.260437e-06,4.445621e-05,8.695222e-05,9.322535e-05,0.0001034464,0.0001468756,0.0001753736
-0.0001781778,-0.0002116979,-0.0002491312,-0.0002567703,-0.0002812038,-0.0003163194,-0.0003267877,-0.0003505098,-0.0003773369,-0.0003916527,-0.000413628,-0.0004326042,-0.0004492335,-0.0004675051,-0.0004791261,-0.0004979082,-0.0005082829,-0.0005162598,-0.0005318653,-0.0005370342,-0.0005388063,-0.0005489811,-0.0005515355,-0.0005473637,-0.0005451075,-0.0005449106,-0.0005407903,-0.0005330521,-0.00052198,-0.0005096354,-0.0004954846,-0.0004807932,-0.0004643043,-0.0004444611,-0.0004180924,-0.0003895221,-0.0003698388,-0.0003520374,-0.0003119325,-0.0002769714,-0.0002681109,-0.0002233955,-0.0001765433,-0.0001765201,-0.0001200384,-7.383346e-05,-7.986998e-05,-8.577834e-06,2.654294e-05,2.107123e-05,0.0001006098,0.0001233636,0.0001228885,0.0001979295,0.0002187402,0.0002201977,0.0002779643,0.0003058194,0.0003122353,0.0003418238,0.0003710387,0.0003988647,0.0004130432,0.0004073135,0.0004359378,0.0004925049,0.0004891547,0.0004418116,0.0004528301,0.0005255294,0.0005771443,0.0005346243,0.0004438324,0.0004327754,0.0004802296,0.0005815142,0.0006140801,0.0005926512,0.0005413742,0.000439977,0.0003794899,0.0003679997,0.0003635776,0.0003578585,0.000354663,0.0003508446,0.0003484985,0.0003413086,0.0003303755,0.0003135192,0.0002964141,0.0002783879,0.0002625807,0.0002464392,0.0002335717,0.0002307752,0.0002454052,0.000252849,0.0002470809,0.0002253919,0.0001813262,0.0001377318,0.0001108102,0.0001077072,0.0001092126,8.369576e-05,3.934575e-05,4.966515e-06,6.517564e-07,-5.255301e-06,-4.445021e-05,-8.694535e-05,-9.321763e-05,-0.0001034379,-0.0001468662,-0.0001753634
-0.0006162002,-0.0006784464,-0.0007360525,-0.0008227288,-0.0008912474,-0.0009477316,-0.001026908,-0.001090753,-0.001148805,-0.001216587,-0.001273236,-0.00132932,-0.001383494,-0.001431649,-0.001481403,-0.001518816,-0.001558811,-0.001595276,-0.001617546,-0.001643652,-0.001665944,-0.001672619,-0.001679182,-0.001684793,-0.00168034,-0.001665825,-0.001646858,-0.001623357,-0.001594747,-0.001559286,-0.001517319,-0.001467997,-0.001412484,-0.001352857,-0.001292295,-0.001227087,-0.001146241,-0.001057489,-0.0009852058,-0.000902692,-0.0007892493,-0.0007077361,-0.0006246744,-0.0004919803,-0.0004133805,-0.0003229455,-0.0001791005,-0.0001124362,-9.658159e-06,0.0001326663,0.000188531,0.0002990037,0.0004301123,0.0004822487,0.000585047,0.0007027577,0.0007595216,0.000840964,0.0009384724,0.001006798,0.001069519,0.001127114,0.001191936,0.001269803,0.001306581,0.001308367,0.001363342,0.001455247,0.001481972,0.001440047,0.001412723,0.001472943,0.001575209,0.001591349,0.001543177,0.001435353,0.001391032,0.001395376,0.001424743,0.001499391,0.001528759,0.001504776,0.001469946,0.001432585,0.001389373,0.001343398,0.001293056,0.001244577,0.001197309,0.001153306,0.001107328,0.001059923,0.00100837,0.0009550545,0.0008967461,0.0008264236,0.00073706,0.0006530872,0.000580835,0.0005227739,0.0004856748,0.0004464333,0.0003891509,0.0003064861,0.000218008,0.000155082,0.0001098242,5.322565e-05,-3.440511e-05,-0.0001215358,-0.0001760745,-0.0002282437,-0.0003171692,-0.0004027448,-0.0004552606,-0.0005230043
-0.0009686868,-0.001097947,-0.001230341,-0.001332151,-0.001449567,-0.001576326,-0.001676422,-0.001787828,-0.001899651,-0.001996178,-0.002096972,-0.002191201,-0.002278857,-0.002363802,-0.002437044,-0.002512315,-0.00257332,-0.002626027,-0.002679823,-0.002716534,-0.002742653,-0.002769984,-0.002781908,-0.002779413,-0.002770693,-0.002756014,-0.002728994,-0.002690175,-0.002639553,-0.002579515,-0.002509327,-0.002430676,-0.0023422,-0.002242862,-0.002129496,-0.002007067,-0.001886776,-0.001762292,-0.001609578,-0.001456984,-0.001325696,-0.001154449,-0.0009774655,-0.0008446058,-0.0006526575,-0.0004696171,-0.0003377341,-0.0001280735,4.505532e-05,0.0001765442,0.0003918717,0.0005478723,0.0006781224,0.0008806317,0.001025007,0.001145634,0.001318079,0.001455143,0.001565369,0.001692829,0.001813875,0.001926984,0.002019947,0.002086081,0.002179958,0.002294702,0.00234253,0.002339284,0.002387868,0.002491213,0.002566733,0.002541247,0.002461378,0.002455246,0.002501884,0.002596488,0.00261677,0.002577703,0.002504051,0.002375502,0.002283825,0.002236926,0.002193241,0.002144375,0.002094686,0.002040999,0.001985932,0.001923074,0.001853973,0.001776303,0.001696184,0.001612831,0.001529848,0.0014445,0.001360741,0.00128514,0.001225391,0.001156588,0.001073063,0.0009718877,0.000846925,0.0007208742,0.0006102028,0.0005218436,0.000436819,0.0003231597,0.0001894779,6.449054e-05,-3.131432e-05,-0.0001299117,-0.0002626269,-0.0003994841,-0.0005005383,-0.0006063071,-0.0007455763,-0.0008700893
-0.001398885,-0.00155645,-0.001708814,-0.001889727,-0.002051105,-0.002199222,-0.002368258,-0.002519874,-0.00266313,-0.002813468,-0.002949251,-0.003081005,-0.003206657,-0.003321968,-0.003433887,-0.003528289,-0.003619524,-0.003701297,-0.003762303,-0.003820587,-0.003867817,-0.003892156,-0.003908662,-0.003916489,-0.00390603,-0.00387744,-0.003835978,-0.003781748,-0.003713887,-0.003630956,-0.00353312,-0.003419928,-0.003292465,-0.003153321,-0.003005692,-0.002846454,-0.002664714,-0.002468993,-0.002283912,-0.002083368,-0.001846982,-0.001638727,-0.001425085,-0.001158845,-0.0009445983,-0.0007167821,-0.0004343206,-0.0002292248,1.217296e-05,0.0002920265,0.0004836367,0.0007279704,0.0009901787,0.001169641,0.001396415,0.001633485,0.001804676,0.001995385,0.002196664,0.002362575,0.002516868,0.002659439,0.002802753,0.00295216,0.003053479,0.003112679,0.003218517,0.003354183,0.003417515,0.003405099,0.003400963,0.003478031,0.003590847,0.003610776,0.003560552,0.003444957,0.003388101,0.003374675,0.003381458,0.003428724,0.003426122,0.003365837,0.003291152,0.003210213,0.003120178,0.003024146,0.002921066,0.002817075,0.002711879,0.002607304,0.002498495,0.002385979,0.002267655,0.002145765,0.002017164,0.001874522,0.001711392,0.00155196,0.001402867,0.001266279,0.001149253,0.001028371,0.0008879043,0.0007205536,0.0005463684,0.0003963145,0.000262575,0.0001159707,-6.26844e-05,-0.0002418161,-0.000388957,-0.0005347815,-0.0007181556,-0.0008987919,-0.001046525,-0.001210029
-0.001739108,-0.001963599,-0.002190555,-0.002386171,-0.002596598,-0.00281511,-0.003005056,-0.003204587,-0.003402013,-0.003581436,-0.003761991,-0.003932451,-0.00409229,-0.004245111,-0.004381297,-0.004514434,-0.004627507,-0.004726384,-0.004819914,-0.004889602,-0.004941562,-0.004987475,-0.00501015,-0.005010584,-0.004996647,-0.004968578,-0.004919669,-0.004850586,-0.004761147,-0.004653961,-0.004528185,-0.004385806,-0.004225463,-0.004046536,-0.003845962,-0.003629277,-0.003407935,-0.003176111,-0.00291,-0.002638907,-0.002384349,-0.002085437,-0.00177725,-0.001510465,-0.001181751,-0.0008607277,-0.0005899099,-0.0002405386,7.151977e-05,0.0003409045,0.0006931146,0.0009830474,0.001244642,0.001575358,0.001843532,0.002083545,0.002370838,0.002616927,0.002830562,0.003055503,0.003267752,0.003465396,0.003636117,0.003772925,0.003930815,0.004102409,0.004199669,0.004238742,0.004323318,0.004455769,0.004553278,0.00454267,0.004471691,0.004468916,0.004513185,0.00459962,0.00460576,0.004547295,0.004449658,0.00429256,0.004168687,0.004085721,0.004002167,0.003909597,0.0038129,0.003709086,0.00360129,0.003483043,0.003356182,0.003218231,0.003075656,0.002927738,0.002778701,0.002625678,0.002472441,0.002325431,0.002193035,0.002049598,0.001890019,0.001711124,0.001507016,0.001300532,0.001108003,0.0009365467,0.0007671051,0.0005672314,0.0003459051,0.0001321604,-5.322471e-05,-0.0002427325,-0.0004674896,-0.0006971362,-0.0008915134,-0.001091657,-0.001325902,-0.001545492
-0.002152932,-0.002404813,-0.002651458,-0.002926296,-0.003180472,-0.003420237,-0.003679664,-0.003919543,-0.004148935,-0.00438281,-0.004599013,-0.004807757,-0.005006539,-0.005190629,-0.005366659,-0.005519898,-0.005664526,-0.005793612,-0.005895531,-0.005988047,-0.006062389,-0.00610631,-0.006134819,-0.006146642,-0.006131975,-0.006090783,-0.006028316,-0.005944498,-0.005838498,-0.005708816,-0.005555782,-0.005379006,-0.005179852,-0.004961082,-0.00472626,-0.004472474,-0.004189265,-0.003885649,-0.003586908,-0.003267046,-0.002906402,-0.002569944,-0.002224254,-0.001822697,-0.001471412,-0.001104422,-0.0006816725,-0.0003366561,4.49114e-05,0.0004638704,0.00079217,0.001171674,0.001565846,0.001873267,0.002224568,0.002581423,0.002866895,0.003166882,0.003471493,0.003734329,0.003979093,0.004205458,0.004425719,0.004645119,0.004808892,0.004923405,0.005077902,0.005255127,0.005352273,0.005366705,0.005383214,0.005474994,0.005595842,0.005616887,0.005561796,0.005435918,0.005364368,0.005331367,0.005313676,0.005332001,0.00529561,0.005197498,0.005081607,0.004956391,0.004819076,0.004672999,0.00451718,0.004358059,0.004195438,0.00403141,0.003861136,0.003685314,0.003501749,0.003312897,0.003115725,0.002903011,0.002668145,0.002435798,0.002212341,0.002000024,0.001805822,0.001606076,0.001385251,0.001135968,0.0008785408,0.000644294,0.0004250699,0.0001914225,-7.584135e-05,-0.0003445358,-0.0005821323,-0.0008196569,-0.001095952,-0.001369907,-0.001611355,-0.001869317
-0.002472282,-0.002790863,-0.003111735,-0.003400491,-0.003703887,-0.00401417,-0.004294455,-0.004582797,-0.004867014,-0.005130502,-0.00539248,-0.005640837,-0.005874965,-0.006097755,-0.006299366,-0.006492813,-0.006660688,-0.006808348,-0.006944487,-0.007049771,-0.007130396,-0.007197468,-0.007233548,-0.007239221,-0.007222452,-0.007182972,-0.007114125,-0.007016287,-0.0068895,-0.006736148,-0.006555696,-0.00635003,-0.00611821,-0.005859594,-0.005571679,-0.005260149,-0.004937151,-0.004596868,-0.004216151,-0.00382501,-0.003445674,-0.003017013,-0.002575809,-0.002173161,-0.001705594,-0.001244428,-0.0008328403,-0.0003414461,0.0001112558,0.0005203189,0.001011042,0.001436183,0.001830063,0.002290156,0.002682475,0.003042254,0.003444459,0.003799401,0.004115735,0.004437354,0.004739324,0.005019897,0.005266218,0.005471516,0.005690922,0.005916841,0.006060307,0.006138483,0.006255745,0.006414318,0.006530459,0.006531298,0.006465537,0.006463127,0.006501977,0.006577427,0.006566135,0.006485384,0.006360921,0.006172966,0.006014971,0.005894561,0.0057697,0.005632746,0.005488645,0.005334821,0.005174277,0.00500103,0.004816963,0.004620174,0.004417055,0.004207086,0.003993978,0.003775173,0.003554697,0.003339431,0.003137044,0.002922234,0.002689615,0.002436449,0.002156593,0.001873308,0.001602926,0.001352246,0.001101614,0.0008191213,0.0005140025,0.0002155351,-5.598097e-05,-0.0003332032,-0.0006474526,-0.0009673911,-0.001252755,-0.001544925,-0.001872335,-0.002185092
-0.002861243,-0.003205732,-0.003545541,-0.003913574,-0.004260179,-0.004591547,-0.004941905,-0.005270757,-0.005587506,-0.005906423,-0.006204932,-0.006492784,-0.006767185,-0.007022689,-0.007265801,-0.007480888,-0.007682215,-0.00786189,-0.008008142,-0.008138265,-0.00824315,-0.008309877,-0.008353653,-0.008372475,-0.008356494,-0.00830526,-0.00822422,-0.008112855,-0.007970558,-0.007795525,-0.007588464,-0.007348818,-0.007078454,-0.006780092,-0.00645789,-0.006108913,-0.005723353,-0.005310591,-0.004896835,-0.004455852,-0.003968999,-0.003502276,-0.003022322,-0.002482926,-0.001992413,-0.001483732,-0.0009182529,-0.0004311604,9.281409e-05,0.0006530167,0.001119541,0.001635975,0.002163355,0.002599555,0.003076095,0.003553092,0.003952551,0.004361452,0.004768509,0.005126991,0.005460487,0.005768619,0.006063372,0.006350085,0.006573051,0.006739452,0.006939078,0.007154215,0.007280952,0.007317937,0.007350873,0.007453505,0.007578325,0.007596185,0.007531897,0.007391753,0.007302024,0.007246328,0.007201144,0.007187885,0.007115,0.006976773,0.006817828,0.006647089,0.006461637,0.006265247,0.006056793,0.005843212,0.005624179,0.005402249,0.005172365,0.004935582,0.004689402,0.004436657,0.004174108,0.003894838,0.003591985,0.003290844,0.002997306,0.002713807,0.002447,0.002173105,0.001876423,0.001549875,0.001213878,0.0009002539,0.0006001209,0.0002839151,-6.779968e-05,-0.0004218999,-0.0007460435,-0.001071644,-0.001437797,-0.001802066,-0.00213454,-0.002484668
-0.003150193,-0.003560895,-0.003974069,-0.004354737,-0.004750557,-0.005152502,-0.005523407,-0.005901409,-0.006273681,-0.006622909,-0.006968479,-0.007297231,-0.007608524,-0.007904451,-0.008174922,-0.00843236,-0.008658862,-0.008859277,-0.009042122,-0.009187061,-0.009300433,-0.009392688,-0.009446042,-0.009460643,-0.009444563,-0.009396921,-0.00931109,-0.009187098,-0.009025227,-0.00882759,-0.008593968,-0.008326087,-0.008023445,-0.00768536,-0.007309909,-0.006902945,-0.006477374,-0.006027326,-0.005530328,-0.005017256,-0.004511082,-0.003950236,-0.003373531,-0.002832469,-0.002223206,-0.001619274,-0.001064398,-0.0004282347,0.0001673503,0.0007182159,0.001349622,0.001911491,0.002438966,0.003029585,0.003546468,0.004026134,0.004543076,0.005006007,0.005423732,0.005840411,0.006230005,0.006590983,0.006909884,0.007180219,0.007457463,0.007733695,0.007918807,0.008031344,0.00817668,0.00835661,0.008486192,0.008493029,0.008427284,0.008420516,0.008449354,0.008509372,0.008476033,0.008368678,0.008213503,0.007991254,0.007796412,0.007636419,0.007468495,0.007285729,0.007093188,0.006888878,0.006675764,0.006448309,0.006208339,0.005954409,0.005692793,0.005423287,0.005149356,0.004868714,0.00458515,0.004305938,0.004038431,0.003757164,0.003456702,0.003134627,0.002784506,0.002430239,0.00208772,0.001763804,0.001437999,0.001078586,0.0006950389,0.0003172387,-3.499894e-05,-0.0003947998,-0.0007937852,-0.001199356,-0.001571341,-0.00195177,-0.002369103,-0.002772004
-0.00350338,-0.003937715,-0.004368604,-0.00482841,-0.005266454,-0.005689065,-0.00613066,-0.00654923,-0.006954679,-0.007360538,-0.007743709,-0.008113517,-0.008466809,-0.008797376,-0.00911157,-0.00939275,-0.009655301,-0.009890229,-0.01008558,-0.01025818,-0.01039844,-0.0104927,-0.0105564,-0.01058669,-0.01057359,-0.01051623,-0.01042023,-0.01028454,-0.01010877,-0.009890761,-0.009631597,-0.009330522,-0.008989917,-0.008612449,-0.008202884,-0.007758246,-0.007269402,-0.006746185,-0.006215802,-0.005651653,-0.005036236,-0.004436833,-0.003819883,-0.003139687,-0.002507202,-0.001853851,-0.001142683,-0.0005109844,0.0001580836,0.0008619254,0.001468504,0.002123751,0.002785687,0.003351379,0.003953739,0.004550849,0.005063573,0.005580352,0.006088245,0.006540141,0.006959668,0.007346374,0.007711978,0.00806192,0.008339405,0.008552673,0.008792336,0.009039999,0.009190411,0.00924384,0.009287247,0.009395004,0.009517965,0.009526548,0.009447141,0.009287156,0.009174394,0.009091518,0.009014688,0.00896612,0.008853225,0.008671874,0.00846759,0.008249713,0.008015132,0.007768099,0.007507358,0.007240359,0.006966589,0.006689013,0.00640229,0.006107871,0.005802993,0.005490871,0.00516792,0.004827437,0.004462321,0.004098565,0.003741428,0.003393482,0.003060976,0.002719857,0.002354241,0.001957373,0.00154988,0.001163989,0.0007898315,0.0003976269,-3.224833e-05,-0.000465554,-0.0008702095,-0.001278316,-0.001729302,-0.002179153,-0.002598315,-0.003036958
-0.003749703,-0.004249352,-0.004752197,-0.005222728,-0.005709772,-0.0062028,-0.006664344,-0.007132807,-0.007594535,-0.00803149,-0.008463291,-0.008875585,-0.009267719,-0.009640915,-0.009984778,-0.01031112,-0.01060139,-0.01085995,-0.01109507,-0.01128525,-0.01143701,-0.01156004,-0.01163608,-0.01166484,-0.01165445,-0.01160333,-0.0115048,-0.01135852,-0.01116498,-0.01092598,-0.0106416,-0.01031337,-0.009941231,-0.009524442,-0.009061683,-0.008559009,-0.008030126,-0.007469058,-0.00685404,-0.006217013,-0.005581676,-0.004885867,-0.004170822,-0.003488443,-0.002734229,-0.001984511,-0.001283422,-0.0004993761,0.0002416449,0.0009366832,0.001711079,0.002411198,0.003073507,0.003795608,0.00443713,0.005036341,0.005667252,0.006236582,0.006753533,0.0072626,0.007736485,0.008173956,0.008560918,0.008891258,0.009221006,0.009541775,0.009762133,0.009902377,0.0100692,0.01026377,0.01039972,0.01040525,0.01033245,0.01031481,0.01032734,0.01036585,0.01030434,0.01016474,0.009973802,0.009712838,0.009477641,0.009275272,0.009062041,0.008831874,0.008590014,0.008335076,0.008069979,0.007789636,0.007495814,0.007187536,0.006870942,0.006546098,0.006216159,0.00587906,0.005538322,0.005201606,0.004875863,0.004535313,0.004174489,0.003791274,0.003378879,0.002961907,0.002555691,0.002167044,0.001774414,0.00134623,0.0008923112,0.0004431821,1.803473e-05,-0.0004169832,-0.0008938329,-0.001378426,-0.00183075,-0.002293814,-0.002796079,-0.00328451
-0.00405541,-0.004575501,-0.005094287,-0.005643529,-0.006171276,-0.006684227,-0.007217032,-0.007725934,-0.008221507,-0.008716464,-0.009187077,-0.009642297,-0.01007852,-0.01048873,-0.01087909,-0.01123182,-0.01156145,-0.01185772,-0.01210843,-0.01232991,-0.01251196,-0.0126401,-0.01272998,-0.01277776,-0.01277329,-0.01271517,-0.01260919,-0.01245371,-0.01224847,-0.01199092,-0.01168251,-0.01132226,-0.01091308,-0.01045755,-0.009961081,-0.009420627,-0.00882776,-0.008192855,-0.007544193,-0.006854669,-0.006108087,-0.005373261,-0.004616202,-0.003791876,-0.003014293,-0.002212862,-0.001352657,-0.0005734647,0.0002437186,0.001093815,0.001842392,0.002638359,0.003436054,0.0041317,0.004860086,0.005576733,0.006201326,0.006824161,0.007430316,0.007972251,0.008473769,0.008934341,0.009365518,0.009772867,0.01009837,0.01035159,0.01062422,0.01089695,0.01106297,0.01112462,0.0111705,0.01127566,0.01138891,0.01138018,0.0112779,0.01109082,0.01094862,0.01083265,0.01071875,0.01063005,0.01047273,0.01024456,0.009992192,0.009725401,0.009440864,0.009143248,0.008831072,0.008512315,0.008186304,0.007856485,0.007517213,0.007170241,0.006812321,0.006447006,0.006070446,0.005676175,0.00525671,0.004838806,0.004426945,0.004023749,0.003634997,0.003236169,0.002811227,0.002353639,0.001884265,0.001435789,0.0009971708,0.000538216,3.903177e-05,-0.0004648641,-0.0009417476,-0.001424717,-0.001953528,-0.002482279,-0.002981953,-0.003503777
-0.004250136,-0.004834252,-0.005423007,-0.005980395,-0.006556643,-0.007139567,-0.007691375,-0.008250915,-0.008803502,-0.009330354,-0.009851348,-0.01035086,-0.0108282,-0.01128365,-0.01170643,-0.01210771,-0.01246814,-0.01279159,-0.01308592,-0.01332838,-0.01352562,-0.01368651,-0.01379213,-0.01384173,-0.01384342,-0.01379481,-0.01368909,-0.01352553,-0.01330475,-0.01302821,-0.01269622,-0.01231016,-0.01187033,-0.01137596,-0.01082633,-0.01022777,-0.009594765,-0.00892124,-0.00818614,-0.007422736,-0.006655363,-0.005821194,-0.004964375,-0.004137196,-0.003234117,-0.002334955,-0.001484094,-0.0005484818,0.0003410444,0.001183046,0.002103038,0.002943061,0.003741479,0.004595909,0.005361867,0.006079848,0.006823374,0.007496787,0.008109934,0.008707578,0.009261058,0.009769557,0.01021841,0.01060198,0.01097708,0.01133465,0.01158182,0.01174098,0.01192049,0.01212071,0.01225375,0.01224851,0.01215946,0.0121223,0.01211022,0.01211918,0.01202157,0.01184246,0.01160927,0.01130393,0.01102386,0.01077539,0.01051383,0.01023432,0.009942278,0.009636727,0.009320389,0.008988714,0.008643573,0.008284654,0.007917988,0.007543622,0.00716382,0.006776691,0.006386283,0.006000634,0.005625344,0.005234874,0.004823339,0.004389074,0.003924847,0.003455833,0.0029971,0.002554678,0.002105842,0.001619443,0.001105929,0.0005960763,0.0001082046,-0.0003924447,-0.0009381116,-0.001493134,-0.002017498,-0.002555584,-0.003135883,-0.003703493
-0.004505798,-0.005106458,-0.005708849,-0.006344346,-0.006959205,-0.007561133,-0.008184664,-0.008784337,-0.009371311,-0.009957708,-0.01051875,-0.01106337,-0.01158709,-0.01208233,-0.0125547,-0.01298543,-0.01338893,-0.01375377,-0.01406714,-0.01434516,-0.01457649,-0.01474606,-0.01486943,-0.01494188,-0.01495266,-0.01490014,-0.0147899,-0.01461991,-0.0143897,-0.01409655,-0.01374196,-0.01332498,-0.01284871,-0.01231599,-0.01173256,-0.01109561,-0.01039714,-0.009648539,-0.008878887,-0.008060783,-0.007179205,-0.00630513,-0.005403552,-0.004430578,-0.003503444,-0.002549351,-0.001535538,-0.0006049622,0.0003644689,0.00136424,0.002257671,0.003196921,0.004132142,0.004958488,0.005813377,0.006648839,0.007383706,0.008110226,0.008811467,0.009439113,0.01001765,0.01054611,0.01103628,0.01149355,0.01185889,0.0121432,0.01243984,0.01272802,0.01289951,0.01295877,0.01299677,0.01308904,0.01318241,0.01314581,0.01301068,0.01278697,0.01260691,0.01244988,0.01229169,0.01215626,0.01194867,0.0116686,0.01136437,0.01104582,0.01070965,0.01036066,0.009997508,0.00962842,0.009252778,0.008874117,0.008486737,0.008092419,0.007687792,0.007276407,0.006854423,0.006415075,0.005950673,0.005488664,0.005032703,0.004585164,0.004151477,0.003706313,0.003233471,0.002726657,0.002207372,0.001707962,0.001216219,0.0007012913,0.0001434972,-0.0004205085,-0.0009592126,-0.001507464,-0.002105086,-0.002704354,-0.00327668,-0.003874978
-0.004655517,-0.005319005,-0.005988967,-0.006629701,-0.007292615,-0.007964056,-0.008605347,-0.009256572,-0.009901191,-0.01052037,-0.01113371,-0.01172463,-0.01229189,-0.01283526,-0.01334295,-0.01382597,-0.01426343,-0.01465929,-0.01502035,-0.01532291,-0.01557325,-0.0157798,-0.01592223,-0.01599988,-0.0160202,-0.0159804,-0.01587292,-0.0156971,-0.01545308,-0.01514251,-0.01476532,-0.01432319,-0.01381626,-0.01324425,-0.01260651,-0.01191026,-0.0111703,-0.010381,-0.009521526,-0.008627275,-0.007722676,-0.0067447,-0.005740215,-0.004762338,-0.003703959,-0.00264961,-0.00164305,-0.0005501928,0.0004929383,0.001486496,0.002556674,0.003539804,0.004477281,0.005465955,0.006357271,0.007193898,0.008049255,0.008824308,0.009530557,0.01021259,0.01084079,0.01141419,0.01191802,0.01234666,0.01275854,0.01314326,0.01340699,0.01357422,0.01375579,0.01395019,0.01406837,0.01403988,0.01392291,0.01385485,0.01380722,0.01377577,0.01363164,0.01340308,0.01311893,0.01276112,0.01242957,0.01212923,0.01181479,0.01148169,0.0111363,0.01077792,0.01041,0.01002773,0.009633344,0.009226145,0.008812579,0.008392515,0.007968911,0.007539326,0.007107367,0.006680721,0.006265622,0.005834669,0.005382957,0.004908199,0.004403274,0.003893807,0.003393861,0.00290952,0.002417013,0.00188396,0.001321782,0.0007619182,0.0002225509,-0.0003330464,-0.0009369578,-0.001552154,-0.002138763,-0.002743504,-0.00339403,-0.004033797
-0.004879439,-0.005555472,-0.006237186,-0.006955808,-0.007655268,-0.008344888,-0.009058728,-0.009749747,-0.01042958,-0.01110996,-0.01176466,-0.01240296,-0.01301901,-0.01360498,-0.01416547,-0.01468095,-0.01516534,-0.01560617,-0.01598963,-0.01633189,-0.01661991,-0.01683828,-0.01700208,-0.01710586,-0.01713785,-0.01709643,-0.01698658,-0.01680608,-0.01655383,-0.01622726,-0.01582753,-0.01535401,-0.0148097,-0.01419795,-0.01352456,-0.01278728,-0.0119783,-0.01111048,-0.01021346,-0.009259782,-0.008235548,-0.007214463,-0.006159879,-0.005029716,-0.003944553,-0.002829236,-0.001653366,-0.000563756,0.0005657072,0.001721997,0.002766376,0.003854508,0.004931836,0.005892144,0.00687626,0.007831716,0.008676878,0.009505946,0.01029994,0.01100953,0.01166036,0.01225066,0.01279282,0.01329173,0.01368757,0.01399261,0.0143025,0.0145944,0.01475891,0.01480279,0.01482002,0.01488627,0.01494647,0.0148684,0.01468731,0.01441426,0.0141847,0.01397533,0.0137624,0.01357039,0.01330351,0.01296345,0.01260067,0.01222461,0.0118323,0.01142846,0.01101228,0.0105919,0.01016698,0.009740656,0.009307411,0.008868849,0.008421975,0.007970056,0.007509188,0.007031822,0.006530556,0.006033112,0.00554247,0.005060331,0.004592001,0.00411077,0.003600736,0.003055397,0.002497352,0.001958136,0.001424261,0.0008637918,0.000257752,-0.0003561904,-0.0009466139,-0.001550804,-0.00220838,-0.002869917,-0.003507178,-0.004175414
-0.005014195,-0.005752766,-0.006500262,-0.007221512,-0.007969308,-0.00872829,-0.009458942,-0.01020283,-0.01094126,-0.01165539,-0.01236456,-0.01305114,-0.01371326,-0.01435014,-0.01494883,-0.01552017,-0.01604148,-0.01651685,-0.01695176,-0.01732147,-0.01763178,-0.01789059,-0.01807592,-0.01818718,-0.01823102,-0.01820416,-0.01809808,-0.01791223,-0.01764615,-0.01730165,-0.01687818,-0.01637779,-0.01580035,-0.01514617,-0.01441463,-0.01361397,-0.0127593,-0.01184546,-0.01085194,-0.009816585,-0.008763805,-0.007630394,-0.006466497,-0.005326047,-0.004100075,-0.002878718,-0.001704775,-0.0004431415,0.0007641464,0.001919297,0.003149043,0.004283185,0.005366907,0.006495917,0.00751701,0.008475582,0.009444785,0.01032177,0.01112004,0.0118839,0.01258267,0.01321535,0.01376714,0.01423249,0.01467174,0.0150729,0.01534119,0.01550359,0.01567386,0.01584841,0.01593701,0.01587002,0.01570991,0.01559602,0.015498,0.01541137,0.01520604,0.01491406,0.01456584,0.01414336,0.01374937,0.01338705,0.0130105,0.01261578,0.01221031,0.0117935,0.01136941,0.01093303,0.01048709,0.01003066,0.009570625,0.009106386,0.008641146,0.008171855,0.00770235,0.007239919,0.006790635,0.00632563,0.005840738,0.005333109,0.004795704,0.004254356,0.003722571,0.003205553,0.002678365,0.002107879,0.001506799,0.0009066588,0.0003251764,-0.0002765658,-0.0009303262,-0.001597582,-0.002238536,-0.002902744,-0.003616915,-0.00432273
-0.005243633,-0.005991237,-0.006749449,-0.007549196,-0.008331838,-0.009108735,-0.009913361,-0.01069691,-0.01147171,-0.01224903,-0.013001,-0.01373735,-0.0144507,-0.01513294,-0.01578752,-0.01639403,-0.01696589,-0.01748929,-0.01794937,-0.01836227,-0.018713,-0.01898571,-0.01919493,-0.01933428,-0.01939079,-0.01936286,-0.0192547,-0.01906382,-0.01878842,-0.01842599,-0.01797735,-0.01744216,-0.0168233,-0.01612472,-0.01535223,-0.01450423,-0.01357316,-0.01257354,-0.01153563,-0.01043187,-0.009249815,-0.008066198,-0.006842452,-0.005538792,-0.004279539,-0.002986691,-0.001632925,-0.0003692289,0.000935133,0.002261644,0.003469491,0.004718326,0.005947921,0.00705085,0.008171723,0.009252769,0.01021207,0.01114604,0.01203324,0.01282331,0.01354326,0.01419042,0.01477794,0.01531016,0.01572645,0.01604082,0.01635145,0.01663317,0.01677543,0.01678793,0.01676802,0.01679146,0.01680101,0.01666345,0.01641854,0.01607864,0.0157828,0.01550459,0.01522093,0.01495706,0.01461622,0.01420256,0.01376891,0.01332424,0.01286594,0.01239859,0.01192192,0.01144396,0.01096467,0.01048681,0.01000507,0.009520764,0.009031121,0.008539035,0.008040648,0.007527573,0.006992609,0.006463794,0.005943228,0.005431856,0.004934803,0.004423758,0.00388323,0.003306385,0.002716984,0.002145649,0.001577422,0.0009790799,0.0003323589,-0.000323953,-0.0009587248,-0.001612089,-0.002323288,-0.003040907,-0.003737396,-0.004470727
-0.00539396,-0.006204663,-0.007027172,-0.007827178,-0.008659097,-0.009505519,-0.0103262,-0.01116442,-0.01199899,-0.01281122,-0.01362012,-0.01440687,-0.01516898,-0.01590496,-0.01660061,-0.01726655,-0.01787799,-0.01843924,-0.01895418,-0.01939685,-0.01977255,-0.0200884,-0.02032056,-0.0204685,-0.02053789,-0.0205248,-0.02041965,-0.02022192,-0.01993048,-0.01954725,-0.01907112,-0.01850453,-0.01784705,-0.01709962,-0.01626171,-0.01534272,-0.01435807,-0.01330316,-0.01215793,-0.01096308,-0.009742867,-0.008434025,-0.007090582,-0.00576717,-0.004352935,-0.002944544,-0.001583423,-0.0001336147,0.001255901,0.00259001,0.003995633,0.005295203,0.006538467,0.007819443,0.008979741,0.01006808,0.01115699,0.01213939,0.01303124,0.01387639,0.01464299,0.01533011,0.01592292,0.01641607,0.01687204,0.01727702,0.01753541,0.01767724,0.01781946,0.01795614,0.01799592,0.01787033,0.01764677,0.01746674,0.01729771,0.01713515,0.01684782,0.0164723,0.01604067,0.01553501,0.01506128,0.01462062,0.01416652,0.0136959,0.01321732,0.01273035,0.01223973,0.01174018,0.01123498,0.01072286,0.01021113,0.00969869,0.009188971,0.008678236,0.008170528,0.007672664,0.007190456,0.006693371,0.006178121,0.005641162,0.005075516,0.004507235,0.003949057,0.00340519,0.002849322,0.002247578,0.001614104,0.0009804263,0.0003635668,-0.0002779171,-0.0009753268,-0.001688427,-0.002377769,-0.003096202,-0.003869225,-0.004636557
-0.005630547,-0.006445925,-0.007277871,-0.008156814,-0.009021351,-0.009885348,-0.01078148,-0.01165904,-0.01253131,-0.01340889,-0.0142622,-0.01510149,-0.01591758,-0.01670209,-0.01745714,-0.01816132,-0.01882741,-0.01944007,-0.01998325,-0.02047299,-0.02089194,-0.02122383,-0.02148247,-0.02166028,-0.02174299,-0.0217289,-0.02162138,-0.02141748,-0.02111462,-0.02071033,-0.02020501,-0.01959864,-0.01889396,-0.01809555,-0.0172093,-0.01623432,-0.01516341,-0.01401302,-0.01281407,-0.01153895,-0.01017707,-0.008808495,-0.007392426,-0.005892029,-0.004435759,-0.002942343,-0.001388397,7.065746e-05,0.001570729,0.003086653,0.004475683,0.005901813,0.007298038,0.008555983,0.009824316,0.01103905,0.01211824,0.01316074,0.01414215,0.01501122,0.01579652,0.01649434,0.0171187,0.01767333,0.01809681,0.01840534,0.01869991,0.01895276,0.01905239,0.01901202,0.01893275,0.01889033,0.01882528,0.01860367,0.01827051,0.01783964,0.01745411,0.017084,0.01670718,0.01634992,0.01591452,0.01540806,0.01488592,0.01435641,0.01381731,0.01327318,0.01272445,0.01217903,0.01163702,0.01110062,0.01056461,0.01003008,0.009494747,0.008961108,0.008425025,0.007876988,0.007310189,0.006752971,0.006206261,0.005670201,0.005149601,0.004614387,0.004049477,0.003447769,0.002834352,0.002238508,0.00164343,0.00101457,0.0003346087,-0.0003564552,-0.001028076,-0.00172368,-0.002481987,-0.003249403,-0.003999427,-0.004793077
-0.005739246,-0.006616071,-0.007508326,-0.008383065,-0.009296565,-0.0102288,-0.01113908,-0.01207258,-0.01300525,-0.01391873,-0.01483168,-0.01572378,-0.01659199,-0.01743389,-0.01823393,-0.01900236,-0.01971206,-0.02036745,-0.02097061,-0.02149407,-0.0219426,-0.02232223,-0.02260702,-0.02279645,-0.022895,-0.02289789,-0.02279435,-0.02258378,-0.0222643,-0.02183788,-0.02130279,-0.02066179,-0.0199142,-0.01906165,-0.01810377,-0.01705117,-0.01591979,-0.01470556,-0.01338918,-0.01201453,-0.01060572,-0.009099516,-0.007554467,-0.00602572,-0.004400805,-0.002783871,-0.001214409,0.0004440088,0.002034446,0.00356531,0.005163028,0.006641943,0.008057191,0.009500269,0.01080719,0.01203067,0.01324205,0.01432963,0.01531238,0.01623362,0.01706019,0.01779131,0.01841203,0.01891744,0.01937238,0.01976118,0.01998753,0.02008525,0.02017484,0.02024768,0.02021133,0.01999912,0.01968416,0.01941026,0.01914242,0.01887642,0.01848011,0.01799529,0.01745596,0.01684437,0.01626995,0.01573179,0.01518281,0.01462053,0.01405499,0.01348628,0.01292,0.01235043,0.01178102,0.0112098,0.01064439,0.01008341,0.009531223,0.008983227,0.008442345,0.007914857,0.007407362,0.006886344,0.006350148,0.005793992,0.005210984,0.004627503,0.004054773,0.003496563,0.002924738,0.002304414,0.001651099,0.0009966029,0.0003569927,-0.0003121709,-0.001041636,-0.001789058,-0.002516076,-0.003279238,-0.00410238,-0.004923016
-0.005835867,-0.00670671,-0.007602303,-0.008551934,-0.009491604,-0.01043774,-0.01142238,-0.01239247,-0.01336283,-0.0143428,-0.01530135,-0.01624887,-0.01717455,-0.01806933,-0.01893409,-0.01974598,-0.02051734,-0.02123052,-0.0218686,-0.02244694,-0.02294582,-0.02334808,-0.02366697,-0.02389307,-0.02401093,-0.02401836,-0.02391794,-0.02370583,-0.02337887,-0.02293423,-0.02237214,-0.02169257,-0.02089847,-0.01999476,-0.01898776,-0.01787701,-0.01665621,-0.01534354,-0.01397108,-0.01251082,-0.01095495,-0.009386629,-0.007762944,-0.006050571,-0.004382659,-0.002673915,-0.0009062731,0.0007606389,0.002468002,0.004183066,0.005761022,0.007370883,0.008937435,0.010352,0.01176716,0.01311216,0.01430512,0.0154477,0.01651177,0.01744585,0.01827978,0.01900917,0.01964873,0.02020195,0.02060639,0.02088136,0.02113048,0.0213236,0.02134832,0.02122267,0.02105147,0.02091061,0.02073805,0.02040021,0.01994765,0.01939632,0.01889334,0.01840535,0.01791133,0.01743919,0.01688998,0.01627468,0.01565099,0.01502672,0.01439979,0.01377506,0.01315322,0.01254222,0.01194193,0.01135421,0.01077345,0.01020069,0.009633572,0.009074351,0.008517832,0.007953755,0.00737553,0.006811627,0.006261368,0.005724121,0.005203992,0.004668889,0.004104474,0.003502828,0.002890017,0.002294648,0.001697372,0.001062183,0.000372228,-0.000330907,-0.001017972,-0.001735654,-0.002522214,-0.003321288,-0.004108329,-0.004947388
-0.005639962,-0.006560289,-0.00750238,-0.008434455,-0.00941541,-0.01042157,-0.01141278,-0.01243558,-0.01346332,-0.01447743,-0.01549674,-0.0164987,-0.01748026,-0.01843723,-0.01935325,-0.02023732,-0.02106036,-0.02182615,-0.02253514,-0.02315754,-0.02369807,-0.02416068,-0.02451767,-0.02476777,-0.0249146,-0.02495164,-0.02486732,-0.02466031,-0.02432837,-0.02387277,-0.02329168,-0.02258758,-0.02176013,-0.02081102,-0.01974072,-0.01856053,-0.01728751,-0.01591752,-0.01443297,-0.0128806,-0.0112848,-0.009581995,-0.007836726,-0.006103736,-0.004269581,-0.002446288,-0.0006714439,0.001191954,0.002977542,0.004698648,0.006479708,0.008127109,0.00970176,0.01129235,0.01272831,0.01406777,0.0153797,0.01654829,0.01759522,0.0185637,0.01941864,0.02016048,0.02077372,0.02125484,0.02167064,0.02200409,0.02215788,0.02217094,0.02216697,0.02213561,0.02198321,0.02164604,0.02120259,0.02080009,0.0204006,0.02000108,0.01946825,0.0188507,0.01818372,0.01745061,0.01676401,0.01612117,0.01547396,0.01482216,0.01417629,0.01353692,0.01290932,0.01228803,0.01167635,0.01107261,0.01048386,0.009908131,0.009348334,0.008799518,0.008264574,0.007749725,0.007259326,0.006758941,0.006246802,0.005717777,0.005164063,0.004612304,0.004072621,0.003546646,0.003003635,0.002409841,0.001781888,0.001150936,0.0005305392,-0.0001262023,-0.0008498186,-0.001595197,-0.002325573,-0.003101041,-0.003944278,-0.00479003
-0.005205703,-0.006091843,-0.007015603,-0.008004204,-0.008991464,-0.009996639,-0.01105115,-0.01209908,-0.01315756,-0.01423392,-0.01529599,-0.016354,-0.0173956,-0.01841059,-0.01939878,-0.02033522,-0.02123211,-0.02206863,-0.02282725,-0.02352192,-0.02413055,-0.02463453,-0.02504666,-0.02535482,-0.0255426,-0.02560666,-0.02554894,-0.02536405,-0.02504845,-0.02459835,-0.02401414,-0.02329523,-0.02244513,-0.02146863,-0.02037287,-0.01915739,-0.01781728,-0.01637222,-0.01485574,-0.01323905,-0.01151798,-0.009778521,-0.007975767,-0.006080298,-0.0042304,-0.00233581,-0.0003854516,0.001457551,0.003339654,0.00521952,0.006950567,0.008707377,0.01040488,0.01193549,0.01345525,0.0148862,0.01614685,0.01734226,0.01843968,0.0193881,0.02021858,0.02092656,0.02152745,0.02202509,0.02235592,0.02254338,0.02269359,0.02277437,0.02267258,0.02241238,0.02210249,0.02181952,0.0214986,0.02100747,0.02040289,0.01970361,0.01906073,0.01843784,0.01781508,0.0172228,0.01656051,0.0158439,0.01513259,0.01443436,0.01374663,0.01307457,0.0124183,0.01178597,0.01117668,0.01059219,0.01002578,0.009478185,0.008945629,0.008430046,0.007925012,0.007419552,0.006906015,0.006413521,0.005938448,0.005479653,0.005039607,0.00458427,0.004099287,0.003576101,0.003041094,0.002522028,0.001996395,0.00142691,0.0007965895,0.0001488735,-0.0004892822,-0.00116798,-0.001924964,-0.002700493,-0.003473187,-0.004310057
-0.004190806,-0.00508969,-0.006022134,-0.006958222,-0.007959741,-0.008998812,-0.01003644,-0.0111205,-0.01222151,-0.01332092,-0.01443772,-0.01554675,-0.01664518,-0.01772661,-0.01877388,-0.01979437,-0.02075681,-0.02166416,-0.02251486,-0.02327638,-0.02395331,-0.02454685,-0.02502735,-0.02539241,-0.02564453,-0.02577486,-0.02577094,-0.02563025,-0.02535006,-0.02493051,-0.02436958,-0.02366912,-0.02282904,-0.02185088,-0.02073595,-0.01949606,-0.01814938,-0.01669151,-0.01510683,-0.01344492,-0.01173023,-0.009898953,-0.008022239,-0.006153582,-0.004179145,-0.002219392,-0.0003090843,0.001688774,0.003597691,0.005437267,0.007328821,0.009070694,0.01073049,0.01239322,0.01388177,0.0152607,0.01659578,0.01776736,0.01880051,0.01973828,0.02054375,0.02121907,0.02174833,0.02213006,0.02243333,0.02263998,0.02265225,0.02251513,0.02235571,0.02216191,0.02183942,0.02132871,0.02071434,0.02014707,0.01958606,0.01903031,0.01834576,0.01758866,0.01679565,0.01595131,0.01517169,0.01445211,0.01374342,0.01304743,0.01237497,0.0117271,0.01110831,0.01051296,0.009943415,0.00939772,0.008881685,0.008392492,0.007931454,0.007492647,0.007077462,0.00669168,0.006337517,0.005978267,0.005612177,0.005232899,0.0048312,0.004433956,0.004048495,0.003675048,0.003279414,0.002828241,0.002338851,0.00184202,0.001348228,0.0008075768,0.0001896796,-0.0004574508,-0.001099854,-0.001801486,-0.002583466,-0.003377787
-0.002611254,-0.003413422,-0.004274528,-0.00521926,-0.006179632,-0.007178434,-0.008246203,-0.009324225,-0.01043251,-0.01157599,-0.01272159,-0.01387932,-0.01503514,-0.01617767,-0.01730535,-0.018391,-0.01944643,-0.02044715,-0.02137495,-0.02224188,-0.02302294,-0.02369783,-0.02427847,-0.02474939,-0.02509294,-0.02530416,-0.02538393,-0.02532474,-0.02512237,-0.02477165,-0.02427277,-0.02362421,-0.02282973,-0.02189364,-0.02082367,-0.01961908,-0.01827623,-0.01681617,-0.01527354,-0.01361851,-0.01185095,-0.01005926,-0.008196102,-0.006236627,-0.004323905,-0.002362009,-0.0003480223,0.001552315,0.00349109,0.005417233,0.007183528,0.008970246,0.01068141,0.01221185,0.01372097,0.01512302,0.01633792,0.01747429,0.01849444,0.01934867,0.02006947,0.02065238,0.02111392,0.02145868,0.02162241,0.02163354,0.02160093,0.02149064,0.0211894,0.02072853,0.02022103,0.01974448,0.01923175,0.01855271,0.01777105,0.01690879,0.01612123,0.0153691,0.01463415,0.01394966,0.01321357,0.01244672,0.01171038,0.01101195,0.01034796,0.009723576,0.009137835,0.008598587,0.008103342,0.007653116,0.00723931,0.00686183,0.006514896,0.006199518,0.005906982,0.005624868,0.005344023,0.005093562,0.004865841,0.004658771,0.004472306,0.004269868,0.004036521,0.003762617,0.003474459,0.00319791,0.002906431,0.002561357,0.002145483,0.001703824,0.001260051,0.0007600476,0.0001666264,-0.0004572539,-0.001094489,-0.001815325
-0.0001020141,-0.0008383894,-0.001630274,-0.002450705,-0.003364698,-0.004339917,-0.005339545,-0.00641285,-0.007527466,-0.00866535,-0.009845654,-0.0110405,-0.01224748,-0.01345763,-0.01465308,-0.01583914,-0.01698213,-0.01808393,-0.0191404,-0.02011586,-0.02101449,-0.0218339,-0.02254207,-0.02313497,-0.02361332,-0.02396522,-0.02417687,-0.02424389,-0.02416252,-0.02393112,-0.02354695,-0.02301063,-0.02232189,-0.02148153,-0.02049132,-0.01936311,-0.01811572,-0.01674398,-0.0152342,-0.01363841,-0.01198042,-0.01019621,-0.008363743,-0.00653404,-0.004593235,-0.00267043,-0.0007962052,0.001165747,0.003028689,0.004820062,0.00665683,0.008329766,0.009914322,0.01149082,0.01287613,0.01414228,0.01535107,0.01637962,0.01725705,0.01802617,0.01864854,0.01912861,0.01945038,0.01961511,0.01969443,0.01966933,0.01944227,0.01906521,0.01866875,0.01823935,0.0176828,0.01694493,0.0161167,0.0153527,0.01460952,0.01388898,0.01305672,0.01217743,0.01128915,0.01037798,0.009563563,0.008839261,0.00815486,0.007514293,0.006928234,0.006397596,0.005925275,0.005504876,0.005137199,0.004819496,0.004555588,0.004341008,0.004174384,0.004048069,0.003961341,0.003919006,0.003919982,0.003924504,0.003930259,0.003928684,0.003908319,0.003895517,0.003893714,0.003900994,0.003878626,0.003793458,0.00366288,0.003516448,0.003360505,0.003141557,0.002829159,0.002473854,0.002105478,0.001655607,0.001104729,0.0005230077
0.003309313,0.00277971,0.002155856,0.001415929,0.0006287819,-0.0002330254,-0.001199008,-0.002208135,-0.00328404,-0.004429003,-0.005609463,-0.006835356,-0.008090817,-0.009363272,-0.01064957,-0.01192001,-0.0131858,-0.01441808,-0.01559775,-0.01673421,-0.0177989,-0.01876929,-0.01965567,-0.0204383,-0.02109764,-0.02162629,-0.02202327,-0.02227805,-0.02238495,-0.02233656,-0.02213219,-0.02176848,-0.02124879,-0.02057611,-0.01975811,-0.01879302,-0.01767802,-0.01643485,-0.01509853,-0.01363758,-0.01205594,-0.01044352,-0.008749904,-0.006955259,-0.005206386,-0.003400878,-0.001545069,0.0001942352,0.001975034,0.003735527,0.005329576,0.006943012,0.008468096,0.009803931,0.0111128,0.01230087,0.01329068,0.01419445,0.01496925,0.01556743,0.01602314,0.01633236,0.01651316,0.01657118,0.01644196,0.01615963,0.01583582,0.01543512,0.01484489,0.01410445,0.01333135,0.01260439,0.0118548,0.01095541,0.009977517,0.008946763,0.0080229,0.007164374,0.006354955,0.005631619,0.004890827,0.004158793,0.003498372,0.002916951,0.002409509,0.001980336,0.00162649,0.001355202,0.001162046,0.001047095,0.0009991791,0.001016332,0.001089131,0.001217014,0.001389227,0.001591214,0.001810538,0.002076177,0.002374676,0.002702519,0.003055822,0.003394389,0.003702072,0.003966641,0.004213481,0.004465375,0.004690701,0.004848508,0.004920614,0.004952884,0.004964218,0.004895438,0.004709875,0.004472965,0.004195726,0.003804023
0.007950807,0.007611094,0.007177746,0.006673036,0.006028309,0.005279818,0.004461101,0.003521159,0.002495177,0.001399869,0.0002159996,-0.001026092,-0.002324325,-0.003667052,-0.005035483,-0.00643238,-0.007821227,-0.009202559,-0.01056852,-0.01187989,-0.01313959,-0.01434059,-0.01544759,-0.01645421,-0.01735808,-0.01814328,-0.01879358,-0.01930184,-0.01966201,-0.01986969,-0.01992031,-0.01981232,-0.01954412,-0.01911491,-0.01852598,-0.01778838,-0.01692051,-0.01591582,-0.01476183,-0.01351236,-0.0121893,-0.01072862,-0.00921465,-0.00769437,-0.006054166,-0.004431678,-0.002851553,-0.00117921,0.0003889962,0.001889729,0.003434424,0.004806989,0.006091738,0.007363144,0.008433038,0.009381522,0.01026562,0.01095997,0.01149822,0.01192232,0.01219286,0.01231693,0.01227871,0.01208252,0.01180275,0.01141955,0.01083648,0.01011288,0.009382883,0.00863166,0.007765883,0.006737616,0.005644446,0.004645124,0.003694226,0.002797248,0.001820329,0.0008370953,-0.0001124243,-0.001040251,-0.00182213,-0.002467041,-0.003025108,-0.003489804,-0.003851197,-0.004109526,-0.004263837,-0.004321493,-0.004283303,-0.004153127,-0.003929561,-0.003619943,-0.003229682,-0.002768758,-0.002238782,-0.001637329,-0.0009712859,-0.0002831559,0.0004224534,0.001133659,0.001835411,0.002552219,0.003281908,0.004019012,0.004719088,0.005347827,0.005921534,0.006466762,0.006984462,0.007416347,0.007731313,0.007980926,0.008189335,0.008282261,0.008241513,0.008137829
0.01370795,0.01372029,0.01358324,0.01327717,0.01287091,0.01233035,0.01162783,0.0108252,0.009895033,0.008837269,0.007685989,0.006430715,0.005090033,0.003677119,0.002197849,0.0006842257,-0.0008730678,-0.002440693,-0.003997458,-0.005549514,-0.007063085,-0.008513148,-0.009906436,-0.0112182,-0.01242534,-0.01351739,-0.01448949,-0.01532732,-0.01602191,-0.01656292,-0.01694693,-0.01716804,-0.01722743,-0.01712612,-0.01687008,-0.01645608,-0.01588061,-0.01516591,-0.01434544,-0.01338606,-0.01229485,-0.01116276,-0.009934861,-0.008597254,-0.007298556,-0.0059299,-0.004507279,-0.003197218,-0.001835374,-0.000495817,0.0006792229,0.001879482,0.002985247,0.003901346,0.004792485,0.005555694,0.006118006,0.006594079,0.006936088,0.007098312,0.00711708,0.006988063,0.006731642,0.006353842,0.005791137,0.005082951,0.004344268,0.00353795,0.00255335,0.001437224,0.0003121969,-0.0007420497,-0.001793742,-0.00296712,-0.004182354,-0.00541013,-0.006484966,-0.007450129,-0.008318162,-0.00904781,-0.009742522,-0.01037052,-0.01086619,-0.01122263,-0.0114455,-0.01153162,-0.01148508,-0.01130036,-0.0109839,-0.01053798,-0.009976068,-0.009302597,-0.008529497,-0.007660231,-0.006708527,-0.005693089,-0.004629117,-0.003490225,-0.002296716,-0.001055594,0.0002240722,0.001496757,0.002742442,0.003946084,0.005130972,0.006312184,0.007451722,0.008505523,0.009454144,0.01034189,0.01118117,0.01190555,0.01247842,0.01296545,0.01337009,0.01361284
0.02076795,0.02110762,0.02129465,0.02134362,0.02118269,0.02085091,0.02037776,0.0197095,0.01888485,0.01791744,0.01678901,0.0155316,0.01414779,0.01265165,0.01106395,0.009384505,0.007654197,0.005873715,0.004056715,0.002246108,0.0004421674,-0.001342638,-0.003067758,-0.004723934,-0.006303246,-0.007785186,-0.00914887,-0.01038366,-0.01147893,-0.01242691,-0.01321899,-0.01385083,-0.01431745,-0.01461603,-0.01474539,-0.01471552,-0.01454248,-0.01421825,-0.01373022,-0.01313385,-0.01244712,-0.01160694,-0.01070262,-0.00977638,-0.008715089,-0.00766524,-0.006643104,-0.005518318,-0.004495184,-0.003527427,-0.002510337,-0.00166645,-0.0009014812,-0.000149481,0.0003985103,0.0008297681,0.001195959,0.001369128,0.001388427,0.001293423,0.001044622,0.0006507272,9.67027e-05,-0.0006108012,-0.00139398,-0.002274104,-0.003345082,-0.004540875,-0.005723014,-0.006908195,-0.008187461,-0.009602469,-0.01104796,-0.0123608,-0.0135867,-0.01471603,-0.01587977,-0.01699584,-0.01801931,-0.01896027,-0.01968706,-0.02020951,-0.02057596,-0.02077851,-0.0208058,-0.02065898,-0.0203378,-0.01985237,-0.0192053,-0.01840357,-0.01744768,-0.01634798,-0.01511146,-0.01375228,-0.01227585,-0.0106838,-0.008986914,-0.007235548,-0.005435661,-0.003606768,-0.001768093,0.0001003178,0.001987848,0.003884902,0.005739523,0.007512483,0.009217409,0.01087615,0.01248346,0.01397349,0.01531405,0.01655531,0.01771333,0.01870582,0.01951635,0.02021363
0.02879318,0.02961378,0.03020828,0.03055869,0.03073271,0.03068807,0.03039962,0.02992838,0.02924313,0.02834579,0.02727097,0.02600736,0.02457707,0.0229936,0.02126689,0.01943108,0.01748035,0.01545311,0.01337388,0.0112408,0.0090947,0.006963667,0.004846783,0.002774858,0.0007763645,-0.00113408,-0.002945569,-0.004639009,-0.006200142,-0.007614801,-0.008874904,-0.009971228,-0.01090096,-0.01166254,-0.01225859,-0.01268397,-0.01293326,-0.01302879,-0.01300101,-0.01281534,-0.01248147,-0.01209049,-0.01158234,-0.01095053,-0.01034328,-0.009646264,-0.008885743,-0.008226601,-0.007498876,-0.006790356,-0.006237024,-0.005647634,-0.005153626,-0.004843855,-0.00455252,-0.004392408,-0.004430656,-0.00455222,-0.004809435,-0.005246154,-0.005824025,-0.006548447,-0.007396389,-0.008362113,-0.009507366,-0.01078795,-0.01208526,-0.01343798,-0.01495333,-0.01657734,-0.01818146,-0.01968518,-0.02115346,-0.02270718,-0.02425659,-0.02576816,-0.02706846,-0.02820024,-0.02917034,-0.02993083,-0.03058274,-0.03108725,-0.03137396,-0.03143565,-0.03127782,-0.03089859,-0.03030302,-0.02948844,-0.02846372,-0.02723496,-0.02581832,-0.02422164,-0.02245927,-0.02053863,-0.01847773,-0.01630145,-0.01402853,-0.01163771,-0.009158214,-0.006602813,-0.003987731,-0.001366817,0.001235673,0.003798167,0.006340974,0.00886916,0.01133683,0.01369444,0.01592045,0.01805553,0.02010392,0.02199003,0.02367708,0.02522857,0.02663858,0.02782105
0.03767303,0.03891013,0.03991871,0.04070348,0.04118957,0.04141819,0.04141326,0.04111825,0.04057518,0.03979362,0.03875678,0.03749805,0.03602079,0.0343418,0.03248429,0.03045138,0.02828906,0.02600006,0.0236054,0.02115229,0.01864576,0.01610516,0.01357755,0.01107635,0.008616838,0.006225404,0.003929107,0.001743297,-0.0003152817,-0.002234332,-0.00399982,-0.005603739,-0.007036509,-0.00829258,-0.009367353,-0.01026914,-0.01101081,-0.0115826,-0.01197161,-0.01223447,-0.0123846,-0.0123608,-0.01225686,-0.01210963,-0.01180802,-0.01150706,-0.01121378,-0.01080469,-0.01049076,-0.01021624,-0.009885618,-0.00972636,-0.009634651,-0.009555363,-0.009680862,-0.00991768,-0.01022084,-0.01072018,-0.01137152,-0.01213853,-0.01306036,-0.01412689,-0.01535226,-0.01672758,-0.01817173,-0.01970685,-0.02142342,-0.02324886,-0.02503968,-0.02681268,-0.02865498,-0.03060092,-0.03253758,-0.03429465,-0.03591563,-0.03738463,-0.0388277,-0.04015356,-0.04130893,-0.04230016,-0.04298431,-0.04336927,-0.04349942,-0.04336531,-0.04295467,-0.04227142,-0.04131744,-0.04010754,-0.03864768,-0.03694988,-0.03501809,-0.03286772,-0.03050896,-0.02796128,-0.025234,-0.02233442,-0.01927981,-0.01612966,-0.01289315,-0.009599796,-0.006274236,-0.002903271,0.000493758,0.003900502,0.007256325,0.01051749,0.01369407,0.01680085,0.019825,0.0226922,0.02536899,0.02790268,0.03029972,0.03246879,0.03439511,0.0361433
0.04671744,0.04849145,0.04995369,0.05108767,0.05195817,0.05251357,0.05273155,0.05267058,0.0522951,0.05160883,0.05064616,0.04939475,0.04788036,0.04611656,0.04411795,0.0419208,0.03952369,0.03697072,0.0342905,0.03148663,0.02860808,0.02568668,0.02272898,0.01977286,0.01685335,0.01399031,0.01120217,0.008513635,0.00594539,0.00351619,0.001239833,-0.0008706147,-0.002807566,-0.004566561,-0.006146234,-0.007539526,-0.008738887,-0.009766698,-0.01065002,-0.01135362,-0.01189017,-0.01235034,-0.01266971,-0.01285075,-0.01303982,-0.01311896,-0.01312586,-0.01322225,-0.01323495,-0.01326627,-0.01344425,-0.01357927,-0.01381388,-0.01422985,-0.01466269,-0.01523461,-0.01600608,-0.01686353,-0.01786322,-0.01904676,-0.02037392,-0.02185102,-0.02345183,-0.02517056,-0.02706598,-0.02908913,-0.03111687,-0.03318762,-0.03540349,-0.03770252,-0.03994797,-0.0420563,-0.04408515,-0.04615139,-0.04815317,-0.05005061,-0.05165953,-0.05301824,-0.05412685,-0.0549272,-0.05551568,-0.0558448,-0.05583825,-0.05548921,-0.0548059,-0.05379154,-0.05245642,-0.05080535,-0.04885375,-0.04661541,-0.04411222,-0.04135774,-0.03837002,-0.03516162,-0.03175576,-0.02818427,-0.02446952,-0.02059645,-0.01660441,-0.01251223,-0.008343818,-0.004161505,6.984047e-06,0.004133351,0.008235645,0.0123088,0.01629985,0.02015399,0.02384772,0.02741756,0.03085881,0.03408644,0.03706407,0.03985186,0.04243302,0.04471481
0.05547548,0.05767285,0.05957031,0.0611601,0.0623642,0.06322493,0.06375851,0.0639051,0.0637088,0.06317355,0.06228377,0.06107328,0.05954567,0.0577201,0.05562188,0.05325764,0.0506783,0.04788913,0.04491934,0.04182038,0.03860297,0.03529418,0.03194799,0.02858282,0.02522232,0.02189939,0.0186479,0.01548844,0.01244449,0.009533261,0.006774566,0.004180166,0.001764334,-0.0004647681,-0.002499215,-0.004345885,-0.006014665,-0.007494684,-0.008773631,-0.009909421,-0.01091135,-0.01172185,-0.01243909,-0.01309479,-0.01358249,-0.01406497,-0.01454032,-0.0148949,-0.01534452,-0.01582508,-0.01625274,-0.01685738,-0.01752703,-0.01821888,-0.01912439,-0.02014519,-0.02124353,-0.02254939,-0.02401397,-0.02560377,-0.02735634,-0.0292594,-0.03132515,-0.03354138,-0.0358227,-0.03818959,-0.04072722,-0.0433557,-0.04592403,-0.04844496,-0.0509984,-0.05360866,-0.0561549,-0.05845443,-0.0605441,-0.06239926,-0.06413943,-0.06566567,-0.06691324,-0.06788549,-0.06842443,-0.0685324,-0.06825259,-0.06758044,-0.06650858,-0.06505163,-0.06322247,-0.06104952,-0.05854927,-0.05574459,-0.0526466,-0.04927749,-0.04565058,-0.04179083,-0.03771153,-0.03342315,-0.02894679,-0.02435132,-0.01964675,-0.01487219,-0.01005482,-0.005185726,-0.0002903358,0.004611053,0.009450856,0.01418419,0.01881988,0.02336722,0.02780665,0.0320561,0.03608226,0.03992975,0.04359448,0.04697651,0.05006324,0.05291358
0.0630137,0.06572902,0.06806614,0.07000926,0.07161706,0.07282755,0.07361997,0.07404736,0.07406822,0.07368699,0.07293565,0.07180022,0.07030842,0.06847304,0.0663127,0.06386478,0.06113209,0.05816461,0.0549942,0.05163059,0.04813055,0.04452969,0.04084246,0.03711405,0.03338578,0.02968335,0.02603257,0.02246376,0.01900373,0.01567579,0.01249897,0.009489764,0.006659879,0.00401614,0.001563064,-0.0006911547,-0.002738009,-0.004600388,-0.006303034,-0.007811543,-0.009142776,-0.01038638,-0.01147594,-0.01242426,-0.01337452,-0.01420788,-0.01497401,-0.01582985,-0.01660224,-0.01740712,-0.01836344,-0.01928578,-0.02032543,-0.02155652,-0.02281778,-0.0242382,-0.02587062,-0.02760375,-0.02949538,-0.03158305,-0.03382384,-0.03622311,-0.03874952,-0.04139471,-0.0442118,-0.04714533,-0.05006437,-0.05300243,-0.05605353,-0.05914548,-0.06212817,-0.06491022,-0.06753666,-0.07012086,-0.07254487,-0.07476167,-0.07657359,-0.07801378,-0.07908144,-0.0797087,-0.07999022,-0.0798687,-0.07926756,-0.07818906,-0.07665741,-0.07469598,-0.07233663,-0.06960316,-0.0665263,-0.06313234,-0.05945196,-0.05550433,-0.05130961,-0.04688184,-0.04224592,-0.03743255,-0.03246152,-0.0273208,-0.02205648,-0.0166884,-0.01124371,-0.005787381,-0.0003441016,0.005055402,0.01043199,0.0157755,0.02103013,0.02613897,0.03107859,0.03588331,0.04054001,0.04495577,0.04909576,0.05301655,0.05668877,0.06001357
0.06881545,0.07190765,0.07466301,0.07705919,0.07901348,0.08056727,0.08172449,0.08242157,0.08270101,0.08255929,0.08197989,0.08099536,0.07960677,0.07783514,0.07570537,0.07322744,0.07045506,0.06739639,0.06408702,0.06058254,0.05689825,0.05306935,0.04915494,0.04517898,0.0411722,0.0371742,0.03322383,0.02934721,0.02557276,0.02192259,0.01842029,0.0150811,0.01192185,0.00895288,0.006183279,0.003607237,0.001215629,-0.0009801036,-0.00297093,-0.004815478,-0.006521353,-0.008035395,-0.009460797,-0.0108242,-0.01202706,-0.01323722,-0.01444555,-0.01554949,-0.0167674,-0.01802727,-0.01925884,-0.02068909,-0.02220036,-0.02376084,-0.02555803,-0.02748836,-0.02952047,-0.03178015,-0.03421398,-0.03678771,-0.03953542,-0.04243896,-0.04550639,-0.04871808,-0.05198184,-0.05530978,-0.05877896,-0.06229806,-0.06570368,-0.06899662,-0.07224721,-0.07546554,-0.0785232,-0.0812168,-0.08357483,-0.08556192,-0.08729647,-0.08868117,-0.089649,-0.09021167,-0.09019712,-0.08959863,-0.08846572,-0.08681542,-0.08467158,-0.0820867,-0.07910713,-0.07578517,-0.07215245,-0.06824114,-0.06406888,-0.05966202,-0.0550344,-0.05020556,-0.04517868,-0.03995324,-0.03454811,-0.02903378,-0.02341719,-0.0177399,-0.01202333,-0.00625313,-0.0004513036,0.005363652,0.01112333,0.01679175,0.02238037,0.02789625,0.03331489,0.03855016,0.04357084,0.0484204,0.05308316,0.05745202,0.06151556,0.06532546
0.07211271,0.07567368,0.07883783,0.08158937,0.08397566,0.08592267,0.08740745,0.0884748,0.08907384,0.08920831,0.08890339,0.08814223,0.08695085,0.08534037,0.08333024,0.08095802,0.07822874,0.07519696,0.07189526,0.06833982,0.06459225,0.06069185,0.056659,0.0525456,0.04839678,0.04424372,0.04011709,0.03605236,0.03207965,0.02822618,0.0245134,0.02096058,0.01758062,0.014382,0.01136953,0.008551811,0.005935531,0.003497105,0.001211787,-0.0008877794,-0.002824427,-0.00468552,-0.006405879,-0.008007621,-0.009630358,-0.0111558,-0.01264517,-0.01424734,-0.01579276,-0.01740639,-0.01919712,-0.02098418,-0.02292393,-0.02508022,-0.02729587,-0.02970045,-0.03233803,-0.03509696,-0.03803255,-0.04117434,-0.04447457,-0.04793224,-0.05150763,-0.05518345,-0.05900281,-0.06289893,-0.06672691,-0.07050595,-0.0743188,-0.07807937,-0.08161979,-0.08483461,-0.08775019,-0.09048206,-0.09290063,-0.09495155,-0.09642728,-0.09736402,-0.09779584,-0.09766304,-0.09706927,-0.09594023,-0.09419611,-0.09187268,-0.08906019,-0.08584333,-0.08229899,-0.07846935,-0.07439092,-0.07008863,-0.06559519,-0.06092976,-0.05610943,-0.05113103,-0.04599633,-0.04071615,-0.03529891,-0.02972665,-0.02405475,-0.01829193,-0.01245887,-0.006609023,-0.0007536402,0.005082613,0.01093232,0.0167877,0.02259418,0.028297,0.03387535,0.03936533,0.04474531,0.04991658,0.05484618,0.05958661,0.06409299,0.06826112
0.07276303,0.07664368,0.08020751,0.08341538,0.08617737,0.08853023,0.09046127,0.09190182,0.09288795,0.09340651,0.0934365,0.09300643,0.09211178,0.09077337,0.08901237,0.08684095,0.08431208,0.08143565,0.07825065,0.07481515,0.07114673,0.06728742,0.06329815,0.05920743,0.05505016,0.05087082,0.04671011,0.04259828,0.03856554,0.03463725,0.03083755,0.0271838,0.02369222,0.02037407,0.01723668,0.0142744,0.01147644,0.008853689,0.006410031,0.004086727,0.001875931,-0.0001743037,-0.002171206,-0.004135704,-0.005979248,-0.00787009,-0.009793433,-0.01165643,-0.0136757,-0.01577138,-0.01788499,-0.02023435,-0.0226981,-0.02524971,-0.02806849,-0.03104413,-0.0341475,-0.03749361,-0.04102298,-0.04469471,-0.04853481,-0.05251336,-0.05662948,-0.06084977,-0.06506933,-0.06928214,-0.07355275,-0.0777725,-0.08175743,-0.0854879,-0.08902587,-0.09236745,-0.09538137,-0.09783711,-0.09976612,-0.1011293,-0.1020528,-0.1024669,-0.1023558,-0.1017995,-0.1005946,-0.0986779,-0.09610647,-0.09297973,-0.08943028,-0.08559794,-0.08156797,-0.07738946,-0.07307287,-0.06863168,-0.06407814,-0.05943752,-0.05471529,-0.04990359,-0.04496289,-0.03985178,-0.03457873,-0.02922503,-0.02380043,-0.01833901,-0.0128341,-0.007248133,-0.001592295,0.004128342,0.009849763,0.01555103,0.02124951,0.02695531,0.03264101,0.03821902,0.04366107,0.04901018,0.05423741,0.05922919,0.06397363,0.06851281
0.07052773,0.07482046,0.07876042,0.08232933,0.08555876,0.08836093,0.09070745,0.0926308,0.09406839,0.09501997,0.09550006,0.09548661,0.09500042,0.09404837,0.09264774,0.09083354,0.0886105,0.08603442,0.08313588,0.07993533,0.07649581,0.07285783,0.06904508,0.06511297,0.0611073,0.05706193,0.05300923,0.04898681,0.04502507,0.0411523,0.03738951,0.03375622,0.030264,0.02692088,0.02372982,0.02069801,0.01782886,0.01509727,0.01247781,0.01000017,0.007636288,0.005301887,0.003059857,0.0008812402,-0.001367562,-0.003569951,-0.005794298,-0.008178359,-0.0105566,-0.01305648,-0.01577401,-0.01853249,-0.02148583,-0.02468506,-0.02797426,-0.03147597,-0.03522215,-0.03909662,-0.04314469,-0.0473835,-0.05175455,-0.0562441,-0.06079702,-0.06537925,-0.07001662,-0.07462595,-0.07903767,-0.08324739,-0.08732433,-0.09116921,-0.094593,-0.09747829,-0.09983208,-0.1017935,-0.1032474,-0.1041543,-0.1042687,-0.1036427,-0.1024881,-0.1008584,-0.09880517,-0.09610866,-0.09270494,-0.08880158,-0.08466662,-0.08046369,-0.07626417,-0.07204982,-0.06779796,-0.06350207,-0.05919647,-0.054904,-0.05062889,-0.04632443,-0.04193071,-0.03740082,-0.03272865,-0.02792962,-0.02309188,-0.01818305,-0.01317982,-0.008108986,-0.002969302,0.002229237,0.007538939,0.01295487,0.0184262,0.02390419,0.02937326,0.03487329,0.04037404,0.04577168,0.05103445,0.05620961,0.06123555,0.06600243
0.06582146,0.07036247,0.07466841,0.07868241,0.08230551,0.08556607,0.08843219,0.09082868,0.09278075,0.09426329,0.09524763,0.09575494,0.0957722,0.0953171,0.09440374,0.09304395,0.09128595,0.08913848,0.08664012,0.08384851,0.08078012,0.07748049,0.07400829,0.07039372,0.06667165,0.06288791,0.05908113,0.05528282,0.05152107,0.04782176,0.04420613,0.04069151,0.03729055,0.03401384,0.0308647,0.02783701,0.02491678,0.02211393,0.01942689,0.01679843,0.01421979,0.01173506,0.00923616,0.006709077,0.004233047,0.001645778,-0.00103241,-0.003714405,-0.006608976,-0.009627446,-0.012718,-0.0160824,-0.01959594,-0.02322894,-0.02714689,-0.03123005,-0.03544438,-0.0398866,-0.04448793,-0.04919248,-0.05401193,-0.0588967,-0.06383007,-0.06875691,-0.0735516,-0.07817911,-0.08268919,-0.0869512,-0.09075208,-0.0940476,-0.0969063,-0.09933019,-0.1011969,-0.1022299,-0.1025369,-0.1021307,-0.1010588,-0.09927392,-0.09710326,-0.09490954,-0.09215689,-0.08847387,-0.08412981,-0.0795823,-0.07512595,-0.07088848,-0.06685351,-0.06294876,-0.05909998,-0.05529809,-0.05157388,-0.04796181,-0.04444654,-0.04096823,-0.03740399,-0.03361855,-0.02963106,-0.02563968,-0.02168311,-0.01770803,-0.01361036,-0.009338519,-0.004914232,-0.0003184315,0.004392894,0.009212568,0.01416426,0.01926631,0.02449064,0.02974921,0.03501732,0.04033844,0.04566995,0.05089261,0.05599342,0.06100377
0.05890986,0.06377291,0.06838795,0.07273278,0.07682066,0.08054945,0.08388283,0.08683866,0.08934074,0.09138147,0.09296174,0.09405173,0.09466363,0.09479742,0.09446432,0.09369404,0.09248734,0.09089628,0.08894686,0.0866603,0.08409601,0.08129267,0.07827303,0.07509165,0.0717908,0.06840312,0.06495891,0.06149429,0.05803619,0.05461091,0.05123617,0.04792938,0.04469846,0.0415495,0.03848225,0.03550192,0.03260817,0.02977508,0.02697718,0.02424177,0.02153801,0.01878683,0.01605008,0.0132964,0.01040134,0.007481179,0.004467127,0.001236047,-0.002048844,-0.005508643,-0.009223674,-0.01301864,-0.0170358,-0.02131035,-0.02568237,-0.03025872,-0.03505547,-0.03994563,-0.04495537,-0.05008454,-0.05525597,-0.06043522,-0.06554287,-0.07051922,-0.07536648,-0.0799826,-0.08416278,-0.08787221,-0.09117405,-0.09396718,-0.09604436,-0.09731571,-0.09776867,-0.09753651,-0.09669285,-0.09537373,-0.09293588,-0.08936679,-0.08573227,-0.08243578,-0.07878356,-0.07421386,-0.0692922,-0.06463564,-0.06046674,-0.05674358,-0.05335497,-0.05013897,-0.04701889,-0.04400392,-0.04116385,-0.03851112,-0.03601352,-0.03358323,-0.03109739,-0.02839079,-0.02547855,-0.02259369,-0.01984766,-0.01696404,-0.01380823,-0.01048253,-0.007019427,-0.003372492,0.000538361,0.004695989,0.009056621,0.01358085,0.01826049,0.02314378,0.02819313,0.03330041,0.03843601,0.04364404,0.04884764,0.05393228
0.05055401,0.05554414,0.06043515,0.06515597,0.06959509,0.07377324,0.0776368,0.08110497,0.08418619,0.08684453,0.08903803,0.09078024,0.09204436,0.09284379,0.09317971,0.09306306,0.0925296,0.09158664,0.09026568,0.08862199,0.08666441,0.08444006,0.08199774,0.07936839,0.07657957,0.07367734,0.07069163,0.06765436,0.06458526,0.06151092,0.05844418,0.05540321,0.05239245,0.04942399,0.04649357,0.04359789,0.04071705,0.03786389,0.03503031,0.03216627,0.02926041,0.02635835,0.02335297,0.02024239,0.01709697,0.01377054,0.0102865,0.006735595,0.002920241,-0.001057598,-0.005148626,-0.00952905,-0.01407278,-0.01873327,-0.02366102,-0.02871971,-0.03386497,-0.03916447,-0.04454011,-0.04990726,-0.0552597,-0.0605154,-0.06563857,-0.07054149,-0.07507529,-0.07916406,-0.08285562,-0.08599283,-0.08833414,-0.08981685,-0.09052896,-0.09058879,-0.08994273,-0.08793139,-0.08516558,-0.08212763,-0.07797036,-0.07263524,-0.06781339,-0.06431165,-0.05990204,-0.054423,-0.04951954,-0.04554294,-0.04222953,-0.03934943,-0.03677671,-0.03444416,-0.03235124,-0.03048776,-0.02883406,-0.02732557,-0.02592668,-0.02461686,-0.02331692,-0.02170987,-0.01985805,-0.01834041,-0.01703514,-0.01548723,-0.01351516,-0.01131541,-0.00893776,-0.006201623,-0.003207103,2.363769e-05,0.003543813,0.007388708,0.01152803,0.01587803,0.02041689,0.02519663,0.03016223,0.03519372,0.04027668,0.04543705
0.04120984,0.04636849,0.05142907,0.05637919,0.06120003,0.06579114,0.07009178,0.07411835,0.07776494,0.08102937,0.0838808,0.08629513,0.08825637,0.08977015,0.09082226,0.09144926,0.09162704,0.0914176,0.09082156,0.08987258,0.08860535,0.087069,0.08526359,0.08325579,0.08106325,0.07873175,0.07626784,0.07372019,0.07109209,0.06842368,0.06570919,0.06298039,0.06022267,0.0574585,0.05466619,0.05186815,0.049043,0.04618508,0.04325191,0.04028985,0.03725003,0.03408097,0.03082541,0.02747592,0.02390188,0.02024091,0.01641112,0.01232809,0.008134996,0.003746156,-0.000921908,-0.005669196,-0.0106381,-0.01582466,-0.02108135,-0.02646769,-0.03200354,-0.03752113,-0.04304249,-0.04852068,-0.05387588,-0.05901985,-0.06386641,-0.06829698,-0.07231846,-0.07578507,-0.07848331,-0.08031241,-0.08138607,-0.08165013,-0.08077464,-0.07887028,-0.07616634,-0.07193718,-0.06731818,-0.06351122,-0.05780308,-0.05051632,-0.04394636,-0.0380913,-0.03207933,-0.02720456,-0.02418454,-0.02200789,-0.02023339,-0.01853984,-0.01700761,-0.01575955,-0.01494568,-0.01442593,-0.01403245,-0.01359217,-0.01314755,-0.01276143,-0.01264664,-0.01271778,-0.0128295,-0.01312299,-0.01337452,-0.01298996,-0.01199141,-0.01101384,-0.009936013,-0.008375041,-0.006432759,-0.004145348,-0.00148603,0.001493984,0.004792091,0.008492811,0.01253838,0.01683277,0.02134103,0.02612492,0.03108327,0.03611274
0.03165272,0.03675251,0.04190736,0.04709345,0.05212896,0.05708494,0.06182869,0.06632931,0.07052025,0.07440962,0.07788346,0.0810001,0.08366083,0.08592582,0.08772556,0.08911936,0.09007275,0.09064258,0.09079465,0.09063075,0.09009501,0.0892837,0.08817905,0.08686177,0.08529653,0.0835784,0.08167339,0.07966299,0.07750524,0.07527755,0.07293152,0.07053633,0.06803744,0.06550016,0.06286297,0.06017728,0.05736851,0.05450542,0.05152602,0.04844137,0.04518942,0.04187154,0.03833613,0.03464568,0.03081726,0.02677612,0.02250063,0.01814098,0.0134671,0.008643799,0.003676432,-0.001530861,-0.006897708,-0.01230392,-0.01792962,-0.02357006,-0.02920943,-0.03483357,-0.04039957,-0.0457363,-0.05086141,-0.05560461,-0.05995566,-0.06374286,-0.06684253,-0.06907897,-0.07059007,-0.07115192,-0.07046598,-0.06867842,-0.06555154,-0.061599,-0.0578478,-0.05111494,-0.04349455,-0.0367227,-0.02944657,-0.02341814,-0.01664369,-0.007898838,-0.002456088,-0.001026792,-0.0007241191,-0.0006189031,-0.0005727544,-0.0005211098,-0.0004921076,-0.0004490033,-0.0004389606,-0.000417327,-0.0004268461,-0.0004171935,-0.0004502285,-0.000537771,-0.000989826,-0.002440107,-0.004797859,-0.006481559,-0.007494272,-0.008254695,-0.008780003,-0.009349138,-0.00957732,-0.008905338,-0.008149635,-0.007069417,-0.005509662,-0.003475629,-0.001002211,0.00188809,0.005107498,0.008804688,0.01285199,0.01719647,0.02176598,0.02665018
0.02226628,0.02729037,0.03240419,0.03762112,0.04288133,0.04809653,0.05317184,0.05812834,0.06282468,0.06726384,0.07138068,0.07515241,0.07853437,0.08152926,0.08410008,0.08627723,0.08801919,0.08938089,0.09034795,0.09094574,0.09119808,0.09114067,0.09076939,0.09013551,0.0892555,0.08815779,0.08685242,0.08536754,0.08371516,0.08191306,0.07996894,0.07788943,0.07568007,0.07333709,0.07086498,0.06825703,0.0655236,0.06262968,0.05957342,0.05636577,0.05300428,0.04940567,0.04566118,0.0417245,0.03753389,0.03317616,0.02864067,0.02380212,0.01887148,0.01371724,0.008345872,0.002889983,-0.002684298,-0.008441649,-0.01412787,-0.01986589,-0.02555521,-0.03111227,-0.03640813,-0.04149336,-0.04612385,-0.05031822,-0.05380486,-0.05658484,-0.05849289,-0.05954773,-0.05929738,-0.05792484,-0.05499432,-0.05179589,-0.04650673,-0.03940962,-0.03236083,-0.02459573,-0.01632104,-0.006207941,-0.001452247,-0.0006883567,-0.0003990628,-0.0001503455,-0.0001099668,-3.637785e-05,-3.801352e-07,2.620326e-05,NaN,NaN,NaN,NaN,NaN,NaN,NaN,-5.990033e-06,-3.826085e-05,-3.414436e-05,-6.534917e-05,-4.851241e-05,-0.000147349,-0.0002456983,-0.0004650901,-0.001507276,-0.003716106,-0.005397262,-0.006607335,-0.007366864,-0.008085473,-0.008136283,-0.007569674,-0.006749146,-0.00540685,-0.003477554,-0.001048649,0.001838087,0.005112719,0.008904574,0.01306624,0.01753114
0.01368221,0.01831761,0.02331727,0.02848931,0.03379872,0.03915373,0.04455471,0.04980897,0.05498147,0.0599163,0.06462859,0.06901593,0.07310497,0.07679936,0.08015216,0.08307043,0.0856405,0.08777289,0.08955347,0.09093654,0.09198689,0.092659,0.09305252,0.09311043,0.09291502,0.09242609,0.09172638,0.0907664,0.08962075,0.08823877,0.08668859,0.08491639,0.08298481,0.08083921,0.07853568,0.07601143,0.0733112,0.07039151,0.06730802,0.06396883,0.06043129,0.05669031,0.05271716,0.04847706,0.0441012,0.03942949,0.03455474,0.02953237,0.02426088,0.01881275,0.01330958,0.007585021,0.001823546,-0.003922055,-0.009713412,-0.01542066,-0.02090848,-0.02621879,-0.03120514,-0.03573358,-0.03972037,-0.04301845,-0.04554956,-0.04713287,-0.04762373,-0.04677276,-0.04473374,-0.04184994,-0.03635278,-0.03001481,-0.0230408,-0.01423683,-0.004534753,-0.0009988898,-0.0003318342,-0.0001142126,-0.000121124,-4.042039e-05,NaN,NaN,NaN,NaN,NaN,NaN,NaN,NaN,NaN,NaN,NaN,NaN,NaN,NaN,NaN,NaN,NaN,NaN,NaN,-6.365425e-05,-6.561229e-05,-7.566801e-05,-0.0001208719,-0.0003269641,-0.001124468,-0.003321765,-0.005225917,-0.006470696,-0.00734949,-0.007920922,-0.007516148,-0.006817183,-0.005532132,-0.003631214,-0.001109329,0.001850151,0.005333803,0.009296007
0.006058279,0.01034339,0.01495262,0.01992172,0.02516306,0.03059296,0.0360835,0.04166219,0.04714607,0.05254814,0.05775331,0.06275397,0.06745092,0.07186735,0.07590571,0.07962359,0.08291567,0.08587449,0.08841167,0.09060016,0.09238425,0.09385617,0.09492827,0.09571715,0.09614578,0.0963207,0.09615374,0.09576134,0.09504836,0.09413175,0.09290582,0.09149114,0.08977136,0.08786787,0.08565489,0.08326563,0.08057196,0.07769403,0.07448062,0.07111002,0.0674206,0.0635199,0.05931922,0.05497717,0.05025015,0.04543942,0.0403338,0.03505648,0.02958324,0.02406107,0.01824712,0.01256399,0.006716451,0.0009612982,-0.004754214,-0.01016844,-0.01553922,-0.02035741,-0.02487688,-0.02866659,-0.03196039,-0.03416522,-0.03563715,-0.03557704,-0.03466522,-0.03227084,-0.02789017,-0.02234571,-0.0154934,-0.006924978,-0.001336724,-0.0002422319,-0.000101862,-0.000130377,-1.678167e-05,NaN,NaN,NaN,NaN,NaN,NaN,NaN,NaN,NaN,NaN,NaN,NaN,NaN,NaN,NaN,NaN,NaN,NaN,NaN,NaN,NaN,NaN,NaN,NaN,NaN,-5.037603e-05,-9.771665e-05,-7.505948e-05,-0.0001376356,-0.0004392328,-0.001983849,-0.004267371,-0.005999584,-0.007139739,-0.007872031,-0.007672867,-0.006927365,-0.005645291,-0.003551326,-0.0008968876,0.002331911
-6.05011e-05,0.003517584,0.007613509,0.01226737,0.01720916,0.02256104,0.02808567,0.03379323,0.0395194,0.04529389,0.05091035,0.05644476,0.06170636,0.06677164,0.07148166,0.07591342,0.07994813,0.08366217,0.08694234,0.08990568,0.09242608,0.09462032,0.09640053,0.09786985,0.09893021,0.09970041,0.1000885,0.1002035,0.09995031,0.09943567,0.09856465,0.09744165,0.09597096,0.0942549,0.09219661,0.08989128,0.0872373,0.08434755,0.08113385,0.0776637,0.07385545,0.06985801,0.0655155,0.06094579,0.05614452,0.0511156,0.0458211,0.04046706,0.03484014,0.02915438,0.02341494,0.01761592,0.01181452,0.006225288,0.00067314,-0.004560809,-0.009443582,-0.01385743,-0.01777335,-0.02086157,-0.02319772,-0.02436852,-0.02454974,-0.02340154,-0.02040993,-0.0163321,-0.01020807,-0.003246136,-0.0005336823,-6.884603e-05,-7.862441e-05,-7.022719e-05,NaN,NaN,NaN,NaN,NaN,NaN,NaN,NaN,NaN,NaN,NaN,NaN,NaN,NaN,NaN,NaN,NaN,NaN,NaN,NaN,NaN,NaN,NaN,NaN,NaN,NaN,NaN,NaN,NaN,NaN,NaN,-7.829607e-05,-9.916299e-05,-8.93184e-05,-0.0002762687,-0.001236778,-0.003702655,-0.005836021,-0.007156057,-0.007926569,-0.007745377,-0.006864482,-0.005388027,-0.002983629
-0.004552387,-0.001787831,0.001580917,0.005593597,0.01018938,0.01523968,0.02062177,0.02634006,0.03220039,0.03818315,0.0441656,0.05010227,0.05588686,0.06150066,0.06684503,0.07193129,0.07666073,0.08107392,0.08509633,0.08875076,0.09200131,0.09488489,0.09734589,0.09944037,0.1011315,0.1024616,0.1033936,0.1039753,0.1041727,0.1040288,0.1035106,0.1026587,0.1014409,0.09989287,0.09798505,0.09575661,0.09318735,0.09029762,0.08705877,0.08353444,0.07970008,0.07554478,0.07112629,0.06646898,0.06150026,0.0563625,0.0510366,0.04547857,0.03986124,0.03415666,0.02834153,0.02262264,0.01698154,0.01141479,0.006162222,0.00124504,-0.00330137,-0.007270087,-0.01049515,-0.01293224,-0.0143944,-0.01471372,-0.01349281,-0.01117661,-0.006839616,-0.001905489,-0.0002126537,-4.510147e-05,-6.269439e-05,NaN,NaN,NaN,NaN,NaN,NaN,NaN,NaN,NaN,NaN,NaN,NaN,NaN,NaN,NaN,NaN,NaN,NaN,NaN,NaN,NaN,NaN,NaN,NaN,NaN,NaN,NaN,NaN,NaN,NaN,NaN,NaN,NaN,NaN,NaN,NaN,NaN,-0.0001133984,-9.984897e-05,-0.0002110962,-0.001051128,-0.003603633,-0.005928914,-0.007267977,-0.007926528,-0.007560227,-0.006428758
-0.006946074,-0.005423573,-0.002951771,0.0002691172,0.004227196,0.008782319,0.01390522,0.01940557,0.02527104,0.03134126,0.03754954,0.0437923,0.04999963,0.05608079,0.06198947,0.06764511,0.07303392,0.07808252,0.08278272,0.08711015,0.09104113,0.0945596,0.09767836,0.1003751,0.1026536,0.1045114,0.1059586,0.10699,0.1076142,0.1078282,0.1076417,0.1070531,0.1060731,0.1047023,0.1029522,0.1008188,0.09831076,0.0954424,0.09223815,0.08867155,0.0847742,0.08059566,0.07610463,0.07131747,0.0663455,0.06110353,0.05566959,0.05014354,0.04445256,0.03869334,0.03300656,0.02727325,0.02169509,0.01636784,0.01125146,0.006529749,0.002396615,-0.001213782,-0.004015423,-0.005895135,-0.006579321,-0.006212904,-0.00415084,-0.001240688,-9.123224e-05,-8.572236e-06,-1.861915e-05,NaN,NaN,NaN,NaN,NaN,NaN,NaN,NaN,NaN,NaN,NaN,NaN,NaN,NaN,NaN,NaN,NaN,NaN,NaN,NaN,NaN,NaN,NaN,NaN,NaN,NaN,NaN,NaN,NaN,NaN,NaN,NaN,NaN,NaN,NaN,NaN,NaN,NaN,NaN,NaN,NaN,-0.0001179143,-0.000109177,-0.0002109417,-0.001152679,-0.003826674,-0.00612107,-0.007342081,-0.007637821
-0.007232972,-0.006968241,-0.005718709,-0.003633057,-0.0004339373,0.003383494,0.00797475,0.01313481,0.0188062,0.02479332,0.03110061,0.03751567,0.04403056,0.05048042,0.0568515,0.06302153,0.06896552,0.07460401,0.07993007,0.08486262,0.08942398,0.09356046,0.09727319,0.1005382,0.1033694,0.1057413,0.1076649,0.1091311,0.1101494,0.1107162,0.110838,0.1105187,0.1097616,0.1085757,0.1069618,0.1049409,0.1025172,0.09970386,0.09649183,0.0929416,0.08904274,0.08479634,0.0802597,0.07547653,0.07037286,0.0651112,0.05966666,0.05402396,0.04832565,0.04261663,0.0368058,0.03115396,0.02564583,0.02029878,0.01525438,0.01077138,0.006654495,0.003226645,0.0007625411,-0.0009246175,-0.001307646,-0.0006183358,-1.684516e-05,3.49144e-05,3.22015e-05,NaN,NaN,NaN,NaN,NaN,NaN,NaN,NaN,NaN,NaN,NaN,NaN,NaN,NaN,NaN,NaN,NaN,NaN,NaN,NaN,NaN,NaN,NaN,NaN,NaN,NaN,NaN,NaN,NaN,NaN,NaN,NaN,NaN,NaN,NaN,NaN,NaN,NaN,NaN,NaN,NaN,NaN,NaN,NaN,NaN,-0.0001179829,-0.0001216578,-0.0002668794,-0.001548755,-0.004305792,-0.006312885
-0.004862264,-0.006253116,-0.006596042,-0.005665164,-0.003668836,-0.0007777587,0.003068767,0.007657819,0.0129085,0.01868343,0.02486798,0.03134903,0.03800159,0.04472962,0.05143532,0.05802862,0.06444559,0.07060674,0.07646084,0.08197649,0.08709425,0.09179624,0.09606212,0.09987242,0.1032041,0.1060605,0.1084288,0.1103138,0.111704,0.1126105,0.1130255,0.1129652,0.1124244,0.1114249,0.1099627,0.1080594,0.1057079,0.1029502,0.09979255,0.09624376,0.09231216,0.08808193,0.08350275,0.07862731,0.07353076,0.0681871,0.06262749,0.05699462,0.05117618,0.04534157,0.03955476,0.03373338,0.02808383,0.02277496,0.01751401,0.01283685,0.008767678,0.005109654,0.002411265,0.0006420169,0.0001344154,8.142141e-05,8.052176e-05,NaN,NaN,NaN,NaN,NaN,NaN,NaN,NaN,NaN,NaN,NaN,NaN,NaN,NaN,NaN,NaN,NaN,NaN,NaN,NaN,NaN,NaN,NaN,NaN,NaN,NaN,NaN,NaN,NaN,NaN,NaN,NaN,NaN,NaN,NaN,NaN,NaN,NaN,NaN,NaN,NaN,NaN,NaN,NaN,NaN,NaN,NaN,NaN,NaN,-0.0001171678,-0.0001318921,-0.0004058087,-0.002298612
-0.0006913587,-0.003074955,-0.005133522,-0.005747525,-0.005202143,-0.003454061,-0.0007213429,0.003167248,0.007715137,0.01307936,0.01895186,0.02533304,0.03195453,0.03883136,0.04572967,0.05266295,0.05941984,0.06603475,0.07234401,0.07835753,0.08397105,0.08920424,0.09395789,0.09826633,0.1020672,0.1053814,0.108165,0.1104406,0.1121833,0.1134095,0.1141103,0.114296,0.1139732,0.1131444,0.1118308,0.1100318,0.1077886,0.1050798,0.1019504,0.09840622,0.09450856,0.0901901,0.08559104,0.08066952,0.07545456,0.06999304,0.06440664,0.05850605,0.0525821,0.04658099,0.04052652,0.03438587,0.02859943,0.02276185,0.01717976,0.01206566,0.00734068,0.00325895,0.0005791367,0.0001398196,0.0001171641,9.499754e-05,NaN,NaN,NaN,NaN,NaN,NaN,NaN,NaN,NaN,NaN,NaN,NaN,NaN,NaN,NaN,NaN,NaN,NaN,NaN,NaN,NaN,NaN,NaN,NaN,NaN,NaN,NaN,NaN,NaN,NaN,NaN,NaN,NaN,NaN,NaN,NaN,NaN,NaN,NaN,NaN,NaN,NaN,NaN,NaN,NaN,NaN,NaN,NaN,NaN,NaN,NaN,-0.0001411418,-0.0001257233,-0.0001579086
-0.000139138,-0.0002439753,-0.001330023,-0.003575046,-0.004791166,-0.004538576,-0.003011702,-0.0002211907,0.003440312,0.008139983,0.01351072,0.01956711,0.02601045,0.03284478,0.03982794,0.04692508,0.05395743,0.06088788,0.06757399,0.07400473,0.08005869,0.08572628,0.09094403,0.09569263,0.09992864,0.1036447,0.1068258,0.1094556,0.1115396,0.113057,0.114034,0.1144434,0.1143313,0.1136634,0.1125037,0.1108027,0.1086391,0.1059657,0.1028924,0.09932318,0.09538629,0.09103144,0.08636191,0.08126833,0.07598487,0.0703087,0.06448842,0.05839017,0.0521293,0.04568596,0.03940632,0.03259266,0.02619942,0.01989551,0.01344762,0.007341642,0.002012305,0.0003050733,0.000160894,0.000150248,NaN,NaN,NaN,NaN,NaN,NaN,NaN,NaN,NaN,NaN,NaN,NaN,NaN,NaN,NaN,NaN,NaN,NaN,NaN,NaN,NaN,NaN,NaN,NaN,NaN,NaN,NaN,NaN,NaN,NaN,NaN,NaN,NaN,NaN,NaN,NaN,NaN,NaN,NaN,NaN,NaN,NaN,NaN,NaN,NaN,NaN,NaN,NaN,NaN,NaN,NaN,NaN,NaN,NaN,NaN,-0.0001359567
-0.0001441493,-0.0001269632,-0.0001571931,-0.0004625397,-0.002245189,-0.003675188,-0.003656589,-0.002301546,0.0003070564,0.003988005,0.008724345,0.01416313,0.02028921,0.02685149,0.03379435,0.04089091,0.04807461,0.05518983,0.06218213,0.06890137,0.07533345,0.08137047,0.08698339,0.09210984,0.09673924,0.1008255,0.1043588,0.1073206,0.1097027,0.1115052,0.1127175,0.1133583,0.113414,0.1129187,0.1118527,0.1102683,0.1081438,0.105536,0.1024031,0.0988491,0.09482207,0.09037789,0.08551183,0.08034659,0.07470153,0.0688154,0.06265214,0.05615868,0.04927793,0.04248782,0.03530593,0.0278791,0.02047938,0.01296657,0.005717852,0.0008777613,0.000217882,0.0001674476,0.0001650779,NaN,NaN,NaN,NaN,NaN,NaN,NaN,NaN,NaN,NaN,NaN,NaN,NaN,NaN,NaN,NaN,NaN,NaN,NaN,NaN,NaN,NaN,NaN,NaN,NaN,NaN,NaN,NaN,NaN,NaN,NaN,NaN,NaN,NaN,NaN,NaN,NaN,NaN,NaN,NaN,NaN,NaN,NaN,NaN,NaN,NaN,NaN,NaN,NaN,NaN,NaN,NaN,NaN,NaN,NaN,NaN,NaN
NaN,NaN,-0.0001531883,-0.0001409171,-0.0002216886,-0.0009398569,-0.002457043,-0.002804053,-0.00155442,0.0009428369,0.004717036,0.009363441,0.01491052,0.02104899,0.02773976,0.03468976,0.04186952,0.04905798,0.05620177,0.06315031,0.06984175,0.07617301,0.08210441,0.0875682,0.09251582,0.09693094,0.1007646,0.1040314,0.1066726,0.1087354,0.110151,0.1109978,0.1111942,0.1108497,0.1098634,0.1083686,0.1062376,0.1036495,0.1004612,0.0968521,0.0926396,0.08809426,0.08295799,0.07752601,0.07153123,0.06525737,0.05848196,0.05159831,0.04381431,0.03621966,0.02817692,0.01965477,0.01085733,0.002746637,0.0004246296,0.0002071713,0.0002360616,NaN,NaN,NaN,NaN,NaN,NaN,NaN,NaN,NaN,NaN,NaN,NaN,NaN,NaN,NaN,NaN,NaN,NaN,NaN,NaN,NaN,NaN,NaN,NaN,NaN,NaN,NaN,NaN,NaN,NaN,NaN,NaN,NaN,NaN,NaN,NaN,NaN,NaN,NaN,NaN,NaN,NaN,NaN,NaN,NaN,NaN,NaN,NaN,NaN,NaN,NaN,NaN,NaN,NaN,NaN,NaN,NaN,NaN,NaN
NaN,NaN,NaN,-0.0001453833,-0.000135228,-0.0001625987,-0.0003855137,-0.001529794,-0.001901867,-0.0008051162,0.001670196,0.005358481,0.01003898,0.0155993,0.02179336,0.02847693,0.0354372,0.04259245,0.04974974,0.05680728,0.06365086,0.07020467,0.07636264,0.08208252,0.08730086,0.09198035,0.09608219,0.09958456,0.1024712,0.1047245,0.1063474,0.1073263,0.1076806,0.1073967,0.1065069,0.1049941,0.1029073,0.1002166,0.09697173,0.093159,0.08884597,0.08392797,0.07854769,0.07268871,0.06626081,0.05924729,0.05203784,0.04410496,0.03556298,0.02675495,0.0172119,0.007788779,0.001211801,0.0002868887,0.0002122351,0.0002136531,NaN,NaN,NaN,NaN,NaN,NaN,NaN,NaN,NaN,NaN,NaN,NaN,NaN,NaN,NaN,NaN,NaN,NaN,NaN,NaN,NaN,NaN,NaN,NaN,NaN,NaN,NaN,NaN,NaN,NaN,NaN,NaN,NaN,NaN,NaN,NaN,NaN,NaN,NaN,NaN,NaN,NaN,NaN,NaN,NaN,NaN,NaN,NaN,NaN,NaN,NaN,NaN,NaN,NaN,NaN,NaN,NaN,NaN,NaN,NaN
NaN,NaN,NaN,NaN,NaN,-0.000154512,-0.0001438588,-0.000219254,-0.0006859756,-0.001098413,-0.0001627176,0.002301172,0.005929764,0.01065906,0.01619416,0.02237337,0.02899657,0.03592916,0.04297222,0.05000957,0.0569094,0.06355279,0.06987511,0.07576217,0.08118699,0.08605093,0.09037367,0.09405363,0.09714508,0.09954041,0.1013302,0.1023973,0.1028663,0.1026068,0.1017742,0.1002061,0.09808534,0.09523763,0.09189537,0.08780549,0.08324428,0.07793751,0.07217839,0.06568375,0.05878638,0.05086496,0.04280649,0.03387614,0.02426347,0.01387659,0.003845578,0.0006193047,0.0002372967,0.0002958002,NaN,NaN,NaN,NaN,NaN,NaN,NaN,NaN,NaN,NaN,NaN,NaN,NaN,NaN,NaN,NaN,NaN,NaN,NaN,NaN,NaN,NaN,NaN,NaN,NaN,NaN,NaN,NaN,NaN,NaN,NaN,NaN,NaN,NaN,NaN,NaN,NaN,NaN,NaN,NaN,NaN,NaN,NaN,NaN,NaN,NaN,NaN,NaN,NaN,NaN,NaN,NaN,NaN,NaN,NaN,NaN,NaN,NaN,NaN,NaN,NaN,NaN
NaN,NaN,NaN,NaN,NaN,NaN,-0.0001487315,-0.0001376279,-0.0001667735,-0.0003048431,-0.0005967566,0.0003643203,0.002777931,0.006406956,0.01110035,0.01658446,0.0226852,0.02923609,0.03603155,0.04289861,0.04972987,0.05638235,0.0627415,0.06872658,0.07425507,0.07927168,0.08371045,0.08755219,0.09074232,0.09328411,0.09513091,0.09630818,0.09677109,0.09656573,0.0956422,0.09405769,0.09175488,0.08880713,0.08513201,0.08082951,0.07582677,0.0701332,0.06366119,0.05673056,0.04881725,0.04014926,0.0308812,0.02050977,0.01005859,0.001790574,0.0003741644,0.0002373685,0.0002571436,NaN,NaN,NaN,NaN,NaN,NaN,NaN,NaN,NaN,NaN,NaN,NaN,NaN,NaN,NaN,NaN,NaN,NaN,NaN,NaN,NaN,NaN,NaN,NaN,NaN,NaN,NaN,NaN,NaN,NaN,NaN,NaN,NaN,NaN,NaN,NaN,NaN,NaN,NaN,NaN,NaN,NaN,NaN,NaN,NaN,NaN,NaN,NaN,NaN,NaN,NaN,NaN,NaN,NaN,NaN,NaN,NaN,NaN,NaN,NaN,NaN,NaN,NaN
NaN,NaN,NaN,NaN,NaN,NaN,NaN,-0.0001404425,-0.0001468633,-0.0001445089,-0.0001883371,-0.0002491061,0.0007205521,0.003064956,0.00669047,0.01129682,0.01670328,0.02271985,0.02908402,0.0356757,0.04230085,0.04883951,0.05513824,0.06113481,0.0666783,0.07176105,0.07625228,0.08018283,0.08342423,0.08604041,0.08790637,0.08911808,0.08954321,0.08931354,0.08828095,0.08659103,0.08406065,0.08089329,0.07689144,0.07222681,0.06668645,0.0605155,0.05328437,0.04554514,0.03673563,0.02709111,0.01628425,0.005485294,0.0009523376,0.0002704224,0.000321279,0.0002164885,NaN,NaN,NaN,NaN,NaN,NaN,NaN,NaN,NaN,NaN,NaN,NaN,NaN,NaN,NaN,NaN,NaN,NaN,NaN,NaN,NaN,NaN,NaN,NaN,NaN,NaN,NaN,NaN,NaN,NaN,NaN,NaN,NaN,NaN,NaN,NaN,NaN,NaN,NaN,NaN,NaN,NaN,NaN,NaN,NaN,NaN,NaN,NaN,NaN,NaN,NaN,NaN,NaN,NaN,NaN,NaN,NaN,NaN,NaN,NaN,NaN,NaN,NaN,NaN
NaN,NaN,NaN,NaN,NaN,NaN,NaN,NaN,NaN,-0.0001450569,-0.0001346053,-0.0001519602,-9.376035e-05,0.0007905436,0.003098153,0.006694403,0.01122247,0.01652296,0.02234939,0.02848022,0.0348029,0.04109515,0.04725117,0.05311885,0.05863304,0.06366336,0.06817786,0.07207705,0.07535711,0.07792845,0.07981814,0.08094179,0.08134699,0.08095311,0.07983026,0.07787424,0.07517253,0.07160671,0.0672917,0.06204088,0.05609464,0.04907032,0.04119438,0.03241114,0.02242615,0.01201228,0.002687145,0.0005369149,0.0002402863,0.0002944602,NaN,NaN,NaN,NaN,NaN,NaN,NaN,NaN,NaN,NaN,NaN,NaN,NaN,NaN,NaN,NaN,NaN,NaN,NaN,NaN,NaN,NaN,NaN,NaN,NaN,NaN,NaN,NaN,NaN,NaN,NaN,NaN,NaN,NaN,NaN,NaN,NaN,NaN,NaN,NaN,NaN,NaN,NaN,NaN,NaN,NaN,NaN,NaN,NaN,NaN,NaN,NaN,NaN,NaN,NaN,NaN,NaN,NaN,NaN,NaN,NaN,NaN,NaN,NaN,NaN,NaN
NaN,NaN,NaN,NaN,NaN,NaN,NaN,NaN,NaN,NaN,-0.0001383572,-0.0001321985,-0.0001334006,-6.390882e-05,0.0006034854,0.002901495,0.006418201,0.01084934,0.01596053,0.02153425,0.02741727,0.03334328,0.03924425,0.0449117,0.05028166,0.05519441,0.05962966,0.06345637,0.06667805,0.06917605,0.07099057,0.07200763,0.07228766,0.07172414,0.07040593,0.06818765,0.06516393,0.06119419,0.05645645,0.05062148,0.04398488,0.03626092,0.02752263,0.0174948,0.007195396,0.001458096,0.0003357749,0.0003095042,0.0002417474,NaN,NaN,NaN,NaN,NaN,NaN,NaN,NaN,NaN,NaN,NaN,NaN,NaN,NaN,NaN,NaN,NaN,NaN,NaN,NaN,NaN,NaN,NaN,NaN,NaN,NaN,NaN,NaN,NaN,NaN,NaN,NaN,NaN,NaN,NaN,NaN,NaN,NaN,NaN,NaN,NaN,NaN,NaN,NaN,NaN,NaN,NaN,NaN,NaN,NaN,NaN,NaN,NaN,NaN,NaN,NaN,NaN,NaN,NaN,NaN,NaN,NaN,NaN,NaN,NaN,NaN,NaN
NaN,NaN,NaN,NaN,NaN,NaN,NaN,NaN,NaN,NaN,NaN,-0.0001341064,-0.0001295328,-0.0001234043,-7.639687e-05,0.0003793566,0.002444267,0.005795448,0.01009993,0.0149958,0.02027964,0.02578798,0.03128937,0.03668726,0.04179413,0.04655264,0.05079453,0.05451896,0.05757061,0.0599793,0.06161044,0.06251909,0.06256308,0.06183137,0.06018469,0.05771347,0.05425378,0.04991625,0.04452966,0.03818736,0.03074726,0.0221132,0.01273889,0.003743359,0.0008140479,0.0002519139,0.0003078629,0.0002535277,NaN,NaN,NaN,NaN,NaN,NaN,NaN,NaN,NaN,NaN,NaN,NaN,NaN,NaN,NaN,NaN,NaN,NaN,NaN,NaN,NaN,NaN,NaN,NaN,NaN,NaN,NaN,NaN,NaN,NaN,NaN,NaN,NaN,NaN,NaN,NaN,NaN,NaN,NaN,NaN,NaN,NaN,NaN,NaN,NaN,NaN,NaN,NaN,NaN,NaN,NaN,NaN,NaN,NaN,NaN,NaN,NaN,NaN,NaN,NaN,NaN,NaN,NaN,NaN,NaN,NaN,NaN,NaN
NaN,NaN,NaN,NaN,NaN,NaN,NaN,NaN,NaN,NaN,NaN,NaN,-0.0001281166,-0.0001240341,-0.0001129458,-8.521913e-05,0.0002130781,0.001697627,0.004889474,0.008982693,0.01361209,0.01854149,0.02358939,0.02861181,0.03340367,0.03788932,0.04190193,0.04542076,0.04828115,0.0504992,0.05193586,0.05263127,0.05243959,0.05143331,0.04948413,0.04664098,0.04274672,0.03788781,0.03197698,0.02489834,0.01664765,0.007855221,0.002018579,0.0004652671,0.0002821008,0.0002546369,0.0002668815,NaN,NaN,NaN,NaN,NaN,NaN,NaN,NaN,NaN,NaN,NaN,NaN,NaN,NaN,NaN,NaN,NaN,NaN,NaN,NaN,NaN,NaN,NaN,NaN,NaN,NaN,NaN,NaN,NaN,NaN,NaN,NaN,NaN,NaN,NaN,NaN,NaN,NaN,NaN,NaN,NaN,NaN,NaN,NaN,NaN,NaN,NaN,NaN,NaN,NaN,NaN,NaN,NaN,NaN,NaN,NaN,NaN,NaN,NaN,NaN,NaN,NaN,NaN,NaN,NaN,NaN,NaN,NaN,NaN
NaN,NaN,NaN,NaN,NaN,NaN,NaN,NaN,NaN,NaN,NaN,NaN,NaN,-0.00012282,-0.000118182,-0.0001028298,-9.017068e-05,9.477587e-05,0.001008212,0.003715616,0.007469929,0.01177147,0.01630653,0.02082839,0.02526275,0.02939125,0.0331416,0.03636589,0.03900441,0.04094949,0.04217326,0.04257806,0.04214476,0.04077382,0.03850577,0.0351927,0.03092659,0.02545723,0.01887327,0.01141436,0.004199479,0.001113087,0.0003012256,0.0002916384,0.0002435989,0.000251151,NaN,NaN,NaN,NaN,NaN,NaN,NaN,NaN,NaN,NaN,NaN,NaN,NaN,NaN,NaN,NaN,NaN,NaN,NaN,NaN,NaN,NaN,NaN,NaN,NaN,NaN,NaN,NaN,NaN,NaN,NaN,NaN,NaN,NaN,NaN,NaN,NaN,NaN,NaN,NaN,NaN,NaN,NaN,NaN,NaN,NaN,NaN,NaN,NaN,NaN,NaN,NaN,NaN,NaN,NaN,NaN,NaN,NaN,NaN,NaN,NaN,NaN,NaN,NaN,NaN,NaN,NaN,NaN,NaN,NaN
NaN,NaN,NaN,NaN,NaN,NaN,NaN,NaN,NaN,NaN,NaN,NaN,NaN,NaN,NaN,-0.0001087549,-9.741936e-05,-7.948262e-05,1.929145e-05,0.0005630894,0.002361823,0.005657304,0.009498104,0.0135307,0.01752331,0.02124418,0.02465293,0.02755271,0.02990142,0.03155302,0.03249599,0.03259338,0.03185382,0.03012429,0.02749107,0.02372043,0.01890172,0.01307404,0.006618368,0.002214365,0.0006092879,0.0002770708,0.0002486402,0.0002437064,NaN,NaN,NaN,NaN,NaN,NaN,NaN,NaN,NaN,NaN,NaN,NaN,NaN,NaN,NaN,NaN,NaN,NaN,NaN,NaN,NaN,NaN,NaN,NaN,NaN,NaN,NaN,NaN,NaN,NaN,NaN,NaN,NaN,NaN,NaN,NaN,NaN,NaN,NaN,NaN,NaN,NaN,NaN,NaN,NaN,NaN,NaN,NaN,NaN,NaN,NaN,NaN,NaN,NaN,NaN,NaN,NaN,NaN,NaN,NaN,NaN,NaN,NaN,NaN,NaN,NaN,NaN,NaN,NaN,NaN,NaN,NaN
NaN,NaN,NaN,NaN,NaN,NaN,NaN,NaN,NaN,NaN,NaN,NaN,NaN,NaN,NaN,NaN,-0.0001025449,-9.06511e-05,-6.567568e-05,-2.008255e-05,0.0002904585,0.001307454,0.00363001,0.006868297,0.01027059,0.01358352,0.01660763,0.01915919,0.02116156,0.02250242,0.02311601,0.02290016,0.02180919,0.0197027,0.01660698,0.01253875,0.007699315,0.003463908,0.001170628,0.0003656104,0.000269175,0.000225974,0.0002220558,NaN,NaN,NaN,NaN,NaN,NaN,NaN,NaN,NaN,NaN,NaN,NaN,NaN,NaN,NaN,NaN,NaN,NaN,NaN,NaN,NaN,NaN,NaN,NaN,NaN,NaN,NaN,NaN,NaN,NaN,NaN,NaN,NaN,NaN,NaN,NaN,NaN,NaN,NaN,NaN,NaN,NaN,NaN,NaN,NaN,NaN,NaN,NaN,NaN,NaN,NaN,NaN,NaN,NaN,NaN,NaN,NaN,NaN,NaN,NaN,NaN,NaN,NaN,NaN,NaN,NaN,NaN,NaN,NaN,NaN,NaN,NaN,NaN
NaN,NaN,NaN,NaN,NaN,NaN,NaN,NaN,NaN,NaN,NaN,NaN,NaN,NaN,NaN,NaN,NaN,-9.016863e-05,-8.12106e-05,-6.101129e-05,-1.865399e-05,0.0001285834,0.0006753676,0.001946878,0.004079244,0.006673231,0.009166294,0.01129987,0.01292953,0.01393236,0.01419992,0.01365326,0.01224727,0.009947721,0.006860249,0.003795085,0.001676804,0.0006172039,0.0003013762,0.000226257,0.0002112932,0.0002234491,NaN,NaN,NaN,NaN,NaN,NaN,NaN,NaN,NaN,NaN,NaN,NaN,NaN,NaN,NaN,NaN,NaN,NaN,NaN,NaN,NaN,NaN,NaN,NaN,NaN,NaN,NaN,NaN,NaN,NaN,NaN,NaN,NaN,NaN,NaN,NaN,NaN,NaN,NaN,NaN,NaN,NaN,NaN,NaN,NaN,NaN,NaN,NaN,NaN,NaN,NaN,NaN,NaN,NaN,NaN,NaN,NaN,NaN,NaN,NaN,NaN,NaN,NaN,NaN,NaN,NaN,NaN,NaN,NaN,NaN,NaN,NaN,NaN,NaN
NaN,NaN,NaN,NaN,NaN,NaN,NaN,NaN,NaN,NaN,NaN,NaN,NaN,NaN,NaN,NaN,NaN,NaN,-7.839492e-05,-7.232824e-05,-5.378862e-05,-1.670756e-05,6.597757e-05,0.0003191623,0.0009210421,0.001961774,0.003308543,0.004687801,0.005797541,0.006417004,0.006410281,0.005745853,0.004528279,0.00308856,0.001699534,0.0007909426,0.0003780481,0.0002410374,0.0002019265,0.0001908484,0.0002201554,NaN,NaN,NaN,NaN,NaN,NaN,NaN,NaN,NaN,NaN,NaN,NaN,NaN,NaN,NaN,NaN,NaN,NaN,NaN,NaN,NaN,NaN,NaN,NaN,NaN,NaN,NaN,NaN,NaN,NaN,NaN,NaN,NaN,NaN,NaN,NaN,NaN,NaN,NaN,NaN,NaN,NaN,NaN,NaN,NaN,NaN,NaN,NaN,NaN,NaN,NaN,NaN,NaN,NaN,NaN,NaN,NaN,NaN,NaN,NaN,NaN,NaN,NaN,NaN,NaN,NaN,NaN,NaN,NaN,NaN,NaN,NaN,NaN,NaN,NaN
NaN,NaN,NaN,NaN,NaN,NaN,NaN,NaN,NaN,NaN,NaN,NaN,NaN,NaN,NaN,NaN,NaN,NaN,NaN,-6.956414e-05,-5.684371e-05,-4.522559e-05,-1.557644e-05,4.320786e-05,0.000163067,0.0004081152,0.000800606,0.00127924,0.001710742,0.001950575,0.001912297,0.001615714,0.001167133,0.0007376326,0.0004240606,0.0002666572,0.0001996416,0.000172274,0.0001899293,0.0001976681,NaN,NaN,NaN,NaN,NaN,NaN,NaN,NaN,NaN,NaN,NaN,NaN,NaN,NaN,NaN,NaN,NaN,NaN,NaN,NaN,NaN,NaN,NaN,NaN,NaN,NaN,NaN,NaN,NaN,NaN,NaN,NaN,NaN,NaN,NaN,NaN,NaN,NaN,NaN,NaN,NaN,NaN,NaN,NaN,NaN,NaN,NaN,NaN,NaN,NaN,NaN,NaN,NaN,NaN,NaN,NaN,NaN,NaN,NaN,NaN,NaN,NaN,NaN,NaN,NaN,NaN,NaN,NaN,NaN,NaN,NaN,NaN,NaN,NaN,NaN,NaN
NaN,NaN,NaN,NaN,NaN,NaN,NaN,NaN,NaN,NaN,NaN,NaN,NaN,NaN,NaN,NaN,NaN,NaN,NaN,NaN,-5.862689e-05,-4.432353e-05,-3.147911e-05,-1.101093e-05,2.978383e-05,9.802126e-05,0.0001987007,0.0003269615,0.0004496596,0.0005241504,0.0005201754,0.000449464,0.0003490031,0.0002553117,0.000194631,0.000162091,0.0001618769,0.0001699178,0.0001808746,NaN,NaN,NaN,NaN,NaN,NaN,NaN,NaN,NaN,NaN,NaN,NaN,NaN,NaN,NaN,NaN,NaN,NaN,NaN,NaN,NaN,NaN,NaN,NaN,NaN,NaN,NaN,NaN,NaN,NaN,NaN,NaN,NaN,NaN,NaN,NaN,NaN,NaN,NaN,NaN,NaN,NaN,NaN,NaN,NaN,NaN,NaN,NaN,NaN,NaN,NaN,NaN,NaN,NaN,NaN,NaN,NaN,NaN,NaN,NaN,NaN,NaN,NaN,NaN,NaN,NaN,NaN,NaN,NaN,NaN,NaN,NaN,NaN,NaN,NaN,NaN,NaN
NaN,NaN,NaN,NaN,NaN,NaN,NaN,NaN,NaN,NaN,NaN,NaN,NaN,NaN,NaN,NaN,NaN,NaN,NaN,NaN,-5.521182e-05,-4.582654e-05,-3.273816e-05,-1.694101e-05,9.486203e-07,2.654342e-05,6.441484e-05,0.000112223,0.0001570803,0.0001883001,0.0001959219,0.0001834352,0.0001623654,0.0001416354,0.0001392285,0.0001430363,0.0001495169,0.0001558274,0.0001755165,NaN,NaN,NaN,NaN,NaN,NaN,NaN,NaN,NaN,NaN,NaN,NaN,NaN,NaN,NaN,NaN,NaN,NaN,NaN,NaN,NaN,NaN,NaN,NaN,NaN,NaN,NaN,NaN,NaN,NaN,NaN,NaN,NaN,NaN,NaN,NaN,NaN,NaN,NaN,NaN,NaN,NaN,NaN,NaN,NaN,NaN,NaN,NaN,NaN,NaN,NaN,NaN,NaN,NaN,NaN,NaN,NaN,NaN,NaN,NaN,NaN,NaN,NaN,NaN,NaN,NaN,NaN,NaN,NaN,NaN,NaN,NaN,NaN,NaN,NaN,NaN,NaN
NaN,NaN,NaN,NaN,NaN,NaN,NaN,NaN,NaN,NaN,NaN,NaN,NaN,NaN,NaN,NaN,NaN,NaN,NaN,NaN,NaN,-3.936401e-05,-2.994961e-05,-1.942182e-05,-5.38225e-06,1.132718e-05,3.078029e-05,5.372128e-05,7.513979e-05,9.297473e-05,0.0001027801,0.000106556,0.0001082465,0.0001068976,0.0001135158,0.0001195883,0.0001315259,0.0001422193,NaN,NaN,NaN,NaN,NaN,NaN,NaN,NaN,NaN,NaN,NaN,NaN,NaN,NaN,NaN,NaN,NaN,NaN,NaN,NaN,NaN,NaN,NaN,NaN,NaN,NaN,NaN,NaN,NaN,NaN,NaN,NaN,NaN,NaN,NaN,NaN,NaN,NaN,NaN,NaN,NaN,NaN,NaN,NaN,NaN,NaN,NaN,NaN,NaN,NaN,NaN,NaN,NaN,NaN,NaN,NaN,NaN,NaN,NaN,NaN,NaN,NaN,NaN,NaN,NaN,NaN,NaN,NaN,NaN,NaN,NaN,NaN,NaN,NaN,NaN,NaN,NaN,NaN
NaN,NaN,NaN,NaN,NaN,NaN,NaN,NaN,NaN,NaN,NaN,NaN,NaN,NaN,NaN,NaN,NaN,NaN,NaN,NaN,NaN,NaN,-2.327116e-05,-1.405441e-05,-5.464867e-06,3.891804e-06,1.569232e-05,2.994788e-05,4.301656e-05,5.471276e-05,6.270468e-05,6.791957e-05,7.222371e-05,7.485948e-05,8.469503e-05,9.323876e-05,0.0001003556,NaN,NaN,NaN,NaN,NaN,NaN,NaN,NaN,NaN,NaN,NaN,NaN,NaN,NaN,NaN,NaN,NaN,NaN,NaN,NaN,NaN,NaN,NaN,NaN,NaN,NaN,NaN,NaN,NaN,NaN,NaN,NaN,NaN,NaN,NaN,NaN,NaN,NaN,NaN,NaN,NaN,NaN,NaN,NaN,NaN,NaN,NaN,NaN,NaN,NaN,NaN,NaN,NaN,NaN,NaN,NaN,NaN,NaN,NaN,NaN,NaN,NaN,NaN,NaN,NaN,NaN,NaN,NaN,NaN,NaN,NaN,NaN,NaN,NaN,NaN,NaN,NaN,NaN,NaN
NaN,NaN,NaN,NaN,NaN,NaN,NaN,NaN,NaN,NaN,NaN,NaN,NaN,NaN,NaN,NaN,NaN,NaN,NaN,NaN,NaN,NaN,-1.326095e-05,-8.831152e-06,-3.527851e-06,2.166686e-06,8.25414e-06,1.515581e-05,2.148434e-05,2.759576e-05,3.239163e-05,3.64043e-05,4.030592e-05,4.261995e-05,4.778879e-05,5.185145e-05,5.738917e-05,NaN,NaN,NaN,NaN,NaN,NaN,NaN,NaN,NaN,NaN,NaN,NaN,NaN,NaN,NaN,NaN,NaN,NaN,NaN,NaN,NaN,NaN,NaN,NaN,NaN,NaN,NaN,NaN,NaN,NaN,NaN,NaN,NaN,NaN,NaN,NaN,NaN,NaN,NaN,NaN,NaN,NaN,NaN,NaN,NaN,NaN,NaN,NaN,NaN,NaN,NaN,NaN,NaN,NaN,NaN,NaN,NaN,NaN,NaN,NaN,NaN,NaN,NaN,NaN,NaN,NaN,NaN,NaN,NaN,NaN,NaN,NaN,NaN,NaN,NaN,NaN,NaN,NaN,NaN
NaN,NaN,NaN,NaN,NaN,NaN,NaN,NaN,NaN,NaN,NaN,NaN,NaN,NaN,NaN,NaN,NaN,NaN,NaN,NaN,NaN,NaN,-4.156156e-06,-1.889976e-06,-9.779312e-07,-1.933594e-07,1.439406e-06,3.792092e-06,5.887896e-06,7.797668e-06,9.096742e-06,9.952088e-06,1.058168e-05,1.140369e-05,1.416554e-05,1.670117e-05,1.672435e-05,NaN,NaN,NaN,NaN,NaN,NaN,NaN,NaN,NaN,NaN,NaN,NaN,NaN,NaN,NaN,NaN,NaN,NaN,NaN,NaN,NaN,NaN,NaN,NaN,NaN,NaN,NaN,NaN,NaN,NaN,NaN,NaN,NaN,NaN,NaN,NaN,NaN,NaN,NaN,NaN,NaN,NaN,NaN,NaN,NaN,NaN,NaN,NaN,NaN,NaN,NaN,NaN,NaN,NaN,NaN,NaN,NaN,NaN,NaN,NaN,NaN,NaN,NaN,NaN,NaN,NaN,NaN,NaN,NaN,NaN,NaN,NaN,NaN,NaN,NaN,NaN,NaN,NaN,NaN
NaN,NaN,NaN,NaN,NaN,NaN,NaN,NaN,NaN,NaN,NaN,NaN,NaN,NaN,NaN,NaN,NaN,NaN,NaN,NaN,NaN,NaN,0,0,0,0,0,0,0,0,0,0,0,0,0,0,0,NaN,NaN,NaN,NaN,NaN,NaN,NaN,NaN,NaN,NaN,NaN,NaN,NaN,NaN,NaN,NaN,NaN,NaN,NaN,NaN,NaN,NaN,NaN,NaN,NaN,NaN,NaN,NaN,NaN,NaN,NaN,NaN,NaN,NaN,NaN,NaN,NaN,NaN,NaN,NaN,NaN,NaN,NaN,NaN,NaN,NaN,NaN,NaN,NaN,NaN,NaN,NaN,NaN,NaN,NaN,NaN,NaN,NaN,NaN,NaN,NaN,NaN,NaN,NaN,NaN,NaN,NaN,NaN,NaN,NaN,NaN,NaN,NaN,NaN,NaN,NaN,NaN,NaN,NaN
