NaN,NaN,NaN,NaN,NaN,NaN,NaN,NaN,NaN,NaN,NaN,NaN,NaN,NaN,NaN,NaN,NaN,NaN,NaN,NaN,NaN,NaN,2.851324e-10,-4.958229e-10,-8.597286e-11,8.806017e-11,-1.308925e-11,-1.080684e-10,-8.80925e-11,-1.135673e-10,-6.367467e-11,6.22801e-11,-1.464006e-10,5.509337e-12,3.301747e-10,1.19502e-10,2.058106e-10,NaN,NaN,NaN,NaN,NaN,NaN,NaN,NaN,NaN,NaN,NaN,NaN,NaN,NaN,NaN,NaN,NaN,NaN,NaN,NaN,NaN,NaN,NaN,NaN,NaN,NaN,NaN,NaN,NaN,NaN,NaN,NaN,NaN,NaN,NaN,NaN,NaN,NaN,NaN,NaN,NaN,NaN,NaN,NaN,NaN,NaN,NaN,NaN,NaN,NaN,NaN,NaN,NaN,NaN,NaN,NaN,NaN,NaN,NaN,NaN,NaN,NaN,NaN,NaN,NaN,NaN,NaN,NaN,NaN,NaN,NaN,NaN,NaN,NaN,NaN,NaN,NaN,NaN,NaN
NaN,NaN,NaN,NaN,NaN,NaN,NaN,NaN,NaN,NaN,NaN,NaN,NaN,NaN,NaN,NaN,NaN,NaN,NaN,NaN,NaN,NaN,-4.563853e-06,-4.354114e-06,-4.173065e-06,-3.871393e-06,-3.777933e-06,-3.658369e-06,-3.578049e-06,-3.360245e-06,-3.137242e-06,-2.749074e-06,-2.444183e-06,-1.986969e-06,-1.898411e-06,-1.655591e-06,-1.392339e-06,NaN,NaN,NaN,NaN,NaN,NaN,NaN,NaN,NaN,NaN,NaN,NaN,NaN,NaN,NaN,NaN,NaN,NaN,NaN,NaN,NaN,NaN,NaN,NaN,NaN,NaN,NaN,NaN,NaN,NaN,NaN,NaN,NaN,NaN,NaN,NaN,NaN,NaN,NaN,NaN,NaN,NaN,NaN,NaN,NaN,NaN,NaN,NaN,NaN,NaN,NaN,NaN,NaN,NaN,NaN,NaN,NaN,NaN,NaN,NaN,NaN,NaN,NaN,NaN,NaN,NaN,NaN,NaN,NaN,NaN,NaN,NaN,NaN,NaN,NaN,NaN,NaN,NaN,NaN
NaN,NaN,NaN,NaN,NaN,NaN,NaN,NaN,NaN,NaN,NaN,NaN,NaN,NaN,NaN,NaN,NaN,NaN,NaN,NaN,NaN,NaN,-1.460507e-05,-1.384855e-05,-1.316639e-05,-1.276852e-05,-1.222607e-05,-1.204423e-05,-1.146034e-05,-1.098096e-05,-9.965534e-06,-8.953886e-06,-7.756732e-06,-6.379233e-06,-5.476207e-06,-4.517161e-06,-3.815154e-06,NaN,NaN,NaN,NaN,NaN,NaN,NaN,NaN,NaN,NaN,NaN,NaN,NaN,NaN,NaN,NaN,NaN,NaN,NaN,NaN,NaN,NaN,NaN,NaN,NaN,NaN,NaN,NaN,NaN,NaN,NaN,NaN,NaN,NaN,NaN,NaN,NaN,NaN,NaN,NaN,NaN,NaN,NaN,NaN,NaN,NaN,NaN,NaN,NaN,NaN,NaN,NaN,NaN,NaN,NaN,NaN,NaN,NaN,NaN,NaN,NaN,NaN,NaN,NaN,NaN,NaN,NaN,NaN,NaN,NaN,NaN,NaN,NaN,NaN,NaN,NaN,NaN,NaN,NaN
NaN,NaN,NaN,NaN,NaN,NaN,NaN,NaN,NaN,NaN,NaN,NaN,NaN,NaN,NaN,NaN,NaN,NaN,NaN,NaN,NaN,NaN,-2.659939e-05,-2.541023e-05,-2.438032e-05,-2.318511e-05,-2.2911e-05,-2.285985e-05,-2.265553e-05,-2.172207e-05,-2.009974e-05,-1.755752e-05,-1.511862e-05,-1.208005e-05,-1.094303e-05,-9.325127e-06,-7.773769e-06,NaN,NaN,NaN,NaN,NaN,NaN,NaN,NaN,NaN,NaN,NaN,NaN,NaN,NaN,NaN,NaN,NaN,NaN,NaN,NaN,NaN,NaN,NaN,NaN,NaN,NaN,NaN,NaN,NaN,NaN,NaN,NaN,NaN,NaN,NaN,NaN,NaN,NaN,NaN,NaN,NaN,NaN,NaN,NaN,NaN,NaN,NaN,NaN,NaN,NaN,NaN,NaN,NaN,NaN,NaN,NaN,NaN,NaN,NaN,NaN,NaN,NaN,NaN,NaN,NaN,NaN,NaN,NaN,NaN,NaN,NaN,NaN,NaN,NaN,NaN,NaN,NaN,NaN,NaN
NaN,NaN,NaN,NaN,NaN,NaN,NaN,NaN,NaN,NaN,NaN,NaN,NaN,NaN,NaN,NaN,NaN,NaN,NaN,NaN,NaN,-3.568639e-05,-3.353079e-05,-3.197724e-05,-3.104403e-05,-3.113032e-05,-3.150125e-05,-3.296503e-05,-3.34028e-05,-3.304677e-05,-3.022355e-05,-2.630301e-05,-2.169386e-05,-1.686934e-05,-1.368161e-05,-1.078298e-05,-8.97771e-06,-7.256675e-06,NaN,NaN,NaN,NaN,NaN,NaN,NaN,NaN,NaN,NaN,NaN,NaN,NaN,NaN,NaN,NaN,NaN,NaN,NaN,NaN,NaN,NaN,NaN,NaN,NaN,NaN,NaN,NaN,NaN,NaN,NaN,NaN,NaN,NaN,NaN,NaN,NaN,NaN,NaN,NaN,NaN,NaN,NaN,NaN,NaN,NaN,NaN,NaN,NaN,NaN,NaN,NaN,NaN,NaN,NaN,NaN,NaN,NaN,NaN,NaN,NaN,NaN,NaN,NaN,NaN,NaN,NaN,NaN,NaN,NaN,NaN,NaN,NaN,NaN,NaN,NaN,NaN,NaN
NaN,NaN,NaN,NaN,NaN,NaN,NaN,NaN,NaN,NaN,NaN,NaN,NaN,NaN,NaN,NaN,NaN,NaN,NaN,NaN,-4.326096e-05,-4.049497e-05,-3.936805e-05,-3.847868e-05,-3.857879e-05,-4.03011e-05,-4.569703e-05,-5.278854e-05,-5.879028e-05,-6.02441e-05,-5.588707e-05,-4.637278e-05,-3.560557e-05,-2.508087e-05,-1.951165e-05,-1.523996e-05,-1.196271e-05,-8.429241e-06,-8.295155e-06,NaN,NaN,NaN,NaN,NaN,NaN,NaN,NaN,NaN,NaN,NaN,NaN,NaN,NaN,NaN,NaN,NaN,NaN,NaN,NaN,NaN,NaN,NaN,NaN,NaN,NaN,NaN,NaN,NaN,NaN,NaN,NaN,NaN,NaN,NaN,NaN,NaN,NaN,NaN,NaN,NaN,NaN,NaN,NaN,NaN,NaN,NaN,NaN,NaN,NaN,NaN,NaN,NaN,NaN,NaN,NaN,NaN,NaN,NaN,NaN,NaN,NaN,NaN,NaN,NaN,NaN,NaN,NaN,NaN,NaN,NaN,NaN,NaN,NaN,NaN,NaN,NaN
NaN,NaN,NaN,NaN,NaN,NaN,NaN,NaN,NaN,NaN,NaN,NaN,NaN,NaN,NaN,NaN,NaN,NaN,NaN,NaN,-4.296647e-05,-4.229809e-05,-4.040163e-05,-4.138092e-05,-4.794559e-05,-6.251482e-05,-8.478112e-05,-0.0001132178,-0.0001374323,-0.0001476733,-0.0001369055,-0.0001107604,-7.853203e-05,-5.00255e-05,-2.996714e-05,-1.745005e-05,-1.214272e-05,-9.182425e-06,-6.512889e-06,NaN,NaN,NaN,NaN,NaN,NaN,NaN,NaN,NaN,NaN,NaN,NaN,NaN,NaN,NaN,NaN,NaN,NaN,NaN,NaN,NaN,NaN,NaN,NaN,NaN,NaN,NaN,NaN,NaN,NaN,NaN,NaN,NaN,NaN,NaN,NaN,NaN,NaN,NaN,NaN,NaN,NaN,NaN,NaN,NaN,NaN,NaN,NaN,NaN,NaN,NaN,NaN,NaN,NaN,NaN,NaN,NaN,NaN,NaN,NaN,NaN,NaN,NaN,NaN,NaN,NaN,NaN,NaN,NaN,NaN,NaN,NaN,NaN,NaN,NaN,NaN,NaN
NaN,NaN,NaN,NaN,NaN,NaN,NaN,NaN,NaN,NaN,NaN,NaN,NaN,NaN,NaN,NaN,NaN,NaN,NaN,-4.724937e-05,-4.6369e-05,-4.414569e-05,-4.860772e-05,-6.159184e-05,-9.345743e-05,-0.0001597423,-0.0002632029,-0.0003817166,-0.0004798264,-0.000521729,-0.0004917263,-0.0003996717,-0.0002764501,-0.0001637655,-8.369335e-05,-4.188498e-05,-2.180964e-05,-1.058445e-05,-9.830576e-06,-6.693311e-06,NaN,NaN,NaN,NaN,NaN,NaN,NaN,NaN,NaN,NaN,NaN,NaN,NaN,NaN,NaN,NaN,NaN,NaN,NaN,NaN,NaN,NaN,NaN,NaN,NaN,NaN,NaN,NaN,NaN,NaN,NaN,NaN,NaN,NaN,NaN,NaN,NaN,NaN,NaN,NaN,NaN,NaN,NaN,NaN,NaN,NaN,NaN,NaN,NaN,NaN,NaN,NaN,NaN,NaN,NaN,NaN,NaN,NaN,NaN,NaN,NaN,NaN,NaN,NaN,NaN,NaN,NaN,NaN,NaN,NaN,NaN,NaN,NaN,NaN,NaN,NaN
NaN,NaN,NaN,NaN,NaN,NaN,NaN,NaN,NaN,NaN,NaN,NaN,NaN,NaN,NaN,NaN,NaN,NaN,-4.858303e-05,-4.5215e-05,-4.606661e-05,-5.37381e-05,-7.662488e-05,-0.0001548407,-0.0003332724,-0.0006253942,-0.0009794198,-0.001318302,-0.001565807,-0.001676406,-0.00162511,-0.00141638,-0.001083639,-0.0007144388,-0.000373639,-0.0001569591,-5.86317e-05,-2.38755e-05,-1.028294e-05,-3.505717e-06,-5.144045e-06,NaN,NaN,NaN,NaN,NaN,NaN,NaN,NaN,NaN,NaN,NaN,NaN,NaN,NaN,NaN,NaN,NaN,NaN,NaN,NaN,NaN,NaN,NaN,NaN,NaN,NaN,NaN,NaN,NaN,NaN,NaN,NaN,NaN,NaN,NaN,NaN,NaN,NaN,NaN,NaN,NaN,NaN,NaN,NaN,NaN,NaN,NaN,NaN,NaN,NaN,NaN,NaN,NaN,NaN,NaN,NaN,NaN,NaN,NaN,NaN,NaN,NaN,NaN,NaN,NaN,NaN,NaN,NaN,NaN,NaN,NaN,NaN,NaN,NaN,NaN
NaN,NaN,NaN,NaN,NaN,NaN,NaN,NaN,NaN,NaN,NaN,NaN,NaN,NaN,NaN,NaN,NaN,-5.097548e-05,-4.971099e-05,-5.142059e-05,-6.248485e-05,-0.0001122224,-0.0002947359,-0.0006891882,-0.001303039,-0.001993895,-0.002609376,-0.003096406,-0.003434508,-0.003603193,-0.003585949,-0.003370782,-0.002956386,-0.002343869,-0.001571682,-0.0008365471,-0.0003452084,-0.0001050194,-3.307663e-05,-1.249725e-05,-4.95773e-06,-3.450434e-06,NaN,NaN,NaN,NaN,NaN,NaN,NaN,NaN,NaN,NaN,NaN,NaN,NaN,NaN,NaN,NaN,NaN,NaN,NaN,NaN,NaN,NaN,NaN,NaN,NaN,NaN,NaN,NaN,NaN,NaN,NaN,NaN,NaN,NaN,NaN,NaN,NaN,NaN,NaN,NaN,NaN,NaN,NaN,NaN,NaN,NaN,NaN,NaN,NaN,NaN,NaN,NaN,NaN,NaN,NaN,NaN,NaN,NaN,NaN,NaN,NaN,NaN,NaN,NaN,NaN,NaN,NaN,NaN,NaN,NaN,NaN,NaN,NaN,NaN
NaN,NaN,NaN,NaN,NaN,NaN,NaN,NaN,NaN,NaN,NaN,NaN,NaN,NaN,NaN,NaN,-4.949155e-05,-4.977628e-05,-5.457719e-05,-6.971572e-05,-0.0001876995,-0.0005426751,-0.001277999,-0.002203782,-0.003091107,-0.003898354,-0.004591397,-0.005141614,-0.005540383,-0.005769257,-0.005815208,-0.005659119,-0.005292791,-0.004691547,-0.003870191,-0.002848895,-0.001691332,-0.000721373,-0.0002137184,-3.896633e-05,-1.507004e-05,-2.198659e-06,2.762656e-06,NaN,NaN,NaN,NaN,NaN,NaN,NaN,NaN,NaN,NaN,NaN,NaN,NaN,NaN,NaN,NaN,NaN,NaN,NaN,NaN,NaN,NaN,NaN,NaN,NaN,NaN,NaN,NaN,NaN,NaN,NaN,NaN,NaN,NaN,NaN,NaN,NaN,NaN,NaN,NaN,NaN,NaN,NaN,NaN,NaN,NaN,NaN,NaN,NaN,NaN,NaN,NaN,NaN,NaN,NaN,NaN,NaN,NaN,NaN,NaN,NaN,NaN,NaN,NaN,NaN,NaN,NaN,NaN,NaN,NaN,NaN,NaN,NaN
NaN,NaN,NaN,NaN,NaN,NaN,NaN,NaN,NaN,NaN,NaN,NaN,NaN,NaN,NaN,-5.357213e-05,-5.446556e-05,-5.701284e-05,-0.0001008016,-0.0003204442,-0.0009694552,-0.002001481,-0.003068265,-0.004095025,-0.005051664,-0.005899767,-0.006653029,-0.007267991,-0.007743928,-0.008044567,-0.008170471,-0.008085782,-0.007795299,-0.007263434,-0.006517787,-0.005513588,-0.00429053,-0.002879246,-0.001394556,-0.0004270022,-8.462129e-05,-1.407274e-05,-4.704993e-06,-1.05097e-07,NaN,NaN,NaN,NaN,NaN,NaN,NaN,NaN,NaN,NaN,NaN,NaN,NaN,NaN,NaN,NaN,NaN,NaN,NaN,NaN,NaN,NaN,NaN,NaN,NaN,NaN,NaN,NaN,NaN,NaN,NaN,NaN,NaN,NaN,NaN,NaN,NaN,NaN,NaN,NaN,NaN,NaN,NaN,NaN,NaN,NaN,NaN,NaN,NaN,NaN,NaN,NaN,NaN,NaN,NaN,NaN,NaN,NaN,NaN,NaN,NaN,NaN,NaN,NaN,NaN,NaN,NaN,NaN,NaN,NaN,NaN,NaN
NaN,NaN,NaN,NaN,NaN,NaN,NaN,NaN,NaN,NaN,NaN,NaN,NaN,-5.309607e-05,-5.165886e-05,-5.593742e-05,-5.864484e-05,-0.0001511387,-0.0005401937,-0.001511296,-0.002641347,-0.003794385,-0.004916016,-0.005976721,-0.006989381,-0.007912815,-0.008741697,-0.009443686,-0.010005,-0.01039798,-0.01061166,-0.01061922,-0.01041174,-0.009965724,-0.009290763,-0.008360713,-0.007206597,-0.005794073,-0.0041692,-0.002422122,-0.000830092,-0.0001796446,-1.206101e-05,-8.119549e-06,4.461341e-06,5.477531e-06,NaN,NaN,NaN,NaN,NaN,NaN,NaN,NaN,NaN,NaN,NaN,NaN,NaN,NaN,NaN,NaN,NaN,NaN,NaN,NaN,NaN,NaN,NaN,NaN,NaN,NaN,NaN,NaN,NaN,NaN,NaN,NaN,NaN,NaN,NaN,NaN,NaN,NaN,NaN,NaN,NaN,NaN,NaN,NaN,NaN,NaN,NaN,NaN,NaN,NaN,NaN,NaN,NaN,NaN,NaN,NaN,NaN,NaN,NaN,NaN,NaN,NaN,NaN,NaN,NaN,NaN,NaN,NaN,NaN,NaN
NaN,NaN,NaN,NaN,NaN,NaN,NaN,NaN,NaN,NaN,NaN,NaN,-5.557218e-05,-5.493635e-05,-5.656681e-05,-7.540029e-05,-0.0002345215,-0.0008878182,-0.001978367,-0.003152117,-0.004337553,-0.005515245,-0.006681942,-0.007824891,-0.008910425,-0.00992961,-0.01084698,-0.01165659,-0.01231486,-0.01281867,-0.01312831,-0.01324434,-0.0131268,-0.01278636,-0.01219274,-0.01135815,-0.01025585,-0.008918077,-0.007347995,-0.005552977,-0.003574427,-0.001590031,-0.0003587161,-4.115526e-05,-5.295936e-06,3.195652e-06,2.318957e-06,NaN,NaN,NaN,NaN,NaN,NaN,NaN,NaN,NaN,NaN,NaN,NaN,NaN,NaN,NaN,NaN,NaN,NaN,NaN,NaN,NaN,NaN,NaN,NaN,NaN,NaN,NaN,NaN,NaN,NaN,NaN,NaN,NaN,NaN,NaN,NaN,NaN,NaN,NaN,NaN,NaN,NaN,NaN,NaN,NaN,NaN,NaN,NaN,NaN,NaN,NaN,NaN,NaN,NaN,NaN,NaN,NaN,NaN,NaN,NaN,NaN,NaN,NaN,NaN,NaN,NaN,NaN,NaN,NaN
NaN,NaN,NaN,NaN,NaN,NaN,NaN,NaN,NaN,NaN,NaN,-5.218084e-05,-5.485835e-05,-5.432481e-05,-9.645514e-05,-0.0003636196,-0.001234102,-0.002292388,-0.003445639,-0.004635193,-0.005856488,-0.007111998,-0.008357595,-0.009596831,-0.01078467,-0.01191843,-0.01294868,-0.01387618,-0.01464964,-0.0152709,-0.01569324,-0.0159221,-0.0159118,-0.01567721,-0.01517972,-0.01443943,-0.01342258,-0.01216382,-0.0106425,-0.008902329,-0.006947984,-0.004805981,-0.002626613,-0.0006967092,-0.0001044156,6.333986e-06,-3.489651e-06,7.606919e-06,NaN,NaN,NaN,NaN,NaN,NaN,NaN,NaN,NaN,NaN,NaN,NaN,NaN,NaN,NaN,NaN,NaN,NaN,NaN,NaN,NaN,NaN,NaN,NaN,NaN,NaN,NaN,NaN,NaN,NaN,NaN,NaN,NaN,NaN,NaN,NaN,NaN,NaN,NaN,NaN,NaN,NaN,NaN,NaN,NaN,NaN,NaN,NaN,NaN,NaN,NaN,NaN,NaN,NaN,NaN,NaN,NaN,NaN,NaN,NaN,NaN,NaN,NaN,NaN,NaN,NaN,NaN,NaN
NaN,NaN,NaN,NaN,NaN,NaN,NaN,NaN,NaN,NaN,-5.378848e-05,-5.475158e-05,-6.061173e-05,-0.0001287455,-0.0005483628,-0.001405106,-0.002411827,-0.003501117,-0.00467599,-0.005922922,-0.00724417,-0.008587763,-0.009960066,-0.01131458,-0.01264083,-0.01389424,-0.01506619,-0.01611325,-0.01702619,-0.01776163,-0.01831736,-0.0186517,-0.01876828,-0.01863065,-0.01825345,-0.01759814,-0.01668812,-0.01549519,-0.01407318,-0.0123679,-0.01047189,-0.008359751,-0.006098098,-0.003687072,-0.001397898,-0.0002296427,-7.690623e-06,-5.25216e-06,9.261209e-06,NaN,NaN,NaN,NaN,NaN,NaN,NaN,NaN,NaN,NaN,NaN,NaN,NaN,NaN,NaN,NaN,NaN,NaN,NaN,NaN,NaN,NaN,NaN,NaN,NaN,NaN,NaN,NaN,NaN,NaN,NaN,NaN,NaN,NaN,NaN,NaN,NaN,NaN,NaN,NaN,NaN,NaN,NaN,NaN,NaN,NaN,NaN,NaN,NaN,NaN,NaN,NaN,NaN,NaN,NaN,NaN,NaN,NaN,NaN,NaN,NaN,NaN,NaN,NaN,NaN,NaN,NaN
NaN,NaN,NaN,NaN,NaN,NaN,NaN,NaN,NaN,-5.056045e-05,-5.233683e-05,-6.142853e-05,-0.0001587528,-0.000646294,-0.00135265,-0.002243171,-0.003250983,-0.004401184,-0.005674125,-0.007029339,-0.008477431,-0.009967123,-0.01148478,-0.01298969,-0.01446544,-0.0158701,-0.01718617,-0.01837551,-0.01942229,-0.02029012,-0.02096881,-0.02142524,-0.02165489,-0.0216301,-0.02135478,-0.02080248,-0.01998694,-0.01888951,-0.0175387,-0.01591182,-0.01407817,-0.0119951,-0.009736393,-0.007350004,-0.004833391,-0.002416697,-0.0004638531,-4.331716e-05,1.192841e-05,1.321626e-06,NaN,NaN,NaN,NaN,NaN,NaN,NaN,NaN,NaN,NaN,NaN,NaN,NaN,NaN,NaN,NaN,NaN,NaN,NaN,NaN,NaN,NaN,NaN,NaN,NaN,NaN,NaN,NaN,NaN,NaN,NaN,NaN,NaN,NaN,NaN,NaN,NaN,NaN,NaN,NaN,NaN,NaN,NaN,NaN,NaN,NaN,NaN,NaN,NaN,NaN,NaN,NaN,NaN,NaN,NaN,NaN,NaN,NaN,NaN,NaN,NaN,NaN,NaN,NaN,NaN,NaN
NaN,NaN,NaN,NaN,NaN,NaN,NaN,-4.907905e-05,-4.644804e-05,-5.434528e-05,-5.670698e-05,-0.0001496411,-0.0004883739,-0.001020468,-0.001766441,-0.002688721,-0.003797698,-0.005077514,-0.006491313,-0.008020231,-0.009637284,-0.01130714,-0.01299895,-0.01468514,-0.01632535,-0.01789796,-0.01936324,-0.02070571,-0.02188398,-0.02288958,-0.02368249,-0.02426328,-0.02459271,-0.02468325,-0.02449647,-0.02405353,-0.02331459,-0.02232005,-0.02103618,-0.01950854,-0.01770937,-0.01571313,-0.01346212,-0.01111108,-0.008595045,-0.00602281,-0.003395564,-0.001021889,-0.0001251398,6.949469e-06,-7.675758e-06,1.175361e-05,NaN,NaN,NaN,NaN,NaN,NaN,NaN,NaN,NaN,NaN,NaN,NaN,NaN,NaN,NaN,NaN,NaN,NaN,NaN,NaN,NaN,NaN,NaN,NaN,NaN,NaN,NaN,NaN,NaN,NaN,NaN,NaN,NaN,NaN,NaN,NaN,NaN,NaN,NaN,NaN,NaN,NaN,NaN,NaN,NaN,NaN,NaN,NaN,NaN,NaN,NaN,NaN,NaN,NaN,NaN,NaN,NaN,NaN,NaN,NaN,NaN,NaN,NaN,NaN
NaN,NaN,NaN,NaN,NaN,NaN,-4.148005e-05,-4.730923e-05,-4.378151e-05,-1.372033e-05,9.166085e-05,1.898854e-05,-0.0003174591,-0.0008991162,-0.001742683,-0.002825914,-0.004099649,-0.005579373,-0.007202968,-0.008948288,-0.01077704,-0.0126635,-0.01455812,-0.01643952,-0.01826334,-0.02000836,-0.02163309,-0.02312074,-0.02443415,-0.02556073,-0.02646853,-0.02715069,-0.02758044,-0.027758,-0.0276612,-0.02729555,-0.02664473,-0.02572395,-0.02452042,-0.02305841,-0.02134188,-0.0193873,-0.01720205,-0.0148833,-0.01237461,-0.009749946,-0.007115921,-0.004437168,-0.001993321,-0.0002841385,-1.226772e-05,9.748303e-06,4.691978e-06,NaN,NaN,NaN,NaN,NaN,NaN,NaN,NaN,NaN,NaN,NaN,NaN,NaN,NaN,NaN,NaN,NaN,NaN,NaN,NaN,NaN,NaN,NaN,NaN,NaN,NaN,NaN,NaN,NaN,NaN,NaN,NaN,NaN,NaN,NaN,NaN,NaN,NaN,NaN,NaN,NaN,NaN,NaN,NaN,NaN,NaN,NaN,NaN,NaN,NaN,NaN,NaN,NaN,NaN,NaN,NaN,NaN,NaN,NaN,NaN,NaN,NaN,NaN
NaN,NaN,NaN,NaN,NaN,-2.756467e-05,-4.845564e-05,-1.27951e-05,0.0001933194,0.0006832739,0.0009404766,0.0007993103,0.0003706632,-0.0004056243,-0.001451733,-0.002774557,-0.00430795,-0.006052925,-0.007937684,-0.009949708,-0.01203109,-0.01415585,-0.01627766,-0.01836689,-0.02038395,-0.02229779,-0.02408101,-0.0257015,-0.0271419,-0.02836932,-0.02937839,-0.03013642,-0.03065012,-0.03088691,-0.03086566,-0.030551,-0.02997333,-0.02909821,-0.02797419,-0.02655897,-0.02491618,-0.02300376,-0.02090614,-0.01858779,-0.01615027,-0.0135028,-0.01087628,-0.008177158,-0.005510438,-0.002911965,-0.0006966391,-6.388946e-05,8.792281e-06,-8.761524e-06,NaN,NaN,NaN,NaN,NaN,NaN,NaN,NaN,NaN,NaN,NaN,NaN,NaN,NaN,NaN,NaN,NaN,NaN,NaN,NaN,NaN,NaN,NaN,NaN,NaN,NaN,NaN,NaN,NaN,NaN,NaN,NaN,NaN,NaN,NaN,NaN,NaN,NaN,NaN,NaN,NaN,NaN,NaN,NaN,NaN,NaN,NaN,NaN,NaN,NaN,NaN,NaN,NaN,NaN,NaN,NaN,NaN,NaN,NaN,NaN,NaN,NaN
NaN,NaN,NaN,-2.770943e-05,-3.575299e-05,-2.955436e-05,0.0001012433,0.0009360579,0.001823497,0.00233543,0.002423889,0.002100167,0.001386388,0.0003340731,-0.001042319,-0.002687811,-0.004560073,-0.006623968,-0.008834755,-0.01114105,-0.0135082,-0.01589204,-0.01825292,-0.02055208,-0.02275809,-0.02483601,-0.02675908,-0.02849937,-0.03003639,-0.03134766,-0.03241948,-0.03323558,-0.03378911,-0.03406885,-0.03407409,-0.03379784,-0.03324568,-0.03241587,-0.03131748,-0.02995559,-0.02835019,-0.02649828,-0.02443384,-0.02218816,-0.01975766,-0.01717252,-0.01454792,-0.0118355,-0.009076914,-0.006421378,-0.00383661,-0.001564278,-0.0001804892,-2.726366e-06,6.454843e-06,3.452554e-06,NaN,NaN,NaN,NaN,NaN,NaN,NaN,NaN,NaN,NaN,NaN,NaN,NaN,NaN,NaN,NaN,NaN,NaN,NaN,NaN,NaN,NaN,NaN,NaN,NaN,NaN,NaN,NaN,NaN,NaN,NaN,NaN,NaN,NaN,NaN,NaN,NaN,NaN,NaN,NaN,NaN,NaN,NaN,NaN,NaN,NaN,NaN,NaN,NaN,NaN,NaN,NaN,NaN,NaN,NaN,NaN,NaN,NaN,NaN,NaN
NaN,NaN,-5.709015e-07,-3.427248e-05,2.689981e-05,0.0005762932,0.002202149,0.003586425,0.004302333,0.004587702,0.004286028,0.003638945,0.002495823,0.001056783,-0.0007626342,-0.002790633,-0.005089523,-0.007512127,-0.01009548,-0.01271701,-0.01539976,-0.01803661,-0.02064637,-0.02313965,-0.02552755,-0.0277391,-0.02978296,-0.03160524,-0.03321135,-0.03456334,-0.03566447,-0.0364928,-0.03704932,-0.03732677,-0.03732282,-0.03704355,-0.0364806,-0.03565576,-0.03455795,-0.03322078,-0.03162131,-0.02981682,-0.02777934,-0.02557819,-0.02317686,-0.02066714,-0.0180227,-0.01536585,-0.01256233,-0.009889656,-0.007259933,-0.004740782,-0.002387851,-0.0005101049,-3.629316e-05,3.440159e-06,-8.577894e-06,NaN,NaN,NaN,NaN,NaN,NaN,NaN,NaN,NaN,NaN,NaN,NaN,NaN,NaN,NaN,NaN,NaN,NaN,NaN,NaN,NaN,NaN,NaN,NaN,NaN,NaN,NaN,NaN,NaN,NaN,NaN,NaN,NaN,NaN,NaN,NaN,NaN,NaN,NaN,NaN,NaN,NaN,NaN,NaN,NaN,NaN,NaN,NaN,NaN,NaN,NaN,NaN,NaN,NaN,NaN,NaN,NaN,NaN,NaN
5.870669e-06,-2.533244e-05,-3.126719e-06,0.0002689254,0.002148478,0.004354978,0.005946158,0.006931505,0.007286867,0.007065984,0.006303479,0.005099147,0.003461156,0.001481558,-0.0008168092,-0.003348323,-0.006077592,-0.008934719,-0.01188693,-0.01486241,-0.01783417,-0.02074419,-0.02356342,-0.02624472,-0.02876657,-0.03109184,-0.03320272,-0.03507327,-0.03669143,-0.03804157,-0.03911588,-0.03990828,-0.04041512,-0.04063867,-0.04057752,-0.04024098,-0.03963021,-0.03876074,-0.03763158,-0.03626646,-0.03466829,-0.03285775,-0.03084152,-0.02866178,-0.02630042,-0.02381553,-0.02123487,-0.01856486,-0.01581982,-0.01313965,-0.01046752,-0.007852582,-0.005408168,-0.003168949,-0.001248847,-0.0001364206,-2.544737e-06,2.278605e-06,-1.963817e-06,NaN,NaN,NaN,NaN,NaN,NaN,NaN,NaN,NaN,NaN,NaN,NaN,NaN,NaN,NaN,NaN,NaN,NaN,NaN,NaN,NaN,NaN,NaN,NaN,NaN,NaN,NaN,NaN,NaN,NaN,NaN,NaN,NaN,NaN,NaN,NaN,NaN,NaN,NaN,NaN,NaN,NaN,NaN,NaN,NaN,NaN,NaN,NaN,NaN,NaN,NaN,NaN,NaN,NaN,NaN,NaN,NaN
-4.653974e-06,0.0001056713,0.00136908,0.004523266,0.007314237,0.009135353,0.01025271,0.01051898,0.01033496,0.009389335,0.008031488,0.006120708,0.003904052,0.001272567,-0.001552941,-0.004647135,-0.007829224,-0.01115336,-0.0144598,-0.01779823,-0.02102994,-0.02419322,-0.02717655,-0.03001423,-0.03261257,-0.03500491,-0.03711833,-0.03898366,-0.04054651,-0.04183691,-0.04281678,-0.04351395,-0.04390565,-0.0440176,-0.04383982,-0.04339307,-0.04267898,-0.0417131,-0.04051067,-0.0390772,-0.03743469,-0.03558937,-0.03357467,-0.03137545,-0.02905293,-0.02658648,-0.02404076,-0.02139633,-0.01872352,-0.01601449,-0.01339513,-0.01071955,-0.008255575,-0.005933477,-0.003782672,-0.001875015,-0.0004394732,-2.889687e-05,-5.357145e-06,-5.827917e-06,NaN,NaN,NaN,NaN,NaN,NaN,NaN,NaN,NaN,NaN,NaN,NaN,NaN,NaN,NaN,NaN,NaN,NaN,NaN,NaN,NaN,NaN,NaN,NaN,NaN,NaN,NaN,NaN,NaN,NaN,NaN,NaN,NaN,NaN,NaN,NaN,NaN,NaN,NaN,NaN,NaN,NaN,NaN,NaN,NaN,NaN,NaN,NaN,NaN,NaN,NaN,NaN,NaN,NaN,NaN,1.794951e-05
0.0007735955,0.004407406,0.008341893,0.01108315,0.0131163,0.01415817,0.01450908,0.01395999,0.01292156,0.01117685,0.009031008,0.006363035,0.003433096,0.0001391992,-0.003291758,-0.006942421,-0.01060765,-0.01436224,-0.01803117,-0.0216732,-0.0251408,-0.02849091,-0.03159539,-0.03450873,-0.03712744,-0.03950392,-0.04155462,-0.04333018,-0.04476748,-0.0459163,-0.04673029,-0.04725618,-0.04746316,-0.04739499,-0.04703311,-0.04641582,-0.04553764,-0.04442929,-0.04309231,-0.04155108,-0.039821,-0.03790989,-0.03584323,-0.03363126,-0.03129503,-0.02884173,-0.02632579,-0.02370849,-0.0210734,-0.01842227,-0.0157907,-0.01316327,-0.01070228,-0.008301308,-0.006080974,-0.004076243,-0.002371735,-0.0009516825,-0.0001283247,-1.594092e-06,-9.688365e-06,-3.423751e-06,NaN,NaN,NaN,NaN,NaN,NaN,NaN,NaN,NaN,NaN,NaN,NaN,NaN,NaN,NaN,NaN,NaN,NaN,NaN,NaN,NaN,NaN,NaN,NaN,NaN,NaN,NaN,NaN,NaN,NaN,NaN,NaN,NaN,NaN,NaN,NaN,NaN,NaN,NaN,NaN,NaN,NaN,NaN,NaN,NaN,NaN,NaN,NaN,NaN,NaN,NaN,5.442698e-05,4.469744e-06,4.118053e-05
0.008910892,0.01293411,0.01603114,0.01789693,0.01873779,0.01886987,0.01807333,0.01660811,0.01450906,0.01189147,0.008800477,0.005363617,0.001626357,-0.002311478,-0.006398711,-0.01054532,-0.01471128,-0.01881791,-0.0228263,-0.02667909,-0.0303427,-0.03376856,-0.03693746,-0.03981409,-0.04238555,-0.04462986,-0.04654492,-0.04811881,-0.04935757,-0.05025926,-0.05083643,-0.05109418,-0.05105013,-0.05071575,-0.0501109,-0.04924995,-0.04815307,-0.04683662,-0.04532252,-0.04362426,-0.04175816,-0.03974599,-0.03760068,-0.03533126,-0.03296565,-0.03051492,-0.02798546,-0.02541552,-0.02280702,-0.02019084,-0.01759709,-0.01503294,-0.0125458,-0.01019372,-0.007921533,-0.005884874,-0.004080188,-0.002479627,-0.001232943,-0.0003506135,-3.327271e-05,-5.646985e-06,-1.337379e-05,NaN,NaN,NaN,NaN,NaN,NaN,NaN,NaN,NaN,NaN,NaN,NaN,NaN,NaN,NaN,NaN,NaN,NaN,NaN,NaN,NaN,NaN,NaN,NaN,NaN,NaN,NaN,NaN,NaN,NaN,NaN,NaN,NaN,NaN,NaN,NaN,NaN,NaN,NaN,NaN,NaN,NaN,NaN,NaN,NaN,NaN,NaN,NaN,NaN,2.101761e-05,3.70314e-05,0.0004735779,0.003803104
0.01889594,0.02171643,0.02330313,0.02406366,0.02356143,0.02242944,0.02040433,0.01782307,0.01458737,0.01098921,0.006935798,0.002676765,-0.001847847,-0.00642806,-0.01111309,-0.01572673,-0.02030284,-0.02469716,-0.02894523,-0.03292106,-0.03666171,-0.04006955,-0.04317866,-0.04591367,-0.04831381,-0.05032317,-0.05198273,-0.05325545,-0.05418365,-0.05474593,-0.05498482,-0.05489199,-0.05450822,-0.0538355,-0.05291048,-0.05174307,-0.05036484,-0.04879115,-0.04704328,-0.04514281,-0.04310662,-0.04095211,-0.03868861,-0.03634892,-0.03391869,-0.03143914,-0.02890753,-0.02634508,-0.02375548,-0.02119601,-0.0186176,-0.01611413,-0.0136685,-0.01132337,-0.009072575,-0.007054635,-0.005145668,-0.003510985,-0.002142239,-0.001068521,-0.0003391137,-2.888596e-05,8.400489e-07,-1.35283e-05,-1.008248e-05,NaN,NaN,NaN,NaN,NaN,NaN,NaN,NaN,NaN,NaN,NaN,NaN,NaN,NaN,NaN,NaN,NaN,NaN,NaN,NaN,NaN,NaN,NaN,NaN,NaN,NaN,NaN,NaN,NaN,NaN,NaN,NaN,NaN,NaN,NaN,NaN,NaN,NaN,NaN,NaN,NaN,NaN,NaN,NaN,NaN,5.58488e-05,5.558443e-05,0.0003137231,0.002996437,0.009208659,0.0147687
0.02816324,0.02945971,0.02949117,0.02860785,0.02668053,0.02411555,0.020753,0.01692715,0.01256401,0.007920126,0.002944464,-0.002135117,-0.007360954,-0.01254305,-0.01771355,-0.02270914,-0.02756541,-0.03214462,-0.03647863,-0.04046238,-0.04412645,-0.04738763,-0.0502831,-0.05275256,-0.05483356,-0.05648705,-0.05775432,-0.05861557,-0.0591112,-0.05923614,-0.05903046,-0.0585025,-0.05768895,-0.05660723,-0.05528908,-0.05375855,-0.05203817,-0.05015757,-0.04813278,-0.04599422,-0.04374316,-0.04142066,-0.03901754,-0.036566,-0.03406136,-0.03153872,-0.02896837,-0.02641732,-0.02384168,-0.02129777,-0.01877286,-0.01631363,-0.01389088,-0.01160427,-0.009386423,-0.007352354,-0.005461765,-0.00380055,-0.002336731,-0.001197374,-0.0003162636,0.0001955276,0.0003435534,0.0001237218,1.211275e-05,-2.459464e-05,-7.676726e-06,NaN,NaN,NaN,NaN,NaN,NaN,NaN,NaN,NaN,NaN,NaN,NaN,NaN,NaN,NaN,NaN,NaN,NaN,NaN,NaN,NaN,NaN,NaN,NaN,NaN,NaN,NaN,NaN,NaN,NaN,NaN,NaN,NaN,NaN,NaN,NaN,NaN,NaN,NaN,NaN,NaN,8.557886e-05,7.433374e-05,0.0002653459,0.002677254,0.009744317,0.01675512,0.0218212,0.02580703
0.035869,0.035142,0.03339196,0.03077151,0.02728865,0.02315724,0.01847874,0.0133682,0.007919868,0.002262003,-0.003531116,-0.009359788,-0.01514894,-0.02081953,-0.02630648,-0.03155558,-0.03650228,-0.04111638,-0.04534939,-0.04918258,-0.0525782,-0.05554271,-0.05804186,-0.06009974,-0.06169358,-0.06286183,-0.06358703,-0.0639231,-0.06385577,-0.06344847,-0.06268915,-0.06164988,-0.06031751,-0.05876788,-0.05698464,-0.0550456,-0.05292879,-0.05071205,-0.04836355,-0.04596223,-0.04347112,-0.04095915,-0.03838349,-0.03582337,-0.03321169,-0.03063017,-0.02802666,-0.02545882,-0.02288161,-0.0203782,-0.01786479,-0.01545382,-0.01308228,-0.01082012,-0.0086407,-0.006644112,-0.004741549,-0.003075146,-0.001598014,-0.0003855917,0.0005896782,0.001205048,0.001536145,0.001487893,0.0010185,0.0002796341,3.086506e-05,-2.953454e-05,-6.022916e-06,NaN,NaN,NaN,NaN,NaN,NaN,NaN,NaN,NaN,NaN,NaN,NaN,NaN,NaN,NaN,NaN,NaN,NaN,NaN,NaN,NaN,NaN,NaN,NaN,NaN,NaN,NaN,NaN,NaN,NaN,NaN,NaN,NaN,NaN,NaN,NaN,NaN,0.0001097369,8.665419e-05,0.0003541117,0.002974772,0.01107403,0.01934734,0.02532223,0.03044155,0.03348631,0.03526933
0.04046788,0.03769072,0.0340892,0.02958296,0.02452997,0.01888984,0.01291702,0.006605575,0.0001972121,-0.006346443,-0.01280135,-0.01920643,-0.02536589,-0.03133255,-0.03692836,-0.04221503,-0.04704071,-0.05147769,-0.05539021,-0.05886952,-0.06179439,-0.06426602,-0.06618243,-0.06765702,-0.06859908,-0.06913134,-0.06917455,-0.06886032,-0.06811601,-0.06707668,-0.06567445,-0.06404701,-0.06212834,-0.06005472,-0.05775918,-0.05537369,-0.05282605,-0.05024442,-0.04755449,-0.04487547,-0.04212193,-0.03941482,-0.03666293,-0.03397039,-0.03125488,-0.02861451,-0.02594853,-0.023379,-0.02079513,-0.0183011,-0.01582488,-0.01345246,-0.01109981,-0.008900554,-0.006746587,-0.00476164,-0.002887019,-0.001223572,0.000299131,0.00153937,0.002579069,0.003297787,0.003767845,0.003850822,0.003598346,0.002997398,0.001915541,0.0005916018,9.793644e-05,-3.591479e-05,-1.406372e-05,-4.009757e-05,NaN,NaN,NaN,NaN,NaN,NaN,NaN,NaN,NaN,NaN,NaN,NaN,NaN,NaN,NaN,NaN,NaN,NaN,NaN,NaN,NaN,NaN,NaN,NaN,NaN,NaN,NaN,NaN,NaN,NaN,NaN,9.042431e-05,9.940467e-05,8.833311e-05,0.0007095853,0.004300276,0.01377939,0.02292415,0.02975538,0.03575152,0.03943563,0.04164071,0.0427184,0.04210384
0.04106746,0.03608811,0.03059939,0.02434843,0.0178014,0.01075044,0.003674364,-0.003651854,-0.01082267,-0.01801829,-0.02489131,-0.03162028,-0.03789422,-0.04388575,-0.0493251,-0.05438726,-0.0588298,-0.06283098,-0.06618656,-0.0690688,-0.07130431,-0.07307119,-0.07421674,-0.07492038,-0.07505523,-0.07479792,-0.07403753,-0.07294904,-0.07143717,-0.06967085,-0.06756485,-0.06528003,-0.06273943,-0.06009332,-0.05726872,-0.05440278,-0.05142531,-0.04846,-0.04543478,-0.04246093,-0.03946936,-0.03654928,-0.03363413,-0.03081175,-0.02800087,-0.02528137,-0.02259406,-0.01998531,-0.0174125,-0.01493494,-0.01248269,-0.01013458,-0.007846054,-0.005651425,-0.003548466,-0.00158429,0.0002792318,0.001963738,0.003478392,0.004790417,0.005887835,0.006716514,0.007289468,0.007528352,0.007483719,0.007083762,0.006244122,0.005146892,0.003552183,0.00155558,0.0003057705,1.794994e-05,-3.876815e-05,-1.072585e-05,-6.037469e-05,NaN,NaN,NaN,NaN,NaN,NaN,NaN,NaN,NaN,NaN,NaN,NaN,NaN,NaN,NaN,NaN,NaN,NaN,NaN,NaN,NaN,NaN,NaN,NaN,NaN,6.456904e-06,0.0001514022,9.147007e-05,0.0002810996,0.001623121,0.008338224,0.01907584,0.02806236,0.0356044,0.04212222,0.04624755,0.04865137,0.05010508,0.04953456,0.04792663,0.04486025
0.03635716,0.02953992,0.02221902,0.01449099,0.006552777,-0.001489283,-0.009538635,-0.01746584,-0.02518613,-0.03261169,-0.03967773,-0.04630192,-0.05245022,-0.05805623,-0.06310804,-0.06754896,-0.07139677,-0.07460558,-0.07720798,-0.07917803,-0.08056553,-0.08134926,-0.08159985,-0.08130439,-0.08054315,-0.07930846,-0.07769043,-0.07568232,-0.07338089,-0.07077783,-0.06797211,-0.06495092,-0.06181355,-0.05854021,-0.05522722,-0.05184523,-0.04848598,-0.04511015,-0.04180678,-0.03852244,-0.03533736,-0.03219606,-0.02917308,-0.02619218,-0.0233413,-0.02053415,-0.01784207,-0.01519956,-0.01267,-0.01016733,-0.007796148,-0.005448055,-0.003220856,-0.001048355,0.0009935268,0.002981532,0.004786708,0.006512652,0.00803806,0.009428327,0.01056885,0.01154639,0.01221973,0.01268082,0.01279829,0.01262435,0.01209885,0.01133995,0.009934658,0.008405145,0.006500275,0.003937751,0.001232593,0.0003136912,2.495455e-05,-3.328309e-05,-3.437664e-05,-4.421579e-05,NaN,NaN,NaN,NaN,NaN,NaN,NaN,NaN,NaN,NaN,NaN,NaN,NaN,NaN,NaN,NaN,NaN,NaN,NaN,2.751702e-05,0.0001186922,8.328206e-05,0.000357455,0.001193819,0.005200409,0.01652627,0.02715861,0.03551456,0.04319813,0.05007711,0.05385271,0.05655523,0.05785068,0.05736873,0.05544141,0.05218921,0.04791615,0.04254666
0.02595903,0.01744426,0.008628249,-0.0002217644,-0.00912532,-0.0178667,-0.02640102,-0.03458147,-0.04239302,-0.04969325,-0.05648633,-0.06266993,-0.06825312,-0.0731589,-0.07741126,-0.08096258,-0.08384133,-0.08602654,-0.08755852,-0.08843164,-0.08869704,-0.08836986,-0.08750279,-0.08612455,-0.08429189,-0.08204394,-0.07943543,-0.07651106,-0.07332298,-0.06991959,-0.06634625,-0.06265149,-0.05887132,-0.05505172,-0.05121737,-0.04741114,-0.04364743,-0.03996237,-0.03635465,-0.03285789,-0.02946369,-0.02619304,-0.02302799,-0.01999726,-0.01706044,-0.01424911,-0.01153273,-0.008919192,-0.006386144,-0.00396245,-0.001590187,0.0006731304,0.002871776,0.004981617,0.007014279,0.008927196,0.01077112,0.01246724,0.01404875,0.01546722,0.01673991,0.01779635,0.01867007,0.01928302,0.01966998,0.01976766,0.01959299,0.01903646,0.01817338,0.01712521,0.01548086,0.01340952,0.01143632,0.008920285,0.005743242,0.00219757,0.0006239145,0.0002805968,9.663291e-05,-5.266509e-05,-2.921978e-05,-6.991502e-05,-6.892777e-05,-0.000102949,NaN,NaN,NaN,NaN,NaN,NaN,NaN,-7.673079e-05,-3.902128e-05,-5.821888e-07,7.840634e-05,9.928134e-05,0.000426679,0.0008234204,0.001714328,0.007091803,0.01882997,0.02861735,0.03745336,0.04536643,0.05328862,0.05918738,0.06240625,0.06521296,0.06603808,0.06535107,0.06291879,0.05926969,0.05443468,0.04855157,0.04162224,0.03408719
0.009478925,-0.000282666,-0.009977706,-0.01958847,-0.02887838,-0.03783502,-0.04631652,-0.05430176,-0.06165427,-0.06840327,-0.07442693,-0.07976967,-0.08433592,-0.08819102,-0.09125651,-0.09361061,-0.09520015,-0.09611705,-0.09631512,-0.09590784,-0.09485897,-0.09328654,-0.09116863,-0.08862897,-0.08564586,-0.08234736,-0.07871456,-0.07487332,-0.07080291,-0.0666262,-0.06231763,-0.05799397,-0.05362234,-0.04931188,-0.04502125,-0.04085129,-0.03675058,-0.03281026,-0.02897177,-0.0253151,-0.02177023,-0.0184177,-0.01517769,-0.01211451,-0.009160022,-0.00637137,-0.003660922,-0.001110297,0.001380202,0.003743383,0.006042819,0.008231776,0.01038232,0.01240379,0.01439541,0.01627011,0.01808258,0.01976906,0.02139305,0.02284988,0.02421411,0.02539226,0.02643905,0.0272627,0.02791765,0.02829352,0.0284774,0.02836651,0.02801124,0.02729189,0.02623395,0.0250394,0.02376864,0.02147705,0.01905167,0.0169742,0.01465178,0.01195863,0.008289412,0.00401289,0.001552083,0.000797158,0.0006332521,0.0005715203,0.000567923,0.0005451142,0.0005610167,0.0005673737,0.0006171521,0.000654734,0.0007214507,0.0007809043,0.0009105849,0.001273441,0.002945328,0.009348462,0.01984598,0.02800965,0.03487298,0.04295107,0.05028971,0.05834462,0.0653968,0.06875237,0.07193877,0.07401644,0.07423868,0.07295138,0.06995974,0.06558415,0.06014793,0.05350659,0.04586409,0.03745031,0.02855017,0.01913922
-0.01253171,-0.02290889,-0.03295997,-0.04258101,-0.05169559,-0.06024632,-0.06811333,-0.0752918,-0.0817072,-0.0873481,-0.09216949,-0.09619083,-0.09938063,-0.1017738,-0.1033605,-0.1041942,-0.1042737,-0.1036684,-0.1023928,-0.100521,-0.09807834,-0.09514877,-0.09175945,-0.08799667,-0.08389144,-0.07952935,-0.07493876,-0.07020131,-0.06534207,-0.06043719,-0.05550471,-0.05061232,-0.04576964,-0.04103518,-0.0364092,-0.0319411,-0.02762242,-0.02349144,-0.01952795,-0.01576439,-0.01217675,-0.008781528,-0.005550875,-0.002506581,0.0003983768,0.00314114,0.005755045,0.008243585,0.01062708,0.01289253,0.01509216,0.01718729,0.01921586,0.02117442,0.02306567,0.02487439,0.02663792,0.0283086,0.02990731,0.03141574,0.03283588,0.03413212,0.03531898,0.03635308,0.03724695,0.03797027,0.03850693,0.03881107,0.03892954,0.03883003,0.0385011,0.03796423,0.03708635,0.03583772,0.03478935,0.03385105,0.0320352,0.02948329,0.02721964,0.02565927,0.02439275,0.02348116,0.02303844,0.02277187,0.0225438,0.02230731,0.02231026,0.02280626,0.02394655,0.02550857,0.02728125,0.02915097,0.03147183,0.03477224,0.04022886,0.04698309,0.05321136,0.0599547,0.06741495,0.07294434,0.0758532,0.07919847,0.08193363,0.08248362,0.08173564,0.0795251,0.07567809,0.07057232,0.06434066,0.05689226,0.04838346,0.03911535,0.02936098,0.01912528,0.008583698,-0.002025188
-0.03896764,-0.04914915,-0.05875536,-0.06774445,-0.07599074,-0.08345825,-0.09011756,-0.09592508,-0.100855,-0.1049136,-0.1080882,-0.1103977,-0.111853,-0.1124911,-0.1123364,-0.1114353,-0.1098316,-0.107579,-0.1047253,-0.1013395,-0.09747245,-0.09319161,-0.08855479,-0.08362907,-0.07846782,-0.07313597,-0.06768411,-0.06217038,-0.0566384,-0.05113877,-0.0457069,-0.04038371,-0.03519506,-0.03017223,-0.02533162,-0.02069436,-0.01626607,-0.01205891,-0.008072592,-0.004308212,-0.0007550382,0.002584044,0.005727171,0.008686228,0.01146709,0.01408873,0.01657307,0.01891444,0.02114749,0.02327946,0.02530936,0.02726706,0.0291575,0.03096974,0.03273687,0.03445053,0.03610239,0.03770941,0.03926953,0.04076282,0.04219819,0.04356548,0.04485456,0.04605768,0.0471611,0.0481423,0.04901249,0.0497634,0.05036029,0.05077991,0.05105826,0.05121413,0.05121243,0.05102314,0.05081984,0.05038115,0.049503,0.04863864,0.04847401,0.04897255,0.04910643,0.04880234,0.04859022,0.04861303,0.04887434,0.04942764,0.05035464,0.05166265,0.05332572,0.05532385,0.05773005,0.06068302,0.06440976,0.06916988,0.07450083,0.07828609,0.08044806,0.08375748,0.08752427,0.08960573,0.08984546,0.0893334,0.08764352,0.08400218,0.07913622,0.07318194,0.06606156,0.05775401,0.04837978,0.03826748,0.02769644,0.01668086,0.005345736,-0.006031511,-0.0172469,-0.02827535
-0.06758412,-0.07680912,-0.08524984,-0.0928184,-0.09952118,-0.1053175,-0.1101701,-0.1140911,-0.1170838,-0.1191519,-0.1203242,-0.1206294,-0.1201062,-0.1187949,-0.1167481,-0.114021,-0.1106673,-0.1067509,-0.102337,-0.09748568,-0.09226522,-0.08674076,-0.08097363,-0.07502568,-0.06895695,-0.06282307,-0.05667648,-0.05056543,-0.04453342,-0.03861998,-0.03285927,-0.02728085,-0.0219084,-0.0167614,-0.01185374,-0.007195781,-0.002792876,0.001353934,0.005249807,0.00889752,0.01230528,0.01548964,0.01846021,0.02122676,0.02381746,0.02623816,0.02850329,0.03064388,0.03265996,0.03456776,0.03639869,0.03814209,0.03981903,0.04145223,0.043028,0.04456153,0.04607251,0.04754361,0.04898307,0.05040213,0.0517901,0.05314279,0.05446187,0.05573533,0.05696461,0.05814813,0.05926132,0.06029173,0.06126373,0.06218217,0.06302274,0.06375302,0.06436227,0.06495602,0.06554274,0.06603088,0.06637209,0.06684981,0.06773206,0.06867037,0.0692941,0.06966121,0.07003681,0.07059949,0.07146007,0.07265111,0.0741197,0.07574299,0.07748236,0.07943454,0.08178779,0.08464253,0.0879688,0.09140939,0.09409169,0.09518164,0.09533349,0.09553092,0.09531324,0.09338961,0.08971559,0.08506329,0.07931363,0.07240581,0.06431406,0.05511138,0.04495035,0.03413297,0.02287498,0.01120767,-0.0007694982,-0.01274268,-0.02448942,-0.03597777,-0.04711655,-0.05768227
-0.09575904,-0.1031983,-0.1096969,-0.1152593,-0.1198251,-0.1233997,-0.126013,-0.1276627,-0.1283767,-0.1281976,-0.1271609,-0.1253132,-0.1227087,-0.1194062,-0.1154644,-0.1109464,-0.1059224,-0.1004549,-0.09461273,-0.08846404,-0.08207362,-0.07550345,-0.06881746,-0.06207182,-0.05532159,-0.04861623,-0.04200377,-0.03552422,-0.02921499,-0.02310628,-0.01722614,-0.01159474,-0.006230022,-0.001142488,0.003658731,0.008172351,0.01239844,0.01634232,0.02000814,0.02341018,0.02656089,0.02947038,0.03215769,0.03464483,0.0369364,0.03906129,0.04103835,0.0428711,0.04459176,0.04621504,0.04773899,0.04920166,0.05060568,0.05195059,0.05326876,0.05456072,0.05582059,0.05707536,0.05832416,0.05956108,0.06079755,0.06203507,0.06326833,0.06450229,0.06572792,0.0669379,0.06814706,0.06935669,0.07053843,0.07168487,0.07281899,0.07395792,0.07510551,0.07621291,0.07728602,0.078291,0.07935769,0.08059435,0.08197147,0.08331242,0.08435468,0.0851692,0.08593869,0.08681632,0.08787815,0.0891185,0.09044927,0.09179769,0.09315257,0.09458622,0.09614347,0.0977763,0.09924547,0.1001006,0.09970796,0.09776163,0.09477251,0.09134741,0.08704798,0.08147617,0.07474785,0.06692,0.05801474,0.04800136,0.03723017,0.02593599,0.01421881,0.002116971,-0.01024467,-0.02254921,-0.03455498,-0.04624437,-0.05755055,-0.06824249,-0.07817971,-0.08737723
-0.1201433,-0.125207,-0.1292562,-0.1322618,-0.134283,-0.1353293,-0.1354106,-0.1345851,-0.1328956,-0.1303855,-0.1271163,-0.1231468,-0.1185413,-0.1133627,-0.1076815,-0.1015674,-0.09508488,-0.08830591,-0.08129787,-0.07412108,-0.06684119,-0.05951734,-0.05220288,-0.04494965,-0.03780589,-0.03081377,-0.02401078,-0.01742996,-0.011099,-0.00504112,0.0007256974,0.006187577,0.01133596,0.0161659,0.02067722,0.02487227,0.0287568,0.03234017,0.03563613,0.03865521,0.04141225,0.04392944,0.04622098,0.04830084,0.05019948,0.05192508,0.05349537,0.05494248,0.05626781,0.05749126,0.05864469,0.05971968,0.06074133,0.06173337,0.06268614,0.06361952,0.0645555,0.06548169,0.06641235,0.06736273,0.06832837,0.06931155,0.07031983,0.071348,0.07240485,0.07349338,0.07459699,0.07570966,0.07685787,0.07804547,0.07925157,0.08044859,0.08163352,0.08286118,0.08412584,0.0854222,0.08672681,0.08802675,0.08929718,0.09038178,0.09129271,0.0920971,0.09282008,0.09351709,0.09423917,0.0949515,0.09557682,0.09603595,0.09630094,0.09635893,0.09616503,0.09556911,0.09431478,0.0920438,0.08848704,0.08377401,0.07823183,0.071798,0.06439228,0.05586321,0.04624429,0.03585754,0.02482713,0.01336428,0.001459977,-0.01079363,-0.02319058,-0.03544807,-0.04736177,-0.05891553,-0.07005647,-0.0805379,-0.09019355,-0.09904725,-0.1070718,-0.1141138
-0.137793,-0.1400223,-0.141241,-0.1415045,-0.1408025,-0.1391852,-0.1367224,-0.1334483,-0.1294245,-0.1247216,-0.1193996,-0.1135254,-0.107169,-0.1004013,-0.09328949,-0.08590076,-0.07830717,-0.07056879,-0.06274838,-0.05490684,-0.047098,-0.03937148,-0.03177732,-0.02435635,-0.01714698,-0.01018155,-0.003489863,0.002905746,0.008985206,0.01473551,0.02014549,0.02521066,0.02992775,0.03429974,0.03833018,0.04202883,0.04540548,0.04847376,0.05124514,0.05373996,0.05597519,0.05796507,0.05973233,0.06130042,0.06267592,0.06388963,0.0649604,0.06589348,0.06672207,0.0674605,0.06810917,0.0687068,0.06925606,0.06976014,0.07025234,0.07073426,0.07120406,0.07169078,0.072195,0.07271537,0.07326622,0.07385233,0.07447234,0.0751346,0.07583257,0.07656366,0.07734336,0.07817274,0.07902436,0.07989183,0.08079229,0.08173957,0.08272316,0.08368782,0.08463147,0.08553135,0.08643501,0.08730786,0.08808846,0.08874296,0.0891832,0.08942676,0.08949587,0.08941493,0.08917927,0.08874752,0.08804541,0.08701461,0.08559667,0.08372844,0.08129895,0.07816835,0.07415961,0.06912725,0.06300086,0.05580698,0.04765644,0.03875963,0.02908999,0.01874131,0.007893928,-0.003462302,-0.01519578,-0.02723437,-0.03926384,-0.0510402,-0.06246416,-0.07351433,-0.08411173,-0.09400962,-0.1030309,-0.1112138,-0.1185595,-0.1249117,-0.1301981,-0.1344962
-0.1460592,-0.145388,-0.1437877,-0.141276,-0.1379496,-0.1338542,-0.1290295,-0.1235607,-0.117511,-0.110942,-0.1039279,-0.0965379,-0.08883997,-0.08090008,-0.07278624,-0.06456339,-0.05628786,-0.0480218,-0.03981829,-0.03172473,-0.02378917,-0.01605411,-0.008553971,-0.001322679,0.005611806,0.0122256,0.01850127,0.0244234,0.02998242,0.03517108,0.03998801,0.04443318,0.04851174,0.05222989,0.05559859,0.05862861,0.06133399,0.06373008,0.06583636,0.06766688,0.06924041,0.0705808,0.07170413,0.07262558,0.07337628,0.07396392,0.07440769,0.07473836,0.07495745,0.07508568,0.07515348,0.07515261,0.07510978,0.07504712,0.07495617,0.07485831,0.07477448,0.07469361,0.07463133,0.07460219,0.07460307,0.0746378,0.0747138,0.07482664,0.07498475,0.07518902,0.07542166,0.07567609,0.07597257,0.07630775,0.07665472,0.07698091,0.07727763,0.07757791,0.07786094,0.0781054,0.0782406,0.07822882,0.07804954,0.07763527,0.07702099,0.07620104,0.07513262,0.07379161,0.0721597,0.07018649,0.06781114,0.06496111,0.06157294,0.05757516,0.05289549,0.04744602,0.04115188,0.033964,0.02590868,0.01713459,0.007778084,-0.002199948,-0.01267645,-0.02356848,-0.03481304,-0.04611651,-0.05731653,-0.06820466,-0.07878002,-0.08898929,-0.09866796,-0.1076009,-0.1156453,-0.1228474,-0.1292221,-0.1346048,-0.1388983,-0.1421932,-0.144524,-0.145804
-0.1437245,-0.1402851,-0.1360594,-0.1311325,-0.1255229,-0.1193056,-0.1125674,-0.1053562,-0.09774455,-0.08980743,-0.08160771,-0.07321097,-0.06468226,-0.05608463,-0.04747495,-0.03890725,-0.03043856,-0.02211203,-0.01397247,-0.006061782,0.00158631,0.00894231,0.01597647,0.02266828,0.02899929,0.0349563,0.04052796,0.0457095,0.0504969,0.05489218,0.05889788,0.06252199,0.065772,0.06866043,0.07119884,0.07340393,0.07529094,0.07687801,0.07818008,0.07922018,0.08001637,0.08058406,0.0809465,0.08112673,0.08113151,0.08099149,0.08072324,0.08033258,0.0798515,0.07929216,0.07865541,0.07797866,0.07726218,0.07651085,0.07575556,0.07499652,0.07423236,0.07349093,0.07276981,0.07206806,0.07139795,0.07076295,0.07015973,0.06959444,0.06905653,0.06854182,0.06805982,0.06760572,0.06714574,0.0666684,0.06618012,0.06568789,0.0651675,0.06455643,0.06383583,0.06297882,0.06200295,0.06087545,0.05954875,0.05801323,0.05618341,0.0540325,0.05155756,0.04874144,0.04554125,0.04191761,0.03782205,0.03321915,0.02806481,0.02232203,0.01594592,0.008912468,0.00121105,-0.007115299,-0.01599357,-0.0253983,-0.03526583,-0.04533982,-0.05554501,-0.06572063,-0.07567824,-0.08542926,-0.09485681,-0.1039175,-0.1123599,-0.1199965,-0.1267887,-0.1327753,-0.1379458,-0.1421352,-0.1452431,-0.1473723,-0.1485864,-0.1487947,-0.1479849,-0.1462839
-0.1306316,-0.1249228,-0.1186067,-0.1117226,-0.1043807,-0.09663705,-0.08853912,-0.08017327,-0.07160127,-0.06288009,-0.0540764,-0.0452489,-0.03645264,-0.02773842,-0.01915771,-0.01075629,-0.002571139,0.005356118,0.01299329,0.02031406,0.02729138,0.03390384,0.04013717,0.04597724,0.05141477,0.05644379,0.06106283,0.06527213,0.06907582,0.0724794,0.07549215,0.0781242,0.08038881,0.08229957,0.08387277,0.08512406,0.08607101,0.08673188,0.08712772,0.08727388,0.08718964,0.08689848,0.08641509,0.08575545,0.08494878,0.08400157,0.08293215,0.08176912,0.08051218,0.07918181,0.07780477,0.07637215,0.07490924,0.07343527,0.07194024,0.07044479,0.06896548,0.06749043,0.06603283,0.06460342,0.06319614,0.06181277,0.06045602,0.05911857,0.05780396,0.05650751,0.0552062,0.05389031,0.05257126,0.05123665,0.04985167,0.04838051,0.04681139,0.0451619,0.04340324,0.04151387,0.03941528,0.03708568,0.03450014,0.03161488,0.02845477,0.02499192,0.02119408,0.01703206,0.0124794,0.00750875,0.002101032,-0.003766675,-0.01010509,-0.01691839,-0.02419259,-0.03191077,-0.04003586,-0.04851229,-0.05725306,-0.06611168,-0.07495188,-0.08377281,-0.09244026,-0.1008595,-0.108987,-0.1165758,-0.123513,-0.1296438,-0.1350227,-0.1396729,-0.1434968,-0.1463515,-0.1481679,-0.1490577,-0.1490977,-0.1481893,-0.1462956,-0.1435543,-0.1400412,-0.1357126
-0.1083458,-0.100945,-0.09313884,-0.08501492,-0.07659616,-0.06795729,-0.05918062,-0.05030524,-0.04139487,-0.03251003,-0.02369937,-0.01501103,-0.006492593,0.001813642,0.009870519,0.01764581,0.02510379,0.03222363,0.03898062,0.04535488,0.05133233,0.05690347,0.06205668,0.06678978,0.07109994,0.07498989,0.078461,0.08152162,0.0841784,0.08644376,0.08832771,0.08984608,0.09101181,0.09184289,0.09235397,0.09256506,0.09249303,0.09215759,0.09157401,0.09076596,0.08975038,0.08854251,0.08716355,0.08563554,0.08396391,0.08217818,0.08029138,0.07830909,0.0762606,0.0741551,0.07199254,0.06980788,0.0675972,0.0653655,0.06313942,0.06091607,0.05869241,0.05649297,0.05431101,0.05214363,0.04999848,0.0478752,0.04576642,0.04367414,0.04158281,0.03948554,0.03738585,0.03527365,0.03311108,0.03088364,0.02859174,0.02623895,0.02379553,0.02120072,0.01843349,0.01547544,0.01234124,0.009007812,0.005439292,0.001634372,-0.002478319,-0.006917928,-0.01167117,-0.01674116,-0.02214603,-0.02788668,-0.03396054,-0.04034889,-0.04703499,-0.0539907,-0.0611877,-0.06857708,-0.07609878,-0.08366805,-0.09119821,-0.09865306,-0.1059631,-0.1129136,-0.1194284,-0.1253961,-0.1306665,-0.1352999,-0.1392495,-0.1425154,-0.1449333,-0.1463926,-0.1469217,-0.1466126,-0.1455163,-0.1435316,-0.1406171,-0.1369195,-0.1325434,-0.1274341,-0.1216152,-0.1152348
-0.07924034,-0.07092144,-0.06238476,-0.05366766,-0.04487123,-0.03604014,-0.02721176,-0.01845675,-0.009819722,-0.001339793,0.006935953,0.01496939,0.02272622,0.03017725,0.0372925,0.04404792,0.05042747,0.05641046,0.06198439,0.06714203,0.07187436,0.07617715,0.08005182,0.08349904,0.08652272,0.08912927,0.09132773,0.09312778,0.09454197,0.09558301,0.09626593,0.09660567,0.09661952,0.09632409,0.09573787,0.09487777,0.09376236,0.09241016,0.09084176,0.08907192,0.08711942,0.08500626,0.08274495,0.08035062,0.07785005,0.07524758,0.07256047,0.06981369,0.06700515,0.06415377,0.06128207,0.05837975,0.05547001,0.05256698,0.0496593,0.04676494,0.04389565,0.04103715,0.03820054,0.03539168,0.03260133,0.02982775,0.02706981,0.02431701,0.02157004,0.01881978,0.01604162,0.01322492,0.01037885,0.007488105,0.004518138,0.00143373,-0.001771707,-0.005079792,-0.008512517,-0.0120885,-0.01586942,-0.01986535,-0.02408568,-0.02855423,-0.0332303,-0.03811871,-0.04323369,-0.04857643,-0.05413198,-0.0598851,-0.06581139,-0.07188942,-0.07808347,-0.08435191,-0.09063547,-0.0968736,-0.102995,-0.1089385,-0.114637,-0.1199492,-0.1247596,-0.1291156,-0.1329153,-0.1361225,-0.1387392,-0.1405882,-0.1416223,-0.1417495,-0.1410863,-0.1397177,-0.1376023,-0.1346531,-0.1308569,-0.126366,-0.1212897,-0.1155653,-0.1091894,-0.1023173,-0.09503756,-0.08732079
-0.04670203,-0.0381254,-0.02950883,-0.02092501,-0.0123837,-0.003944362,0.004330169,0.01241875,0.02027758,0.0278672,0.03516005,0.04212896,0.04874774,0.05499485,0.06085404,0.06631232,0.07135359,0.07597519,0.0801696,0.08393301,0.08726678,0.09017481,0.0926585,0.09472695,0.09638784,0.09765276,0.09853144,0.09903862,0.09918715,0.09899402,0.09847347,0.09764396,0.09652115,0.0951243,0.09346953,0.09157686,0.0894635,0.08714825,0.08464614,0.0819794,0.07916379,0.07621308,0.0731471,0.06998473,0.06673047,0.0634113,0.06003745,0.05661291,0.05316442,0.04969731,0.04621102,0.0427364,0.03926648,0.0358045,0.03237349,0.02896664,0.02558006,0.02223382,0.01891847,0.01562904,0.01237032,0.00913851,0.005925013,0.002728906,-0.0004661532,-0.003667269,-0.006871406,-0.01009025,-0.01335808,-0.01668536,-0.02006797,-0.02350105,-0.0270106,-0.03064351,-0.03440994,-0.03831827,-0.04233604,-0.04647687,-0.05074864,-0.05514187,-0.05969957,-0.06440964,-0.06924655,-0.07418577,-0.07920425,-0.08426962,-0.08935055,-0.09440293,-0.09938446,-0.1042446,-0.1089345,-0.1133906,-0.1175505,-0.1213503,-0.1247346,-0.1276868,-0.1301735,-0.1320422,-0.1332586,-0.1337728,-0.1334925,-0.1325322,-0.1309014,-0.1286515,-0.1256757,-0.1219129,-0.1174381,-0.1123806,-0.1068212,-0.1006903,-0.09397409,-0.0868346,-0.07938402,-0.07157834,-0.06344906,-0.05514135
-0.01396569,-0.005818519,0.002237258,0.01017794,0.01792277,0.02544685,0.03273192,0.03972761,0.04641093,0.0527624,0.05875585,0.06437287,0.06959922,0.07442381,0.0788353,0.08282645,0.08639739,0.08954247,0.09226384,0.09456644,0.09645371,0.09793175,0.09901188,0.09970286,0.1000166,0.09996564,0.09956508,0.09882876,0.09777341,0.09641441,0.09476962,0.09285524,0.09069008,0.08829096,0.08567698,0.08286436,0.07987151,0.07671566,0.07341649,0.06998701,0.06644512,0.06281032,0.05909366,0.05530817,0.05147808,0.04760512,0.04370556,0.03980007,0.03588507,0.03197726,0.02809528,0.02422679,0.02039331,0.0166039,0.01284641,0.009136112,0.005481206,0.001865619,-0.001700777,-0.005215547,-0.008688501,-0.01212278,-0.01552013,-0.01889132,-0.02223477,-0.02556002,-0.02888821,-0.03222649,-0.03556199,-0.03890628,-0.04228664,-0.04573113,-0.04923466,-0.05276988,-0.05634562,-0.05997203,-0.06368795,-0.06748925,-0.07136512,-0.07531931,-0.07929289,-0.0832691,-0.08724842,-0.09121016,-0.09511434,-0.09892777,-0.102614,-0.1061424,-0.1094708,-0.1125546,-0.1153374,-0.1177679,-0.1197951,-0.1213873,-0.1225108,-0.1230637,-0.1229823,-0.1223546,-0.1211339,-0.1193316,-0.1169961,-0.1140025,-0.1103467,-0.1059888,-0.1010761,-0.09572221,-0.08991396,-0.08359464,-0.0767739,-0.06961463,-0.06222913,-0.05456207,-0.04661492,-0.0385389,-0.030412,-0.02219972
0.01571696,0.02299293,0.03006584,0.03688435,0.04345667,0.04974216,0.05570016,0.06132789,0.06660094,0.07149899,0.07601273,0.08013219,0.08384837,0.08715524,0.09005188,0.0925386,0.09461274,0.09628321,0.0975536,0.09842966,0.09892204,0.09904189,0.09879801,0.0982051,0.09727637,0.09602738,0.094472,0.0926274,0.09050902,0.08813512,0.08552159,0.0826871,0.07964787,0.07642262,0.0730274,0.0694811,0.06580012,0.06200154,0.05809939,0.05411378,0.05005867,0.04594586,0.04179358,0.03761728,0.03342022,0.02922637,0.02504307,0.02087264,0.0167389,0.01264353,0.008585339,0.004590949,0.0006510251,-0.00323242,-0.007039774,-0.01078044,-0.01445836,-0.01805667,-0.02158635,-0.02505245,-0.02845075,-0.03178549,-0.03506395,-0.03828672,-0.04146787,-0.04461118,-0.04771074,-0.05077571,-0.05383322,-0.05688563,-0.05992133,-0.06292944,-0.06592832,-0.06894981,-0.07199239,-0.07505084,-0.07807968,-0.08108144,-0.08404589,-0.08695529,-0.08983547,-0.09266012,-0.09539662,-0.09801171,-0.1004743,-0.1027493,-0.1048059,-0.1066046,-0.1081108,-0.1092866,-0.1101007,-0.1105147,-0.1104969,-0.1100162,-0.1090499,-0.1076235,-0.105746,-0.1033063,-0.1003155,-0.09676089,-0.0925962,-0.08796587,-0.08290893,-0.07750458,-0.07166872,-0.06536035,-0.05867177,-0.05174239,-0.04465297,-0.0373379,-0.02978699,-0.02215498,-0.01453937,-0.00688961,0.0007714999,0.008316216
0.04008885,0.04610406,0.0518605,0.05735041,0.06251357,0.06734405,0.07184061,0.07597084,0.07972911,0.08311141,0.08610711,0.08871224,0.09092636,0.09275068,0.09418576,0.09523515,0.09590849,0.096209,0.09614714,0.09573451,0.09498101,0.0938981,0.09250177,0.09080449,0.08882162,0.08656811,0.08406137,0.08131652,0.07835136,0.07518169,0.07182569,0.0682992,0.06462055,0.06080557,0.05687239,0.05283577,0.04871267,0.04451852,0.04027097,0.03598085,0.03166418,0.02733765,0.02301016,0.01869252,0.01440575,0.01014899,0.005936619,0.001785345,-0.002310337,-0.006335972,-0.01027688,-0.01414689,-0.0179264,-0.02161018,-0.02521099,-0.02871525,-0.03211748,-0.03543394,-0.03865537,-0.04178067,-0.04481867,-0.04777155,-0.05064004,-0.05343261,-0.05614531,-0.05878555,-0.06136943,-0.06389869,-0.06635624,-0.06874868,-0.07109555,-0.07341567,-0.07569391,-0.07789722,-0.08002527,-0.08208107,-0.08409186,-0.08604401,-0.08792073,-0.08971481,-0.09136587,-0.09285562,-0.09418045,-0.09532086,-0.09624471,-0.09692716,-0.09734179,-0.09746968,-0.09728486,-0.09676344,-0.09587523,-0.09459987,-0.09291924,-0.09082832,-0.08831979,-0.08533502,-0.08185145,-0.07797775,-0.07370704,-0.06907344,-0.06414923,-0.05883365,-0.05313941,-0.04705103,-0.04071969,-0.03425948,-0.02765946,-0.02086795,-0.01389468,-0.006892445,4.146031e-05,0.006971599,0.01390581,0.02070932,0.02732475,0.03380029
0.05747579,0.06211945,0.06646073,0.07046766,0.07416335,0.07752262,0.08052203,0.0831726,0.08546365,0.08738811,0.08894894,0.09014726,0.09098466,0.09146463,0.09159501,0.09138371,0.09083543,0.08996469,0.08878084,0.08729444,0.08552004,0.08347211,0.08116237,0.07860754,0.07582252,0.07282382,0.06962626,0.06624717,0.06270193,0.05900818,0.05518127,0.05123863,0.04719524,0.04306813,0.03887172,0.03462295,0.03033599,0.02602562,0.02170357,0.01738724,0.01308768,0.008814276,0.004582562,0.0004045031,-0.003718718,-0.007766488,-0.01173495,-0.01562348,-0.01941188,-0.02310168,-0.02669522,-0.03016978,-0.03353694,-0.03679531,-0.03992862,-0.04294774,-0.04585657,-0.04864021,-0.05131045,-0.0538714,-0.05631885,-0.05865622,-0.06088901,-0.06301623,-0.06504931,-0.06698821,-0.06882461,-0.07056471,-0.07223067,-0.07381933,-0.07531404,-0.07669839,-0.07798699,-0.0792059,-0.08034771,-0.08139863,-0.08231519,-0.08309419,-0.08372602,-0.08419317,-0.08452218,-0.0846925,-0.0846722,-0.08443816,-0.08397675,-0.08326779,-0.08229402,-0.08103111,-0.07946389,-0.07757738,-0.0753675,-0.07282569,-0.069949,-0.066727,-0.06315824,-0.05930113,-0.05518697,-0.05072373,-0.04594749,-0.04085716,-0.03542932,-0.02981321,-0.02405334,-0.01823086,-0.012262,-0.006106219,0.0001474814,0.006369648,0.0124955,0.01859999,0.02470118,0.03066171,0.03640583,0.04199764,0.04742788,0.05258975
0.06750076,0.07070594,0.07361609,0.07623545,0.07851975,0.08047666,0.08211584,0.08341735,0.08438665,0.08502879,0.08534303,0.08533362,0.08500765,0.08437305,0.08343635,0.0822066,0.08069808,0.07891732,0.07687865,0.07459626,0.07208197,0.06934922,0.06641505,0.06329253,0.05999731,0.05654409,0.05294975,0.04922877,0.04539771,0.04147092,0.03746495,0.03339381,0.02927364,0.02511801,0.02094243,0.0167593,0.01258263,0.008425153,0.004301226,0.0002187747,-0.0038093,-0.007769833,-0.01165701,-0.01546267,-0.01916997,-0.02278253,-0.02628875,-0.02967597,-0.03295206,-0.03610491,-0.03912407,-0.04202454,-0.0447892,-0.0474159,-0.04991801,-0.05228347,-0.05450934,-0.05661138,-0.05858083,-0.06041742,-0.06212948,-0.06371835,-0.06518424,-0.06653348,-0.06776073,-0.06887186,-0.06987998,-0.07078273,-0.07156248,-0.07222509,-0.07278694,-0.07326019,-0.07362571,-0.07385455,-0.07394479,-0.07389724,-0.07374305,-0.0734643,-0.07305411,-0.07250234,-0.07175968,-0.07082231,-0.06968681,-0.06834646,-0.06679093,-0.06501217,-0.06299817,-0.06074485,-0.05824421,-0.05549273,-0.05248342,-0.04922017,-0.0457061,-0.0419492,-0.03795406,-0.03368775,-0.0291468,-0.02444287,-0.01958461,-0.01460954,-0.009590524,-0.004431204,0.000857008,0.006287697,0.01171857,0.01704841,0.02230049,0.02753567,0.03275281,0.03781591,0.04264872,0.04732903,0.05187539,0.05617271,0.06018436,0.06397133
0.07039653,0.07233455,0.07398152,0.07531942,0.0763808,0.07715045,0.07761542,0.07779475,0.07768551,0.0772881,0.07661206,0.07566411,0.07445075,0.07298009,0.07126351,0.06931191,0.06713308,0.064743,0.06215249,0.05937346,0.05642077,0.05330902,0.05004987,0.04665931,0.04315128,0.03954085,0.03584122,0.03206806,0.02823462,0.02435618,0.02044553,0.01651753,0.01258422,0.008659638,0.004754999,0.0008840683,-0.002942461,-0.006713239,-0.01041989,-0.0140487,-0.01759243,-0.02104495,-0.02439437,-0.02763262,-0.0307615,-0.03376405,-0.03664027,-0.03939172,-0.04200212,-0.04447605,-0.04681751,-0.04900746,-0.0510598,-0.052974,-0.05473686,-0.05636068,-0.05784964,-0.05919079,-0.06039632,-0.06146995,-0.06240839,-0.06321508,-0.06389494,-0.06444664,-0.06488039,-0.0651944,-0.06538045,-0.06544404,-0.06540556,-0.06526048,-0.06499219,-0.06458475,-0.06405433,-0.06342673,-0.06269599,-0.06184795,-0.06084733,-0.05969376,-0.05838514,-0.0569121,-0.05530791,-0.0535632,-0.05165419,-0.04957169,-0.04731812,-0.04488794,-0.04227694,-0.03947522,-0.03648261,-0.03330018,-0.02993934,-0.02640654,-0.02271088,-0.01885279,-0.01484216,-0.01074514,-0.00659412,-0.002306817,0.002081353,0.006570267,0.01118125,0.01577281,0.02030673,0.02471796,0.02909594,0.03348683,0.03781388,0.04196591,0.04589654,0.04969173,0.05337908,0.05683886,0.06001456,0.06298307,0.06574614,0.06821472
0.06745324,0.06827676,0.06885432,0.06919703,0.06927063,0.0690906,0.06867168,0.06800091,0.06708913,0.06594577,0.06457433,0.06298265,0.06118053,0.05917826,0.05698406,0.05460854,0.05206644,0.04936497,0.04651823,0.04353996,0.04044114,0.03723423,0.03393462,0.03055372,0.02710505,0.0236011,0.02005608,0.01648187,0.01289202,0.009297877,0.005712624,0.002147031,-0.001386387,-0.004877566,-0.008314833,-0.01168952,-0.01499144,-0.01821164,-0.02133986,-0.02437188,-0.0272986,-0.03011089,-0.03280669,-0.03538111,-0.03782175,-0.04013517,-0.04231284,-0.04434629,-0.04624568,-0.04800152,-0.04960729,-0.05107911,-0.05240247,-0.05357825,-0.05462023,-0.05551822,-0.05627157,-0.05689597,-0.05738339,-0.05773497,-0.0579592,-0.05805776,-0.05803132,-0.05788582,-0.05761621,-0.05722887,-0.05673596,-0.05613453,-0.05540852,-0.05456545,-0.0536222,-0.05259115,-0.05145432,-0.05018723,-0.04879152,-0.04727438,-0.04566842,-0.04396252,-0.04215579,-0.04024421,-0.03818924,-0.03599568,-0.03367136,-0.03122005,-0.02864077,-0.02593612,-0.02310569,-0.02015689,-0.01709246,-0.01391885,-0.0106376,-0.007258922,-0.003790896,-0.0002483773,0.003358313,0.007062073,0.01086343,0.01465162,0.0184242,0.02214524,0.02575619,0.02935631,0.03294203,0.0365347,0.0400035,0.04326334,0.046352,0.04934122,0.0522377,0.05492156,0.05733526,0.05956696,0.06164267,0.06346347,0.06500825,0.06634606
0.06013821,0.06016096,0.05996364,0.05953641,0.05891565,0.05809089,0.05705479,0.05582919,0.05441434,0.05281366,0.05103854,0.04909719,0.04699726,0.04474748,0.04235946,0.03984363,0.03720743,0.03446582,0.03162819,0.02870487,0.0257089,0.02265245,0.01954487,0.01639945,0.01322724,0.01004018,0.00684832,0.003663785,0.0004963898,-0.002642341,-0.005743293,-0.008795582,-0.01179098,-0.01471956,-0.01757397,-0.02034469,-0.02302496,-0.02560762,-0.02808802,-0.03045664,-0.03271013,-0.03484596,-0.036856,-0.03873631,-0.04049142,-0.04210818,-0.04358996,-0.04494056,-0.04614722,-0.04721732,-0.04815618,-0.04894827,-0.04960918,-0.05013942,-0.05052846,-0.05078986,-0.05092802,-0.05093218,-0.05081511,-0.0505808,-0.050227,-0.04975788,-0.04917854,-0.04848859,-0.04769823,-0.04680584,-0.04580462,-0.04470175,-0.04351715,-0.04224674,-0.04087618,-0.03939404,-0.03781987,-0.03617947,-0.0344703,-0.03268226,-0.0307851,-0.02878577,-0.02668574,-0.02448598,-0.02222335,-0.01989337,-0.01748392,-0.01499339,-0.01242826,-0.009789752,-0.007081476,-0.004301736,-0.001456693,0.001447546,0.004397122,0.007384594,0.01039987,0.01343842,0.01648738,0.01948848,0.02241691,0.02535267,0.02826988,0.03117289,0.03408711,0.03688279,0.03953204,0.04198613,0.04434209,0.04665191,0.04884965,0.05083932,0.05259024,0.05419635,0.05569119,0.05696846,0.05798658,0.0588293,0.05950439,0.059935
0.05040779,0.04984662,0.04912258,0.04824883,0.04719619,0.04598302,0.04462531,0.04311263,0.0414572,0.03966906,0.03775223,0.03571459,0.03356563,0.03131472,0.02896915,0.02653814,0.02403446,0.02146362,0.01883743,0.01616686,0.01346033,0.01072735,0.007980053,0.00522657,0.002477022,-0.0002596693,-0.002972997,-0.005654938,-0.008295818,-0.01088822,-0.01342296,-0.01589333,-0.01829085,-0.02060954,-0.02284177,-0.02498295,-0.02702675,-0.02896822,-0.03080099,-0.03252453,-0.03413319,-0.03562173,-0.03699132,-0.03824012,-0.03935941,-0.0403583,-0.04123075,-0.04197177,-0.04259309,-0.04308749,-0.04345135,-0.04370156,-0.04382551,-0.04382645,-0.04371824,-0.04349221,-0.04314939,-0.04270541,-0.0421531,-0.04149491,-0.04073933,-0.03988862,-0.03894409,-0.03791199,-0.0367882,-0.0355803,-0.03430023,-0.03294571,-0.03150273,-0.02998079,-0.02839792,-0.02676787,-0.02507421,-0.02329626,-0.0214392,-0.01951563,-0.01755817,-0.0155612,-0.01352665,-0.0114544,-0.009312118,-0.007108571,-0.004858227,-0.002568603,-0.0002405227,0.002119951,0.004508683,0.006914514,0.009332375,0.01175497,0.01418132,0.01660299,0.01901363,0.02139917,0.02375238,0.02611082,0.02847673,0.03074743,0.03292778,0.03498847,0.03688502,0.03872116,0.04050148,0.04225202,0.04385359,0.0452353,0.04644519,0.04756082,0.04859371,0.04943607,0.05004388,0.05051052,0.05086543,0.05101986,0.05096241,0.05076479
0.0398122,0.03897035,0.03799115,0.03686843,0.03563846,0.03429175,0.03282294,0.0312533,0.02958308,0.02781557,0.02596119,0.0240269,0.02201908,0.0199447,0.01781343,0.01563327,0.01340944,0.01115411,0.008873791,0.006575736,0.004269863,0.001964752,-0.0003335298,-0.002615433,-0.004873456,-0.007099544,-0.009287308,-0.01142867,-0.01351757,-0.01554652,-0.01751019,-0.01940173,-0.02121666,-0.02294899,-0.02459498,-0.02614896,-0.0276077,-0.02896765,-0.03022733,-0.03138074,-0.03242764,-0.03336832,-0.0341976,-0.03491463,-0.03552572,-0.03602068,-0.03640511,-0.0366842,-0.03684761,-0.03690454,-0.03686076,-0.03670328,-0.03644832,-0.03609683,-0.03564012,-0.0350922,-0.03445724,-0.03372608,-0.0329117,-0.03201801,-0.03104332,-0.0299922,-0.02886973,-0.02767638,-0.02642231,-0.02510619,-0.02372251,-0.02227982,-0.02079738,-0.01927135,-0.01768921,-0.01604305,-0.01435435,-0.01264805,-0.01092343,-0.009172108,-0.007366966,-0.005518476,-0.003629317,-0.001705618,0.0002159912,0.002138918,0.004070815,0.006011522,0.007954862,0.009898633,0.0118381,0.01377386,0.01570003,0.01761165,0.01949748,0.02135299,0.02317101,0.02494924,0.0266779,0.02830638,0.02981863,0.03129702,0.03272284,0.03410691,0.03547665,0.03671328,0.03779742,0.03869185,0.03949924,0.04027445,0.04095795,0.04146372,0.04177213,0.0419805,0.04212391,0.04210468,0.04189103,0.04156809,0.04114519,0.04055269
0.02987196,0.0288999,0.02784126,0.02670823,0.02547343,0.024155,0.02276759,0.0213007,0.01976549,0.01817039,0.01651786,0.01481395,0.01306608,0.01128119,0.009464147,0.007621567,0.005763112,0.003891545,0.002015532,0.0001426117,-0.001722007,-0.003572249,-0.005399563,-0.00719935,-0.008965035,-0.01069129,-0.01237126,-0.01400055,-0.01557309,-0.01708503,-0.01853072,-0.01990693,-0.02120859,-0.02243303,-0.02357586,-0.02463564,-0.02560898,-0.02649385,-0.02728677,-0.02798968,-0.02859936,-0.02911316,-0.02953428,-0.02986267,-0.03009192,-0.03023249,-0.0302797,-0.03023061,-0.03009743,-0.02987408,-0.02955853,-0.02916742,-0.02868908,-0.02812789,-0.02749709,-0.02678861,-0.02600427,-0.02515896,-0.02424586,-0.02326785,-0.02223287,-0.02114313,-0.02000003,-0.01880964,-0.01756826,-0.01628395,-0.01496794,-0.01361795,-0.01222119,-0.01078801,-0.009336446,-0.00787989,-0.006402178,-0.004884805,-0.003334258,-0.001765231,-0.0002088589,0.001339037,0.002876134,0.004402867,0.005949023,0.00750519,0.009056591,0.01059614,0.01212361,0.0136335,0.01512227,0.01658019,0.01800413,0.01938935,0.02073761,0.0220436,0.02330449,0.02451079,0.02566095,0.02679489,0.02791653,0.02893237,0.02985157,0.03065133,0.03129727,0.03189559,0.03245575,0.03300448,0.03343137,0.0336758,0.03379103,0.03385567,0.03388238,0.03377117,0.03348641,0.0331223,0.03270794,0.0321602,0.03147274,0.03071605
0.02135399,0.02045006,0.01947212,0.01841495,0.01731257,0.01615452,0.01493533,0.01367401,0.01236927,0.01102282,0.009642811,0.008233928,0.006800266,0.005346218,0.003878839,0.002403148,0.0009217405,-0.000556362,-0.002027683,-0.003488043,-0.004930673,-0.006350351,-0.007744039,-0.009105518,-0.01043044,-0.01171402,-0.01295295,-0.0141424,-0.01527927,-0.01635919,-0.01737967,-0.01833688,-0.01922893,-0.02005263,-0.02080665,-0.02148786,-0.02209524,-0.02262754,-0.02308512,-0.02346409,-0.0237659,-0.02399234,-0.02413978,-0.02420893,-0.02420656,-0.02412411,-0.02396805,-0.02374371,-0.02344195,-0.02307247,-0.02264053,-0.0221344,-0.02156989,-0.0209475,-0.02025941,-0.01951908,-0.01872984,-0.01788321,-0.01699163,-0.01605827,-0.01508128,-0.01406484,-0.01301348,-0.0119277,-0.01081696,-0.009679459,-0.008510154,-0.007317743,-0.006120102,-0.004912661,-0.003683451,-0.00242595,-0.001161794,8.59489e-05,0.001318356,0.002544529,0.003789974,0.005044331,0.006305091,0.007565067,0.008790122,0.00998438,0.01115601,0.01230589,0.01342892,0.0145242,0.01558897,0.01662593,0.0176316,0.01860361,0.01953349,0.0204193,0.02125677,0.02204759,0.02278588,0.0234255,0.023957,0.02446521,0.02493455,0.02538098,0.02583045,0.02617253,0.02639296,0.02646117,0.02648246,0.02651127,0.02649062,0.02634007,0.02604684,0.02570794,0.02535661,0.02490012,0.02431244,0.02367664,0.02300067,0.02221881
0.01483869,0.01403718,0.01319848,0.01233251,0.01141211,0.01045395,0.009470282,0.008449591,0.0074011,0.006330968,0.005239605,0.004130871,0.003009755,0.001880692,0.0007460737,-0.0003900093,-0.00152077,-0.002645945,-0.003759643,-0.004857136,-0.005935952,-0.00699268,-0.008021607,-0.009020779,-0.009986321,-0.01091546,-0.011804,-0.01265003,-0.0134499,-0.01420207,-0.01490323,-0.01555227,-0.01614619,-0.01668424,-0.01716394,-0.01758546,-0.01794703,-0.01824805,-0.01848653,-0.01866545,-0.01878264,-0.01883664,-0.01883136,-0.01876715,-0.01863859,-0.01845623,-0.01821566,-0.01791467,-0.01756495,-0.01716051,-0.01669986,-0.01619846,-0.01564479,-0.01504329,-0.01440599,-0.01372465,-0.01300108,-0.0122488,-0.01146077,-0.01063955,-0.009792033,-0.008919719,-0.008023553,-0.007108697,-0.00617129,-0.005218905,-0.00426152,-0.003295997,-0.002310023,-0.001313717,-0.0003239582,0.000647708,0.001618087,0.002604602,0.003601139,0.00459313,0.005551474,0.006481472,0.007381327,0.00825391,0.009128185,0.009995036,0.01084229,0.01166474,0.01246269,0.01323214,0.01397147,0.01467372,0.01533822,0.01596281,0.01655121,0.0171002,0.01760933,0.01807354,0.01849604,0.0189162,0.01933762,0.01967465,0.01993711,0.02010708,0.02015609,0.02019029,0.02022086,0.02027221,0.02023961,0.0200691,0.01981567,0.01955599,0.01930131,0.01895625,0.01848998,0.0179947,0.01749697,0.01691668,0.01624969,0.01556338
0.01020319,0.00959101,0.008939425,0.008243224,0.007533579,0.006798725,0.006032374,0.005251193,0.004452092,0.00363514,0.002806339,0.001968342,0.001123104,0.0002729725,-0.0005772933,-0.001424933,-0.002269434,-0.003104169,-0.003927932,-0.004738628,-0.005531827,-0.006304494,-0.007055681,-0.007781276,-0.008479026,-0.00914612,-0.009781212,-0.01038129,-0.01094502,-0.01146971,-0.01195451,-0.01239705,-0.01279686,-0.01315201,-0.01346237,-0.01372588,-0.01394253,-0.01411189,-0.01423499,-0.01430867,-0.01433498,-0.01431592,-0.01424833,-0.01413318,-0.01397697,-0.01377148,-0.01352319,-0.01323666,-0.01290318,-0.01253192,-0.01212719,-0.01167764,-0.01119816,-0.0106882,-0.01014014,-0.009566383,-0.008969163,-0.008339958,-0.007690266,-0.007022105,-0.006333203,-0.005626885,-0.0049068,-0.004172837,-0.003433391,-0.002685679,-0.001924625,-0.00115826,-0.0004028045,0.0003474718,0.001104752,0.001875444,0.002638556,0.003373216,0.004081764,0.004774929,0.005477266,0.006179788,0.00688057,0.007572762,0.008225018,0.008842752,0.009435387,0.01000505,0.01054787,0.01106447,0.01155397,0.01202085,0.01246337,0.01288088,0.01326673,0.0136207,0.01394036,0.01422935,0.01448319,0.01465924,0.01475248,0.01484684,0.01492881,0.0150157,0.01513105,0.01516942,0.01511872,0.01495357,0.01477783,0.014643,0.01449299,0.01425134,0.01390879,0.01355975,0.01323407,0.01284195,0.01236029,0.01186906,0.01137375,0.01081095
0.007323757,0.006847588,0.006356876,0.005859335,0.005327812,0.004777557,0.004218524,0.003638424,0.003044763,0.002441906,0.001828705,0.00120741,0.0005811747,-4.726856e-05,-0.0006773198,-0.001306495,-0.001929998,-0.002549109,-0.00315973,-0.003758829,-0.004345631,-0.004918201,-0.005472578,-0.006008208,-0.006522766,-0.007014784,-0.007481533,-0.007922226,-0.008334536,-0.008717902,-0.009070159,-0.009391007,-0.00967843,-0.009932323,-0.010151,-0.01033509,-0.0104834,-0.01059565,-0.01067031,-0.0107104,-0.01071394,-0.01067963,-0.01061125,-0.01050884,-0.0103673,-0.01019643,-0.009991565,-0.009750493,-0.009483964,-0.009185527,-0.008853738,-0.008502583,-0.008120384,-0.007711182,-0.007285604,-0.006834991,-0.006360849,-0.005875176,-0.00537042,-0.004848549,-0.004315465,-0.003771787,-0.003217827,-0.002657623,-0.002086882,-0.001512388,-0.0009427451,-0.0003737321,0.0002067799,0.0007892514,0.001358221,0.001904205,0.002444805,0.002996897,0.003554964,0.004105009,0.004620215,0.00510693,0.005564407,0.005997552,0.006434667,0.006867623,0.007285751,0.007685109,0.008067006,0.008428737,0.008769771,0.009084572,0.009373683,0.009636316,0.009877312,0.01009493,0.01029024,0.01045959,0.01060751,0.01077325,0.01095932,0.01108327,0.01115625,0.01116119,0.0110746,0.01099991,0.01094793,0.01094095,0.01087657,0.01070483,0.01048107,0.01027957,0.01010861,0.009875627,0.009552824,0.00922941,0.008928386,0.008572037,0.008157274,0.007747982
0.005643354,0.005328683,0.004987566,0.004614782,0.004239177,0.003848071,0.003434652,0.003013832,0.002581342,0.00213622,0.00168306,0.001223224,0.0007573731,0.0002866302,-0.0001856244,-0.0006579434,-0.001130954,-0.001599403,-0.002063313,-0.002521684,-0.002971321,-0.003410329,-0.00383878,-0.004253602,-0.004653542,-0.005036709,-0.005402592,-0.00574898,-0.006075282,-0.006379484,-0.006661303,-0.006918911,-0.007152303,-0.007359926,-0.007541959,-0.007696599,-0.007824048,-0.007923951,-0.00799731,-0.008041034,-0.008057111,-0.00804717,-0.008008002,-0.007940412,-0.007850227,-0.007729172,-0.007583306,-0.007416289,-0.007219438,-0.007001196,-0.006764886,-0.006499245,-0.006218163,-0.005920098,-0.005597459,-0.005261557,-0.004913616,-0.004544992,-0.004166173,-0.003778181,-0.003378321,-0.002969136,-0.002553434,-0.002130507,-0.001707676,-0.0012813,-0.0008461375,-0.0004095334,1.386895e-05,0.0004308175,0.0008536935,0.001288761,0.001715834,0.002116122,0.002492995,0.00285837,0.003236229,0.003618393,0.004003598,0.004384967,0.00473344,0.005055548,0.00536087,0.005652181,0.005926734,0.006186078,0.006430104,0.006663769,0.006885936,0.007096609,0.007290059,0.007466962,0.007625507,0.007769245,0.007893388,0.007958144,0.007961182,0.007983764,0.008013548,0.008067221,0.008165517,0.00820614,0.008178061,0.008059352,0.00795122,0.007901532,0.00785436,0.007736129,0.007539687,0.00735624,0.007212225,0.007019987,0.006758382,0.006504287,0.006260877,0.00596659
0.004863314,0.004626225,0.004381462,0.004135142,0.00386047,0.003571745,0.003277406,0.002964903,0.002640738,0.00230824,0.001965442,0.001613739,0.001255313,0.000891988,0.0005234709,0.0001514578,-0.0002203152,-0.0005938025,-0.0009657884,-0.001334072,-0.001698632,-0.002058181,-0.002409583,-0.002752858,-0.003086335,-0.003409057,-0.003718877,-0.004015417,-0.004296847,-0.0045629,-0.004811794,-0.00504342,-0.005256052,-0.005449678,-0.005622794,-0.00577602,-0.005908207,-0.00601897,-0.00610682,-0.006174458,-0.006219782,-0.006241326,-0.006242528,-0.00622296,-0.006177604,-0.006115435,-0.006031439,-0.005923306,-0.005800846,-0.005657201,-0.005490873,-0.00531456,-0.005116467,-0.004900266,-0.004675393,-0.004432903,-0.004174018,-0.003909482,-0.003631389,-0.003341267,-0.003044176,-0.002740093,-0.002428809,-0.002113507,-0.001789571,-0.001463165,-0.001141751,-0.0008203576,-0.0004870538,-0.0001509172,0.000173729,0.0004789277,0.0007827813,0.00110164,0.001430265,0.001754946,0.00205077,0.002324552,0.002576343,0.002812238,0.003059651,0.003310964,0.003556174,0.003791942,0.004020083,0.004238411,0.004446629,0.004639655,0.004818373,0.004982465,0.005137078,0.005281004,0.005415704,0.005537824,0.00565228,0.005797201,0.005973373,0.006100626,0.006190219,0.006225451,0.00618616,0.006172665,0.006194815,0.006272262,0.00630449,0.006244597,0.006147564,0.006084897,0.006062215,0.005989291,0.005840676,0.005702652,0.005595244,0.00544281,0.005243127,0.005057062
0.004466143,0.004322429,0.004155353,0.003959987,0.003763556,0.003553024,0.003321575,0.003083039,0.00283264,0.002569,0.002296003,0.002014403,0.001724281,0.001426215,0.001122941,0.0008152979,0.0005022156,0.0001882832,-0.0001270407,-0.0004432011,-0.0007575363,-0.001068651,-0.001376988,-0.001679914,-0.001976551,-0.00226537,-0.00254613,-0.002816919,-0.00307737,-0.003325691,-0.003561735,-0.003783825,-0.003992026,-0.004184853,-0.00436247,-0.004523088,-0.004666853,-0.004793312,-0.004903263,-0.004993561,-0.005065991,-0.005121814,-0.00515769,-0.005174243,-0.005176676,-0.0051567,-0.005119981,-0.005069466,-0.004996535,-0.004909061,-0.004809583,-0.004687036,-0.004554484,-0.004409703,-0.004245202,-0.004071482,-0.003889024,-0.003689224,-0.003481825,-0.003267167,-0.0030423,-0.002809244,-0.002570225,-0.002324183,-0.00207766,-0.00182648,-0.001565404,-0.001301346,-0.001047737,-0.0007971936,-0.0005374028,-0.0002624711,7.990789e-06,0.0002567618,0.0004878195,0.0007137315,0.0009577093,0.001211927,0.001475329,0.001740716,0.001980615,0.002202044,0.002414312,0.00262031,0.002817774,0.003008503,0.003192546,0.003374744,0.003553962,0.003730227,0.003898061,0.004058258,0.004208941,0.004353163,0.004485577,0.004568176,0.004600362,0.004660801,0.004737456,0.004846211,0.005004916,0.005113912,0.005162852,0.005132289,0.005120934,0.005173395,0.005233845,0.005231066,0.005159683,0.005108029,0.005099714,0.00504915,0.004937012,0.004837494,0.004752081,0.004621095
0.004316297,0.004190032,0.004057698,0.003924422,0.003764096,0.003590533,0.003411293,0.003213987,0.003004652,0.002786124,0.002556144,0.002315768,0.002066751,0.001810529,0.001546449,0.001275904,0.001002112,0.0007229028,0.0004411041,0.0001585471,-0.0001250452,-0.0004086296,-0.0006894502,-0.0009677351,-0.001242087,-0.001511728,-0.001774764,-0.002030943,-0.002278638,-0.002517659,-0.002746367,-0.002964678,-0.003170969,-0.003365207,-0.003545939,-0.003713702,-0.003867322,-0.004006307,-0.004129158,-0.004238323,-0.004331584,-0.004407393,-0.004468908,-0.004515393,-0.004541927,-0.004556896,-0.004555089,-0.0045342,-0.004503344,-0.004455479,-0.004389144,-0.004316098,-0.004224595,-0.004118119,-0.004005249,-0.00387697,-0.003734387,-0.003587347,-0.003427832,-0.003257141,-0.003079775,-0.002895336,-0.002703334,-0.00250641,-0.002299853,-0.002089462,-0.001881913,-0.001671832,-0.001447651,-0.00121822,-0.0009970751,-0.0007911134,-0.0005821062,-0.0003544074,-0.0001132512,0.0001277001,0.0003448623,0.0005451906,0.0007291089,0.0009033791,0.001094328,0.001294419,0.001493986,0.001689864,0.001883861,0.002073862,0.002259463,0.002435685,0.002603388,0.002762323,0.002917527,0.003067858,0.003214776,0.003355037,0.003493696,0.003667396,0.003875256,0.004039144,0.004170065,0.004251728,0.0042665,0.004311918,0.004396924,0.004538793,0.004638917,0.004653083,0.004635859,0.004656312,0.004718026,0.004733057,0.004678067,0.004636914,0.004627417,0.00457599,0.00448134,0.004401998
0.004111315,0.004031789,0.003930087,0.003801776,0.003672984,0.003530681,0.003368323,0.003199101,0.003018102,0.002823864,0.002619957,0.002406879,0.002184493,0.001953167,0.001715343,0.001471582,0.001220676,0.0009668488,0.0007093501,0.0004485484,0.0001868343,-7.464208e-05,-0.0003364728,-0.0005962591,-0.0008533059,-0.001106279,-0.001355059,-0.001597898,-0.001834542,-0.002063331,-0.002284185,-0.002495524,-0.002697451,-0.002888541,-0.003068948,-0.003236919,-0.003392586,-0.003535459,-0.003666221,-0.003781754,-0.003883745,-0.003973237,-0.004046869,-0.004105211,-0.00415306,-0.004182233,-0.004198176,-0.004203374,-0.004189392,-0.004163742,-0.00412846,-0.00407279,-0.004009222,-0.003935126,-0.003843233,-0.003743496,-0.003635939,-0.003512137,-0.003381334,-0.003243466,-0.003095519,-0.002939227,-0.002776475,-0.002606056,-0.002434004,-0.002255881,-0.002066606,-0.001872868,-0.001687259,-0.00150208,-0.001305254,-0.001091339,-0.0008795983,-0.0006861782,-0.0005067434,-0.0003284153,-0.0001288959,8.414649e-05,0.0003095379,0.0005397213,0.0007483222,0.0009424918,0.00113122,0.00131726,0.001498475,0.001676665,0.001851863,0.002028658,0.002205763,0.002383048,0.002555071,0.002722542,0.002883422,0.003040318,0.003187408,0.0032881,0.003343187,0.00342907,0.003533923,0.003672918,0.003861552,0.004002554,0.004086266,0.004095396,0.004126497,0.004221531,0.00432503,0.004368012,0.004346697,0.00434707,0.00439061,0.004393788,0.004338985,0.004298299,0.004272103,0.004202597
0.00391285,0.003821166,0.003724957,0.003628726,0.003507153,0.003373803,0.003235694,0.003080747,0.00291478,0.002740364,0.002555189,0.002360157,0.002156827,0.001946438,0.001728177,0.001503287,0.001274691,0.001040108,0.0008021592,0.0005624415,0.000320506,7.725145e-05,-0.0001648238,-0.000406088,-0.0006453274,-0.0008819115,-0.001114127,-0.001341832,-0.001563574,-0.00177925,-0.001987362,-0.002187884,-0.002379317,-0.002561673,-0.002733593,-0.002895616,-0.003046619,-0.003186105,-0.003312648,-0.003428581,-0.003531691,-0.003620464,-0.003697906,-0.00376316,-0.003811493,-0.003850907,-0.003876146,-0.003885027,-0.003886195,-0.003872588,-0.00384288,-0.003808175,-0.003756899,-0.003692483,-0.003622903,-0.003539238,-0.003442582,-0.003342169,-0.003229989,-0.00310727,-0.00297816,-0.002842086,-0.002698429,-0.002549506,-0.002390634,-0.002227414,-0.002065982,-0.00190077,-0.001720647,-0.001534406,-0.001355001,-0.001188545,-0.001016872,-0.0008251243,-0.0006186123,-0.0004110126,-0.0002249733,-5.34857e-05,0.0001040214,0.0002547588,0.0004239962,0.0006041538,0.0007858339,0.0009658563,0.001145913,0.001323863,0.001499193,0.001666953,0.001827954,0.001981934,0.002133804,0.002282454,0.002429399,0.002571482,0.00271381,0.002891799,0.003103341,0.003271991,0.003408771,0.003497756,0.003523577,0.003581373,0.003679424,0.003833279,0.003946092,0.00397602,0.003977388,0.004017363,0.004098024,0.004133568,0.004102584,0.00408699,0.004102957,0.004078902,0.004014461,0.003966351
0.003571196,0.003509359,0.003427356,0.003321219,0.003216284,0.003099637,0.002965058,0.002825266,0.002675355,0.002513845,0.002344134,0.002166566,0.001980902,0.001787366,0.001588225,0.001383828,0.00117291,0.0009594011,0.0007424142,0.0005221605,0.000300829,7.934255e-05,-0.0001430013,-0.0003640302,-0.0005832057,-0.0007993959,-0.001012601,-0.001221272,-0.001425267,-0.00162311,-0.001814817,-0.001998968,-0.002175744,-0.002343857,-0.002503509,-0.002653074,-0.002792729,-0.002922058,-0.003041718,-0.003148718,-0.003244731,-0.003330732,-0.003403423,-0.00346343,-0.003515286,-0.003551019,-0.00357595,-0.003592305,-0.003591876,-0.003581973,-0.003564299,-0.003528454,-0.003486505,-0.003435618,-0.00336876,-0.003295524,-0.003215632,-0.003120909,-0.003020235,-0.002913308,-0.002797117,-0.002673249,-0.00254338,-0.002406271,-0.002267591,-0.002122788,-0.001966963,-0.001806682,-0.001653889,-0.00150075,-0.00133546,-0.001153016,-0.0009723892,-0.0008089289,-0.0006580534,-0.0005067379,-0.0003334908,-0.0001459067,5.469727e-05,0.0002604437,0.0004458778,0.000618157,0.0007860282,0.0009521265,0.001114383,0.001274559,0.001432703,0.001593212,0.001754727,0.001917,0.002074653,0.002228322,0.002375899,0.002519707,0.002653712,0.00274256,0.002788203,0.002865257,0.002962121,0.003093458,0.003272962,0.00340553,0.003482243,0.003487597,0.003516452,0.003608701,0.003709366,0.003751443,0.003732577,0.00373685,0.003784169,0.003792894,0.003746928,0.003716669,0.003701758,0.003646077
0.003239327,0.003159005,0.003076575,0.002996083,0.002892909,0.002780415,0.002665242,0.002535577,0.002397094,0.002252166,0.002098454,0.001936744,0.00176845,0.001594638,0.00141438,0.001228774,0.001040497,0.0008471714,0.0006512232,0.0004540232,0.0002549725,5.479651e-05,-0.0001442366,-0.0003426605,-0.0005394446,-0.00073413,-0.0009252001,-0.001112673,-0.00129527,-0.001473035,-0.001644634,-0.001810172,-0.001968296,-0.002119131,-0.002261452,-0.00239588,-0.002521381,-0.002637547,-0.002743061,-0.002840244,-0.002926939,-0.00300175,-0.003067618,-0.00312366,-0.003165332,-0.003200413,-0.003223669,-0.003233078,-0.003236947,-0.00322829,-0.003205912,-0.003180451,-0.003140521,-0.003089561,-0.003035104,-0.002968363,-0.002890448,-0.002810151,-0.002719525,-0.002619775,-0.002514783,-0.002403878,-0.002286364,-0.00216435,-0.002033212,-0.001898419,-0.00176569,-0.001629367,-0.001478679,-0.001322365,-0.001172924,-0.001035902,-0.000893238,-0.0007306979,-0.0005536684,-0.0003758584,-0.0002191053,-7.641198e-05,5.297114e-05,0.0001765369,0.0003187585,0.0004720015,0.0006271119,0.0007809733,0.0009351787,0.001087561,0.00123757,0.001380361,0.001516784,0.001646628,0.001774748,0.001900068,0.002024174,0.002144129,0.002265267,0.002421912,0.00261099,0.002757765,0.002873176,0.002941875,0.002950271,0.002991644,0.003073811,0.003210868,0.00330775,0.003324659,0.003315679,0.00334637,0.003417763,0.003445966,0.003411183,0.003393746,0.003408649,0.003385986,0.003326188,0.003284515
0.002811557,0.002759611,0.002690143,0.002599559,0.002512548,0.002416298,0.002304847,0.002190528,0.002068437,0.001937069,0.001799662,0.001656421,0.001507003,0.001351495,0.001191997,0.001028661,0.0008601405,0.000690105,0.0005175153,0.0003424155,0.0001667942,-8.651649e-06,-0.0001847556,-0.0003595753,-0.0005327424,-0.000703337,-0.0008715082,-0.001035917,-0.001196564,-0.001352172,-0.001502884,-0.00164747,-0.001786216,-0.001918001,-0.002043115,-0.002160088,-0.002269177,-0.002370081,-0.00246348,-0.002546537,-0.002620954,-0.002687703,-0.002743584,-0.002789299,-0.002829203,-0.002855545,-0.002873573,-0.002885344,-0.002882864,-0.002873311,-0.002858148,-0.002827293,-0.002792485,-0.002750758,-0.002695295,-0.002635404,-0.002570597,-0.002492914,-0.002410958,-0.002324258,-0.002229809,-0.002129086,-0.002023602,-0.001912108,-0.001799987,-0.001682618,-0.001555244,-0.001424332,-0.001301295,-0.001178188,-0.001043436,-0.0008924013,-0.0007437908,-0.0006122758,-0.0004930737,-0.0003730693,-0.0002313843,-7.555243e-05,9.303208e-05,0.0002662711,0.0004194961,0.0005598959,0.0006960483,0.0008305488,0.0009614252,0.001090436,0.001217692,0.001347501,0.001478512,0.001610441,0.001738007,0.001861821,0.00197977,0.002094066,0.002198632,0.002259142,0.002278506,0.002329986,0.002402159,0.002509366,0.002663892,0.00277253,0.002827011,0.002813269,0.002824833,0.002899988,0.002984226,0.003012178,0.002982663,0.002978234,0.003017586,0.003020685,0.00297268,0.002942566,0.00292944,0.002878574
0.00244695,0.00237832,0.00231025,0.002246428,0.002162772,0.002072457,0.001981812,0.001879217,0.001770205,0.001656972,0.001537124,0.001411328,0.001280852,0.001146595,0.001007508,0.0008645353,0.0007201232,0.0005717871,0.0004217546,0.0002711796,0.0001193053,-3.332065e-05,-0.0001846542,-0.0003353999,-0.000484714,-0.0006323156,-0.0007768862,-0.000918611,-0.001056393,-0.00119043,-0.001319561,-0.001444031,-0.001562643,-0.001675649,-0.001781964,-0.001882309,-0.001975755,-0.002061996,-0.002139832,-0.002211603,-0.002275227,-0.002329425,-0.002377113,-0.002417409,-0.002445935,-0.00247031,-0.002485343,-0.002489149,-0.00248978,-0.00248033,-0.002459705,-0.002438187,-0.002404548,-0.002362231,-0.002318427,-0.002264457,-0.002201438,-0.002137817,-0.002065699,-0.001986263,-0.001903169,-0.001815668,-0.001722988,-0.001627073,-0.001523337,-0.001417128,-0.001313828,-0.001207704,-0.001088248,-0.0009641244,-0.0008474475,-0.0007433177,-0.0006337524,-0.0005049806,-0.0003624254,-0.0002197767,-9.819341e-05,9.332485e-06,0.0001037355,0.0001927384,0.0003002199,0.0004185554,0.0005388142,0.0006579708,0.0007775862,0.0008955162,0.001011227,0.00112001,0.001222796,0.00131946,0.001414854,0.001507974,0.001600509,0.001689748,0.001781239,0.001908458,0.002067638,0.002185462,0.002272851,0.002314974,0.002299649,0.002318674,0.002379521,0.002495181,0.002572086,0.00257208,0.002549026,0.002567188,0.002626822,0.002645601,0.002604992,0.002584047,0.002596855,0.002574861,0.002519091,0.00248364
0.002029719,0.001991122,0.001937612,0.001865853,0.001800013,0.001727338,0.001642045,0.001556137,0.001464689,0.001366151,0.001263604,0.001157116,0.001046234,0.0009309055,0.0008130682,0.000692691,0.0005683296,0.0004434154,0.0003167585,0.000188237,5.964938e-05,-6.851817e-05,-0.0001972357,-0.0003247743,-0.0004509322,-0.0005749878,-0.0006972397,-0.0008165452,-0.0009330464,-0.001045653,-0.001154637,-0.001258942,-0.001358967,-0.001453744,-0.001543658,-0.00162738,-0.001705256,-0.001777089,-0.001843598,-0.001902085,-0.001954284,-0.002001185,-0.002039675,-0.002070521,-0.002097948,-0.002114385,-0.002125025,-0.002131802,-0.002126888,-0.002117354,-0.002104482,-0.002078428,-0.002050669,-0.002018138,-0.00197417,-0.001927846,-0.001878506,-0.001818347,-0.00175574,-0.001690076,-0.001618334,-0.001541886,-0.001462105,-0.001377712,-0.001293855,-0.001205844,-0.001109013,-0.001009722,-0.0009189478,-0.0008286501,-0.000727411,-0.000610851,-0.0004974284,-0.0004012621,-0.0003173921,-0.0002326217,-0.0001265182,-6.538321e-06,0.0001258932,0.0002625553,0.0003794214,0.0004837327,0.0005839678,0.0006827285,0.0007781508,0.0008720242,0.0009645385,0.00105997,0.001157007,0.001255374,0.001349893,0.001441183,0.00152716,0.001609994,0.001683621,0.001714552,0.001706435,0.0017315,0.001778466,0.001861439,0.001991647,0.002077408,0.002110972,0.002079375,0.002075092,0.002135178,0.002205519,0.00222203,0.002184416,0.002174023,0.002208621,0.002209444,0.00216258,0.002135906,0.002128103,0.002085519
0.001700387,0.0016469,0.001596402,0.001552296,0.001490888,0.001425183,0.001361257,0.001287614,0.001209648,0.001129402,0.001044412,0.000955225,0.0008629719,0.0007683956,0.0006703247,0.0005695596,0.0004683414,0.0003640725,0.0002587996,0.0001534816,4.721114e-05,-5.963068e-05,-0.0001651996,-0.0002703595,-0.0003744377,-0.000477317,-0.0005778578,-0.0006763996,-0.0007720084,-0.0008650259,-0.0009544448,-0.00104064,-0.001122556,-0.001200558,-0.001273688,-0.001342758,-0.001406937,-0.001466007,-0.001518869,-0.00156789,-0.001611054,-0.001647178,-0.001679163,-0.001706132,-0.001723834,-0.001739767,-0.001748775,-0.001749068,-0.001748503,-0.00174023,-0.001723221,-0.001707481,-0.001681893,-0.001649884,-0.001618377,-0.001578766,-0.00153215,-0.001486702,-0.001434553,-0.001376838,-0.001317034,-0.001254307,-0.001187811,-0.001119347,-0.001044334,-0.0009680052,-0.0008954657,-0.0008209093,-0.0007340007,-0.0006433167,-0.000560656,-0.0004907634,-0.0004157028,-0.0003220233,-0.0002151476,-0.0001087132,-2.334257e-05,4.800636e-05,0.0001064344,0.0001598519,0.000231717,0.0003144413,0.0003992917,0.0004833387,0.0005681404,0.0006515934,0.0007332045,0.0008083961,0.0008781865,0.0009425402,0.001006322,0.0010686,0.001131161,0.00119149,0.001255311,0.001355456,0.001487672,0.001579741,0.001642586,0.001661789,0.001626214,0.001626537,0.001669962,0.001768671,0.001830262,0.001817812,0.001784986,0.001795057,0.001847714,0.001861827,0.001819793,0.001799672,0.00181488,0.001797879,0.001750113,0.001724781
0.001328259,0.001305333,0.001269782,0.001218434,0.001175058,0.001126931,0.001068373,0.001011128,0.000950234,0.0008840814,0.000815612,0.000744768,0.0006709908,0.0005940965,0.0005158774,0.000436137,0.0003533307,0.000270689,0.0001868797,0.0001016298,1.656827e-05,-6.800396e-05,-0.0001531864,-0.0002374353,-0.0003206998,-0.0004024305,-0.0004830635,-0.0005616281,-0.000638393,-0.0007124292,-0.0007841294,-0.0008525852,-0.0009182983,-0.0009804318,-0.001039457,-0.001094166,-0.001144981,-0.001191795,-0.001235369,-0.001273111,-0.001306788,-0.001337409,-0.001361931,-0.001381164,-0.001399241,-0.001408722,-0.001414754,-0.001419177,-0.001414278,-0.001407041,-0.001398607,-0.001379292,-0.001360366,-0.001338681,-0.001307663,-0.001276211,-0.001243523,-0.001201892,-0.001159502,-0.001115622,-0.001067194,-0.001015494,-0.0009617697,-0.0009047011,-0.000849243,-0.0007906326,-0.0007242453,-0.0006563337,-0.0005975348,-0.0005397205,-0.0004715727,-0.0003888685,-0.0003098477,-0.0002482072,-0.000198841,-0.0001484786,-7.698558e-05,8.259505e-06,0.0001058334,0.0002074525,0.0002895842,0.0003595176,0.000425682,0.0004907138,0.0005528403,0.0006138869,0.0006741195,0.0007378116,0.0008037055,0.0008715452,0.0009362418,0.0009984261,0.001056048,0.001111274,0.001158091,0.001163617,0.001132023,0.001134815,0.001160798,0.001223932,0.001334689,0.00140252,0.00142006,0.001375121,0.001359414,0.001409116,0.001470409,0.001480137,0.001438635,0.001426362,0.00146043,0.001462999,0.001420821,0.001400941,0.00140174,0.001370336
0.001042038,0.001004555,0.0009721614,0.0009480639,0.0009088107,0.0008672728,0.000829335,0.0007835639,0.0007352381,0.0006862698,0.0006341172,0.0005792232,0.0005225909,0.0004648282,0.0004046478,0.0003427189,0.0002811062,0.0002171067,0.0001526023,8.83874e-05,2.341407e-05,-4.208419e-05,-0.0001064374,-0.0001706501,-0.0002342043,-0.0002971247,-0.0003584312,-0.0004185987,-0.0004768366,-0.0005336116,-0.000588054,-0.000640653,-0.0006904726,-0.0007379812,-0.0007823291,-0.0008244084,-0.0008634735,-0.0008993819,-0.0009311202,-0.0009610808,-0.0009873033,-0.001008677,-0.001028103,-0.001044706,-0.001054318,-0.001064359,-0.001069692,-0.001068583,-0.001068752,-0.001063379,-0.001051466,-0.001042815,-0.001026374,-0.001005537,-0.0009870339,-0.0009622831,-0.000932354,-0.0009052086,-0.000872981,-0.0008367473,-0.0007998358,-0.0007613286,-0.0007203068,-0.000678444,-0.0006311453,-0.0005835312,-0.0005404977,-0.000496164,-0.0004402861,-0.0003813461,-0.0003309065,-0.0002934493,-0.0002510538,-0.0001904548,-0.0001170562,-4.443129e-05,7.189355e-06,4.488849e-05,6.990529e-05,9.028778e-05,0.0001292334,0.0001791914,0.0002315832,0.0002835781,0.0003367349,0.0003889937,0.0004399031,0.0004850031,0.0005253861,0.0005610991,0.0005970244,0.0006322887,0.0006687425,0.0007040405,0.0007440535,0.0008211593,0.0009307753,0.001001497,0.001044224,0.001044867,0.0009929804,0.0009784919,0.001008428,0.001094409,0.001144879,0.001123768,0.001084588,0.00108992,0.001139088,0.0011518,0.001111073,0.001094286,0.001114404,0.001104582,0.001066532,0.001052837
0.0007057962,0.0006984516,0.0006804779,0.0006488018,0.000626919,0.0006021131,0.0005687422,0.0005383726,0.0005059846,0.0004699123,0.0004329734,0.0003950035,0.0003553363,0.0003136783,0.0002716841,0.0002290247,0.0001840429,0.0001398063,9.484665e-05,4.875905e-05,3.015434e-06,-4.223274e-05,-8.821752e-05,-0.0001335483,-0.0001783183,-0.0002221225,-0.0002655316,-0.0003077135,-0.0003490647,-0.0003887863,-0.0004273884,-0.000464082,-0.0004994724,-0.0005328272,-0.0005647072,-0.0005939983,-0.0006211998,-0.0006462763,-0.0006700381,-0.0006899697,-0.0007078779,-0.000724785,-0.0007377059,-0.0007474775,-0.0007581843,-0.0007624601,-0.0007654256,-0.0007688501,-0.000765093,-0.0007610625,-0.0007578097,-0.0007457281,-0.0007359483,-0.0007252459,-0.0007070928,-0.0006902405,-0.0006737877,-0.0006500508,-0.0006270778,-0.0006040299,-0.0005778114,-0.0005496004,-0.0005205433,-0.0004892551,-0.0004605458,-0.0004295749,-0.0003917203,-0.0003531305,-0.0003242105,-0.0002967395,-0.0002594353,-0.0002081393,-0.0001609412,-0.0001312389,-0.0001138119,-9.531619e-05,-5.579352e-05,-2.537011e-06,6.303823e-05,0.0001326506,0.0001830804,0.0002216812,0.0002568647,0.0002913042,0.0003232999,0.0003547282,0.0003859143,0.0004211524,0.0004592236,0.0004999088,0.0005381859,0.0005747229,0.0006075053,0.0006387166,0.0006623729,0.0006460087,0.000594142,0.0005778281,0.0005859438,0.0006323709,0.0007271236,0.0007803928,0.0007850653,0.0007294685,0.0007048211,0.0007467628,0.0008016824,0.0008070369,0.0007635527,0.000751134,0.0007864839,0.0007923603,0.0007559248,0.0007437051,0.0007538929,0.0007340937
0.0004456264,0.000423439,0.0004082278,0.0004030838,0.0003846665,0.0003657595,0.0003521079,0.0003322959,0.0003114969,0.0002915245,0.0002697535,0.0002465336,0.000222748,0.0001988946,0.0001735655,0.0001473181,0.000122062,9.4986e-05,6.782493e-05,4.123483e-05,1.402747e-05,-1.369018e-05,-4.040756e-05,-6.725485e-05,-9.386092e-05,-0.0001203771,-0.0001459687,-0.0001712277,-0.0001955022,-0.0002193675,-0.0002420812,-0.0002642299,-0.000284995,-0.0003049305,-0.0003232906,-0.0003410364,-0.0003575087,-0.0003726244,-0.0003854481,-0.0003983995,-0.0004095756,-0.0004179076,-0.0004263116,-0.000433917,-0.0004366197,-0.0004417787,-0.0004442779,-0.0004423991,-0.0004437861,-0.0004416129,-0.0004348948,-0.0004332962,-0.0004257909,-0.0004157252,-0.0004097016,-0.0003991236,-0.0003850218,-0.0003752045,-0.0003617803,-0.0003457565,-0.0003303582,-0.0003145807,-0.0002974356,-0.0002804826,-0.0002590874,-0.0002382669,-0.000222774,-0.0002066442,-0.0001796609,-0.0001502129,-0.0001296997,-0.0001224141,-0.0001104259,-8.054308e-05,-3.812948e-05,3.31883e-06,2.380044e-05,3.046159e-05,2.462883e-05,1.446646e-05,2.303096e-05,4.283719e-05,6.540527e-05,8.796926e-05,0.0001121167,0.0001358494,0.0001587544,0.0001764531,0.0001900877,0.0001997743,0.0002104272,0.0002212485,0.000234153,0.0002468885,0.0002653857,0.0003218365,0.0004115204,0.0004634575,0.0004886048,0.0004730409,0.0004067486,0.0003792439,0.000397472,0.0004728141,0.0005141567,0.0004859187,0.0004415506,0.0004433014,0.0004902885,0.0005027001,0.0004638984,0.0004508983,0.0004764095,0.0004739963,0.0004455139,0.000443207
0.0001261018,0.0001336072,0.0001323267,0.0001192137,0.0001176218,0.0001148178,0.0001051364,0.0001000368,9.443012e-05,8.658347e-05,7.921151e-05,7.205536e-05,6.434151e-05,5.56751e-05,4.758372e-05,3.962141e-05,3.00114e-05,2.168396e-05,1.303925e-05,3.548429e-06,-5.461799e-06,-1.397232e-05,-2.335054e-05,-3.23401e-05,-4.117325e-05,-4.957445e-05,-5.824476e-05,-6.647518e-05,-7.478867e-05,-8.250125e-05,-9.02377e-05,-9.731328e-05,-0.0001044382,-0.0001109717,-0.0001175653,-0.0001231846,-0.0001284084,-0.0001332613,-0.0001386123,-0.0001420012,-0.0001452805,-0.0001494903,-0.0001516872,-0.0001527282,-0.0001566902,-0.0001562313,-0.0001564629,-0.0001591139,-0.0001565671,-0.0001556769,-0.0001574453,-0.0001522714,-0.0001512067,-0.000150961,-0.0001449973,-0.0001419676,-0.0001408962,-0.000134066,-0.0001294285,-0.0001260538,-0.0001207931,-0.0001147352,-0.0001089427,-0.0001019506,-9.846392e-05,-9.355764e-05,-8.2569e-05,-7.155003e-05,-7.076898e-05,-7.192142e-05,-6.369992e-05,-4.191925e-05,-2.456579e-05,-2.487375e-05,-3.753864e-05,-4.914043e-05,-3.976747e-05,-1.663492e-05,1.887246e-05,5.851434e-05,7.922656e-05,8.842971e-05,9.454944e-05,0.0001002997,0.000104045,0.000107722,0.0001117029,0.0001203134,0.0001323703,0.0001477004,0.0001613418,0.0001740225,0.0001837743,0.0001928002,0.0001951344,0.0001585533,8.775697e-05,5.361155e-05,4.508541e-05,7.603295e-05,0.0001563283,0.0001964976,0.0001895669,0.0001241385,9.121666e-05,0.0001262417,0.0001757291,0.0001774434,0.0001322843,0.0001199377,0.000156949,0.0001663508,0.0001354762,0.000130655,0.0001500001,0.0001413295
-0.0001261015,-0.0001336068,-0.0001323264,-0.0001192133,-0.0001176214,-0.0001148174,-0.000105136,-0.0001000364,-9.442973e-05,-8.658309e-05,-7.921112e-05,-7.205499e-05,-6.434115e-05,-5.567473e-05,-4.758338e-05,-3.962107e-05,-3.001106e-05,-2.168366e-05,-1.303898e-05,-3.548182e-06,5.462026e-06,1.397252e-05,2.33507e-05,3.234023e-05,4.117337e-05,4.957451e-05,5.824481e-05,6.647516e-05,7.47886e-05,8.250119e-05,9.023757e-05,9.731311e-05,0.000104438,0.0001109715,0.000117565,0.0001231843,0.000128408,0.0001332609,0.0001386118,0.0001420007,0.00014528,0.0001494898,0.0001516867,0.0001527276,0.0001566896,0.0001562307,0.0001564622,0.0001591132,0.0001565664,0.0001556762,0.0001574446,0.0001522706,0.000151206,0.0001509602,0.0001449965,0.0001419668,0.0001408954,0.0001340653,0.0001294277,0.0001260531,0.0001207923,0.0001147345,0.000108942,0.0001019499,9.846321e-05,9.355697e-05,8.256835e-05,7.154938e-05,7.076837e-05,7.192081e-05,6.369934e-05,4.19187e-05,2.456526e-05,2.487324e-05,3.753815e-05,4.913994e-05,3.976701e-05,1.663448e-05,-1.887288e-05,-5.851472e-05,-7.922693e-05,-8.843006e-05,-9.454977e-05,-0.0001003001,-0.0001040453,-0.0001077223,-0.0001117032,-0.0001203136,-0.0001323706,-0.0001477007,-0.000161342,-0.0001740227,-0.0001837744,-0.0001928003,-0.0001951345,-0.0001585533,-8.775704e-05,-5.36116e-05,-4.508543e-05,-7.603294e-05,-0.0001563283,-0.0001964976,-0.0001895668,-0.0001241384,-9.121651e-05,-0.0001262416,-0.0001757289,-0.0001774432,-0.000132284,-0.0001199374,-0.0001569488,-0.0001663505,-0.0001354759,-0.0001306546,-0.0001499998,-0.0001413291
-0.0004456259,-0.0004234385,-0.0004082274,-0.0004030833,-0.000384666,-0.000365759,-0.0003521074,-0.0003322954,-0.0003114964,-0.000291524,-0.000269753,-0.0002465331,-0.0002227475,-0.0001988941,-0.000173565,-0.0001473177,-0.0001220616,-9.498562e-05,-6.782459e-05,-4.12345e-05,-1.402716e-05,1.369043e-05,4.040779e-05,6.725504e-05,9.386108e-05,0.0001203772,0.0001459688,0.0001712277,0.0001955022,0.0002193674,0.0002420811,0.0002642297,0.0002849948,0.0003049303,0.0003232903,0.0003410361,0.0003575084,0.000372624,0.0003854477,0.000398399,0.0004095751,0.0004179071,0.000426311,0.0004339164,0.0004366191,0.000441778,0.0004442773,0.0004423985,0.0004437854,0.0004416122,0.000434894,0.0004332954,0.0004257902,0.0004157245,0.0004097008,0.0003991228,0.000385021,0.0003752037,0.0003617795,0.0003457558,0.0003303574,0.0003145799,0.0002974349,0.0002804819,0.0002590867,0.0002382662,0.0002227734,0.0002066436,0.0001796603,0.0001502123,0.0001296991,0.0001224135,0.0001104254,8.054255e-05,3.812898e-05,-3.319306e-06,-2.380092e-05,-3.046203e-05,-2.462926e-05,-1.446684e-05,-2.303134e-05,-4.283754e-05,-6.540559e-05,-8.796955e-05,-0.000112117,-0.0001358497,-0.0001587547,-0.0001764534,-0.0001900879,-0.0001997745,-0.0002104273,-0.0002212486,-0.0002341531,-0.0002468886,-0.0002653858,-0.0003218366,-0.0004115205,-0.0004634575,-0.0004886048,-0.0004730409,-0.0004067485,-0.0003792438,-0.0003974719,-0.0004728139,-0.0005141565,-0.0004859185,-0.0004415503,-0.0004433011,-0.0004902882,-0.0005026998,-0.0004638981,-0.000450898,-0.0004764091,-0.0004739959,-0.0004455135,-0.0004432066
-0.0007057957,-0.000698451,-0.0006804773,-0.0006488012,-0.0006269185,-0.0006021125,-0.0005687416,-0.000538372,-0.0005059841,-0.0004699116,-0.0004329728,-0.0003950029,-0.0003553357,-0.0003136778,-0.0002716836,-0.0002290242,-0.0001840424,-0.0001398059,-9.48462e-05,-4.875863e-05,-3.015027e-06,4.22331e-05,8.821786e-05,0.0001335486,0.0001783185,0.0002221227,0.0002655317,0.0003077136,0.0003490647,0.0003887864,0.0004273883,0.0004640819,0.0004994723,0.000532827,0.000564707,0.0005939981,0.0006211995,0.0006462759,0.0006700377,0.0006899693,0.0007078774,0.0007247845,0.0007377053,0.0007474769,0.0007581837,0.0007624594,0.0007654249,0.0007688494,0.0007650923,0.0007610618,0.000757809,0.0007457274,0.0007359476,0.0007252451,0.0007070921,0.0006902398,0.000673787,0.0006500499,0.000627077,0.0006040292,0.0005778106,0.0005495996,0.0005205426,0.0004892543,0.0004605451,0.0004295742,0.0003917196,0.0003531298,0.0003242098,0.0002967388,0.0002594347,0.0002081387,0.0001609406,0.0001312383,0.0001138113,9.531568e-05,5.579305e-05,2.53655e-06,-6.303868e-05,-0.000132651,-0.0001830807,-0.0002216816,-0.000256865,-0.0002913045,-0.0003233002,-0.0003547285,-0.0003859146,-0.0004211526,-0.0004592238,-0.0004999089,-0.0005381861,-0.0005747231,-0.0006075054,-0.0006387166,-0.0006623729,-0.0006460087,-0.000594142,-0.000577828,-0.0005859438,-0.0006323708,-0.0007271235,-0.0007803927,-0.0007850651,-0.0007294682,-0.0007048209,-0.0007467626,-0.0008016821,-0.0008070366,-0.0007635523,-0.0007511337,-0.0007864835,-0.0007923599,-0.0007559244,-0.0007437046,-0.0007538924,-0.0007340932
-0.001042038,-0.001004554,-0.0009721607,-0.0009480633,-0.0009088101,-0.0008672722,-0.0008293343,-0.0007835632,-0.0007352374,-0.0006862692,-0.0006341165,-0.0005792226,-0.0005225902,-0.0004648276,-0.0004046472,-0.0003427183,-0.0002811056,-0.0002171062,-0.0001526018,-8.838691e-05,-2.341362e-05,4.208461e-05,0.0001064378,0.0001706504,0.0002342046,0.000297125,0.0003584315,0.0004185988,0.0004768367,0.0005336116,0.000588054,0.0006406529,0.0006904725,0.0007379812,0.0007823289,0.0008244081,0.0008634733,0.0008993816,0.0009311198,0.0009610804,0.000987303,0.001008676,0.001028102,0.001044705,0.001054318,0.001064358,0.001069691,0.001068582,0.001068751,0.001063378,0.001051465,0.001042814,0.001026373,0.001005537,0.0009870331,0.0009622823,0.0009323532,0.0009052078,0.0008729802,0.0008367465,0.0007998351,0.0007613278,0.000720306,0.0006784432,0.0006311446,0.0005835305,0.000540497,0.0004961633,0.0004402855,0.0003813454,0.0003309058,0.0002934487,0.0002510532,0.0001904543,0.0001170556,4.443076e-05,-7.18987e-06,-4.488896e-05,-6.990573e-05,-9.028822e-05,-0.0001292338,-0.0001791918,-0.0002315835,-0.0002835784,-0.0003367352,-0.0003889939,-0.0004399034,-0.0004850033,-0.0005253862,-0.0005610993,-0.0005970245,-0.0006322888,-0.0006687425,-0.0007040405,-0.0007440535,-0.0008211593,-0.0009307752,-0.001001497,-0.001044224,-0.001044867,-0.0009929803,-0.0009784917,-0.001008428,-0.001094409,-0.001144879,-0.001123768,-0.001084588,-0.00108992,-0.001139087,-0.0011518,-0.001111073,-0.001094285,-0.001114404,-0.001104581,-0.001066532,-0.001052836
-0.001328258,-0.001305333,-0.001269782,-0.001218434,-0.001175058,-0.00112693,-0.001068372,-0.001011127,-0.0009502333,-0.0008840807,-0.0008156113,-0.0007447673,-0.0006709901,-0.0005940958,-0.0005158767,-0.0004361363,-0.00035333,-0.0002706884,-0.0001868791,-0.0001016292,-1.656776e-05,6.800442e-05,0.0001531868,0.0002374357,0.0003207001,0.0004024308,0.0004830638,0.0005616283,0.0006383932,0.0007124293,0.0007841294,0.0008525852,0.0009182983,0.0009804317,0.001039457,0.001094166,0.001144981,0.001191795,0.001235369,0.001273111,0.001306788,0.001337409,0.00136193,0.001381163,0.00139924,0.001408721,0.001414753,0.001419176,0.001414277,0.00140704,0.001398606,0.001379291,0.001360365,0.00133868,0.001307662,0.00127621,0.001243522,0.001201891,0.001159501,0.001115621,0.001067193,0.001015493,0.0009617689,0.0009047003,0.0008492422,0.0007906319,0.0007242446,0.000656333,0.0005975341,0.0005397198,0.000471572,0.0003888679,0.0003098471,0.0002482066,0.0001988404,0.000148478,7.698507e-05,-8.259998e-06,-0.0001058339,-0.0002074529,-0.0002895846,-0.000359518,-0.0004256824,-0.0004907142,-0.0005528406,-0.0006138872,-0.0006741197,-0.0007378118,-0.0008037058,-0.0008715454,-0.0009362419,-0.0009984262,-0.001056048,-0.001111274,-0.001158091,-0.001163617,-0.001132023,-0.001134815,-0.001160798,-0.001223932,-0.001334689,-0.00140252,-0.00142006,-0.001375121,-0.001359414,-0.001409115,-0.001470408,-0.001480136,-0.001438635,-0.001426362,-0.00146043,-0.001462998,-0.001420821,-0.00140094,-0.00140174,-0.001370335
-0.001700386,-0.0016469,-0.001596401,-0.001552296,-0.001490888,-0.001425183,-0.001361257,-0.001287613,-0.001209648,-0.001129401,-0.001044411,-0.0009552242,-0.0008629712,-0.0007683948,-0.000670324,-0.0005695589,-0.0004683407,-0.0003640718,-0.000258799,-0.000153481,-4.721058e-05,5.963121e-05,0.0001652001,0.00027036,0.0003744381,0.0004773174,0.0005778581,0.0006763999,0.0007720086,0.0008650261,0.0009544449,0.001040641,0.001122556,0.001200558,0.001273688,0.001342757,0.001406937,0.001466006,0.001518868,0.00156789,0.001611054,0.001647177,0.001679162,0.001706132,0.001723833,0.001739767,0.001748775,0.001749067,0.001748502,0.00174023,0.001723221,0.00170748,0.001681892,0.001649883,0.001618376,0.001578765,0.001532149,0.001486701,0.001434552,0.001376837,0.001317033,0.001254306,0.00118781,0.001119346,0.001044333,0.0009680044,0.000895465,0.0008209086,0.0007340001,0.000643316,0.0005606553,0.0004907628,0.0004157023,0.0003220228,0.0002151471,0.0001087127,2.334205e-05,-4.800684e-05,-0.0001064349,-0.0001598523,-0.0002317174,-0.0003144417,-0.0003992921,-0.0004833391,-0.0005681407,-0.0006515937,-0.0007332048,-0.0008083964,-0.0008781868,-0.0009425405,-0.001006322,-0.001068601,-0.001131161,-0.001191491,-0.001255311,-0.001355456,-0.001487672,-0.001579741,-0.001642586,-0.001661789,-0.001626214,-0.001626536,-0.001669961,-0.00176867,-0.001830262,-0.001817812,-0.001784986,-0.001795057,-0.001847713,-0.001861827,-0.001819792,-0.001799671,-0.00181488,-0.001797879,-0.001750113,-0.001724781
-0.002029718,-0.001991122,-0.001937611,-0.001865853,-0.001800012,-0.001727337,-0.001642044,-0.001556136,-0.001464689,-0.00136615,-0.001263604,-0.001157115,-0.001046233,-0.0009309047,-0.0008130674,-0.0006926903,-0.0005683288,-0.0004434147,-0.0003167578,-0.0001882364,-5.964874e-05,6.851878e-05,0.0001972363,0.0003247749,0.0004509326,0.0005749882,0.00069724,0.0008165456,0.0009330467,0.001045653,0.001154637,0.001258942,0.001358967,0.001453744,0.001543658,0.00162738,0.001705256,0.001777088,0.001843598,0.001902085,0.001954284,0.002001185,0.002039675,0.00207052,0.002097947,0.002114384,0.002125025,0.002131801,0.002126887,0.002117353,0.002104482,0.002078428,0.002050668,0.002018137,0.001974169,0.001927846,0.001878506,0.001818346,0.001755739,0.001690075,0.001618333,0.001541886,0.001462104,0.001377711,0.001293855,0.001205843,0.001109012,0.001009721,0.0009189472,0.0008286494,0.0007274104,0.0006108504,0.0004974278,0.0004012616,0.0003173915,0.0002326212,0.0001265177,6.537794e-06,-0.0001258937,-0.0002625558,-0.0003794219,-0.0004837332,-0.0005839682,-0.000682729,-0.0007781512,-0.0008720246,-0.000964539,-0.00105997,-0.001157008,-0.001255375,-0.001349893,-0.001441183,-0.001527161,-0.001609994,-0.001683621,-0.001714552,-0.001706435,-0.0017315,-0.001778466,-0.001861439,-0.001991647,-0.002077409,-0.002110972,-0.002079375,-0.002075092,-0.002135178,-0.002205518,-0.00222203,-0.002184416,-0.002174023,-0.002208621,-0.002209444,-0.002162579,-0.002135906,-0.002128103,-0.002085518
-0.002446949,-0.002378319,-0.002310249,-0.002246428,-0.002162772,-0.002072456,-0.001981811,-0.001879217,-0.001770204,-0.001656971,-0.001537124,-0.001411328,-0.001280852,-0.001146595,-0.001007507,-0.0008645345,-0.0007201224,-0.0005717863,-0.0004217538,-0.0002711788,-0.0001193046,3.332134e-05,0.0001846549,0.0003354005,0.0004847146,0.0006323162,0.0007768867,0.0009186114,0.001056393,0.001190431,0.001319562,0.001444031,0.001562643,0.001675649,0.001781964,0.001882309,0.001975755,0.002061996,0.002139831,0.002211603,0.002275227,0.002329425,0.002377113,0.002417408,0.002445934,0.002470309,0.002485343,0.002489149,0.00248978,0.002480329,0.002459704,0.002438186,0.002404548,0.002362231,0.002318426,0.002264456,0.002201437,0.002137816,0.002065699,0.001986262,0.001903169,0.001815667,0.001722987,0.001627072,0.001523336,0.001417128,0.001313827,0.001207703,0.001088247,0.0009641238,0.0008474469,0.0007433171,0.0006337517,0.00050498,0.0003624248,0.0002197761,9.819283e-05,-9.333054e-06,-0.000103736,-0.000192739,-0.0003002204,-0.0004185559,-0.0005388147,-0.0006579714,-0.0007775868,-0.0008955168,-0.001011227,-0.00112001,-0.001222796,-0.001319461,-0.001414854,-0.001507975,-0.001600509,-0.001689749,-0.00178124,-0.001908458,-0.002067639,-0.002185462,-0.002272851,-0.002314974,-0.002299649,-0.002318675,-0.002379521,-0.002495181,-0.002572086,-0.00257208,-0.002549026,-0.002567188,-0.002626822,-0.002645601,-0.002604992,-0.002584047,-0.002596855,-0.002574861,-0.002519091,-0.00248364
-0.002811557,-0.002759611,-0.002690142,-0.002599558,-0.002512548,-0.002416297,-0.002304847,-0.002190528,-0.002068436,-0.001937069,-0.001799662,-0.00165642,-0.001507002,-0.001351494,-0.001191996,-0.00102866,-0.0008601396,-0.0006901041,-0.0005175145,-0.0003424145,-0.0001667934,8.652497e-06,0.0001847564,0.0003595762,0.0005327431,0.0007033377,0.0008715089,0.001035918,0.001196564,0.001352172,0.001502885,0.00164747,0.001786217,0.001918001,0.002043116,0.002160088,0.002269177,0.002370081,0.00246348,0.002546537,0.002620954,0.002687703,0.002743584,0.002789299,0.002829203,0.002855544,0.002873573,0.002885343,0.002882864,0.00287331,0.002858147,0.002827292,0.002792484,0.002750758,0.002695294,0.002635404,0.002570597,0.002492914,0.002410957,0.002324258,0.002229808,0.002129085,0.002023602,0.001912107,0.001799987,0.001682617,0.001555243,0.001424331,0.001301294,0.001178188,0.001043435,0.0008924007,0.0007437902,0.0006122752,0.000493073,0.0003730687,0.0002313837,7.555181e-05,-9.303272e-05,-0.0002662718,-0.0004194967,-0.0005598966,-0.000696049,-0.0008305495,-0.0009614259,-0.001090437,-0.001217693,-0.001347502,-0.001478513,-0.001610442,-0.001738008,-0.001861822,-0.00197977,-0.002094067,-0.002198632,-0.002259143,-0.002278507,-0.002329987,-0.00240216,-0.002509366,-0.002663892,-0.002772531,-0.002827012,-0.00281327,-0.002824833,-0.002899989,-0.002984226,-0.003012178,-0.002982663,-0.002978234,-0.003017586,-0.003020685,-0.00297268,-0.002942566,-0.00292944,-0.002878574
-0.003239327,-0.003159005,-0.003076575,-0.002996083,-0.002892909,-0.002780415,-0.002665242,-0.002535577,-0.002397093,-0.002252166,-0.002098453,-0.001936744,-0.001768449,-0.001594637,-0.001414379,-0.001228773,-0.001040496,-0.0008471704,-0.0006512222,-0.0004540222,-0.0002549715,-5.479549e-05,0.0001442376,0.0003426615,0.0005394456,0.000734131,0.000925201,0.001112674,0.001295271,0.001473036,0.001644635,0.001810172,0.001968297,0.002119132,0.002261453,0.002395881,0.002521382,0.002637548,0.002743061,0.002840244,0.00292694,0.00300175,0.003067618,0.00312366,0.003165333,0.003200413,0.003223669,0.003233078,0.003236947,0.00322829,0.003205912,0.003180451,0.003140521,0.003089561,0.003035104,0.002968363,0.002890448,0.002810151,0.002719525,0.002619775,0.002514783,0.002403878,0.002286364,0.00216435,0.002033212,0.001898419,0.00176569,0.001629367,0.001478678,0.001322365,0.001172923,0.001035902,0.0008932375,0.0007306974,0.0005536679,0.0003758578,0.0002191047,7.641135e-05,-5.297178e-05,-0.0001765375,-0.0003187592,-0.0004720023,-0.0006271126,-0.0007809741,-0.0009351795,-0.001087562,-0.001237571,-0.001380362,-0.001516785,-0.001646629,-0.001774749,-0.001900069,-0.002024175,-0.00214413,-0.002265268,-0.002421913,-0.002610991,-0.002757766,-0.002873177,-0.002941876,-0.002950272,-0.002991644,-0.003073812,-0.003210869,-0.003307751,-0.003324659,-0.00331568,-0.00334637,-0.003417764,-0.003445966,-0.003411183,-0.003393747,-0.003408649,-0.003385987,-0.003326188,-0.003284515
-0.003571196,-0.00350936,-0.003427356,-0.003321219,-0.003216284,-0.003099637,-0.002965058,-0.002825266,-0.002675355,-0.002513845,-0.002344133,-0.002166566,-0.001980901,-0.001787366,-0.001588224,-0.001383827,-0.001172909,-0.0009594001,-0.0007424132,-0.0005221595,-0.0003008279,-7.934149e-05,0.0001430024,0.0003640313,0.0005832068,0.0007993971,0.001012602,0.001221273,0.001425268,0.001623112,0.001814818,0.001998969,0.002175745,0.002343858,0.00250351,0.002653075,0.00279273,0.002922059,0.003041719,0.003148719,0.003244732,0.003330733,0.003403424,0.003463431,0.003515287,0.00355102,0.003575951,0.003592306,0.003591877,0.003581974,0.003564299,0.003528454,0.003486506,0.003435618,0.00336876,0.003295524,0.003215633,0.00312091,0.003020235,0.002913308,0.002797117,0.002673249,0.00254338,0.002406271,0.002267591,0.002122788,0.001966963,0.001806682,0.001653889,0.00150075,0.00133546,0.001153016,0.0009723891,0.0008089286,0.0006580531,0.0005067376,0.0003334903,0.0001459062,-5.46978e-05,-0.0002604443,-0.0004458784,-0.0006181577,-0.000786029,-0.0009521273,-0.001114384,-0.00127456,-0.001432704,-0.001593213,-0.001754728,-0.001917002,-0.002074654,-0.002228323,-0.0023759,-0.002519709,-0.002653714,-0.002742562,-0.002788204,-0.002865258,-0.002962122,-0.003093459,-0.003272963,-0.003405532,-0.003482244,-0.003487599,-0.003516454,-0.003608702,-0.003709367,-0.003751444,-0.003732578,-0.003736851,-0.00378417,-0.003792895,-0.003746928,-0.00371667,-0.003701759,-0.003646078
-0.003912851,-0.003821167,-0.003724958,-0.003628727,-0.003507154,-0.003373804,-0.003235695,-0.003080748,-0.002914781,-0.002740365,-0.002555189,-0.002360157,-0.002156827,-0.001946438,-0.001728176,-0.001503287,-0.001274691,-0.001040107,-0.0008021586,-0.0005624408,-0.0003205053,-7.725066e-05,0.0001648246,0.0004060888,0.0006453283,0.0008819125,0.001114128,0.001341833,0.001563575,0.001779251,0.001987363,0.002187885,0.002379318,0.002561674,0.002733594,0.002895617,0.00304662,0.003186106,0.003312649,0.003428582,0.003531692,0.003620466,0.003697907,0.003763161,0.003811494,0.003850908,0.003876147,0.003885028,0.003886197,0.003872589,0.003842881,0.003808176,0.0037569,0.003692484,0.003622905,0.003539239,0.003442583,0.00334217,0.00322999,0.003107271,0.002978161,0.002842087,0.00269843,0.002549506,0.002390635,0.002227415,0.002065983,0.001900771,0.001720648,0.001534406,0.001355001,0.001188545,0.001016873,0.0008251245,0.0006186125,0.0004110127,0.0002249733,5.348566e-05,-0.0001040215,-0.000254759,-0.0004239965,-0.0006041542,-0.0007858344,-0.0009658569,-0.001145914,-0.001323864,-0.001499194,-0.001666954,-0.001827955,-0.001981935,-0.002133805,-0.002282456,-0.0024294,-0.002571483,-0.002713811,-0.0028918,-0.003103342,-0.003271993,-0.003408773,-0.003497757,-0.003523578,-0.003581375,-0.003679426,-0.00383328,-0.003946093,-0.003976022,-0.00397739,-0.004017365,-0.004098026,-0.004133569,-0.004102586,-0.004086992,-0.004102958,-0.004078903,-0.004014463,-0.003966352
-0.004111317,-0.00403179,-0.003930089,-0.003801778,-0.003672985,-0.003530682,-0.003368325,-0.003199102,-0.003018103,-0.002823866,-0.002619958,-0.002406879,-0.002184494,-0.001953168,-0.001715343,-0.001471582,-0.001220677,-0.0009668491,-0.0007093503,-0.0004485485,-0.0001868344,7.464212e-05,0.000336473,0.0005962594,0.0008533062,0.00110628,0.00135506,0.001597899,0.001834542,0.002063331,0.002284185,0.002495524,0.002697452,0.002888541,0.003068949,0.00323692,0.003392586,0.00353546,0.003666223,0.003781755,0.003883746,0.003973238,0.00404687,0.004105213,0.004153062,0.004182235,0.004198178,0.004203375,0.004189393,0.004163744,0.004128461,0.004072792,0.004009223,0.003935127,0.003843234,0.003743498,0.003635941,0.003512138,0.003381336,0.003243468,0.003095521,0.002939228,0.002776477,0.002606057,0.002434005,0.002255882,0.002066608,0.00187287,0.00168726,0.001502082,0.001305256,0.00109134,0.0008795995,0.0006861794,0.0005067446,0.0003284164,0.0001288968,-8.414568e-05,-0.0003095372,-0.0005397207,-0.0007483217,-0.0009424914,-0.00113122,-0.00131726,-0.001498475,-0.001676665,-0.001851863,-0.002028659,-0.002205763,-0.002383049,-0.002555072,-0.002722543,-0.002883424,-0.003040319,-0.003187409,-0.003288102,-0.003343189,-0.003429072,-0.003533925,-0.003672919,-0.003861554,-0.004002556,-0.004086269,-0.004095399,-0.004126498,-0.004221533,-0.004325032,-0.004368014,-0.004346699,-0.004347072,-0.004390612,-0.00439379,-0.004338987,-0.0042983,-0.004272105,-0.0042026
-0.004316299,-0.004190035,-0.004057701,-0.003924425,-0.003764099,-0.003590535,-0.003411295,-0.00321399,-0.003004654,-0.002786126,-0.002556146,-0.00231577,-0.002066753,-0.001810531,-0.001546451,-0.001275906,-0.001002114,-0.0007229044,-0.0004411056,-0.0001585485,0.0001250439,0.0004086283,0.0006894491,0.0009677341,0.001242086,0.001511727,0.001774764,0.002030942,0.002278638,0.002517658,0.002746367,0.002964678,0.003170969,0.003365207,0.003545939,0.003713703,0.003867323,0.004006308,0.004129159,0.004238323,0.004331585,0.004407394,0.004468909,0.004515394,0.004541927,0.004556898,0.004555091,0.004534202,0.004503345,0.00445548,0.004389145,0.004316099,0.004224597,0.004118121,0.004005251,0.003876972,0.003734389,0.00358735,0.003427834,0.003257144,0.003079777,0.002895338,0.002703336,0.002506412,0.002299856,0.002089465,0.001881916,0.001671835,0.001447653,0.001218223,0.0009970777,0.000791116,0.0005821088,0.0003544099,0.0001132536,-0.0001276977,-0.00034486,-0.0005451884,-0.0007291067,-0.000903377,-0.001094326,-0.001294417,-0.001493984,-0.001689862,-0.00188386,-0.002073861,-0.002259462,-0.002435684,-0.002603388,-0.002762323,-0.002917527,-0.003067858,-0.003214776,-0.003355037,-0.003493696,-0.003667396,-0.003875257,-0.004039145,-0.004170066,-0.00425173,-0.004266502,-0.00431192,-0.004396926,-0.004538795,-0.004638919,-0.004653085,-0.004635861,-0.004656314,-0.004718028,-0.004733059,-0.00467807,-0.004636917,-0.00462742,-0.004575992,-0.004481343,-0.004402001
-0.004466146,-0.004322432,-0.004155356,-0.00395999,-0.00376356,-0.003553027,-0.003321579,-0.003083043,-0.002832643,-0.002569003,-0.002296006,-0.002014406,-0.001724284,-0.001426218,-0.001122945,-0.0008153012,-0.0005022188,-0.0001882864,0.0001270375,0.000443198,0.0007575331,0.001068648,0.001376985,0.001679911,0.001976548,0.002265367,0.002546127,0.002816917,0.003077368,0.003325688,0.003561733,0.003783823,0.003992023,0.004184851,0.004362468,0.004523086,0.004666851,0.004793311,0.004903262,0.00499356,0.005065989,0.005121814,0.00515769,0.005174242,0.005176676,0.0051567,0.005119982,0.005069467,0.004996535,0.004909062,0.004809584,0.004687038,0.004554485,0.004409704,0.004245204,0.004071484,0.003889027,0.003689226,0.003481828,0.00326717,0.003042303,0.002809247,0.002570228,0.002324186,0.002077663,0.001826483,0.001565407,0.001301349,0.001047741,0.0007971975,0.0005374068,0.0002624751,-7.986693e-06,-0.0002567576,-0.0004878154,-0.0007137273,-0.0009577051,-0.001211923,-0.001475325,-0.001740712,-0.001980611,-0.00220204,-0.002414308,-0.002620307,-0.00281777,-0.0030085,-0.003192543,-0.003374741,-0.00355396,-0.003730224,-0.003898059,-0.004058255,-0.004208939,-0.004353162,-0.004485575,-0.004568174,-0.004600361,-0.004660801,-0.004737455,-0.00484621,-0.005004916,-0.005113912,-0.005162852,-0.00513229,-0.005120935,-0.005173396,-0.005233846,-0.005231067,-0.005159684,-0.005108031,-0.005099716,-0.005049152,-0.004937014,-0.004837496,-0.004752083,-0.004621098
-0.004863316,-0.004626227,-0.004381465,-0.004135144,-0.003860472,-0.003571748,-0.003277409,-0.002964906,-0.002640741,-0.002308244,-0.001965445,-0.001613743,-0.001255317,-0.0008919924,-0.0005234753,-0.0001514625,0.0002203104,0.0005937977,0.0009657834,0.001334067,0.001698627,0.002058176,0.002409578,0.002752852,0.00308633,0.003409051,0.003718872,0.004015412,0.004296842,0.004562894,0.004811789,0.005043415,0.005256047,0.005449674,0.00562279,0.005776016,0.005908202,0.006018966,0.006106816,0.006174454,0.006219779,0.006241322,0.006242525,0.006222957,0.006177601,0.006115432,0.006031436,0.005923304,0.005800844,0.0056572,0.005490872,0.005314559,0.005116466,0.004900266,0.004675393,0.004432903,0.004174019,0.003909483,0.003631391,0.003341269,0.003044178,0.002740095,0.002428812,0.00211351,0.001789575,0.001463169,0.001141755,0.000820362,0.0004870583,0.0001509219,-0.000173724,-0.0004789224,-0.0007827759,-0.001101634,-0.001430259,-0.00175494,-0.002050763,-0.002324546,-0.002576336,-0.002812232,-0.003059644,-0.003310957,-0.003556167,-0.003791936,-0.004020077,-0.004238405,-0.004446623,-0.004639649,-0.004818367,-0.00498246,-0.005137073,-0.005280999,-0.005415699,-0.005537819,-0.005652276,-0.005797196,-0.005973368,-0.006100622,-0.006190216,-0.006225448,-0.006186157,-0.006172663,-0.006194812,-0.00627226,-0.006304489,-0.006244595,-0.006147563,-0.006084896,-0.006062215,-0.005989291,-0.005840676,-0.005702653,-0.005595244,-0.005442811,-0.005243128,-0.005057064
-0.005643353,-0.005328682,-0.004987566,-0.004614782,-0.004239178,-0.003848072,-0.003434653,-0.003013834,-0.002581344,-0.002136223,-0.001683063,-0.001223228,-0.0007573771,-0.0002866346,0.0001856196,0.0006579382,0.001130949,0.001599397,0.002063306,0.002521678,0.002971314,0.003410321,0.003838772,0.004253595,0.004653534,0.005036701,0.005402583,0.005748972,0.006075274,0.006379475,0.006661294,0.006918903,0.007152294,0.007359917,0.00754195,0.00769659,0.00782404,0.007923943,0.007997301,0.008041027,0.008057103,0.008047163,0.008007995,0.007940405,0.007850219,0.007729165,0.007583299,0.007416283,0.007219432,0.007001191,0.006764881,0.006499241,0.006218159,0.005920094,0.005597456,0.005261555,0.004913615,0.00454499,0.004166172,0.003778181,0.003378321,0.002969136,0.002553435,0.002130508,0.001707679,0.001281303,0.0008461406,0.0004095371,-1.386485e-05,-0.000430813,-0.0008536885,-0.001288756,-0.001715828,-0.002116116,-0.002492988,-0.002858363,-0.003236222,-0.003618385,-0.00400359,-0.004384959,-0.004733431,-0.005055539,-0.005360861,-0.005652172,-0.005926725,-0.006186069,-0.006430095,-0.00666376,-0.006885927,-0.007096599,-0.00729005,-0.007466953,-0.007625498,-0.007769236,-0.00789338,-0.007958136,-0.007961174,-0.007983755,-0.00801354,-0.008067214,-0.008165509,-0.008206133,-0.008178054,-0.008059345,-0.007951213,-0.007901525,-0.007854355,-0.007736124,-0.007539683,-0.007356236,-0.007212221,-0.007019984,-0.006758378,-0.006504285,-0.006260875,-0.005966589
-0.007323751,-0.006847582,-0.006356871,-0.005859331,-0.005327809,-0.004777554,-0.004218522,-0.003638423,-0.003044762,-0.002441906,-0.001828706,-0.001207411,-0.0005811765,4.726597e-05,0.0006773164,0.001306491,0.001929993,0.002549103,0.003159723,0.003758822,0.004345624,0.004918193,0.005472569,0.006008198,0.006522757,0.007014774,0.007481522,0.007922214,0.008334524,0.00871789,0.009070147,0.009390995,0.009678417,0.00993231,0.01015098,0.01033508,0.01048339,0.01059564,0.0106703,0.01071038,0.01071393,0.01067961,0.01061124,0.01050882,0.01036729,0.01019642,0.009991553,0.009750482,0.009483953,0.009185515,0.008853728,0.008502574,0.008120375,0.007711174,0.007285596,0.006834983,0.006360842,0.00587517,0.005370414,0.004848544,0.004315461,0.003771784,0.003217824,0.002657622,0.002086881,0.001512388,0.0009427454,0.000373733,-0.0002067782,-0.000789249,-0.001358218,-0.001904201,-0.0024448,-0.002996891,-0.003554958,-0.004105003,-0.004620208,-0.005106922,-0.005564399,-0.005997543,-0.006434658,-0.006867613,-0.007285741,-0.007685098,-0.008066994,-0.008428724,-0.008769759,-0.009084559,-0.00937367,-0.009636302,-0.009877299,-0.01009492,-0.01029023,-0.01045957,-0.0106075,-0.01077323,-0.01095931,-0.01108326,-0.01115623,-0.01116117,-0.01107459,-0.0109999,-0.01094792,-0.01094094,-0.01087656,-0.01070482,-0.01048106,-0.01027956,-0.0101086,-0.009875617,-0.009552814,-0.0092294,-0.008928377,-0.008572029,-0.008157266,-0.007747975
-0.01020318,-0.009590996,-0.008939411,-0.008243212,-0.007533568,-0.006798715,-0.006032364,-0.005251185,-0.004452084,-0.003635133,-0.002806334,-0.001968337,-0.0011231,-0.0002729703,0.0005772943,0.001424932,0.002269433,0.003104167,0.003927929,0.004738623,0.005531822,0.006304487,0.007055674,0.007781267,0.008479016,0.009146109,0.0097812,0.01038127,0.010945,0.0114697,0.0119545,0.01239704,0.01279685,0.01315199,0.01346236,0.01372586,0.01394251,0.01411187,0.01423497,0.01430865,0.01433496,0.0143159,0.01424831,0.01413316,0.01397695,0.01377146,0.01352317,0.01323665,0.01290316,0.0125319,0.01212718,0.01167762,0.01119814,0.01068818,0.01014013,0.009566369,0.008969148,0.008339944,0.007690253,0.007022093,0.006333192,0.005626875,0.00490679,0.004172829,0.003433383,0.002685672,0.00192462,0.001158255,0.0004028008,-0.0003474744,-0.001104753,-0.001875444,-0.002638556,-0.003373215,-0.004081761,-0.004774925,-0.005477262,-0.006179783,-0.006880564,-0.007572755,-0.00822501,-0.008842743,-0.009435377,-0.01000504,-0.01054786,-0.01106446,-0.01155396,-0.01202083,-0.01246335,-0.01288086,-0.01326671,-0.01362068,-0.01394034,-0.01422933,-0.01448318,-0.01465922,-0.01475246,-0.01484682,-0.01492879,-0.01501568,-0.01513103,-0.0151694,-0.0151187,-0.01495355,-0.01477781,-0.01464298,-0.01449297,-0.01425132,-0.01390877,-0.01355973,-0.01323405,-0.01284193,-0.01236027,-0.01186904,-0.01137374,-0.01081094
-0.01483867,-0.01403716,-0.01319846,-0.01233249,-0.01141209,-0.01045393,-0.009470263,-0.008449572,-0.007401083,-0.006330952,-0.00523959,-0.004130858,-0.003009744,-0.001880682,-0.0007460648,0.0003900167,0.001520775,0.00264595,0.003759646,0.004857137,0.005935952,0.006992678,0.008021603,0.009020775,0.009986315,0.01091545,0.01180399,0.01265002,0.01344989,0.01420206,0.01490321,0.01555225,0.01614617,0.01668422,0.01716392,0.01758544,0.01794701,0.01824803,0.01848651,0.01866543,0.01878261,0.01883661,0.01883133,0.01876712,0.01863856,0.0184562,0.01821564,0.01791465,0.01756492,0.01716049,0.01669983,0.01619844,0.01564476,0.01504326,0.01440596,0.01372463,0.01300105,0.01224878,0.01146075,0.01063952,0.009792011,0.008919699,0.008023533,0.007108679,0.006171273,0.005218889,0.004261505,0.003295983,0.00231001,0.001313706,0.0003239482,-0.0006477166,-0.001618094,-0.002604608,-0.003601144,-0.004593133,-0.005551476,-0.006481473,-0.007381326,-0.008253907,-0.009128181,-0.00999503,-0.01084228,-0.01166473,-0.01246268,-0.01323213,-0.01397146,-0.01467371,-0.0153382,-0.01596279,-0.0165512,-0.01710018,-0.01760931,-0.01807352,-0.01849602,-0.01891618,-0.0193376,-0.01967463,-0.01993709,-0.02010705,-0.02015607,-0.02019026,-0.02022084,-0.02027219,-0.02023959,-0.02006908,-0.01981564,-0.01955596,-0.01930128,-0.01895623,-0.01848995,-0.01799467,-0.01749694,-0.01691665,-0.01624967,-0.01556335
-0.02135396,-0.02045002,-0.01947208,-0.01841491,-0.01731253,-0.01615448,-0.0149353,-0.01367398,-0.01236924,-0.01102279,-0.009642783,-0.008233902,-0.006800242,-0.005346195,-0.003878818,-0.002403128,-0.0009217233,0.0005563772,0.002027696,0.003488054,0.004930682,0.006350358,0.007744044,0.00910552,0.01043044,0.01171402,0.01295294,0.0141424,0.01527926,0.01635918,0.01737966,0.01833686,0.01922892,0.02005261,0.02080663,0.02148784,0.02209522,0.02262752,0.02308509,0.02346406,0.02376587,0.02399231,0.02413975,0.0242089,0.02420653,0.02412408,0.02396802,0.02374367,0.02344192,0.02307244,0.02264049,0.02213436,0.02156985,0.02094747,0.02025937,0.01951904,0.0187298,0.01788317,0.01699159,0.01605823,0.01508124,0.01406481,0.01301345,0.01192767,0.01081694,0.009679431,0.008510126,0.007317717,0.006120077,0.004912638,0.003683429,0.002425929,0.001161775,-8.596644e-05,-0.001318372,-0.002544544,-0.003789987,-0.005044342,-0.0063051,-0.007565074,-0.008790128,-0.009984382,-0.01115601,-0.01230589,-0.01342892,-0.0145242,-0.01558896,-0.01662592,-0.01763159,-0.0186036,-0.01953348,-0.02041929,-0.02125675,-0.02204757,-0.02278586,-0.02342548,-0.02395698,-0.02446519,-0.02493452,-0.02538095,-0.02583042,-0.0261725,-0.02639293,-0.02646114,-0.02648242,-0.02651123,-0.02649058,-0.02634004,-0.0260468,-0.0257079,-0.02535657,-0.02490008,-0.02431241,-0.0236766,-0.02300063,-0.02221878
-0.02987191,-0.02889985,-0.02784121,-0.02670818,-0.02547338,-0.02415496,-0.02276754,-0.02130065,-0.01976545,-0.01817035,-0.01651782,-0.01481391,-0.01306604,-0.01128115,-0.009464111,-0.007621533,-0.00576308,-0.003891515,-0.002015504,-0.0001425863,0.00172203,0.00357227,0.005399581,0.007199365,0.008965047,0.0106913,0.01237126,0.01400055,0.01557309,0.01708503,0.01853072,0.01990692,0.02120858,0.02243302,0.02357585,0.02463562,0.02560896,0.02649383,0.02728674,0.02798966,0.02859933,0.02911313,0.02953425,0.02986264,0.03009189,0.03023246,0.03027966,0.03023057,0.03009739,0.02987403,0.02955849,0.02916738,0.02868903,0.02812785,0.02749704,0.02678857,0.02600422,0.02515892,0.02424581,0.0232678,0.02223282,0.02114308,0.01999998,0.01880959,0.01756822,0.01628391,0.0149679,0.01361791,0.01222115,0.01078797,0.009336409,0.007879854,0.006402143,0.004884772,0.003334227,0.001765202,0.0002088312,-0.001339062,-0.002876158,-0.004402888,-0.005949043,-0.007505207,-0.009056606,-0.01059615,-0.01212362,-0.01363351,-0.01512228,-0.01658019,-0.01800413,-0.01938935,-0.02073761,-0.0220436,-0.02330448,-0.02451078,-0.02566093,-0.02679488,-0.02791652,-0.02893235,-0.02985155,-0.0306513,-0.03129724,-0.03189556,-0.03245572,-0.03300445,-0.03343133,-0.03367576,-0.03379099,-0.03385562,-0.03388234,-0.03377112,-0.03348636,-0.03312226,-0.0327079,-0.03216016,-0.03147269,-0.03071601
-0.03981214,-0.03897029,-0.0379911,-0.03686837,-0.0356384,-0.03429169,-0.03282288,-0.03125324,-0.02958302,-0.02781552,-0.02596113,-0.02402684,-0.02201903,-0.01994465,-0.01781338,-0.01563322,-0.01340939,-0.01115406,-0.008873746,-0.006575693,-0.004269823,-0.001964714,0.0003335647,0.002615466,0.004873485,0.00709957,0.00928733,0.01142869,0.01351759,0.01554654,0.01751019,0.01940174,0.02121666,0.02294899,0.02459497,0.02614896,0.02760769,0.02896764,0.03022731,0.03138072,0.03242762,0.0333683,0.03419757,0.0349146,0.03552568,0.03602064,0.03640507,0.03668416,0.03684757,0.0369045,0.03686072,0.03670324,0.03644827,0.03609678,0.03564007,0.03509215,0.03445718,0.03372603,0.03291164,0.03201796,0.03104327,0.02999214,0.02886967,0.02767632,0.02642226,0.02510613,0.02372245,0.02227976,0.02079733,0.0192713,0.01768916,0.016043,0.0143543,0.012648,0.01092338,0.009172061,0.00736692,0.005518432,0.003629275,0.001705578,-0.0002160295,-0.002138954,-0.004070848,-0.006011554,-0.007954891,-0.00989866,-0.01183812,-0.01377388,-0.01570005,-0.01761167,-0.01949749,-0.021353,-0.02317102,-0.02494924,-0.0266779,-0.02830638,-0.02981862,-0.03129702,-0.03272283,-0.0341069,-0.03547663,-0.03671325,-0.03779739,-0.03869182,-0.03949921,-0.04027441,-0.04095792,-0.04146368,-0.04177209,-0.04198046,-0.04212387,-0.04210462,-0.04189098,-0.04156804,-0.04114514,-0.04055263
-0.05040773,-0.04984656,-0.04912251,-0.04824876,-0.04719613,-0.04598295,-0.04462524,-0.04311255,-0.04145713,-0.03966899,-0.03775216,-0.03571452,-0.03356555,-0.03131465,-0.02896908,-0.02653807,-0.0240344,-0.02146356,-0.01883737,-0.0161668,-0.01346027,-0.01072729,-0.007979999,-0.005226518,-0.002476973,0.0002597146,0.002973039,0.005654976,0.008295854,0.01088825,0.01342299,0.01589335,0.01829087,0.02060956,0.02284178,0.02498296,0.02702675,0.02896822,0.03080099,0.03252452,0.03413318,0.03562172,0.0369913,0.0382401,0.03935939,0.04035828,0.04123071,0.04197173,0.04259305,0.04308745,0.04345131,0.04370151,0.04382547,0.0438264,0.04371819,0.04349215,0.04314933,0.04270535,0.04215304,0.04149485,0.04073927,0.03988856,0.03894402,0.03791193,0.03678813,0.03558023,0.03430016,0.03294564,0.03150266,0.02998072,0.02839785,0.0267678,0.02507414,0.02329619,0.02143914,0.01951556,0.01755811,0.01556113,0.01352658,0.01145434,0.00931206,0.007108514,0.004858172,0.00256855,0.000240472,-0.002119999,-0.004508728,-0.006914556,-0.009332415,-0.011755,-0.01418136,-0.01660302,-0.01901366,-0.02139919,-0.0237524,-0.02611084,-0.02847674,-0.03074744,-0.03292779,-0.03498847,-0.03688502,-0.03872115,-0.04050147,-0.042252,-0.04385357,-0.04523528,-0.04644516,-0.04756078,-0.04859368,-0.04943603,-0.05004383,-0.05051047,-0.05086537,-0.0510198,-0.05096235,-0.05076473
-0.06013815,-0.0601609,-0.05996358,-0.05953635,-0.05891558,-0.05809082,-0.05705471,-0.05582911,-0.05441426,-0.05281358,-0.05103846,-0.04909711,-0.04699717,-0.0447474,-0.04235937,-0.03984354,-0.03720734,-0.03446573,-0.03162811,-0.0287048,-0.02570882,-0.02265237,-0.0195448,-0.01639937,-0.01322717,-0.01004012,-0.006848258,-0.003663726,-0.0004963338,0.002642394,0.005743342,0.008795626,0.01179102,0.0147196,0.017574,0.02034472,0.02302499,0.02560764,0.02808804,0.03045665,0.03271014,0.03484596,0.036856,0.0387363,0.04049141,0.04210817,0.04358994,0.04494054,0.0461472,0.04721729,0.04815615,0.04894824,0.04960914,0.05013937,0.05052841,0.05078981,0.05092797,0.05093212,0.05081505,0.05058074,0.05022693,0.04975782,0.04917847,0.04848852,0.04769816,0.04680576,0.04580455,0.04470167,0.04351707,0.04224666,0.0408761,0.03939396,0.03781979,0.03617939,0.03447023,0.03268218,0.03078502,0.02878569,0.02668566,0.0244859,0.02222328,0.01989329,0.01748385,0.01499332,0.01242819,0.00978968,0.007081406,0.004301668,0.001456628,-0.001447608,-0.004397181,-0.007384649,-0.01039993,-0.01343847,-0.01648743,-0.01948852,-0.02241694,-0.02535271,-0.02826991,-0.03117291,-0.03408713,-0.0368828,-0.03953204,-0.04198613,-0.04434209,-0.04665191,-0.04884963,-0.0508393,-0.05259022,-0.05419632,-0.05569116,-0.05696842,-0.05798654,-0.05882926,-0.05950434,-0.05993494
-0.06745319,-0.0682767,-0.06885426,-0.06919697,-0.06927057,-0.06909052,-0.06867161,-0.06800084,-0.06708904,-0.06594568,-0.06457425,-0.06298257,-0.06118044,-0.05917817,-0.05698397,-0.05460844,-0.05206634,-0.04936487,-0.04651814,-0.04353987,-0.04044105,-0.03723414,-0.03393453,-0.03055363,-0.02710497,-0.02360102,-0.020056,-0.01648179,-0.01289194,-0.009297803,-0.005712553,-0.002146965,0.00138645,0.004877625,0.008314888,0.01168958,0.01499148,0.01821168,0.0213399,0.02437191,0.02729863,0.03011091,0.03280671,0.03538113,0.03782176,0.04013518,0.04231285,0.04434629,0.04624568,0.04800151,0.04960727,0.05107909,0.05240245,0.05357822,0.0546202,0.05551818,0.05627153,0.05689593,0.05738334,0.05773492,0.05795914,0.0580577,0.05803126,0.05788575,0.05761614,0.0572288,0.05673589,0.05613445,0.05540844,0.05456537,0.05362212,0.05259107,0.05145424,0.05018714,0.04879143,0.04727429,0.04566833,0.04396243,0.04215569,0.04024412,0.03818914,0.03599559,0.03367126,0.03121996,0.02864068,0.02593603,0.0231056,0.0201568,0.01709237,0.01391876,0.01063752,0.007258839,0.003790817,0.0002483008,-0.003358386,-0.007062143,-0.0108635,-0.01465169,-0.01842426,-0.0221453,-0.02575624,-0.02935635,-0.03294207,-0.03653473,-0.04000353,-0.04326336,-0.04635201,-0.04934123,-0.05223771,-0.05492156,-0.05733525,-0.05956695,-0.06164265,-0.06346344,-0.06500822,-0.06634603
-0.07039651,-0.07233452,-0.07398149,-0.07531939,-0.07638075,-0.0771504,-0.07761537,-0.07779468,-0.07768545,-0.07728802,-0.07661199,-0.07566403,-0.07445066,-0.07298,-0.07126343,-0.06931182,-0.06713299,-0.0647429,-0.06215239,-0.05937336,-0.05642067,-0.05330892,-0.05004977,-0.04665921,-0.04315118,-0.03954076,-0.03584112,-0.03206796,-0.02823453,-0.02435609,-0.02044545,-0.01651744,-0.01258414,-0.008659557,-0.004754922,-0.0008839953,0.00294253,0.006713304,0.01041995,0.01404876,0.01759248,0.021045,0.02439441,0.02763266,0.03076153,0.03376408,0.0366403,0.03939174,0.04200214,0.04447606,0.04681752,0.04900746,0.0510598,0.05297399,0.05473685,0.05636067,0.05784962,0.05919077,0.0603963,0.06146992,0.06240835,0.06321503,0.0638949,0.0644466,0.06488034,0.06519435,0.06538039,0.06544397,0.06540548,0.06526041,0.06499211,0.06458467,0.06405425,0.06342665,0.0626959,0.06184787,0.06084724,0.05969367,0.05838504,0.056912,0.05530781,0.0535631,0.05165409,0.04957158,0.04731801,0.04488784,0.04227683,0.03947512,0.0364825,0.03330007,0.02993923,0.02640643,0.02271077,0.01885268,0.01484206,0.01074505,0.006594026,0.002306726,-0.00208144,-0.00657035,-0.01118133,-0.01577288,-0.02030679,-0.02471802,-0.029096,-0.03348688,-0.03781393,-0.04196594,-0.04589657,-0.04969176,-0.0533791,-0.05683887,-0.06001457,-0.06298307,-0.06574613,-0.06821471
-0.06750077,-0.07070594,-0.07361608,-0.07623544,-0.07851973,-0.08047663,-0.08211581,-0.08341731,-0.0843866,-0.08502874,-0.08534297,-0.08533355,-0.08500758,-0.08437297,-0.08343627,-0.08220652,-0.08069799,-0.07891724,-0.07687856,-0.07459617,-0.07208187,-0.06934912,-0.06641495,-0.06329242,-0.0599972,-0.05654398,-0.05294965,-0.04922867,-0.04539761,-0.04147082,-0.03746485,-0.03339371,-0.02927354,-0.02511791,-0.02094234,-0.0167592,-0.01258254,-0.008425068,-0.004301144,-0.0002186962,0.003809375,0.007769905,0.01165708,0.01546274,0.01917003,0.02278259,0.02628881,0.02967602,0.03295211,0.03610495,0.03912411,0.04202457,0.04478922,0.04741592,0.04991803,0.05228348,0.05450934,0.05661138,0.05858082,0.06041741,0.06212947,0.06371833,0.06518422,0.06653345,0.0677607,0.06887183,0.06987994,0.07078268,0.07156242,0.07222503,0.07278688,0.07326012,0.07362565,0.07385448,0.07394472,0.07389716,0.07374296,0.07346422,0.07305402,0.07250226,0.07175958,0.07082222,0.06968671,0.06834635,0.06679082,0.06501206,0.06299806,0.06074474,0.05824409,0.05549261,0.05248331,0.04922006,0.04570599,0.04194907,0.03795394,0.03368763,0.02914668,0.02444275,0.0195845,0.01460943,0.009590416,0.0044311,-0.0008571084,-0.006287793,-0.01171866,-0.01704849,-0.02230057,-0.02753574,-0.03275288,-0.03781597,-0.04264877,-0.04732908,-0.05187542,-0.05617274,-0.06018439,-0.06397135
-0.05747584,-0.06211949,-0.06646076,-0.07046768,-0.07416337,-0.07752262,-0.08052203,-0.08317259,-0.08546363,-0.08738809,-0.08894891,-0.09014722,-0.09098462,-0.09146458,-0.09159495,-0.09138364,-0.09083536,-0.08996461,-0.08878076,-0.08729435,-0.08551995,-0.08347201,-0.08116228,-0.07860743,-0.07582242,-0.07282371,-0.06962615,-0.06624706,-0.06270182,-0.05900808,-0.05518117,-0.05123853,-0.04719514,-0.04306803,-0.03887162,-0.03462285,-0.03033589,-0.02602552,-0.02170347,-0.01738714,-0.01308759,-0.008814187,-0.004582475,-0.0004044197,0.003718798,0.007766565,0.01173502,0.01562355,0.01941195,0.02310174,0.02669527,0.03016983,0.033537,0.03679536,0.03992866,0.04294778,0.0458566,0.04864024,0.05131047,0.05387142,0.05631886,0.05865622,0.06088901,0.06301623,0.06504931,0.0669882,0.0688246,0.07056469,0.07223064,0.07381931,0.07531401,0.07669836,0.07798696,0.07920586,0.08034766,0.08139858,0.08231513,0.08309412,0.08372595,0.0841931,0.0845221,0.08469242,0.08467212,0.08443806,0.08397666,0.0832677,0.08229391,0.081031,0.07946377,0.07757727,0.07536738,0.07282557,0.06994887,0.06672687,0.06315812,0.059301,0.05518684,0.0507236,0.04594735,0.04085702,0.03542919,0.02981308,0.02405321,0.01823073,0.01226187,0.006106103,-0.0001475931,-0.006369754,-0.0124956,-0.01860009,-0.02470127,-0.03066179,-0.0364059,-0.04199771,-0.04742794,-0.0525898
-0.04008893,-0.04610413,-0.05186056,-0.05735047,-0.06251362,-0.06734408,-0.07184064,-0.07597087,-0.07972912,-0.08311141,-0.0861071,-0.08871223,-0.09092635,-0.09275066,-0.09418572,-0.09523511,-0.09590844,-0.09620894,-0.09614708,-0.09573445,-0.09498094,-0.09389803,-0.09250169,-0.09080441,-0.08882153,-0.08656802,-0.08406128,-0.08131643,-0.07835127,-0.07518158,-0.07182559,-0.0682991,-0.06462045,-0.06080547,-0.05687228,-0.05283566,-0.04871257,-0.04451842,-0.04027086,-0.03598075,-0.03166408,-0.02733755,-0.02301006,-0.01869242,-0.01440566,-0.0101489,-0.005936529,-0.001785257,0.002310422,0.006336054,0.01027696,0.01414697,0.01792647,0.02161025,0.02521106,0.02871531,0.03211754,0.03543399,0.03865542,0.04178072,0.04481871,0.04777159,0.05064007,0.05343264,0.05614534,0.05878557,0.06136945,0.0638987,0.06635626,0.06874869,0.07109556,0.07341567,0.07569391,0.07789721,0.08002526,0.08208105,0.08409183,0.08604398,0.08792069,0.08971477,0.09136581,0.09285557,0.09418039,0.09532079,0.09624463,0.09692708,0.09734171,0.0974696,0.09728476,0.09676334,0.09587511,0.09459975,0.09291913,0.0908282,0.08831967,0.0853349,0.08185131,0.07797761,0.07370691,0.0690733,0.06414909,0.05883351,0.05313927,0.04705089,0.04071955,0.03425934,0.02765932,0.02086782,0.01389455,0.006892319,-4.158081e-05,-0.006971714,-0.01390592,-0.02070942,-0.02732484,-0.03380038
-0.01571708,-0.02299303,-0.03006594,-0.03688444,-0.04345675,-0.04974224,-0.05570023,-0.06132795,-0.06660099,-0.07149903,-0.07601277,-0.08013222,-0.08384839,-0.08715525,-0.09005188,-0.0925386,-0.09461273,-0.09628319,-0.09755357,-0.09842962,-0.09892199,-0.09904184,-0.09879796,-0.09820504,-0.09727632,-0.09602731,-0.09447192,-0.09262732,-0.09050894,-0.08813503,-0.0855215,-0.08268701,-0.07964778,-0.07642252,-0.07302731,-0.06948101,-0.06580002,-0.06200143,-0.05809929,-0.05411368,-0.05005857,-0.04594576,-0.04179348,-0.03761718,-0.03342011,-0.02922627,-0.02504297,-0.02087254,-0.0167388,-0.01264343,-0.008585246,-0.004590858,-0.0006509362,0.003232507,0.007039858,0.01078052,0.01445843,0.01805675,0.02158642,0.02505252,0.02845082,0.03178556,0.03506402,0.03828678,0.04146792,0.04461123,0.04771079,0.05077576,0.05383326,0.05688567,0.05992137,0.06292947,0.06592834,0.06894983,0.07199241,0.07505085,0.07807969,0.08108145,0.08404589,0.08695528,0.08983546,0.09266011,0.09539659,0.09801168,0.1004743,0.1027492,0.1048059,0.1066046,0.1081108,0.1092865,0.1101007,0.1105146,0.1104969,0.1100161,0.1090498,0.1076234,0.1057459,0.1033062,0.1003154,0.09676076,0.09259605,0.08796573,0.08290878,0.07750443,0.07166857,0.0653602,0.05867162,0.05174224,0.04465282,0.03733775,0.02978684,0.02215484,0.01453923,0.006889478,-0.0007716264,-0.008316336
0.01396555,0.005818384,-0.002237387,-0.01017807,-0.01792288,-0.02544696,-0.03273202,-0.0397277,-0.04641101,-0.05276248,-0.05875592,-0.06437293,-0.06959927,-0.07442386,-0.07883534,-0.08282647,-0.0863974,-0.08954249,-0.09226384,-0.09456643,-0.0964537,-0.09793173,-0.09901185,-0.09970283,-0.1000166,-0.09996559,-0.09956503,-0.0988287,-0.09777334,-0.09641434,-0.09476955,-0.09285517,-0.09069,-0.08829088,-0.08567689,-0.08286427,-0.07987142,-0.07671557,-0.0734164,-0.06998692,-0.06644502,-0.06281022,-0.05909356,-0.05530807,-0.05147798,-0.04760503,-0.04370546,-0.03979997,-0.03588497,-0.03197716,-0.02809518,-0.0242267,-0.02039321,-0.01660381,-0.01284632,-0.009136018,-0.005481114,-0.001865528,0.001700867,0.005215635,0.008688587,0.01212286,0.01552021,0.0188914,0.02223484,0.0255601,0.02888828,0.03222656,0.03556206,0.03890635,0.0422867,0.04573119,0.04923472,0.05276994,0.05634568,0.05997207,0.063688,0.0674893,0.07136516,0.07531935,0.07929292,0.08326912,0.08724844,0.09121017,0.09511435,0.09892777,0.102614,0.1061424,0.1094707,0.1125546,0.1153374,0.1177678,0.119795,0.1213873,0.1225107,0.1230636,0.1229822,0.1223545,0.1211338,0.1193315,0.116996,0.1140023,0.1103466,0.1059886,0.1010759,0.09572206,0.08991381,0.08359449,0.07677374,0.06961447,0.06222898,0.05456192,0.04661477,0.03853875,0.03041185,0.02219958
0.04670188,0.03812524,0.02950868,0.02092486,0.01238356,0.003944227,-0.004330298,-0.01241887,-0.0202777,-0.02786731,-0.03516015,-0.04212905,-0.04874782,-0.05499492,-0.06085411,-0.06631238,-0.07135364,-0.07597524,-0.08016963,-0.08393304,-0.0872668,-0.09017482,-0.09265851,-0.09472695,-0.09638783,-0.09765274,-0.09853142,-0.09903859,-0.09918712,-0.09899397,-0.09847342,-0.09764391,-0.09652109,-0.09512424,-0.09346947,-0.09157679,-0.08946344,-0.08714817,-0.08464606,-0.08197932,-0.07916371,-0.07621299,-0.07314701,-0.06998464,-0.06673038,-0.06341121,-0.06003735,-0.05661281,-0.05316432,-0.04969721,-0.04621092,-0.0427363,-0.03926638,-0.03580441,-0.03237339,-0.02896654,-0.02557996,-0.02223373,-0.01891837,-0.01562895,-0.01237022,-0.009138415,-0.005924918,-0.002728812,0.0004662464,0.003667362,0.006871497,0.01009034,0.01335817,0.01668545,0.02006806,0.02350113,0.02701069,0.03064359,0.03441002,0.03831835,0.04233612,0.04647695,0.05074871,0.05514194,0.05969964,0.0644097,0.06924661,0.07418583,0.0792043,0.08426967,0.08935059,0.09440296,0.09938448,0.1042446,0.1089345,0.1133906,0.1175504,0.1213503,0.1247346,0.1276867,0.1301735,0.1320422,0.1332586,0.1337727,0.1334924,0.1325321,0.1309013,0.1286514,0.1256756,0.1219128,0.117438,0.1123804,0.1068211,0.1006902,0.09397393,0.08683445,0.07938386,0.07157817,0.0634489,0.0551412
0.07924017,0.07092128,0.0623846,0.05366751,0.04487107,0.03603999,0.02721161,0.01845661,0.009819584,0.001339662,-0.006936078,-0.01496951,-0.02272634,-0.03017736,-0.0372926,-0.04404802,-0.05042755,-0.05641053,-0.06198446,-0.06714209,-0.07187441,-0.07617719,-0.08005186,-0.08349907,-0.08652274,-0.08912928,-0.09132773,-0.09312778,-0.09454196,-0.09558301,-0.09626591,-0.09660565,-0.09661949,-0.09632406,-0.09573783,-0.09487773,-0.09376232,-0.09241011,-0.0908417,-0.08907186,-0.08711936,-0.08500619,-0.08274488,-0.08035055,-0.07784998,-0.0752475,-0.07256039,-0.06981361,-0.06700507,-0.06415369,-0.06128198,-0.05837966,-0.05546993,-0.05256689,-0.04965921,-0.04676485,-0.04389555,-0.04103706,-0.03820044,-0.03539159,-0.03260123,-0.02982765,-0.02706971,-0.02431691,-0.02156994,-0.01881969,-0.01604152,-0.01322482,-0.01037875,-0.007488005,-0.004518038,-0.00143363,0.001771808,0.005079893,0.008512618,0.0120886,0.01586952,0.01986546,0.02408578,0.02855433,0.0332304,0.03811881,0.04323378,0.04857652,0.05413207,0.05988519,0.06581147,0.0718895,0.07808354,0.08435197,0.09063553,0.09687365,0.102995,0.1089386,0.114637,0.1199492,0.1247596,0.1291156,0.1329153,0.1361225,0.1387392,0.1405882,0.1416223,0.1417494,0.1410862,0.1397175,0.1376022,0.134653,0.1308568,0.1263659,0.1212896,0.1155651,0.1091893,0.1023171,0.09503741,0.08732063
0.1083457,0.1009448,0.09313869,0.08501476,0.07659601,0.06795714,0.05918047,0.05030508,0.04139472,0.03250988,0.02369923,0.0150109,0.006492462,-0.001813767,-0.009870639,-0.01764592,-0.02510389,-0.03222373,-0.03898071,-0.04535497,-0.05133241,-0.05690354,-0.06205674,-0.06678984,-0.0711,-0.07498994,-0.07846104,-0.08152165,-0.08417842,-0.08644377,-0.08832773,-0.08984608,-0.0910118,-0.09184288,-0.09235395,-0.09256504,-0.09249301,-0.09215756,-0.09157398,-0.09076593,-0.08975033,-0.08854247,-0.08716351,-0.08563549,-0.08396386,-0.08217813,-0.08029132,-0.07830903,-0.07626054,-0.07415503,-0.07199247,-0.06980781,-0.06759713,-0.06536542,-0.06313934,-0.06091599,-0.05869233,-0.05649288,-0.05431092,-0.05214354,-0.0499984,-0.04787511,-0.04576633,-0.04367405,-0.04158271,-0.03948544,-0.03738575,-0.03527355,-0.03311098,-0.03088354,-0.02859164,-0.02623885,-0.02379542,-0.02120062,-0.01843339,-0.01547533,-0.01234113,-0.0090077,-0.005439179,-0.001634258,0.002478434,0.006918044,0.01167129,0.01674127,0.02214615,0.02788679,0.03396066,0.040349,0.0470351,0.0539908,0.0611878,0.06857717,0.07609887,0.08366814,0.09119829,0.09865313,0.1059631,0.1129137,0.1194285,0.1253961,0.1306665,0.1352999,0.1392495,0.1425154,0.1449333,0.1463925,0.1469216,0.1466125,0.1455162,0.1435315,0.140617,0.1369194,0.1325433,0.127434,0.1216151,0.1152347
0.1306315,0.1249226,0.1186065,0.1117224,0.1043805,0.09663691,0.08853897,0.08017313,0.07160113,0.06287994,0.05407626,0.04524876,0.0364525,0.02773828,0.01915758,0.01075617,0.002571017,-0.005356235,-0.0129934,-0.02031417,-0.02729148,-0.03390393,-0.04013725,-0.04597732,-0.05141484,-0.05644386,-0.06106289,-0.06527218,-0.06907587,-0.07247945,-0.07549218,-0.07812423,-0.08038884,-0.08229959,-0.08387277,-0.08512407,-0.08607101,-0.08673188,-0.08712771,-0.08727387,-0.08718963,-0.08689847,-0.08641507,-0.08575542,-0.08494875,-0.08400154,-0.08293211,-0.08176907,-0.08051214,-0.07918177,-0.07780472,-0.0763721,-0.07490918,-0.07343521,-0.07194018,-0.07044473,-0.06896541,-0.06749036,-0.06603276,-0.06460334,-0.06319606,-0.0618127,-0.06045594,-0.05911849,-0.05780388,-0.05650743,-0.05520611,-0.05389022,-0.05257117,-0.05123656,-0.04985157,-0.04838042,-0.04681129,-0.0451618,-0.04340314,-0.04151376,-0.03941518,-0.03708557,-0.03450003,-0.03161477,-0.02845466,-0.0249918,-0.02119396,-0.01703193,-0.01247927,-0.007508621,-0.002100902,0.003766805,0.01010522,0.01691852,0.02419272,0.0319109,0.04003598,0.04851241,0.05725318,0.06611179,0.07495198,0.08377291,0.09244034,0.1008596,0.1089871,0.1165759,0.123513,0.1296439,0.1350227,0.1396729,0.1434968,0.1463514,0.1481678,0.1490577,0.1490977,0.1481892,0.1462955,0.1435542,0.1400411,0.1357125
0.1437244,0.140285,0.1360593,0.1311324,0.1255228,0.1193055,0.1125673,0.1053561,0.09774442,0.08980729,0.08160758,0.07321083,0.06468212,0.05608449,0.04747482,0.03890712,0.03043843,0.02211191,0.01397235,0.006061665,-0.001586423,-0.008942417,-0.01597657,-0.02266837,-0.02899938,-0.03495638,-0.04052804,-0.04570958,-0.05049697,-0.05489224,-0.05889793,-0.06252204,-0.06577204,-0.06866047,-0.07119887,-0.07340396,-0.07529097,-0.07687803,-0.0781801,-0.07922019,-0.08001637,-0.08058406,-0.0809465,-0.08112673,-0.0811315,-0.08099148,-0.08072323,-0.08033256,-0.07985148,-0.07929213,-0.07865538,-0.07797863,-0.07726214,-0.07651081,-0.07575551,-0.07499647,-0.07423232,-0.07349087,-0.07276975,-0.07206801,-0.07139789,-0.0707629,-0.07015967,-0.06959438,-0.06905647,-0.06854175,-0.06805976,-0.06760564,-0.06714566,-0.06666832,-0.06618004,-0.06568781,-0.06516742,-0.06455635,-0.06383574,-0.06297873,-0.06200286,-0.06087535,-0.05954865,-0.05801312,-0.05618329,-0.05403239,-0.05155745,-0.04874132,-0.04554113,-0.04191748,-0.03782192,-0.03321902,-0.02806468,-0.02232189,-0.01594578,-0.008912328,-0.001210909,0.00711544,0.01599371,0.02539843,0.03526596,0.04533995,0.05554514,0.06572074,0.07567836,0.08542936,0.0948569,0.1039176,0.11236,0.1199965,0.1267888,0.1327754,0.1379459,0.1421352,0.145243,0.1473723,0.1485864,0.1487946,0.1479848,0.1462838
0.1460592,0.1453879,0.1437876,0.1412759,0.1379495,0.1338541,0.1290295,0.1235606,0.1175109,0.1109419,0.1039278,0.09653778,0.08883984,0.08089995,0.07278612,0.06456327,0.05628773,0.04802167,0.03981816,0.03172461,0.02378905,0.01605399,0.008553862,0.001322574,-0.005611906,-0.0122257,-0.01850136,-0.02442349,-0.0299825,-0.03517115,-0.03998808,-0.04443325,-0.0485118,-0.05222994,-0.05559864,-0.05862866,-0.06133403,-0.06373013,-0.06583639,-0.06766691,-0.06924044,-0.07058083,-0.07170415,-0.0726256,-0.07337628,-0.07396393,-0.07440769,-0.07473836,-0.07495745,-0.07508568,-0.07515347,-0.07515261,-0.07510976,-0.0750471,-0.07495615,-0.07485828,-0.07477445,-0.07469358,-0.0746313,-0.07460216,-0.07460303,-0.07463776,-0.07471377,-0.0748266,-0.07498471,-0.07518898,-0.07542161,-0.07567604,-0.07597251,-0.07630769,-0.07665465,-0.07698084,-0.07727756,-0.07757784,-0.07786086,-0.07810532,-0.07824052,-0.07822873,-0.07804946,-0.07763518,-0.0770209,-0.07620095,-0.07513252,-0.0737915,-0.07215959,-0.07018638,-0.06781102,-0.06496098,-0.06157282,-0.05757503,-0.05289536,-0.04744589,-0.04115174,-0.03396385,-0.02590853,-0.01713445,-0.007777938,0.002200094,0.0126766,0.02356862,0.03481318,0.04611664,0.05731666,0.06820478,0.07878012,0.08898938,0.09866804,0.107601,0.1156453,0.1228474,0.1292222,0.1346048,0.1388983,0.1421932,0.144524,0.145804
0.137793,0.1400223,0.141241,0.1415045,0.1408024,0.1391851,0.1367223,0.1334482,0.1294245,0.1247215,0.1193995,0.1135253,0.1071689,0.1004012,0.09328938,0.08590065,0.07830705,0.07056867,0.06274826,0.05490672,0.04709788,0.03937136,0.03177721,0.02435624,0.01714687,0.01018144,0.003489767,-0.002905839,-0.008985296,-0.0147356,-0.02014557,-0.02521074,-0.02992783,-0.03429981,-0.03833025,-0.04202889,-0.04540554,-0.04847381,-0.05124519,-0.05374,-0.05597523,-0.0579651,-0.05973237,-0.06130045,-0.06267594,-0.06388965,-0.06496042,-0.06589349,-0.06672208,-0.06746051,-0.06810918,-0.06870681,-0.06925606,-0.06976014,-0.07025233,-0.07073426,-0.07120404,-0.07169077,-0.07219499,-0.07271536,-0.0732662,-0.07385231,-0.07447231,-0.07513457,-0.07583254,-0.07656363,-0.07734333,-0.07817271,-0.07902432,-0.07989179,-0.08079224,-0.08173952,-0.08272311,-0.08368777,-0.08463141,-0.08553129,-0.08643495,-0.0873078,-0.0880884,-0.08874289,-0.08918314,-0.08942668,-0.0894958,-0.08941485,-0.08917918,-0.08874743,-0.08804531,-0.08701451,-0.08559656,-0.08372834,-0.08129883,-0.07816824,-0.07415949,-0.06912711,-0.06300072,-0.05580683,-0.0476563,-0.03875948,-0.02908984,-0.01874116,-0.007893781,0.003462447,0.01519592,0.02723451,0.03926398,0.05104033,0.06246427,0.07351445,0.08411182,0.0940097,0.103031,0.1112138,0.1185596,0.1249117,0.1301982,0.1344962
0.1201433,0.125207,0.1292562,0.1322618,0.134283,0.1353293,0.1354105,0.134585,0.1328956,0.1303854,0.1271163,0.1231467,0.1185412,0.1133626,0.1076814,0.1015673,0.09508479,0.08830581,0.08129777,0.07412098,0.06684108,0.05951723,0.05220278,0.04494955,0.03780579,0.03081367,0.02401069,0.01742987,0.01109891,0.005041032,-0.000725782,-0.006187658,-0.01133603,-0.01616598,-0.02067729,-0.02487234,-0.02875687,-0.03234023,-0.03563619,-0.03865526,-0.0414123,-0.04392949,-0.04622103,-0.04830088,-0.05019951,-0.05192512,-0.0534954,-0.05494251,-0.05626784,-0.05749128,-0.0586447,-0.0597197,-0.06074134,-0.06173338,-0.06268615,-0.06361952,-0.06455551,-0.06548169,-0.06641235,-0.06736273,-0.06832837,-0.06931154,-0.07031982,-0.07134799,-0.07240483,-0.07349337,-0.07459696,-0.07570963,-0.07685786,-0.07804544,-0.07925155,-0.08044856,-0.0816335,-0.08286115,-0.08412581,-0.08542216,-0.08672677,-0.08802672,-0.08929714,-0.09038173,-0.09129266,-0.09209705,-0.09282003,-0.09351704,-0.09423911,-0.09495144,-0.09557676,-0.09603588,-0.09630087,-0.09635884,-0.09616494,-0.09556902,-0.09431469,-0.0920437,-0.08848693,-0.08377389,-0.07823171,-0.07179788,-0.06439215,-0.05586307,-0.04624415,-0.03585739,-0.02482699,-0.01336414,-0.001459834,0.01079377,0.02319071,0.0354482,0.04736189,0.05891564,0.07005657,0.080538,0.09019363,0.09904733,0.1070719,0.1141139
0.09575911,0.1031984,0.1096969,0.1152593,0.1198252,0.1233997,0.126013,0.1276627,0.1283767,0.1281975,0.1271608,0.1253131,0.1227086,0.1194061,0.1154644,0.1109463,0.1059223,0.1004549,0.09461265,0.08846395,0.08207353,0.07550335,0.06881737,0.06207172,0.0553215,0.04861614,0.04200368,0.03552413,0.02921491,0.0231062,0.01722605,0.01159466,0.006229944,0.001142412,-0.003658805,-0.008172422,-0.0123985,-0.01634238,-0.0200082,-0.02341024,-0.02656095,-0.02947044,-0.03215774,-0.03464488,-0.03693644,-0.03906133,-0.04103839,-0.04287114,-0.04459179,-0.04621507,-0.04773902,-0.04920169,-0.0506057,-0.05195061,-0.05326878,-0.05456074,-0.05582061,-0.05707537,-0.05832417,-0.05956109,-0.06079755,-0.06203507,-0.06326833,-0.0645023,-0.06572792,-0.0669379,-0.06814706,-0.06935669,-0.07053842,-0.07168486,-0.07281897,-0.07395791,-0.0751055,-0.0762129,-0.07728601,-0.07829098,-0.07935768,-0.08059434,-0.08197145,-0.0833124,-0.08435465,-0.08516918,-0.08593866,-0.08681629,-0.08787812,-0.08911847,-0.09044923,-0.09179764,-0.09315252,-0.09458617,-0.09614341,-0.09777624,-0.0992454,-0.1001006,-0.09970788,-0.09776154,-0.09477241,-0.09134731,-0.08704787,-0.08147605,-0.07474772,-0.06691986,-0.0580146,-0.04800122,-0.03723003,-0.02593585,-0.01421867,-0.002116834,0.0102448,0.02254934,0.0345551,0.04624448,0.05755065,0.06824259,0.0781798,0.08737731
0.06758421,0.0768092,0.08524992,0.09281846,0.09952123,0.1053175,0.1101701,0.1140911,0.1170838,0.1191519,0.1203242,0.1206294,0.1201062,0.1187948,0.1167481,0.114021,0.1106672,0.1067509,0.1023369,0.09748562,0.09226514,0.08674069,0.08097355,0.0750256,0.06895687,0.06282299,0.0566764,0.05056534,0.04453334,0.0386199,0.0328592,0.02728077,0.02190832,0.01676133,0.01185366,0.007195711,0.002792809,-0.001353999,-0.00524987,-0.00889758,-0.01230534,-0.01548969,-0.01846026,-0.02122681,-0.02381751,-0.02623821,-0.02850333,-0.03064393,-0.03266,-0.03456779,-0.03639873,-0.03814212,-0.03981906,-0.04145226,-0.04302803,-0.04456155,-0.04607253,-0.04754363,-0.04898309,-0.05040215,-0.05179011,-0.0531428,-0.05446188,-0.05573534,-0.05696461,-0.05814814,-0.05926133,-0.06029173,-0.06126373,-0.06218217,-0.06302275,-0.06375303,-0.06436227,-0.06495602,-0.06554274,-0.06603087,-0.06637208,-0.0668498,-0.06773205,-0.06867036,-0.0692941,-0.0696612,-0.0700368,-0.07059947,-0.07146005,-0.0726511,-0.07411968,-0.07574297,-0.07748234,-0.07943452,-0.08178777,-0.08464249,-0.08796876,-0.09140934,-0.09409163,-0.09518158,-0.09533343,-0.09553085,-0.09531316,-0.09338952,-0.0897155,-0.08506318,-0.07931352,-0.07240569,-0.06431393,-0.05511125,-0.04495023,-0.03413284,-0.02287485,-0.01120754,0.0007696268,0.0127428,0.02448954,0.03597788,0.04711666,0.05768237
0.03896774,0.04914925,0.05875545,0.06774453,0.07599081,0.08345832,0.09011761,0.09592512,0.1008551,0.1049136,0.1080882,0.1103977,0.111853,0.1124911,0.1123364,0.1114353,0.1098316,0.107579,0.1047253,0.1013395,0.0974724,0.09319156,0.08855473,0.083629,0.07846775,0.0731359,0.06768404,0.06217031,0.05663833,0.0511387,0.04570683,0.04038364,0.03519499,0.03017216,0.02533155,0.02069429,0.01626601,0.01205885,0.008072531,0.004308152,0.000754981,-0.0025841,-0.005727225,-0.008686279,-0.01146714,-0.01408878,-0.01657311,-0.01891448,-0.02114753,-0.0232795,-0.0253094,-0.02726709,-0.02915754,-0.03096977,-0.0327369,-0.03445056,-0.03610241,-0.03770944,-0.03926955,-0.04076285,-0.04219821,-0.0435655,-0.04485458,-0.04605769,-0.04716112,-0.04814231,-0.0490125,-0.04976341,-0.0503603,-0.05077992,-0.05105827,-0.05121413,-0.05121244,-0.05102315,-0.05081985,-0.05038116,-0.049503,-0.04863864,-0.04847401,-0.04897256,-0.04910643,-0.04880234,-0.04859022,-0.04861303,-0.04887434,-0.04942764,-0.05035464,-0.05166264,-0.05332571,-0.05532384,-0.05773003,-0.060683,-0.06440974,-0.06916985,-0.0745008,-0.07828605,-0.08044802,-0.08375743,-0.08752421,-0.08960567,-0.08984538,-0.08933332,-0.08764343,-0.08400209,-0.07913613,-0.07318184,-0.06606145,-0.05775389,-0.04837966,-0.03826736,-0.02769632,-0.01668074,-0.005345614,0.00603163,0.01724702,0.02827546
0.01253182,0.02290899,0.03296007,0.0425811,0.05169567,0.0602464,0.06811341,0.07529186,0.08170725,0.08734815,0.09216952,0.09619086,0.09938066,0.1017738,0.1033605,0.1041942,0.1042737,0.1036683,0.1023927,0.1005209,0.0980783,0.09514873,0.09175941,0.08799662,0.08389138,0.0795293,0.0749387,0.07020126,0.06534201,0.06043713,0.05550465,0.05061225,0.04576957,0.04103512,0.03640914,0.03194103,0.02762236,0.02349138,0.01952789,0.01576433,0.0121767,0.008781475,0.005550824,0.002506531,-0.0003984247,-0.003141186,-0.00575509,-0.008243628,-0.01062712,-0.01289257,-0.0150922,-0.01718733,-0.01921589,-0.02117445,-0.0230657,-0.02487442,-0.02663795,-0.02830863,-0.02990734,-0.03141577,-0.0328359,-0.03413214,-0.035319,-0.0363531,-0.03724696,-0.03797029,-0.03850694,-0.03881108,-0.03892956,-0.03883005,-0.03850111,-0.03796424,-0.03708636,-0.03583773,-0.03478935,-0.03385106,-0.03203521,-0.0294833,-0.02721965,-0.02565928,-0.02439275,-0.02348116,-0.02303844,-0.02277187,-0.0225438,-0.02230731,-0.02231026,-0.02280626,-0.02394655,-0.02550856,-0.02728124,-0.02915096,-0.03147183,-0.03477222,-0.04022885,-0.04698307,-0.05321134,-0.05995468,-0.06741491,-0.0729443,-0.07585315,-0.07919842,-0.08193357,-0.08248354,-0.08173556,-0.07952502,-0.07567799,-0.07057222,-0.06434055,-0.05689216,-0.04838334,-0.03911524,-0.02936086,-0.01912516,-0.008583585,0.0020253
-0.00947882,0.0002827692,0.009977806,0.01958856,0.02887847,0.03783511,0.0463166,0.05430183,0.06165434,0.06840333,0.07442698,0.07976972,0.08433595,0.08819105,0.09125653,0.09361061,0.09520016,0.09611705,0.09631512,0.09590783,0.09485895,0.09328652,0.0911686,0.08862893,0.08564582,0.08234732,0.07871451,0.07487327,0.07080287,0.06662615,0.06231758,0.05799391,0.05362229,0.04931183,0.04502119,0.04085124,0.03675053,0.0328102,0.02897171,0.02531505,0.02177018,0.01841765,0.01517765,0.01211446,0.009159978,0.006371326,0.00366088,0.001110257,-0.001380242,-0.003743421,-0.006042855,-0.008231811,-0.01038236,-0.01240383,-0.01439544,-0.01627014,-0.01808261,-0.01976908,-0.02139307,-0.0228499,-0.02421413,-0.02539228,-0.02643907,-0.02726272,-0.02791767,-0.02829354,-0.02847742,-0.02836652,-0.02801125,-0.0272919,-0.02623396,-0.02503941,-0.02376864,-0.02147705,-0.01905167,-0.01697421,-0.01465178,-0.01195864,-0.008289414,-0.004012891,-0.001552083,-0.0007971582,-0.0006332523,-0.0005715204,-0.0005679231,-0.0005451143,-0.0005610168,-0.0005673738,-0.0006171522,-0.000654734,-0.0007214507,-0.0007809042,-0.0009105847,-0.001273441,-0.002945327,-0.00934846,-0.01984598,-0.02800964,-0.03487296,-0.04295105,-0.05028969,-0.05834458,-0.06539676,-0.06875232,-0.07193872,-0.07401637,-0.07423861,-0.07295131,-0.06995966,-0.06558406,-0.06014784,-0.05350649,-0.04586398,-0.03745021,-0.02855007,-0.01913912
-0.02595893,-0.01744416,-0.008628152,0.0002218591,0.009125412,0.01786679,0.02640111,0.03458155,0.0423931,0.04969331,0.0564864,0.06266998,0.06825317,0.07315893,0.07741129,0.08096261,0.08384135,0.08602655,0.08755852,0.08843165,0.08869703,0.08836985,0.08750278,0.08612453,0.08429186,0.08204391,0.0794354,0.07651102,0.07332294,0.06991956,0.06634621,0.06265145,0.05887127,0.05505168,0.05121732,0.04741109,0.04364739,0.03996233,0.03635461,0.03285784,0.02946365,0.02619299,0.02302795,0.01999722,0.0170604,0.01424907,0.01153269,0.008919155,0.006386107,0.003962415,0.001590153,-0.0006731632,-0.002871808,-0.004981647,-0.007014308,-0.008927224,-0.01077114,-0.01246727,-0.01404878,-0.01546724,-0.01673993,-0.01779637,-0.01867009,-0.01928304,-0.01967,-0.01976768,-0.019593,-0.01903647,-0.01817339,-0.01712522,-0.01548087,-0.01340952,-0.01143632,-0.00892029,-0.005743245,-0.002197571,-0.0006239148,-0.000280597,-9.663298e-05,5.266504e-05,2.921973e-05,6.991498e-05,6.892772e-05,0.0001029489,NaN,NaN,NaN,NaN,NaN,NaN,NaN,7.673071e-05,3.902122e-05,5.821645e-07,-7.840634e-05,-9.928131e-05,-0.0004266789,-0.0008234201,-0.001714327,-0.0070918,-0.01882996,-0.02861733,-0.03745334,-0.0453664,-0.05328858,-0.05918733,-0.06240619,-0.0652129,-0.06603801,-0.06535099,-0.06291871,-0.0592696,-0.05443459,-0.04855148,-0.04162214,-0.0340871
-0.03635707,-0.02953983,-0.02221893,-0.0144909,-0.006552688,0.001489369,0.009538718,0.01746592,0.02518621,0.03261176,0.0396778,0.04630198,0.05245027,0.05805628,0.06310808,0.067549,0.0713968,0.07460561,0.07720799,0.07917804,0.08056553,0.08134926,0.08159985,0.08130438,0.08054313,0.07930844,0.07769041,0.0756823,0.07338087,0.0707778,0.06797208,0.06495089,0.06181351,0.05854017,0.05522719,0.05184519,0.04848594,0.04511011,0.04180674,0.0385224,0.03533733,0.03219603,0.02917304,0.02619214,0.02334126,0.02053412,0.01784203,0.01519952,0.01266997,0.0101673,0.007796117,0.005448025,0.003220827,0.001048328,-0.0009935533,-0.002981557,-0.004786733,-0.006512675,-0.008038082,-0.009428348,-0.01056887,-0.01154641,-0.01221975,-0.01268083,-0.0127983,-0.01262436,-0.01209887,-0.01133996,-0.009934667,-0.008405152,-0.00650028,-0.003937754,-0.001232594,-0.0003136914,-2.495463e-05,3.328307e-05,3.437663e-05,4.42158e-05,NaN,NaN,NaN,NaN,NaN,NaN,NaN,NaN,NaN,NaN,NaN,NaN,NaN,NaN,NaN,NaN,NaN,NaN,NaN,-2.751707e-05,-0.0001186922,-8.328201e-05,-0.0003574548,-0.001193819,-0.005200406,-0.01652626,-0.02715859,-0.03551453,-0.0431981,-0.05007706,-0.05385266,-0.05655517,-0.05785062,-0.05736866,-0.05544133,-0.05218913,-0.04791607,-0.04254657
-0.04106738,-0.03608803,-0.03059931,-0.02434835,-0.01780132,-0.01075036,-0.003674285,0.003651931,0.01082275,0.01801836,0.02489137,0.03162035,0.03789428,0.0438858,0.04932515,0.0543873,0.05882984,0.06283101,0.06618659,0.06906882,0.07130433,0.0730712,0.07421675,0.07492038,0.07505523,0.07479791,0.07403751,0.07294902,0.07143716,0.06967083,0.06756482,0.06528,0.0627394,0.06009329,0.05726869,0.05440275,0.05142528,0.04845997,0.04543475,0.0424609,0.03946933,0.03654924,0.03363409,0.03081172,0.02800084,0.02528134,0.02259403,0.01998528,0.01741247,0.01493491,0.01248266,0.01013456,0.007846029,0.0056514,0.003548442,0.001584267,-0.0002792532,-0.001963758,-0.003478411,-0.004790436,-0.005887852,-0.00671653,-0.007289483,-0.007528364,-0.00748373,-0.007083771,-0.00624413,-0.005146898,-0.003552186,-0.001555581,-0.0003057708,-1.794998e-05,3.876812e-05,1.07258e-05,6.037464e-05,NaN,NaN,NaN,NaN,NaN,NaN,NaN,NaN,NaN,NaN,NaN,NaN,NaN,NaN,NaN,NaN,NaN,NaN,NaN,NaN,NaN,NaN,NaN,NaN,NaN,-6.456935e-06,-0.0001514021,-9.147002e-05,-0.0002810994,-0.00162312,-0.008338218,-0.01907582,-0.02806234,-0.03560437,-0.04212218,-0.0462475,-0.04865132,-0.05010502,-0.04953449,-0.04792656,-0.04486018
-0.04046781,-0.03769065,-0.03408913,-0.02958288,-0.0245299,-0.01888977,-0.01291694,-0.006605502,-0.0001971405,0.006346513,0.01280142,0.01920649,0.02536595,0.0313326,0.03692841,0.04221508,0.04704075,0.05147773,0.05539024,0.05886955,0.06179441,0.06426604,0.06618244,0.06765702,0.06859909,0.06913134,0.06917455,0.06886031,0.068116,0.06707667,0.06567444,0.06404699,0.06212832,0.0600547,0.05775916,0.05537366,0.05282602,0.0502444,0.04755447,0.04487544,0.04212191,0.03941479,0.0366629,0.03397036,0.03125485,0.02861448,0.0259485,0.02337898,0.0207951,0.01830108,0.01582485,0.01345243,0.01109979,0.008900533,0.006746567,0.00476162,0.002887001,0.001223555,-0.000299147,-0.001539384,-0.002579083,-0.003297799,-0.003767855,-0.00385083,-0.003598352,-0.002997403,-0.001915544,-0.0005916026,-9.793656e-05,3.591477e-05,1.406368e-05,4.009752e-05,NaN,NaN,NaN,NaN,NaN,NaN,NaN,NaN,NaN,NaN,NaN,NaN,NaN,NaN,NaN,NaN,NaN,NaN,NaN,NaN,NaN,NaN,NaN,NaN,NaN,NaN,NaN,NaN,NaN,NaN,NaN,-9.042426e-05,-9.940461e-05,-8.833305e-05,-0.0007095847,-0.004300273,-0.01377938,-0.02292413,-0.02975535,-0.03575148,-0.03943559,-0.04164066,-0.04271834,-0.04210378
-0.03586895,-0.03514195,-0.0333919,-0.03077145,-0.02728859,-0.02315718,-0.01847867,-0.01336814,-0.007919801,-0.002261938,0.003531179,0.00935985,0.015149,0.02081959,0.02630654,0.03155563,0.03650232,0.04111642,0.04534943,0.04918261,0.05257823,0.05554273,0.05804188,0.06009976,0.06169359,0.06286184,0.06358703,0.0639231,0.06385577,0.06344846,0.06268914,0.06164987,0.0603175,0.05876786,0.05698462,0.05504558,0.05292878,0.05071203,0.04836353,0.0459622,0.04347109,0.04095912,0.03838347,0.03582334,0.03321166,0.03063015,0.02802663,0.0254588,0.02288159,0.02037818,0.01786477,0.0154538,0.01308226,0.0108201,0.008640683,0.006644096,0.004741534,0.003075132,0.001598001,0.0003855803,-0.0005896881,-0.001205056,-0.001536151,-0.001487897,-0.001018503,-0.0002796348,-3.086512e-05,2.953451e-05,6.022895e-06,NaN,NaN,NaN,NaN,NaN,NaN,NaN,NaN,NaN,NaN,NaN,NaN,NaN,NaN,NaN,NaN,NaN,NaN,NaN,NaN,NaN,NaN,NaN,NaN,NaN,NaN,NaN,NaN,NaN,NaN,NaN,NaN,NaN,NaN,NaN,NaN,NaN,-0.0001097368,-8.665409e-05,-0.0003541113,-0.002974769,-0.01107402,-0.01934732,-0.02532221,-0.03044151,-0.03348627,-0.03526928
-0.02816319,-0.02945966,-0.02949112,-0.0286078,-0.02668048,-0.0241155,-0.02075294,-0.01692709,-0.01256395,-0.007920067,-0.002944405,0.002135175,0.00736101,0.01254311,0.01771361,0.02270919,0.02756546,0.03214466,0.03647867,0.04046242,0.04412648,0.04738766,0.05028312,0.05275258,0.05483358,0.05648706,0.05775433,0.05861558,0.05911121,0.05923613,0.05903046,0.0585025,0.05768894,0.05660722,0.05528907,0.05375853,0.05203815,0.05015755,0.04813276,0.0459942,0.04374314,0.04142064,0.03901751,0.03656598,0.03406135,0.0315387,0.02896835,0.0264173,0.02384166,0.02129775,0.01877284,0.01631361,0.01389087,0.01160426,0.009386408,0.007352341,0.005461753,0.003800539,0.002336722,0.001197366,0.0003162572,-0.0001955321,-0.0003435559,-0.0001237224,-1.211283e-05,2.459462e-05,7.676713e-06,NaN,NaN,NaN,NaN,NaN,NaN,NaN,NaN,NaN,NaN,NaN,NaN,NaN,NaN,NaN,NaN,NaN,NaN,NaN,NaN,NaN,NaN,NaN,NaN,NaN,NaN,NaN,NaN,NaN,NaN,NaN,NaN,NaN,NaN,NaN,NaN,NaN,NaN,NaN,NaN,NaN,-8.557877e-05,-7.433363e-05,-0.0002653456,-0.002677251,-0.009744306,-0.0167551,-0.02182117,-0.025807
-0.01889592,-0.0217164,-0.02330309,-0.02406362,-0.02356138,-0.02242939,-0.02040428,-0.01782302,-0.01458732,-0.01098916,-0.006935745,-0.002676712,0.001847898,0.006428111,0.01111314,0.01572678,0.02030289,0.02469721,0.02894527,0.0329211,0.03666174,0.04006958,0.04317868,0.04591369,0.04831383,0.05032319,0.05198274,0.05325546,0.05418366,0.05474593,0.05498482,0.05489199,0.05450821,0.0538355,0.05291047,0.05174306,0.05036483,0.04879113,0.04704327,0.0451428,0.0431066,0.0409521,0.03868859,0.0363489,0.03391867,0.03143913,0.02890752,0.02634506,0.02375547,0.021196,0.01861759,0.01611411,0.01366848,0.01132336,0.009072564,0.007054625,0.005145659,0.003510977,0.002142233,0.001068517,0.0003391111,2.888511e-05,-8.401219e-07,1.35283e-05,1.008245e-05,NaN,NaN,NaN,NaN,NaN,NaN,NaN,NaN,NaN,NaN,NaN,NaN,NaN,NaN,NaN,NaN,NaN,NaN,NaN,NaN,NaN,NaN,NaN,NaN,NaN,NaN,NaN,NaN,NaN,NaN,NaN,NaN,NaN,NaN,NaN,NaN,NaN,NaN,NaN,NaN,NaN,NaN,NaN,NaN,NaN,-5.584869e-05,-5.558431e-05,-0.0003137227,-0.002996434,-0.009208648,-0.01476868
-0.008910878,-0.01293409,-0.01603111,-0.0178969,-0.01873775,-0.01886983,-0.01807328,-0.01660807,-0.01450902,-0.01189142,-0.008800429,-0.005363569,-0.001626309,0.002311524,0.006398756,0.01054536,0.01471132,0.01881795,0.02282634,0.02667912,0.03034274,0.03376859,0.03693749,0.03981411,0.04238557,0.04462988,0.04654493,0.04811882,0.04935759,0.05025927,0.05083643,0.05109418,0.05105012,0.05071575,0.0501109,0.04924994,0.04815306,0.04683661,0.04532251,0.04362425,0.04175815,0.03974598,0.03760066,0.03533125,0.03296563,0.03051491,0.02798544,0.02541551,0.022807,0.02019083,0.01759708,0.01503293,0.01254579,0.01019371,0.007921523,0.005884867,0.004080182,0.002479622,0.00123294,0.0003506122,3.327256e-05,5.646981e-06,1.337377e-05,NaN,NaN,NaN,NaN,NaN,NaN,NaN,NaN,NaN,NaN,NaN,NaN,NaN,NaN,NaN,NaN,NaN,NaN,NaN,NaN,NaN,NaN,NaN,NaN,NaN,NaN,NaN,NaN,NaN,NaN,NaN,NaN,NaN,NaN,NaN,NaN,NaN,NaN,NaN,NaN,NaN,NaN,NaN,NaN,NaN,NaN,NaN,NaN,NaN,-2.101753e-05,-3.703129e-05,-0.0004735772,-0.003803098
-0.0007735942,-0.004407399,-0.008341879,-0.01108313,-0.01311627,-0.01415814,-0.01450904,-0.01395996,-0.01292152,-0.01117681,-0.009030966,-0.006362993,-0.003433054,-0.0001391574,0.003291799,0.006942461,0.01060769,0.01436228,0.0180312,0.02167323,0.02514083,0.02849093,0.03159542,0.03450875,0.03712745,0.03950393,0.04155463,0.04333019,0.04476749,0.04591631,0.0467303,0.04725618,0.04746317,0.04739499,0.04703311,0.04641582,0.04553764,0.04442929,0.04309231,0.04155107,0.03982099,0.03790988,0.03584322,0.03363125,0.03129502,0.02884172,0.02632578,0.02370848,0.02107339,0.01842226,0.01579069,0.01316326,0.01070227,0.008301301,0.006080968,0.004076238,0.002371732,0.0009516808,0.0001283244,1.594071e-06,9.688369e-06,3.423732e-06,NaN,NaN,NaN,NaN,NaN,NaN,NaN,NaN,NaN,NaN,NaN,NaN,NaN,NaN,NaN,NaN,NaN,NaN,NaN,NaN,NaN,NaN,NaN,NaN,NaN,NaN,NaN,NaN,NaN,NaN,NaN,NaN,NaN,NaN,NaN,NaN,NaN,NaN,NaN,NaN,NaN,NaN,NaN,NaN,NaN,NaN,NaN,NaN,NaN,NaN,NaN,-5.442686e-05,-4.469668e-06,-4.118041e-05
4.654074e-06,-0.000105671,-0.001369078,-0.004523256,-0.007314221,-0.009135332,-0.01025269,-0.01051895,-0.01033493,-0.009389302,-0.008031454,-0.006120672,-0.003904016,-0.00127253,0.001552978,0.004647171,0.007829259,0.0111534,0.01445983,0.01779826,0.02102997,0.02419325,0.02717658,0.03001425,0.03261259,0.03500493,0.03711834,0.03898367,0.04054652,0.04183692,0.04281679,0.04351395,0.04390565,0.0440176,0.04383982,0.04339307,0.04267897,0.0417131,0.04051067,0.0390772,0.03743469,0.03558936,0.03357467,0.03137544,0.02905292,0.02658647,0.02404075,0.02139632,0.01872351,0.01601448,0.01339512,0.01071954,0.008255569,0.005933472,0.003782668,0.001875013,0.0004394726,2.889683e-05,5.357137e-06,5.827896e-06,NaN,NaN,NaN,NaN,NaN,NaN,NaN,NaN,NaN,NaN,NaN,NaN,NaN,NaN,NaN,NaN,NaN,NaN,NaN,NaN,NaN,NaN,NaN,NaN,NaN,NaN,NaN,NaN,NaN,NaN,NaN,NaN,NaN,NaN,NaN,NaN,NaN,NaN,NaN,NaN,NaN,NaN,NaN,NaN,NaN,NaN,NaN,NaN,NaN,NaN,NaN,NaN,NaN,NaN,NaN,-1.794943e-05
-5.870597e-06,2.533249e-05,3.126805e-06,-0.0002689247,-0.002148473,-0.004354966,-0.005946143,-0.006931485,-0.007286843,-0.007065958,-0.006303451,-0.005099117,-0.003461125,-0.001481526,0.0008168414,0.003348355,0.006077623,0.008934749,0.01188696,0.01486243,0.0178342,0.02074422,0.02356345,0.02624474,0.02876659,0.03109186,0.03320273,0.03507328,0.03669144,0.03804158,0.03911589,0.03990829,0.04041512,0.04063868,0.04057752,0.04024098,0.03963021,0.03876073,0.03763157,0.03626646,0.03466828,0.03285774,0.03084151,0.02866177,0.02630042,0.02381552,0.02123487,0.01856485,0.01581982,0.01313965,0.01046752,0.007852578,0.005408165,0.003168947,0.001248846,0.0001364205,2.544723e-06,-2.278608e-06,1.963828e-06,NaN,NaN,NaN,NaN,NaN,NaN,NaN,NaN,NaN,NaN,NaN,NaN,NaN,NaN,NaN,NaN,NaN,NaN,NaN,NaN,NaN,NaN,NaN,NaN,NaN,NaN,NaN,NaN,NaN,NaN,NaN,NaN,NaN,NaN,NaN,NaN,NaN,NaN,NaN,NaN,NaN,NaN,NaN,NaN,NaN,NaN,NaN,NaN,NaN,NaN,NaN,NaN,NaN,NaN,NaN,NaN,NaN
NaN,NaN,5.710171e-07,3.427251e-05,-2.689956e-05,-0.0005762913,-0.002202142,-0.003586412,-0.004302317,-0.004587682,-0.004286006,-0.003638921,-0.002495797,-0.001056756,0.0007626617,0.002790661,0.005089551,0.007512154,0.01009551,0.01271704,0.01539978,0.01803664,0.02064639,0.02313967,0.02552757,0.02773912,0.02978298,0.03160525,0.03321136,0.03456334,0.03566448,0.0364928,0.03704932,0.03732677,0.03732282,0.03704355,0.0364806,0.03565576,0.03455794,0.03322078,0.0316213,0.02981682,0.02777933,0.02557818,0.02317685,0.02066713,0.01802269,0.01536585,0.01256233,0.009889651,0.007259929,0.004740779,0.00238785,0.0005101045,3.629311e-05,-3.440151e-06,8.577887e-06,NaN,NaN,NaN,NaN,NaN,NaN,NaN,NaN,NaN,NaN,NaN,NaN,NaN,NaN,NaN,NaN,NaN,NaN,NaN,NaN,NaN,NaN,NaN,NaN,NaN,NaN,NaN,NaN,NaN,NaN,NaN,NaN,NaN,NaN,NaN,NaN,NaN,NaN,NaN,NaN,NaN,NaN,NaN,NaN,NaN,NaN,NaN,NaN,NaN,NaN,NaN,NaN,NaN,NaN,NaN,NaN,NaN,NaN,NaN
NaN,NaN,NaN,2.770947e-05,3.575304e-05,2.955448e-05,-0.0001012427,-0.0009360538,-0.001823488,-0.002335417,-0.002423874,-0.002100149,-0.001386368,-0.0003340513,0.001042342,0.002687835,0.004560097,0.006623991,0.008834778,0.01114107,0.01350822,0.01589206,0.01825294,0.0205521,0.0227581,0.02483603,0.02675909,0.02849938,0.0300364,0.03134767,0.03241948,0.03323558,0.03378911,0.03406886,0.03407409,0.03379784,0.03324568,0.03241587,0.03131748,0.02995558,0.02835019,0.02649827,0.02443384,0.02218815,0.01975765,0.01717252,0.01454792,0.01183549,0.00907691,0.006421376,0.003836608,0.001564277,0.000180489,2.726344e-06,-6.454833e-06,-3.452566e-06,NaN,NaN,NaN,NaN,NaN,NaN,NaN,NaN,NaN,NaN,NaN,NaN,NaN,NaN,NaN,NaN,NaN,NaN,NaN,NaN,NaN,NaN,NaN,NaN,NaN,NaN,NaN,NaN,NaN,NaN,NaN,NaN,NaN,NaN,NaN,NaN,NaN,NaN,NaN,NaN,NaN,NaN,NaN,NaN,NaN,NaN,NaN,NaN,NaN,NaN,NaN,NaN,NaN,NaN,NaN,NaN,NaN,NaN,NaN,NaN
NaN,NaN,NaN,NaN,NaN,2.756473e-05,4.84557e-05,1.279534e-05,-0.0001933178,-0.0006832682,-0.0009404671,-0.0007992978,-0.0003706482,0.0004056411,0.001451752,0.002774576,0.00430797,0.006052945,0.007937703,0.009949728,0.01203111,0.01415587,0.01627768,0.0183669,0.02038397,0.02229781,0.02408103,0.02570151,0.02714191,0.02836933,0.0293784,0.03013642,0.03065012,0.03088691,0.03086567,0.030551,0.02997333,0.02909821,0.02797418,0.02655897,0.02491618,0.02300375,0.02090614,0.01858779,0.01615026,0.0135028,0.01087628,0.008177156,0.005510435,0.002911964,0.0006966387,6.388941e-05,-8.792293e-06,8.761488e-06,NaN,NaN,NaN,NaN,NaN,NaN,NaN,NaN,NaN,NaN,NaN,NaN,NaN,NaN,NaN,NaN,NaN,NaN,NaN,NaN,NaN,NaN,NaN,NaN,NaN,NaN,NaN,NaN,NaN,NaN,NaN,NaN,NaN,NaN,NaN,NaN,NaN,NaN,NaN,NaN,NaN,NaN,NaN,NaN,NaN,NaN,NaN,NaN,NaN,NaN,NaN,NaN,NaN,NaN,NaN,NaN,NaN,NaN,NaN,NaN,NaN,NaN
NaN,NaN,NaN,NaN,NaN,NaN,4.148009e-05,4.730923e-05,4.378158e-05,1.37209e-05,-9.165732e-05,-1.89817e-05,0.0003174689,0.0008991283,0.001742697,0.002825929,0.004099665,0.00557939,0.007202985,0.008948305,0.01077706,0.01266352,0.01455814,0.01643954,0.01826335,0.02000837,0.0216331,0.02312075,0.02443416,0.02556074,0.02646853,0.0271507,0.02758044,0.02775801,0.0276612,0.02729555,0.02664473,0.02572395,0.02452042,0.0230584,0.02134187,0.0193873,0.01720205,0.01488329,0.01237461,0.009749943,0.007115918,0.004437167,0.00199332,0.0002841383,1.226772e-05,-9.748326e-06,-4.691965e-06,NaN,NaN,NaN,NaN,NaN,NaN,NaN,NaN,NaN,NaN,NaN,NaN,NaN,NaN,NaN,NaN,NaN,NaN,NaN,NaN,NaN,NaN,NaN,NaN,NaN,NaN,NaN,NaN,NaN,NaN,NaN,NaN,NaN,NaN,NaN,NaN,NaN,NaN,NaN,NaN,NaN,NaN,NaN,NaN,NaN,NaN,NaN,NaN,NaN,NaN,NaN,NaN,NaN,NaN,NaN,NaN,NaN,NaN,NaN,NaN,NaN,NaN,NaN
NaN,NaN,NaN,NaN,NaN,NaN,NaN,4.907906e-05,4.644809e-05,5.434532e-05,5.670726e-05,0.0001496427,0.0004883786,0.001020476,0.00176645,0.002688732,0.003797711,0.005077527,0.006491327,0.008020245,0.009637298,0.01130715,0.01299897,0.01468515,0.01632536,0.01789797,0.01936324,0.02070571,0.02188399,0.02288958,0.02368249,0.02426328,0.02459271,0.02468326,0.02449647,0.02405353,0.02331459,0.02232005,0.02103618,0.01950854,0.01770937,0.01571312,0.01346212,0.01111108,0.008595043,0.006022808,0.003395563,0.001021888,0.0001251397,-6.949491e-06,7.675738e-06,-1.175363e-05,NaN,NaN,NaN,NaN,NaN,NaN,NaN,NaN,NaN,NaN,NaN,NaN,NaN,NaN,NaN,NaN,NaN,NaN,NaN,NaN,NaN,NaN,NaN,NaN,NaN,NaN,NaN,NaN,NaN,NaN,NaN,NaN,NaN,NaN,NaN,NaN,NaN,NaN,NaN,NaN,NaN,NaN,NaN,NaN,NaN,NaN,NaN,NaN,NaN,NaN,NaN,NaN,NaN,NaN,NaN,NaN,NaN,NaN,NaN,NaN,NaN,NaN,NaN,NaN
NaN,NaN,NaN,NaN,NaN,NaN,NaN,NaN,NaN,5.056049e-05,5.233685e-05,6.142863e-05,0.0001587534,0.0006462969,0.001352655,0.002243178,0.003250991,0.004401194,0.005674136,0.00702935,0.008477442,0.009967134,0.01148479,0.0129897,0.01446544,0.01587011,0.01718618,0.01837551,0.0194223,0.02029013,0.02096882,0.02142524,0.02165489,0.0216301,0.02135478,0.02080248,0.01998693,0.01888951,0.0175387,0.01591181,0.01407817,0.0119951,0.009736391,0.007350002,0.00483339,0.002416696,0.0004638529,4.331713e-05,-1.192843e-05,-1.321644e-06,NaN,NaN,NaN,NaN,NaN,NaN,NaN,NaN,NaN,NaN,NaN,NaN,NaN,NaN,NaN,NaN,NaN,NaN,NaN,NaN,NaN,NaN,NaN,NaN,NaN,NaN,NaN,NaN,NaN,NaN,NaN,NaN,NaN,NaN,NaN,NaN,NaN,NaN,NaN,NaN,NaN,NaN,NaN,NaN,NaN,NaN,NaN,NaN,NaN,NaN,NaN,NaN,NaN,NaN,NaN,NaN,NaN,NaN,NaN,NaN,NaN,NaN,NaN,NaN,NaN,NaN
NaN,NaN,NaN,NaN,NaN,NaN,NaN,NaN,NaN,NaN,5.378848e-05,5.47516e-05,6.061177e-05,0.0001287458,0.0005483644,0.00140511,0.002411832,0.003501124,0.004675997,0.005922931,0.007244179,0.008587772,0.009960074,0.01131459,0.01264084,0.01389425,0.0150662,0.01611326,0.0170262,0.01776164,0.01831736,0.0186517,0.01876828,0.01863065,0.01825345,0.01759814,0.01668811,0.01549518,0.01407318,0.0123679,0.01047188,0.008359749,0.006098097,0.003687071,0.001397897,0.0002296427,7.690617e-06,5.252145e-06,-9.261204e-06,NaN,NaN,NaN,NaN,NaN,NaN,NaN,NaN,NaN,NaN,NaN,NaN,NaN,NaN,NaN,NaN,NaN,NaN,NaN,NaN,NaN,NaN,NaN,NaN,NaN,NaN,NaN,NaN,NaN,NaN,NaN,NaN,NaN,NaN,NaN,NaN,NaN,NaN,NaN,NaN,NaN,NaN,NaN,NaN,NaN,NaN,NaN,NaN,NaN,NaN,NaN,NaN,NaN,NaN,NaN,NaN,NaN,NaN,NaN,NaN,NaN,NaN,NaN,NaN,NaN,NaN,NaN
NaN,NaN,NaN,NaN,NaN,NaN,NaN,NaN,NaN,NaN,NaN,5.218082e-05,5.485836e-05,5.432484e-05,9.645525e-05,0.0003636203,0.001234105,0.002292392,0.003445643,0.004635199,0.005856494,0.007112005,0.008357601,0.009596838,0.01078467,0.01191843,0.01294868,0.01387619,0.01464965,0.0152709,0.01569325,0.0159221,0.01591181,0.01567721,0.01517972,0.01443943,0.01342258,0.01216382,0.0106425,0.008902327,0.006947983,0.004805979,0.002626613,0.000696709,0.0001044156,-6.333997e-06,3.489637e-06,-7.606919e-06,NaN,NaN,NaN,NaN,NaN,NaN,NaN,NaN,NaN,NaN,NaN,NaN,NaN,NaN,NaN,NaN,NaN,NaN,NaN,NaN,NaN,NaN,NaN,NaN,NaN,NaN,NaN,NaN,NaN,NaN,NaN,NaN,NaN,NaN,NaN,NaN,NaN,NaN,NaN,NaN,NaN,NaN,NaN,NaN,NaN,NaN,NaN,NaN,NaN,NaN,NaN,NaN,NaN,NaN,NaN,NaN,NaN,NaN,NaN,NaN,NaN,NaN,NaN,NaN,NaN,NaN,NaN,NaN
NaN,NaN,NaN,NaN,NaN,NaN,NaN,NaN,NaN,NaN,NaN,NaN,5.557223e-05,5.493633e-05,5.656685e-05,7.540033e-05,0.0002345219,0.0008878194,0.00197837,0.003152121,0.004337558,0.00551525,0.006681948,0.007824896,0.00891043,0.009929615,0.01084699,0.0116566,0.01231486,0.01281867,0.01312832,0.01324435,0.0131268,0.01278636,0.01219274,0.01135815,0.01025585,0.008918076,0.007347994,0.005552976,0.003574426,0.00159003,0.000358716,4.115521e-05,5.295913e-06,-3.19566e-06,-2.318963e-06,NaN,NaN,NaN,NaN,NaN,NaN,NaN,NaN,NaN,NaN,NaN,NaN,NaN,NaN,NaN,NaN,NaN,NaN,NaN,NaN,NaN,NaN,NaN,NaN,NaN,NaN,NaN,NaN,NaN,NaN,NaN,NaN,NaN,NaN,NaN,NaN,NaN,NaN,NaN,NaN,NaN,NaN,NaN,NaN,NaN,NaN,NaN,NaN,NaN,NaN,NaN,NaN,NaN,NaN,NaN,NaN,NaN,NaN,NaN,NaN,NaN,NaN,NaN,NaN,NaN,NaN,NaN,NaN,NaN
NaN,NaN,NaN,NaN,NaN,NaN,NaN,NaN,NaN,NaN,NaN,NaN,NaN,5.309602e-05,5.165888e-05,5.593744e-05,5.864486e-05,0.0001511388,0.0005401943,0.001511297,0.002641349,0.003794388,0.00491602,0.005976724,0.006989385,0.007912818,0.0087417,0.009443689,0.010005,0.01039798,0.01061166,0.01061922,0.01041174,0.009965724,0.009290763,0.008360712,0.007206596,0.005794072,0.004169199,0.002422122,0.0008300918,0.0001796445,1.2061e-05,8.119499e-06,-4.461352e-06,-5.477561e-06,NaN,NaN,NaN,NaN,NaN,NaN,NaN,NaN,NaN,NaN,NaN,NaN,NaN,NaN,NaN,NaN,NaN,NaN,NaN,NaN,NaN,NaN,NaN,NaN,NaN,NaN,NaN,NaN,NaN,NaN,NaN,NaN,NaN,NaN,NaN,NaN,NaN,NaN,NaN,NaN,NaN,NaN,NaN,NaN,NaN,NaN,NaN,NaN,NaN,NaN,NaN,NaN,NaN,NaN,NaN,NaN,NaN,NaN,NaN,NaN,NaN,NaN,NaN,NaN,NaN,NaN,NaN,NaN,NaN,NaN
NaN,NaN,NaN,NaN,NaN,NaN,NaN,NaN,NaN,NaN,NaN,NaN,NaN,NaN,NaN,5.357213e-05,5.446562e-05,5.701286e-05,0.0001008016,0.0003204445,0.000969456,0.002001483,0.003068267,0.004095028,0.005051666,0.00589977,0.006653032,0.007267992,0.00774393,0.008044568,0.008170472,0.008085782,0.0077953,0.007263434,0.006517787,0.005513588,0.00429053,0.002879246,0.001394556,0.0004270021,8.462124e-05,1.407274e-05,4.704962e-06,1.051102e-07,NaN,NaN,NaN,NaN,NaN,NaN,NaN,NaN,NaN,NaN,NaN,NaN,NaN,NaN,NaN,NaN,NaN,NaN,NaN,NaN,NaN,NaN,NaN,NaN,NaN,NaN,NaN,NaN,NaN,NaN,NaN,NaN,NaN,NaN,NaN,NaN,NaN,NaN,NaN,NaN,NaN,NaN,NaN,NaN,NaN,NaN,NaN,NaN,NaN,NaN,NaN,NaN,NaN,NaN,NaN,NaN,NaN,NaN,NaN,NaN,NaN,NaN,NaN,NaN,NaN,NaN,NaN,NaN,NaN,NaN,NaN,NaN
NaN,NaN,NaN,NaN,NaN,NaN,NaN,NaN,NaN,NaN,NaN,NaN,NaN,NaN,NaN,NaN,4.949156e-05,4.977628e-05,5.457715e-05,6.971574e-05,0.0001876995,0.0005426754,0.001278,0.002203783,0.003091109,0.003898355,0.004591398,0.005141615,0.005540384,0.005769258,0.005815208,0.00565912,0.005292791,0.004691546,0.00387019,0.002848895,0.001691332,0.0007213728,0.0002137184,3.896631e-05,1.507005e-05,2.198658e-06,-2.762695e-06,NaN,NaN,NaN,NaN,NaN,NaN,NaN,NaN,NaN,NaN,NaN,NaN,NaN,NaN,NaN,NaN,NaN,NaN,NaN,NaN,NaN,NaN,NaN,NaN,NaN,NaN,NaN,NaN,NaN,NaN,NaN,NaN,NaN,NaN,NaN,NaN,NaN,NaN,NaN,NaN,NaN,NaN,NaN,NaN,NaN,NaN,NaN,NaN,NaN,NaN,NaN,NaN,NaN,NaN,NaN,NaN,NaN,NaN,NaN,NaN,NaN,NaN,NaN,NaN,NaN,NaN,NaN,NaN,NaN,NaN,NaN,NaN,NaN
NaN,NaN,NaN,NaN,NaN,NaN,NaN,NaN,NaN,NaN,NaN,NaN,NaN,NaN,NaN,NaN,NaN,5.097551e-05,4.971099e-05,5.142056e-05,6.248483e-05,0.0001122224,0.000294736,0.0006891885,0.00130304,0.001993896,0.002609377,0.003096407,0.003434509,0.003603194,0.003585949,0.003370782,0.002956386,0.002343868,0.001571682,0.0008365471,0.0003452084,0.0001050194,3.307661e-05,1.249724e-05,4.95766e-06,3.450442e-06,NaN,NaN,NaN,NaN,NaN,NaN,NaN,NaN,NaN,NaN,NaN,NaN,NaN,NaN,NaN,NaN,NaN,NaN,NaN,NaN,NaN,NaN,NaN,NaN,NaN,NaN,NaN,NaN,NaN,NaN,NaN,NaN,NaN,NaN,NaN,NaN,NaN,NaN,NaN,NaN,NaN,NaN,NaN,NaN,NaN,NaN,NaN,NaN,NaN,NaN,NaN,NaN,NaN,NaN,NaN,NaN,NaN,NaN,NaN,NaN,NaN,NaN,NaN,NaN,NaN,NaN,NaN,NaN,NaN,NaN,NaN,NaN,NaN,NaN
NaN,NaN,NaN,NaN,NaN,NaN,NaN,NaN,NaN,NaN,NaN,NaN,NaN,NaN,NaN,NaN,NaN,NaN,4.858302e-05,4.521499e-05,4.606655e-05,5.373811e-05,7.66249e-05,0.0001548407,0.0003332724,0.0006253943,0.00097942,0.001318302,0.001565807,0.001676406,0.00162511,0.00141638,0.001083639,0.0007144388,0.000373639,0.0001569591,5.863165e-05,2.387548e-05,1.028289e-05,3.505707e-06,5.144024e-06,NaN,NaN,NaN,NaN,NaN,NaN,NaN,NaN,NaN,NaN,NaN,NaN,NaN,NaN,NaN,NaN,NaN,NaN,NaN,NaN,NaN,NaN,NaN,NaN,NaN,NaN,NaN,NaN,NaN,NaN,NaN,NaN,NaN,NaN,NaN,NaN,NaN,NaN,NaN,NaN,NaN,NaN,NaN,NaN,NaN,NaN,NaN,NaN,NaN,NaN,NaN,NaN,NaN,NaN,NaN,NaN,NaN,NaN,NaN,NaN,NaN,NaN,NaN,NaN,NaN,NaN,NaN,NaN,NaN,NaN,NaN,NaN,NaN,NaN,NaN
NaN,NaN,NaN,NaN,NaN,NaN,NaN,NaN,NaN,NaN,NaN,NaN,NaN,NaN,NaN,NaN,NaN,NaN,NaN,4.724936e-05,4.6369e-05,4.414572e-05,4.860772e-05,6.159185e-05,9.345744e-05,0.0001597423,0.000263203,0.0003817166,0.0004798264,0.0005217291,0.0004917264,0.0003996718,0.00027645,0.0001637655,8.369327e-05,4.188499e-05,2.180963e-05,1.058438e-05,9.830582e-06,6.693321e-06,NaN,NaN,NaN,NaN,NaN,NaN,NaN,NaN,NaN,NaN,NaN,NaN,NaN,NaN,NaN,NaN,NaN,NaN,NaN,NaN,NaN,NaN,NaN,NaN,NaN,NaN,NaN,NaN,NaN,NaN,NaN,NaN,NaN,NaN,NaN,NaN,NaN,NaN,NaN,NaN,NaN,NaN,NaN,NaN,NaN,NaN,NaN,NaN,NaN,NaN,NaN,NaN,NaN,NaN,NaN,NaN,NaN,NaN,NaN,NaN,NaN,NaN,NaN,NaN,NaN,NaN,NaN,NaN,NaN,NaN,NaN,NaN,NaN,NaN,NaN,NaN
NaN,NaN,NaN,NaN,NaN,NaN,NaN,NaN,NaN,NaN,NaN,NaN,NaN,NaN,NaN,NaN,NaN,NaN,NaN,NaN,4.296645e-05,4.229812e-05,4.040163e-05,4.138094e-05,4.794558e-05,6.251481e-05,8.478112e-05,0.0001132178,0.0001374323,0.0001476732,0.0001369055,0.0001107604,7.853198e-05,5.002548e-05,2.996713e-05,1.745007e-05,1.214268e-05,9.18236e-06,6.512875e-06,NaN,NaN,NaN,NaN,NaN,NaN,NaN,NaN,NaN,NaN,NaN,NaN,NaN,NaN,NaN,NaN,NaN,NaN,NaN,NaN,NaN,NaN,NaN,NaN,NaN,NaN,NaN,NaN,NaN,NaN,NaN,NaN,NaN,NaN,NaN,NaN,NaN,NaN,NaN,NaN,NaN,NaN,NaN,NaN,NaN,NaN,NaN,NaN,NaN,NaN,NaN,NaN,NaN,NaN,NaN,NaN,NaN,NaN,NaN,NaN,NaN,NaN,NaN,NaN,NaN,NaN,NaN,NaN,NaN,NaN,NaN,NaN,NaN,NaN,NaN,NaN,NaN
NaN,NaN,NaN,NaN,NaN,NaN,NaN,NaN,NaN,NaN,NaN,NaN,NaN,NaN,NaN,NaN,NaN,NaN,NaN,NaN,4.326094e-05,4.049499e-05,3.936805e-05,3.847873e-05,3.857879e-05,4.030108e-05,4.569701e-05,5.278848e-05,5.879026e-05,6.024421e-05,5.588706e-05,4.637278e-05,3.560547e-05,2.508089e-05,1.951154e-05,1.523997e-05,1.196272e-05,8.429168e-06,8.295149e-06,NaN,NaN,NaN,NaN,NaN,NaN,NaN,NaN,NaN,NaN,NaN,NaN,NaN,NaN,NaN,NaN,NaN,NaN,NaN,NaN,NaN,NaN,NaN,NaN,NaN,NaN,NaN,NaN,NaN,NaN,NaN,NaN,NaN,NaN,NaN,NaN,NaN,NaN,NaN,NaN,NaN,NaN,NaN,NaN,NaN,NaN,NaN,NaN,NaN,NaN,NaN,NaN,NaN,NaN,NaN,NaN,NaN,NaN,NaN,NaN,NaN,NaN,NaN,NaN,NaN,NaN,NaN,NaN,NaN,NaN,NaN,NaN,NaN,NaN,NaN,NaN,NaN
NaN,NaN,NaN,NaN,NaN,NaN,NaN,NaN,NaN,NaN,NaN,NaN,NaN,NaN,NaN,NaN,NaN,NaN,NaN,NaN,NaN,3.568636e-05,3.35308e-05,3.197721e-05,3.104398e-05,3.113028e-05,3.150124e-05,3.296503e-05,3.340277e-05,3.304674e-05,3.022357e-05,2.630298e-05,2.169384e-05,1.686929e-05,1.368156e-05,1.078296e-05,8.977678e-06,7.25671e-06,NaN,NaN,NaN,NaN,NaN,NaN,NaN,NaN,NaN,NaN,NaN,NaN,NaN,NaN,NaN,NaN,NaN,NaN,NaN,NaN,NaN,NaN,NaN,NaN,NaN,NaN,NaN,NaN,NaN,NaN,NaN,NaN,NaN,NaN,NaN,NaN,NaN,NaN,NaN,NaN,NaN,NaN,NaN,NaN,NaN,NaN,NaN,NaN,NaN,NaN,NaN,NaN,NaN,NaN,NaN,NaN,NaN,NaN,NaN,NaN,NaN,NaN,NaN,NaN,NaN,NaN,NaN,NaN,NaN,NaN,NaN,NaN,NaN,NaN,NaN,NaN,NaN,NaN
NaN,NaN,NaN,NaN,NaN,NaN,NaN,NaN,NaN,NaN,NaN,NaN,NaN,NaN,NaN,NaN,NaN,NaN,NaN,NaN,NaN,NaN,2.659938e-05,2.541027e-05,2.438027e-05,2.318507e-05,2.291102e-05,2.285981e-05,2.265556e-05,2.172204e-05,2.009975e-05,1.755756e-05,1.511863e-05,1.207997e-05,1.094303e-05,9.325131e-06,7.773761e-06,NaN,NaN,NaN,NaN,NaN,NaN,NaN,NaN,NaN,NaN,NaN,NaN,NaN,NaN,NaN,NaN,NaN,NaN,NaN,NaN,NaN,NaN,NaN,NaN,NaN,NaN,NaN,NaN,NaN,NaN,NaN,NaN,NaN,NaN,NaN,NaN,NaN,NaN,NaN,NaN,NaN,NaN,NaN,NaN,NaN,NaN,NaN,NaN,NaN,NaN,NaN,NaN,NaN,NaN,NaN,NaN,NaN,NaN,NaN,NaN,NaN,NaN,NaN,NaN,NaN,NaN,NaN,NaN,NaN,NaN,NaN,NaN,NaN,NaN,NaN,NaN,NaN,NaN,NaN
NaN,NaN,NaN,NaN,NaN,NaN,NaN,NaN,NaN,NaN,NaN,NaN,NaN,NaN,NaN,NaN,NaN,NaN,NaN,NaN,NaN,NaN,1.460502e-05,1.384856e-05,1.316646e-05,1.276851e-05,1.222612e-05,1.204428e-05,1.146034e-05,1.098098e-05,9.965532e-06,8.953913e-06,7.756683e-06,6.379368e-06,5.476287e-06,4.517123e-06,3.815087e-06,NaN,NaN,NaN,NaN,NaN,NaN,NaN,NaN,NaN,NaN,NaN,NaN,NaN,NaN,NaN,NaN,NaN,NaN,NaN,NaN,NaN,NaN,NaN,NaN,NaN,NaN,NaN,NaN,NaN,NaN,NaN,NaN,NaN,NaN,NaN,NaN,NaN,NaN,NaN,NaN,NaN,NaN,NaN,NaN,NaN,NaN,NaN,NaN,NaN,NaN,NaN,NaN,NaN,NaN,NaN,NaN,NaN,NaN,NaN,NaN,NaN,NaN,NaN,NaN,NaN,NaN,NaN,NaN,NaN,NaN,NaN,NaN,NaN,NaN,NaN,NaN,NaN,NaN,NaN
NaN,NaN,NaN,NaN,NaN,NaN,NaN,NaN,NaN,NaN,NaN,NaN,NaN,NaN,NaN,NaN,NaN,NaN,NaN,NaN,NaN,NaN,4.563864e-06,4.354094e-06,4.173066e-06,3.871509e-06,3.77791e-06,3.658349e-06,3.57817e-06,3.360336e-06,3.137177e-06,2.749049e-06,2.444226e-06,1.986961e-06,1.898459e-06,1.655665e-06,1.392307e-06,NaN,NaN,NaN,NaN,NaN,NaN,NaN,NaN,NaN,NaN,NaN,NaN,NaN,NaN,NaN,NaN,NaN,NaN,NaN,NaN,NaN,NaN,NaN,NaN,NaN,NaN,NaN,NaN,NaN,NaN,NaN,NaN,NaN,NaN,NaN,NaN,NaN,NaN,NaN,NaN,NaN,NaN,NaN,NaN,NaN,NaN,NaN,NaN,NaN,NaN,NaN,NaN,NaN,NaN,NaN,NaN,NaN,NaN,NaN,NaN,NaN,NaN,NaN,NaN,NaN,NaN,NaN,NaN,NaN,NaN,NaN,NaN,NaN,NaN,NaN,NaN,NaN,NaN,NaN
NaN,NaN,NaN,NaN,NaN,NaN,NaN,NaN,NaN,NaN,NaN,NaN,NaN,NaN,NaN,NaN,NaN,NaN,NaN,NaN,NaN,NaN,4.741095e-11,5.527498e-11,1.501912e-10,-1.526637e-10,1.112478e-10,3.309788e-10,-4.525698e-11,-1.546736e-10,-3.54492e-11,-1.751582e-11,-5.239063e-11,-2.374113e-10,5.310973e-11,-4.332661e-11,-9.599897e-11,NaN,NaN,NaN,NaN,NaN,NaN,NaN,NaN,NaN,NaN,NaN,NaN,NaN,NaN,NaN,NaN,NaN,NaN,NaN,NaN,NaN,NaN,NaN,NaN,NaN,NaN,NaN,NaN,NaN,NaN,NaN,NaN,NaN,NaN,NaN,NaN,NaN,NaN,NaN,NaN,NaN,NaN,NaN,NaN,NaN,NaN,NaN,NaN,NaN,NaN,NaN,NaN,NaN,NaN,NaN,NaN,NaN,NaN,NaN,NaN,NaN,NaN,NaN,NaN,NaN,NaN,NaN,NaN,NaN,NaN,NaN,NaN,NaN,NaN,NaN,NaN,NaN,NaN,NaN
