-8.69627714858855e-18,-7.26040098393954e-18,-8.92806728781728e-18,-2.9270718980831e-18,9.74637461042276e-19,-1.93007921484806e-17,7.63034458195403e-18,-4.06388024517136e-18,-4.47140483477691e-18,3.80076861524113e-18,-7.71169492519974e-18,-7.34154929497279e-18,-1.92707246575751e-18,2.49677464451545e-18,-1.14225721517264e-17,-1.83646004961266e-17,-1.3752084723248e-18,-2.94474048661749e-17,6.48943722163611e-18,-8.43533190329577e-18,-2.38000242004785e-18,-6.03100107159932e-18,1.12271590650714e-17,6.45551423013088e-18,7.28153079958734e-18,3.09869772198861e-18,5.54512079782375e-18,-3.64162794829231e-18,1.35940190157508e-17,-1.02278519676154e-17,5.42343875245121e-19,-2.90123772383145e-18,-8.87887780770037e-18,7.18117828864575e-18,1.9759711989616e-18,2.74956508333834e-18,1.54563723315084e-18,-8.17752027356421e-18,5.16930122760627e-18,-3.35377638261999e-18,5.88825246547891e-19,1.32615004005242e-17,5.46548684282436e-18,6.39771619391629e-18,4.24218058760326e-18,-6.73565470516237e-19,1.00877086787444e-17,-3.53099441735595e-18,2.0874446861974e-17,-2.25875784402528e-18,-4.06107938823446e-18,5.17818796624364e-19,-8.71507127664276e-18,4.13018159013052e-18,-4.08501639435468e-18,-2.08763349787838e-17,-1.42423776884315e-17,1.40908226728321e-17,-1.10658280734046e-17,-2.19482115346254e-17,-1.71971342827324e-18,2.07396412913531e-17,8.87147709597873e-18,7.5490833909753e-18,2.54359819357388e-18,-1.03011506060216e-17,2.09836218502585e-18,-5.93985298467942e-18,-3.13855261842346e-17,-2.51920540248589e-17,3.45164645756996e-18,5.57541775426497e-19,-2.4459349394189e-18,2.88093766401566e-18,1.12154855072108e-17,1.00996291020566e-17,1.85416706384309e-18,-1.10017725655147e-17,6.67947691715901e-18,-1.12946527595804e-17,2.11390993083736e-17,-4.83532430524929e-18,4.9913087237629e-19,-1.3360601837026e-18,-5.27597820562796e-18,-8.1354744365409e-18,1.35297173694248e-17,7.10254665495467e-18,-2.81898427155276e-17,3.24198239806765e-18,5.68402361488207e-18,-7.52823802851632e-18,-1.24711233200605e-17,-1.90350650059879e-17,1.28398977858209e-18,-4.61010816732815e-19,6.88765463445466e-18,-1.56734288466218e-17,-1.00970486518505e-17,1.19151654306981e-17,8.91277559917437e-19,1.12918357839126e-18,-1.86270534109516e-17,-1.22387647678853e-17,-6.35344260433995e-18,-2.4792707159139e-17,-1.06352838031995e-18,-2.65492144540144e-18,6.54179701843647e-18,7.24037429391093e-18,2.08944472134519e-18,1.31709507592906e-17,2.88966992854533e-18,-1.41452449412456e-18,1.50119453896556e-18,-3.54676894636628e-18,7.41187501917553e-18,6.05343784233837e-18,1.93726612706114e-18,7.85304643481806e-18
-2.0783023079794e-06,-1.89976862479671e-06,-1.7160278078675e-06,-1.52758347798227e-06,-1.33495214798124e-06,-1.13866180693214e-06,-9.39250473014194e-07,-7.37264718831461e-07,-5.33258173311571e-07,-3.27790004196834e-07,-1.21423385463746e-07,8.52760463282786e-08,2.9174174239289e-07,4.97407794631354e-07,7.01710486674233e-07,9.04089839049947e-07,1.10399114402567e-06,1.30086648600097e-06,1.4941762433693e-06,1.68339056750874e-06,1.86799083511781e-06,2.04747106969002e-06,2.22133932837523e-06,2.38911905036084e-06,2.55035036311234e-06,2.70459134277458e-06,2.85141922556542e-06,2.9904315664589e-06,3.12124734229033e-06,3.2435079961093e-06,3.35687841996523e-06,3.46104787340719e-06,3.55573083520602e-06,3.64066778593959e-06,3.71562591932926e-06,3.78039978034412e-06,3.83481182833903e-06,3.87871292365962e-06,3.91198273646682e-06,3.93453007650553e-06,3.94629314309856e-06,3.94723969448188e-06,3.93736713623803e-06,3.91670252835539e-06,3.88530251108865e-06,3.84325314970845e-06,3.79066969857729e-06,3.72769628529676e-06,3.65450551559883e-06,3.57129800031093e-06,3.47830180544003e-06,3.37577182708718e-06,3.26398909281073e-06,3.14325999131062e-06,3.01391543265729e-06,2.87630994129469e-06,2.73082068431166e-06,2.57784643765908e-06,2.41780649309611e-06,2.25113950900077e-06,2.07830230797973e-06,1.89976862479367e-06,1.71602780786802e-06,1.52758347799655e-06,1.3349521479793e-06,1.13866180693468e-06,9.3925047301018e-07,7.37264718838526e-07,5.33258173311673e-07,3.27790004197896e-07,1.21423385469867e-07,-8.52760463245652e-08,-2.91741742385505e-07,-4.97407794630502e-07,-7.01710486676595e-07,-9.04089839048711e-07,-1.10399114402348e-06,-1.30086648600365e-06,-1.49417624336963e-06,-1.68339056751143e-06,-1.86799083512621e-06,-2.04747106969598e-06,-2.22133932837718e-06,-2.38911905036949e-06,-2.55035036310838e-06,-2.7045913427769e-06,-2.85141922556676e-06,-2.99043156646706e-06,-3.12124734228612e-06,-3.24350799611199e-06,-3.35687841997487e-06,-3.46104787341745e-06,-3.5557308352081e-06,-3.64066778594046e-06,-3.71562591932669e-06,-3.78039978034824e-06,-3.83481182833939e-06,-3.87871292366124e-06,-3.91198273646815e-06,-3.93453007650844e-06,-3.94629314309428e-06,-3.94723969448121e-06,-3.93736713624053e-06,-3.91670252836332e-06,-3.88530251109392e-06,-3.84325314970461e-06,-3.79066969857821e-06,-3.72769628529512e-06,-3.65450551560069e-06,-3.57129800029949e-06,-3.47830180543533e-06,-3.37577182708994e-06,-3.26398909281819e-06,-3.14325999131287e-06,-3.01391543265533e-06,-2.87630994128968e-06,-2.73082068431471e-06,-2.5778464376556e-06,-2.4178064930938e-06,-2.25113950899782e-06
-8.46472336091526e-06,-7.75894338453461e-06,-7.03189668365827e-06,-6.2855760427511e-06,-5.52202707481519e-06,-4.74334261449926e-06,-3.95165698178353e-06,-3.14914013195738e-06,-2.33799170792723e-06,-1.52043501113083e-06,-6.98710907654173e-07,1.24928313850224e-07,9.48225115528974e-07,1.76892289807825e-06,2.58477218592972e-06,3.39353679287006e-06,4.19299995135344e-06,4.98097038841011e-06,5.75528833186548e-06,6.51383143005213e-06,7.2545205690525e-06,7.9753255714261e-06,8.67427076077238e-06,9.34944037690438e-06,9.99898382683127e-06,1.06211207571129e-05,1.12141459336579e-05,1.17764339156935e-05,1.23064435109308e-05,1.28027219999187e-05,1.32639091178099e-05,1.36887407827713e-05,1.40760525607334e-05,1.44247828570505e-05,1.47339758262035e-05,1.50027839917695e-05,1.52304705692407e-05,1.54164114855446e-05,1.55600970895402e-05,1.56611335489846e-05,1.57192439299625e-05,1.57342689559699e-05,1.57061674444319e-05,1.5635016419654e-05,1.55210109016549e-05,1.53644633716159e-05,1.5165802915445e-05,1.49255740476538e-05,1.46444352188559e-05,1.43231570110478e-05,1.39626200254631e-05,1.35638124689129e-05,1.31278274452055e-05,1.26558599589661e-05,1.21492036402796e-05,1.16092471988985e-05,1.10374706178905e-05,1.04354410971268e-05,9.80480875767043e-06,9.147302118934e-06,8.46472336091786e-06,7.7589433845324e-06,7.03189668365863e-06,6.28557604274992e-06,5.52202707481696e-06,4.74334261450451e-06,3.95165698178699e-06,3.14914013195616e-06,2.33799170792108e-06,1.52043501112375e-06,6.98710907654243e-07,-1.24928313855962e-07,-9.48225115533561e-07,-1.76892289808247e-06,-2.58477218592859e-06,-3.39353679287514e-06,-4.19299995135349e-06,-4.98097038841965e-06,-5.75528833187314e-06,-6.51383143005609e-06,-7.25452056905875e-06,-7.97532557143304e-06,-8.67427076077363e-06,-9.34944037690496e-06,-9.99898382683854e-06,-1.06211207571168e-05,-1.12141459336612e-05,-1.1776433915693e-05,-1.23064435109296e-05,-1.28027219999122e-05,-1.32639091178075e-05,-1.36887407827677e-05,-1.40760525607332e-05,-1.44247828570507e-05,-1.47339758262058e-05,-1.50027839917664e-05,-1.52304705692429e-05,-1.54164114855402e-05,-1.55600970895371e-05,-1.56611335489836e-05,-1.57192439299621e-05,-1.57342689559671e-05,-1.57061674444293e-05,-1.56350164196558e-05,-1.55210109016478e-05,-1.53644633716099e-05,-1.5165802915446e-05,-1.49255740476517e-05,-1.46444352188572e-05,-1.43231570110445e-05,-1.39626200254575e-05,-1.3563812468919e-05,-1.31278274451996e-05,-1.26558599589568e-05,-1.21492036402737e-05,-1.16092471988881e-05,-1.10374706178851e-05,-1.04354410971243e-05,-9.80480875767117e-06,-9.14730211892968e-06
-1.96221173968543e-05,-1.80659925917401e-05,-1.64603501566783e-05,-1.48095910459733e-05,-1.31182398756217e-05,-1.13909325216045e-05,-9.63240341332211e-06,-7.84747255682427e-06,-6.04103232351678e-06,-4.21803404052346e-06,-2.38347441941212e-06,-5.42381860596397e-07,1.30019732921157e-06,3.13921276851202e-06,4.96962384381e-06,6.78641352558626e-06,8.58460211961921e-06,1.03592609159314e-05,1.21055256981621e-05,1.38186100758778e-05,1.5493818603899e-05,1.71265596520901e-05,1.87123579907225e-05,2.02468670568057e-05,2.17258808675937e-05,2.31453455491102e-05,2.45013704472744e-05,2.579023879209e-05,2.70084178850588e-05,2.81525687819263e-05,2.92195554446322e-05,3.02064533368772e-05,3.11105574401608e-05,3.19293896679664e-05,3.26607056580757e-05,3.33025009242002e-05,3.38530163501112e-05,3.43107430113072e-05,3.46744263108201e-05,3.49430694179938e-05,3.51159360007643e-05,3.51925522438381e-05,3.51727081474138e-05,3.50564581027726e-05,3.48441207432379e-05,3.45362780707098e-05,3.41337738605895e-05,3.36377113489231e-05,3.30494502085717e-05,3.23706028224569e-05,3.16030298640431e-05,3.07488351974732e-05,2.98103601109527e-05,2.87901768994557e-05,2.76910818142667e-05,2.65160873986095e-05,2.52684142304984e-05,2.39514820953637e-05,2.25689006126582e-05,2.1124459342115e-05,1.96221173968602e-05,1.80659925917391e-05,1.64603501566757e-05,1.48095910459775e-05,1.31182398756247e-05,1.13909325216072e-05,9.63240341332145e-06,7.84747255682521e-06,6.04103232351643e-06,4.21803404052063e-06,2.38347441941134e-06,5.42381860586336e-07,-1.30019732921463e-06,-3.13921276851558e-06,-4.96962384381293e-06,-6.78641352559884e-06,-8.58460211961727e-06,-1.03592609159492e-05,-1.21055256981552e-05,-1.38186100758843e-05,-1.54938186039174e-05,-1.71265596521094e-05,-1.87123579907497e-05,-2.02468670568037e-05,-2.17258808676144e-05,-2.31453455491151e-05,-2.4501370447265e-05,-2.57902387921031e-05,-2.70084178850627e-05,-2.81525687819259e-05,-2.92195554446321e-05,-3.02064533368811e-05,-3.11105574401573e-05,-3.19293896679642e-05,-3.26607056580796e-05,-3.33025009241983e-05,-3.38530163501138e-05,-3.43107430113086e-05,-3.46744263108147e-05,-3.49430694179991e-05,-3.51159360007625e-05,-3.51925522438344e-05,-3.51727081474114e-05,-3.50564581027771e-05,-3.48441207432331e-05,-3.45362780707145e-05,-3.41337738605922e-05,-3.36377113489099e-05,-3.30494502085716e-05,-3.23706028224442e-05,-3.16030298640295e-05,-3.07488351974682e-05,-2.9810360110945e-05,-2.87901768994568e-05,-2.76910818142618e-05,-2.65160873986056e-05,-2.52684142304963e-05,-2.39514820953636e-05,-2.25689006126463e-05,-2.11244593421167e-05
-3.62733768502881e-05,-3.35844148821778e-05,-3.08034003673115e-05,-2.79379558731553e-05,-2.49959353838926e-05,-2.19854027731858e-05,-1.89146097016648e-05,-1.57919729996935e-05,-1.26260515974148e-05,-9.42552306533801e-06,-6.19915982968064e-06,-2.95580512785142e-06,2.95651230395471e-07,3.54629722915466e-06,6.78722307371528e-06,1.00095456116095e-05,1.32044326807368e-05,1.6363127317709e-05,1.94769717600916e-05,2.25374311767186e-05,2.55361170610239e-05,2.84648102234867e-05,3.13154833196763e-05,3.40803228527897e-05,3.67517505898778e-05,3.93224443331864e-05,4.17853579898231e-05,4.41337408846882e-05,4.63611562634756e-05,4.84614989354919e-05,5.04290120074296e-05,5.22583026627372e-05,5.394435694287e-05,5.54825534902481e-05,5.68686762150505e-05,5.80989258512567e-05,5.91699303700977e-05,6.00787542226514e-05,6.0822906385904e-05,6.14003471905008e-05,6.18094939113332e-05,6.2049225105679e-05,6.21188836869961e-05,6.20182787259681e-05,6.1747685973777e-05,6.13078471063653e-05,6.06999676915034e-05,5.99257138843977e-05,5.89872078608966e-05,5.78870220008365e-05,5.66281718371345e-05,5.52141077905958e-05,5.36487057124711e-05,5.19362562610909e-05,5.00814531413369e-05,4.80893802396287e-05,4.59654976893525e-05,4.37156269049484e-05,4.13459346258032e-05,3.88629160137882e-05,3.6273376850291e-05,3.35844148821869e-05,3.08034003673253e-05,2.79379558731617e-05,2.49959353838943e-05,2.19854027731862e-05,1.89146097016686e-05,1.57919729996931e-05,1.26260515974121e-05,9.42552306533357e-06,6.19915982968134e-06,2.9558051278438e-06,-2.95651230401939e-07,-3.54629722916707e-06,-6.78722307372649e-06,-1.00095456116008e-05,-1.32044326807566e-05,-1.63631273177246e-05,-1.94769717600999e-05,-2.25374311767287e-05,-2.55361170610334e-05,-2.8464810223497e-05,-3.13154833196769e-05,-3.40803228528154e-05,-3.67517505898953e-05,-3.93224443331811e-05,-4.17853579898325e-05,-4.41337408846907e-05,-4.63611562634913e-05,-4.84614989354945e-05,-5.04290120074298e-05,-5.22583026627375e-05,-5.39443569428637e-05,-5.54825534902454e-05,-5.68686762150538e-05,-5.80989258512578e-05,-5.91699303701e-05,-6.00787542226536e-05,-6.08229063859003e-05,-6.14003471905009e-05,-6.18094939113322e-05,-6.20492251056805e-05,-6.21188836869983e-05,-6.20182787259693e-05,-6.17476859737799e-05,-6.13078471063609e-05,-6.06999676914884e-05,-5.99257138843728e-05,-5.89872078608994e-05,-5.7887022000814e-05,-5.66281718371131e-05,-5.52141077905835e-05,-5.36487057124648e-05,-5.19362562610674e-05,-5.00814531413323e-05,-4.80893802396492e-05,-4.59654976893715e-05,-4.37156269049286e-05,-4.13459346257975e-05,-3.8862916013778e-05
-5.94095304831213e-05,-5.53613989818892e-05,-5.11615257341833e-05,-4.68214223006195e-05,-4.23529846030449e-05,-3.77684603185989e-05,-3.30804153096683e-05,-2.83016991817692e-05,-2.3445410063639e-05,-1.85248587062001e-05,-1.35535319986967e-05,-8.54505600204912e-06,-3.51315860089491e-06,1.52836812379742e-06,6.5657056977103e-06,1.15850471286725e-05,1.6572634750742e-05,2.15147979328687e-05,2.63979905493553e-05,3.12088281086339e-05,3.59341244393761e-05,4.05609278328297e-05,4.50765565423938e-05,4.94686335437276e-05,5.37251204590131e-05,5.78343505534992e-05,6.17850607131831e-05,6.55664223160776e-05,6.91680709128545e-05,7.25801346350763e-05,7.57932612532383e-05,7.87986438106322e-05,8.15880447625651e-05,8.41538185549188e-05,8.64889325800679e-05,8.85869864528111e-05,9.04422295532804e-05,9.20495767891043e-05,9.34046225332358e-05,9.45036526994761e-05,9.53436549225446e-05,9.59223268147262e-05,9.62380822765816e-05,9.62900558443474e-05,9.60781050620739e-05,9.56028108721638e-05,9.48654760228682e-05,9.38681214978475e-05,9.26134809765201e-05,9.1104993341279e-05,8.9346793251926e-05,8.7343699812705e-05,8.51012033634632e-05,8.26254504311245e-05,7.99232268823856e-05,7.70019393241375e-05,7.38695948025674e-05,7.05347788562264e-05,6.7006631983891e-05,6.32948245908276e-05,5.94095304831372e-05,5.53613989819066e-05,5.11615257341855e-05,4.68214223006258e-05,4.23529846030425e-05,3.77684603185966e-05,3.30804153096693e-05,2.8301699181765e-05,2.34454100636386e-05,1.8524858706196e-05,1.35535319986768e-05,8.54505600205052e-06,3.51315860088941e-06,-1.528368123816e-06,-6.56570569772103e-06,-1.15850471286664e-05,-1.65726347507333e-05,-2.1514797932864e-05,-2.63979905493682e-05,-3.12088281086753e-05,-3.59341244394201e-05,-4.05609278328046e-05,-4.50765565424054e-05,-4.94686335437067e-05,-5.37251204590238e-05,-5.78343505535504e-05,-6.17850607131933e-05,-6.55664223160975e-05,-6.91680709128485e-05,-7.25801346350863e-05,-7.57932612532354e-05,-7.87986438106338e-05,-8.15880447625575e-05,-8.41538185549215e-05,-8.64889325800806e-05,-8.85869864528086e-05,-9.04422295532786e-05,-9.20495767890995e-05,-9.34046225332299e-05,-9.45036526994684e-05,-9.53436549225492e-05,-9.59223268147201e-05,-9.62380822765728e-05,-9.6290055844331e-05,-9.60781050620695e-05,-9.56028108721165e-05,-9.48654760228662e-05,-9.3868121497833e-05,-9.26134809764897e-05,-9.11049933412649e-05,-8.93467932519182e-05,-8.73436998126574e-05,-8.51012033634655e-05,-8.26254504310894e-05,-7.99232268823883e-05,-7.70019393241414e-05,-7.38695948025705e-05,-7.05347788562137e-05,-6.70066319838595e-05,-6.32948245908206e-05
-9.01882577106238e-05,-8.46207853043179e-05,-7.88213732074138e-05,-7.28059172053755e-05,-6.65909052449225e-05,-6.01933722418771e-05,-5.36308533895183e-05,-4.69213360958518e-05,-4.00832106814053e-05,-3.31352199726397e-05,-2.60964079291133e-05,-1.89860674453973e-05,-1.18236874705384e-05,-4.62889959016229e-06,2.57857578226348e-06,9.77898345764666e-06,1.69525876191313e-05,2.40797259163349e-05,3.11408633585369e-05,3.8116645858876e-05,4.49879532823487e-05,5.1735951852938e-05,5.83421457756669e-05,6.47884279320408e-05,7.10571295109171e-05,7.71310684368956e-05,8.29935964656518e-05,8.86286448153127e-05,9.40207682099516e-05,9.91551872143382e-05,0.000104017828742675,0.000108595364632653,0.000112875248176528,0.000116845748511041,0.000120495982770715,0.000123815945917196,0.000126796538162251,0.000129429589909723,0.000131707884147796,0.000133625176230323,0.000135176210992975,0.000136356737157276,0.000137163518983065,0.000137594345137476,0.000137648034755903,0.000137324440678816,0.000136624449855235,0.000135549980911163,0.000134103978891378,0.00013229040718695,0.00013011423667181,0.00012758143207808,0.000124698935647101,0.000121474648101217,0.000117917406988481,0.000114036962459567,0.000109843950543127,0.000105349863993389,0.000100567020789279,9.55085303714688e-05,9.01882577106371e-05,8.4620785304327e-05,7.88213732074316e-05,7.28059172053634e-05,6.65909052449231e-05,6.0193372241882e-05,5.36308533895186e-05,4.6921336095854e-05,4.00832106814051e-05,3.31352199726417e-05,2.60964079291059e-05,1.89860674454126e-05,1.182368747052e-05,4.62889959013495e-06,-2.57857578225762e-06,-9.77898345767583e-06,-1.69525876191705e-05,-2.40797259163719e-05,-3.11408633585549e-05,-3.81166458588759e-05,-4.49879532823917e-05,-5.17359518529875e-05,-5.8342145775682e-05,-6.47884279321477e-05,-7.10571295109652e-05,-7.71310684369629e-05,-8.29935964657104e-05,-8.86286448153128e-05,-9.40207682099711e-05,-9.9155187214311e-05,-0.000104017828742698,-0.000108595364632656,-0.000112875248176565,-0.000116845748511053,-0.00012049598277073,-0.000123815945917199,-0.00012679653816226,-0.000129429589909721,-0.000131707884147796,-0.00013362517623032,-0.000135176210992984,-0.000136356737157271,-0.000137163518983067,-0.000137594345137438,-0.000137648034755857,-0.000137324440678823,-0.000136624449855177,-0.000135549980911165,-0.000134103978891393,-0.000132290407186958,-0.000130114236671797,-0.000127581432078101,-0.000124698935647076,-0.000121474648101169,-0.00011791740698844,-0.000114036962459529,-0.000109843950543129,-0.000105349863993368,-0.000100567020789237,-9.55085303714425e-05
-0.000129970628967004,-0.000122800038026413,-0.000115292860717274,-0.000107469673690862,-9.93519197589467e-05,-9.09618491208432e-05,-8.23224583770019e-05,-7.34574274969002e-05,-6.43910549140137e-05,-5.5148190925359e-05,-4.57541695787016e-05,-3.62347392335175e-05,-2.66159919867836e-05,-1.69242921560245e-05,-7.18620401689128e-06,2.57158100795315e-06,1.23223175079775e-05,2.20392793922299e-05,3.16958331436521e-05,4.12655108195087e-05,5.0722082598632e-05,6.00396286749356e-05,6.91926103023189e-05,7.81559397944408e-05,8.6905049288075e-05,9.54159580823816e-05,0.000103665338367899,0.000111630579166543,0.000119289848307069,0.000126622152265119,0.000133607393705195,0.000140226426566088,0.000146461108538776,0.000152294350793332,0.000157710164818216,0.000162693706243659,0.000167231315528973,0.000171310555402521,0.00017492024495136,0.000178050490267346,0.000180692711565651,0.000182839666701339,0.000184485471019674,0.000185625613485326,0.000186256969047102,0.000186377807203294,0.000185987796744914,0.000185088006663485,0.00018368090322109,0.000181770343190479,0.000179361563283874,0.000176461165799597,0.000173077100525559,0.000169218642949377,0.000164896368835174,0.000160122125235719,0.000154908998020962,0.000149271276010248,0.000143224411807695,0.000136784979447794,0.000129970628967011,0.000122800038026397,0.000115292860717296,0.00010746967369084,9.93519197589444e-05,9.09618491208529e-05,8.2322458376994e-05,7.34574274968943e-05,6.43910549140046e-05,5.51481909253515e-05,4.57541695786736e-05,3.62347392335165e-05,2.66159919867635e-05,1.69242921560148e-05,7.18620401685995e-06,-2.57158100798212e-06,-1.23223175080301e-05,-2.20392793922766e-05,-3.16958331437064e-05,-4.12655108195601e-05,-5.07220825986657e-05,-6.00396286749588e-05,-6.91926103024051e-05,-7.81559397944971e-05,-8.69050492881822e-05,-9.54159580824188e-05,-0.00010366533836789,-0.000111630579166534,-0.000119289848307098,-0.000126622152265146,-0.000133607393705227,-0.000140226426566093,-0.000146461108538786,-0.000152294350793363,-0.000157710164818234,-0.000162693706243666,-0.000167231315528963,-0.000171310555402513,-0.000174920244951355,-0.000178050490267357,-0.00018069271156564,-0.000182839666701351,-0.00018448547101966,-0.00018562561348533,-0.000186256969047085,-0.000186377807203251,-0.000185987796744829,-0.000185088006663433,-0.00018368090322107,-0.000181770343190508,-0.000179361563283866,-0.000176461165799549,-0.000173077100525496,-0.000169218642949312,-0.000164896368835115,-0.000160122125235689,-0.000154908998020984,-0.000149271276010229,-0.000143224411807688,-0.000136784979447745
-0.000180198345938474,-0.000171417923539602,-0.000162167656527298,-0.000152472899240652,-0.000142360224335423,-0.000131857349950594,-0.000120993063734873,-0.000109797143941574,-9.83002778086518e-05,-8.65339774470075e-05,-7.45304934680981e-05,-6.2322726587152e-05,-4.99441374446066e-05,-3.74286548929076e-05,-2.48105829997816e-05,-1.21245070232333e-05,5.94801384365858e-07,1.33124794826475e-05,2.59936690000459e-05,3.86036116774653e-05,5.11077445386005e-05,6.34717946243518e-05,7.56618729330673e-05,8.76445673071487e-05,9.9387034014355e-05,0.000110857087769665,0.000122023289952978,0.000132855034780259,0.000143322633191829,0.000153397394228081,0.000163051703669236,0.00017225909972425,0.000180994345560497,0.00018923349847632,0.00019695397552627,0.000204134615419419,0.000210755736520939,0.00021679919079809,0.000222248413562796,0.000227088468874204,0.000231306090477186,0.000234889718164045,0.000237829529460398,0.000240117466547798,0.00024174725834982,0.000242714437720273,0.000243016353687882,0.000242652178721889,0.000241622911000492,0.000239931371675087,0.000237582197137404,0.000234581826311422,0.000230938483005122,0.000226662153369193,0.00022176455852608,0.000216259122442654,0.000210160935136635,0.000203486711315467,0.000196254744562791,0.000188484857196733,0.000180198345938511,0.000171417923539581,0.000162167656527331,0.000152472899240637,0.000142360224335421,0.000131857349950602,0.000120993063734876,0.000109797143941571,9.83002778086491e-05,8.65339774470146e-05,7.45304934680946e-05,6.23227265871321e-05,4.99441374445932e-05,3.74286548928571e-05,2.48105829997744e-05,1.21245070231463e-05,-5.94801384363762e-07,-1.33124794826406e-05,-2.59936690000473e-05,-3.86036116775055e-05,-5.110774453866e-05,-6.34717946244799e-05,-7.56618729330913e-05,-8.76445673071757e-05,-9.93870340143892e-05,-0.000110857087769729,-0.000122023289952995,-0.000132855034780293,-0.000143322633191862,-0.000153397394228075,-0.000163051703669241,-0.000172259099724289,-0.00018099434556054,-0.00018923349847633,-0.000196953975526291,-0.000204134615419438,-0.000210755736520956,-0.000216799190798087,-0.000222248413562788,-0.000227088468874208,-0.000231306090477189,-0.000234889718164032,-0.000237829529460399,-0.000240117466547824,-0.000241747258349791,-0.000242714437720261,-0.000243016353687861,-0.000242652178721798,-0.000241622911000438,-0.000239931371675074,-0.000237582197137346,-0.000234581826311352,-0.000230938483005016,-0.000226662153369127,-0.000221764558526027,-0.000216259122442585,-0.000210160935136538,-0.000203486711315418,-0.00019625474456276,-0.000188484857196697
-0.000242485549127226,-0.000232165366962152,-0.000221208835663825,-0.000209645986322997,-0.000197508511905981,-0.000184829680386496,-0.000171644243560419,-0.000157988341793555,-0.000143899404963517,-0.00012941604986676,-0.000114577974372918,-9.94258486155679e-05,-8.40012035180755e-05,-6.83463169606958e-05,-5.25040978992282e-05,-3.65179687549027e-05,-2.04317463965613e-05,-4.28952204154302e-06,1.18644595952985e-05,2.79859215730383e-05,4.40306760850314e-05,5.99547455743423e-05,7.57144832735514e-05,9.12666928368554e-05,0.000106568746738977,0.000121578703113843,0.000136255420714296,0.000150558671677488,0.00016444925178688,0.00017788908792787,0.000190841342443756,0.000203270514105188,0.000215142535416723,0.000226424865992974,0.000237086581750113,0.000247098459666405,0.00025643305788034,0.000265064790907076,0.00027296999976634,0.00028012701683019,0.000286516225212264,0.000292120112536558,0.0002969233189374,0.000300912679159938,0.000304077258645064,0.000306408383500374,0.000307899664274725,0.000308547013471093,0.000308348656750466,0.000307305137794642,0.00030541931681674,0.000302696362720819,0.000299143738934838,0.000294771182953728,0.000289590679649335,0.000283616428421267,0.000276864804276826,0.000269354312948569,0.000261105540171051,0.000252141095257143,0.000242485549127246,0.000232165366962152,0.000221208835663867,0.000209645986323008,0.000197508511906018,0.000184829680386506,0.000171644243560393,0.000157988341793564,0.0001438994049635,0.00012941604986675,0.000114577974372921,9.94258486155377e-05,8.40012035181037e-05,6.83463169607027e-05,5.25040978991666e-05,3.65179687548575e-05,2.04317463965446e-05,4.28952204146983e-06,-1.18644595953485e-05,-2.79859215730568e-05,-4.40306760849983e-05,-5.99547455744447e-05,-7.57144832735693e-05,-9.12666928368853e-05,-0.000106568746739003,-0.000121578703113864,-0.000136255420714278,-0.000150558671677589,-0.000164449251786975,-0.000177889087927945,-0.000190841342443802,-0.00020327051410524,-0.000215142535416727,-0.000226424865992947,-0.000237086581750143,-0.000247098459666425,-0.000256433057880342,-0.00026506479090707,-0.000272969999766341,-0.000280127016830168,-0.00028651622521226,-0.000292120112536545,-0.000296923318937405,-0.00030091267915988,-0.000304077258645002,-0.000306408383500343,-0.000307899664274738,-0.000308547013471085,-0.000308348656750444,-0.000307305137794581,-0.000305419316816707,-0.000302696362720813,-0.000299143738934819,-0.000294771182953628,-0.000289590679649229,-0.000283616428421178,-0.000276864804276819,-0.000269354312948459,-0.000261105540171039,-0.000252141095257097
-0.000318503192474053,-0.000306775848138845,-0.000294207652527686,-0.000280833054190983,-0.000266688711973281,-0.000251813394533308,-0.000236247874082289,-0.000220034814629779,-0.000203218655044799,-0.000185845487251926,-0.000167962929896418,-0.000149619997825033,-0.000130866967739545,-0.000111755240392018,-9.23371996985103e-05,-7.26660691589049e-05,-5.27957659747314e-05,-3.27807532658141e-05,-1.26758907908041e-05,7.46371541992592e-06,2.75828641054835e-05,4.76264100775737e-05,6.75394153702457e-05,8.72672998199911e-05,0.000106755990666843,0.000125952070763709,0.000144802924989646,0.000163256884463035,0.000181263368164108,0.000198773021572448,0.000215737851945216,0.000232111359861593,0.000247848666674451,0.000262906637519648,0.000277243999545872,0.000290821455040308,0.000303601789141223,0.00031554997184124,0.000326633254002018,0.000336821257117576,0.000346086056579546,0.000354402258216589,0.000361747067897992,0.000368100354011132,0.000373444702640211,0.000377765465297169,0.00038105079907186,0.000383291699092848,0.000384482023208945,0.000384618508824415,0.000383700781841704,0.000381731357686668,0.000378715634414035,0.000374661877911755,0.000369581199244346,0.000363487524199221,0.000356397555115986,0.000348330725106995,0.000339309144792775,0.000329357541697629,0.000318503192474168,0.000306775848138982,0.000294207652527719,0.000280833054191023,0.000266688711973274,0.000251813394533343,0.000236247874082286,0.00022003481462978,0.000203218655044788,0.000185845487251899,0.000167962929896414,0.000149619997825002,0.000130866967739576,0.000111755240391925,9.23371996984486e-05,7.26660691588725e-05,5.27957659747096e-05,3.27807532656778e-05,1.2675890790643e-05,-7.46371542000788e-06,-2.7582864105495e-05,-4.76264100777227e-05,-6.75394153702893e-05,-8.72672998201342e-05,-0.000106755990666913,-0.000125952070763879,-0.000144802924989677,-0.000163256884463164,-0.00018126336816417,-0.000198773021572462,-0.000215737851945287,-0.000232111359861617,-0.000247848666674487,-0.000262906637519672,-0.000277243999545876,-0.000290821455040317,-0.000303601789141233,-0.000315549971841252,-0.000326633254002009,-0.000336821257117562,-0.000346086056579558,-0.000354402258216578,-0.000361747067898019,-0.000368100354011094,-0.00037344470264019,-0.000377765465297125,-0.00038105079907185,-0.00038329169909282,-0.000384482023208833,-0.000384618508824425,-0.000383700781841689,-0.000381731357686569,-0.000378715634414007,-0.000374661877911493,-0.000369581199244358,-0.000363487524199112,-0.000356397555115884,-0.000348330725107046,-0.000339309144792659,-0.00032935754169765
-0.000410139284608302,-0.000397182942772337,-0.000383137950098165,-0.000368042802934297,-0.000351938876029922,-0.000334870309129351,-0.000316883885987993,-0.000298028906141469,-0.000278357049778942,-0.000257922236091374,-0.000236780475482548,-0.000214989716048948,-0.000192609684747326,-0.000169701723687957,-0.000146328621999823,-0.000122554443729928,-9.84443522484069e-05,-7.40644316401795e-05,-4.94815055729817e-05,-2.47629541383484e-05,2.34708321156889e-08,2.48098314707447e-05,4.9528190085919e-05,7.41107953747719e-05,9.84902681247196e-05,0.000122599785895892,0.000146373266175504,0.000169745547506998,0.000192652568091543,0.00021503154137814,0.000236821128156391,0.00025796160468366,0.000278395026383177,0.000298065386666367,0.000316918770442989,0.000334903501898602,0.000351970286134327,0.000368072344280912,0.0003831655417162,0.000397208509035208,0.000410162755440579,0.000421992774243309,0.00043266614018415,0.000442153598309044,0.000450429144154747,0.0004574700950253,0.000463257152163526,0.000467774453648594,0.000471009617870548,0.000472953777469606,0.000473601603639061,0.000472951320732576,0.000471004711130484,0.000467767110354432,0.000463247392442814,0.000457457945628457,0.000450414638382684,0.000442136775921107,0.000432647047289175,0.000421971463173611,0.000410139284608362,0.00039718294277245,0.000383137950098169,0.000368042802934326,0.000351938876029932,0.000334870309129324,0.000316883885988004,0.000298028906141479,0.000278357049778978,0.000257922236091382,0.000236780475482542,0.000214989716048908,0.000192609684747275,0.00016970172368793,0.000146328621999755,0.000122554443729827,9.84443522482829e-05,7.40644316401759e-05,4.94815055729134e-05,2.4762954138309e-05,-2.34708321829954e-08,-2.48098314709047e-05,-4.95281900860408e-05,-7.41107953748596e-05,-9.84902681248302e-05,-0.000122599785895874,-0.00014637326617558,-0.000169745547507043,-0.000192652568091568,-0.000215031541378176,-0.000236821128156442,-0.000257961604683715,-0.000278395026383251,-0.000298065386666397,-0.000316918770443019,-0.0003349035018986,-0.000351970286134347,-0.000368072344280926,-0.000383165541716199,-0.000397208509035209,-0.000410162755440576,-0.000421992774243248,-0.000432666140184194,-0.000442153598309063,-0.000450429144154789,-0.000457470095025256,-0.000463257152163634,-0.000467774453648472,-0.000471009617870526,-0.000472953777469495,-0.000473601603638984,-0.000472951320732618,-0.000471004711130513,-0.000467767110354305,-0.000463247392442797,-0.000457457945628388,-0.000450414638382601,-0.000442136775921062,-0.000432647047289098,-0.000421971463173573
-0.00051939521935456,-0.000505398417114357,-0.000490016352942777,-0.000473291188008269,-0.00045526876482558,-0.000435998481603827,-0.000415533156849892,-0.000393928884596365,-0.000371244880651846,-0.000347543320294341,-0.000322889167853347,-0.00029734999864712,-0.000270995813763009,-0.000243898848190138,-0.000216133372827544,-0.000187775490913239,-0.000158902929430477,-0.00012959482606346,-9.99315122861818e-05,-6.99942931798117e-05,-3.98652245811525e-05,-9.6268881728555e-06,2.06378348667574e-05,5.08459910355085e-05,8.09147818770028e-05,0.000110761790925923,0.0001403052096046,0.000169464061456415,0.000198158424095012,0.000226309648267007,0.000253840573423747,0.00028067573921301,0.000306741592310468,0.000331966688024833,0.000356281886122043,0.000379620540334255,0.000401918681032507,0.000423115190562991,0.000443151970766608,0.000461974102221416,0.000479529994773444,0.000495771528941606,0.000510654187809564,0.000524137179043852,0.000536183546702785,0.00054676027252979,0.000555838366454599,0.000563392946052966,0.000569403304746956,0.000573852968561445,0.00057672974127712,0.00057802573786002,0.000577737406073471,0.000575865536215008,0.000572415258949474,0.00056739603124757,0.000560821610463075,0.000552710016626418,0.000543083483052693,0.000531968395401201,0.000519395219354578,0.000505398417114466,0.000490016352942801,0.000473291188008327,0.00045526876482562,0.000435998481603875,0.000415533156849903,0.000393928884596362,0.000371244880651818,0.000347543320294342,0.000322889167853389,0.000297349998647036,0.000270995813763008,0.000243898848190097,0.000216133372827445,0.000187775490913214,0.000158902929430501,0.0001295948260634,9.99315122861009e-05,6.99942931798281e-05,3.98652245811314e-05,9.62688817272336e-06,-2.06378348669185e-05,-5.08459910356037e-05,-8.09147818772079e-05,-0.000110761790925985,-0.000140305209604737,-0.000169464061456507,-0.000198158424095119,-0.000226309648267059,-0.000253840573423867,-0.000280675739212983,-0.000306741592310546,-0.000331966688024869,-0.000356281886122046,-0.000379620540334233,-0.00040191868103247,-0.000423115190563029,-0.000443151970766602,-0.000461974102221391,-0.000479529994773561,-0.000495771528941607,-0.000510654187809548,-0.000524137179043841,-0.000536183546702663,-0.000546760272529742,-0.000555838366454552,-0.000563392946052755,-0.000569403304746976,-0.000573852968561386,-0.000576729741277085,-0.000578025737859958,-0.000577737406073441,-0.000575865536214925,-0.000572415258949483,-0.000567396031247449,-0.000560821610462955,-0.000552710016626435,-0.000543083483052678,-0.000531968395401102
-0.000648593688163647,-0.000633715525758274,-0.000617100393145683,-0.000598793831249728,-0.000578846017083863,-0.000557311626220281,-0.000534249682927522,-0.000509723398389064,-0.000483799997446093,-0.000456550534338693,-0.000428049697951027,-0.000398375607094673,-0.000367609596390096,-0.000335835993333805,-0.000303141887163638,-0.000269616890151834,-0.000235352891985137,-0.000200443807900557,-0.000164985321271187,-0.000129074621344157,-9.28101368518869e-05,-5.6291266225778e-05,-1.96181051516762e-05,1.7108827784988e-05,5.37888666139342e-05,9.03214738984757e-05,0.000126606516301016,0.000162544539042825,0.000198037038501423,0.000232986732202866,0.000267297825465967,0.000300876273969224,0.000333630041519161,0.000365469352315594,0.00039630693702082,0.000426058271958623,0.000454641810787902,0.000481979208015585,0.00050799553373613,0.000532619479008971,0.000555783551311765,0.000577424259532491,0.000597482287994124,0.000615902659034814,0.00063263488369801,0.000647633100118789,0.00066085619922874,0.000672267937432039,0.00068183703594761,0.00068953726654162,0.000695347523417067,0.000699251881063857,0.000701239637909131,0.000701305345649513,0.000699448824184526,0.000695675162110506,0.000689994702772998,0.000682423015916159,0.000672980855007217,0.000661694100353108,0.000648593688163797,0.000633715525758256,0.000617100393145727,0.000598793831249704,0.000578846017083856,0.000557311626220298,0.00053424968292752,0.000509723398389089,0.000483799997446135,0.000456550534338604,0.000428049697951004,0.000398375607094556,0.000367609596389934,0.000335835993333846,0.000303141887163627,0.000269616890151871,0.000235352891984993,0.000200443807900432,0.000164985321271172,0.000129074621344104,9.28101368519455e-05,5.62912662257776e-05,1.96181051515821e-05,-1.71088277851325e-05,-5.37888666141728e-05,-9.0321473898588e-05,-0.000126606516301044,-0.000162544539042901,-0.000198037038501512,-0.000232986732202999,-0.000267297825466065,-0.000300876273969332,-0.000333630041519183,-0.00036546935231566,-0.000396306937020799,-0.000426058271958607,-0.000454641810787937,-0.000481979208015623,-0.000507995533736142,-0.000532619479008964,-0.000555783551311787,-0.000577424259532569,-0.000597482287994094,-0.000615902659034765,-0.000632634883698039,-0.000647633100118783,-0.000660856199228687,-0.000672267937431907,-0.000681837035947624,-0.000689537266541472,-0.000695347523417064,-0.00069925188106382,-0.000701239637909094,-0.000701305345649404,-0.000699448824184437,-0.000695675162110384,-0.000689994702772948,-0.000682423015915954,-0.000672980855007238,-0.000661694100352959
-0.000800247470455247,-0.000784556055501303,-0.0007667142269331,-0.000746770887962483,-0.0007247807018954,-0.000700803942303336,-0.000674906327817659,-0.000647158841999642,-0.000617637538779106,-0.000586423333996262,-0.000553601783616735,-0.000519262849228684,-0.00048350065146456,-0.000446413212022353,-0.000408102184995737,-0.000368672578246909,-0.000328232465587146,-0.000286892690554583,-0.00024476656259876,-0.000201969546508367,-0.000158618945929684,-0.0001148335818458,-7.07334668959769e-05,-2.64394764301105e-05,1.79269828031593e-05,6.2244305422345e-05,0.000106391020727048,0.000150246125639016,0.000193689416364077,0.000236601817862265,0.000278865710223525,0.000320365251056763,0.00036098669300523,0.000400618695520031,0.000439152630037033,0.000476482877720273,0.000512507118955607,0.000547126613801815,0.000580246472629838,0.000611775916208922,0.000641628524525611,0.000669722473655634,0.00069598076003719,0.000720331411532553,0.000742707684698594,0.000763048247725778,0.000781297348544659,0.000797404967638833,0.000811326955143334,0.000823025151858542,0.000832467493840337,0.000839628100285434,0.000844487344469761,0.000847031907542194,0.000847254815032729,0.000845155455967213,0.000840739584542794,0.000834019304356315,0.00082501303522855,0.000813745462717246,0.000800247470455314,0.000784556055501361,0.000766714226933174,0.000746770887962523,0.000724780701895451,0.000700803942303349,0.00067490632781767,0.000647158841999661,0.000617637538779127,0.000586423333996302,0.000553601783616696,0.00051926284922871,0.000483500651464359,0.000446413212022227,0.000408102184995539,0.00036867257824673,0.00032823246558721,0.000286892690554526,0.000244766562598733,0.000201969546508225,0.000158618945929662,0.000114833581845727,7.07334668958634e-05,2.64394764299208e-05,-1.79269828031511e-05,-6.22443054225748e-05,-0.000106391020727049,-0.000150246125639196,-0.000193689416364213,-0.000236601817862249,-0.000278865710223517,-0.000320365251056758,-0.000360986693005238,-0.000400618695520068,-0.000439152630037055,-0.000476482877720289,-0.000512507118955629,-0.000547126613801815,-0.000580246472629828,-0.000611775916208893,-0.000641628524525589,-0.000669722473655636,-0.0006959807600372,-0.000720331411532585,-0.000742707684698523,-0.000763048247725697,-0.000781297348544733,-0.000797404967638831,-0.00081132695514325,-0.000823025151858329,-0.000832467493840139,-0.000839628100285614,-0.000844487344469584,-0.000847031907542183,-0.000847254815032618,-0.000845155455967219,-0.000840739584542648,-0.000834019304356232,-0.000825013035228438,-0.000813745462716987
-0.000977244681910275,-0.000960649253301691,-0.000941420751863634,-0.000919611881582084,-0.000895282419054558,-0.000868499049646658,-0.000839335184712401,-0.000807870760378269,-0.000774192018444399,-0.000738391270001338,-0.000700566642412184,-0.000660821810351938,-0.000619265711642703,-0.000576012248662597,-0.000531179976146758,-0.000484891776238481,-0.000437274521675682,-0.000388458728043793,-0.000338578196039519,-0.000287769644734259,-0.000236172336835498,-0.000183927696977566,-0.00013117892408681,-7.80705988834951e-05,-2.47482875950034e-05,2.86418570294524e-05,8.19534963145872e-05,0.000135040506763088,0.000187757380568974,0.000239959624445436,0.00029150415567082,0.000342249694267701,0.000392057150242092,0.000440790004819254,0.000488314684632028,0.000534500927836629,0.000579222141150783,0.000622355746837193,0.000663783518681026,0.000703391906039175,0.000741072345074882,0.000776721556324193,0.00081024182777691,0.000841541282698831,0.000870534131459576,0.000897140906676258,0.000921288681027105,0.000942911267141502,0.000961949399013245,0.000978350894446835,0.000992070798083087,0.00100307150461978,0.00101132286188485,0.00101680225348178,0.00101949466077895,0.00101939270407503,0.0010164966628266,0.0010108144748808,0.00100236171472049,0.00099116155077344,0.000977244681910318,0.000960649253301762,0.000941420751863688,0.000919611881582062,0.000895282419054552,0.000868499049646708,0.000839335184712397,0.000807870760378274,0.000774192018444333,0.000738391270001278,0.00070056664241211,0.000660821810351852,0.000619265711642589,0.000576012248662491,0.000531179976146683,0.000484891776238296,0.000437274521675507,0.000388458728043613,0.000338578196039534,0.000287769644734363,0.000236172336835416,0.000183927696977606,0.000131178924086879,7.80705988833085e-05,2.47482875950321e-05,-2.86418570296968e-05,-8.19534963150333e-05,-0.000135040506763139,-0.000187757380568956,-0.000239959624445609,-0.000291504155670912,-0.000342249694267783,-0.000392057150242122,-0.000440790004819292,-0.000488314684632114,-0.00053450092783668,-0.000579222141150769,-0.000622355746837174,-0.000663783518681011,-0.000703391906039008,-0.0007410723450749,-0.000776721556324174,-0.000810241827777,-0.000841541282698601,-0.000870534131459547,-0.000897140906676243,-0.000921288681027037,-0.000942911267141306,-0.00096194939901331,-0.000978350894446943,-0.000992070798082889,-0.00100307150461948,-0.00101132286188484,-0.00101680225348163,-0.0010194946607787,-0.00101939270407487,-0.00101649666282639,-0.0010108144748809,-0.00100236171472054,-0.000991161550773335
-0.00118259648915304,-0.00116475577008479,-0.00114372253641192,-0.00111955443876597,-0.00109231772022263,-0.00106208703473421,-0.00102894524250835,-0.000992983182893834,-0.000954299425396543,-0.000912999999506668,-0.000869198104080091,-0.000823013797067476,-0.000774573666443943,-0.00072401048324059,-0.000671462837628073,-0.000617074759050584,-0.000560995321450703,-0.00050337823466923,-0.00044438142313588,-0.000384166593010074,-0.000322898788956163,-0.000260745941766098,-0.000197878408073902,-0.000134468503419168,-7.06900299438593e-05,-6.71780000979102e-06,5.727284294714e-05,0.000121106505022413,0.000184608222585633,0.000247603941842561,0.000309920995905642,0.000371388578061351,0.000431838209939373,0.000491104203300805,0.000549024114177099,0.00060543918811868,0.000660194795329211,0.000713140854495294,0.000764132244149018,0.000813029200435754,0.000859697700196963,0.000904009828318949,0.000945844128338294,0.000985085935346826,0.00102162769027906,0.00105536923472458,0.00108621808545566,0.00111408968791639,0.001138907647982,0.00116060394134941,0.00117911909998568,0.0011944023751286,0.00120641187638332,0.00121511468654139,0.00122048695180523,0.0012225139471694,0.00122119011678002,0.0012165190891644,0.00120851366728486,0.00119719579344591,0.00118259648915308,0.0011647557700848,0.00114372253641197,0.00111955443876598,0.00109231772022261,0.0010620870347342,0.0010289452425083,0.000992983182893861,0.000954299425396393,0.000912999999506716,0.00086919810407997,0.000823013797067292,0.000774573666443753,0.000724010483240584,0.000671462837628126,0.000617074759050575,0.000560995321450621,0.0005033782346691,0.000444381423135655,0.000384166593009943,0.000322898788956031,0.000260745941765859,0.000197878408073451,0.000134468503419191,7.0690029943494e-05,6.71780000971781e-06,-5.72728429471886e-05,-0.000121106505022693,-0.000184608222585715,-0.000247603941842634,-0.000309920995905668,-0.000371388578061347,-0.00043183820993942,-0.000491104203300805,-0.000549024114177131,-0.000605439188118732,-0.000660194795329217,-0.000713140854495358,-0.000764132244149025,-0.000813029200435717,-0.000859697700197001,-0.000904009828318989,-0.000945844128338271,-0.000985085935346726,-0.00102162769027892,-0.0010553692347245,-0.00108621808545544,-0.00111408968791627,-0.00113890764798195,-0.00116060394134926,-0.00117911909998565,-0.0011944023751287,-0.00120641187638316,-0.00121511468654128,-0.00122048695180518,-0.00122251394716921,-0.00122119011677996,-0.00121651908916437,-0.00120851366728468,-0.00119719579344579
-0.00141947975379769,-0.0013997033556079,-0.00137609046781267,-0.00134870581169602,-0.0013176244466969,-0.0012829315646763,-0.00124472225641243,-0.00120310125096343,-0.00115818262861184,-0.0011100895081797,-0.00105895370956698,-0.00100491539244329,-0.000948122672079803,-0.000888731213375205,-0.000826903804189753,-0.000762809909154374,-0.000696625205180251,-0.000628531099940725,-0.000558714234644644,-0.000487365972467284,-0.000414681874035778,-0.000340861161411917,-0.000266106172037407,-0.000190621804142128,-0.000114614955131663,-3.82939544959387e-05,3.8132007207067e-05,0.000114453451729011,0.000190461187295332,0.00026594688198612,0.000340703634759029,0.000414526542551124,0.000487213261903411,0.000558564563570658,0.000628384878594501,0.000696482834344569,0.000762671779057658,0.000826770293436996,0.000888602687910209,0.00094799948418182,0.00100479787976187,0.00105884219419621,0.00110998429577541,0.00115808400755414,0.00120300949156531,0.00124463761018035,0.00128285426361965,0.00131755470269251,0.00134864381590734,0.00137603639016569,0.00139965734432603,0.00141944193499446,0.00143533593398346,0.00144729577694588,0.00145528868278418,0.00145929274349899,0.0014592969842379,0.00145530139337765,0.0014473169225549,0.00143536545664911,0.00141947975379768,0.00139970335560794,0.00137609046781268,0.00134870581169599,0.0013176244466969,0.00128293156467634,0.00124472225641251,0.00120310125096325,0.00115818262861188,0.00111008950817973,0.0010589537095669,0.0010049153924432,0.000948122672079538,0.000888731213375087,0.000826903804189578,0.000762809909154358,0.000696625205180244,0.000628531099940452,0.000558714234644433,0.000487365972467242,0.000414681874035793,0.000340861161411674,0.00026610617203714,0.000190621804141949,0.000114614955131792,3.82939544959693e-05,-3.81320072072009e-05,-0.000114453451729215,-0.000190461187295392,-0.00026594688198618,-0.000340703634759026,-0.00041452654255113,-0.000487213261903466,-0.000558564563570661,-0.00062838487859451,-0.000696482834344573,-0.000762671779057661,-0.000826770293436965,-0.000888602687910212,-0.000947999484181574,-0.00100479787976177,-0.00105884219419609,-0.00110998429577537,-0.00115808400755378,-0.00120300949156524,-0.00124463761018031,-0.00128285426361952,-0.00131755470269245,-0.00134864381590718,-0.00137603639016582,-0.00139965734432578,-0.00141944193499426,-0.00143533593398319,-0.00144729577694576,-0.00145528868278404,-0.00145929274349897,-0.00145929698423766,-0.00145530139337747,-0.00144731692255475,-0.00143536545664899
-0.00169072741157498,-0.00166785471877115,-0.00164041055211439,-0.00160847013415782,-0.00157212101136693,-0.00153146281416066,-0.00148660698383141,-0.00143767646709233,-0.00138480537908862,-0.00132813863579742,-0.00126783155682303,-0.00120404943967772,-0.00113696710671064,-0.00106676842593347,-0.000993645807050996,-0.000917799674079096,-0.000839437915995878,-0.000758775316933328,-0.000676032967469178,-0.000591437658631647,-0.000505221260282022,-0.000417620085575741,-0.000328874243242903,-0.000239226979469146,-0.000148924011173467,-5.82128525143736e-05,3.26578635270339e-05,0.000123439066634346,0.000213881931840382,0.000303738561537887,0.000392762664950751,0.000480710233199781,0.000567340208113216,0.000652415142951604,0.000735701853231991,0.000816972055870675,0.000896002994891161,0.00097257805198313,0.00104648734023764,0.0011175282794331,0.00118550615129301,0.0012502346331958,0.00131153630887173,0.00136924315468864,0.00142319700019357,0.00147324996164636,0.00151926484735853,0.00156111553372674,0.00159868731092895,0.0016318771973353,0.00166059422177416,0.0016847596728778,0.00170430731482376,0.00171918356888518,0.00172934766028296,0.00173477172994962,0.00173544091088698,0.00173135336891656,0.00172252030770684,0.00170896593806469,0.00169072741157495,0.00166785471877119,0.00164041055211445,0.00160847013415786,0.00157212101136694,0.00153146281416064,0.00148660698383144,0.00143767646709226,0.00138480537908842,0.00132813863579739,0.00126783155682317,0.00120404943967761,0.00113696710671058,0.00106676842593335,0.000993645807050978,0.000917799674078956,0.00083943791599569,0.00075877531693331,0.000676032967469204,0.000591437658631513,0.000505221260281896,0.000417620085575438,0.000328874243242801,0.000239226979469126,0.000148924011173212,5.82128525144062e-05,-3.26578635270908e-05,-0.000123439066634437,-0.000213881931840397,-0.00030373856153792,-0.000392762664950831,-0.000480710233199785,-0.000567340208113269,-0.000652415142951622,-0.000735701853231943,-0.000816972055870627,-0.000896002994891143,-0.000972578051983125,-0.00104648734023777,-0.00111752827943323,-0.00118550615129308,-0.00125023463319553,-0.00131153630887157,-0.0013692431546886,-0.00142319700019339,-0.00147324996164622,-0.00151926484735836,-0.00156111553372651,-0.00159868731092876,-0.0016318771973352,-0.00166059422177397,-0.00168475967287749,-0.00170430731482358,-0.00171918356888495,-0.00172934766028294,-0.00173477172994961,-0.00173544091088687,-0.0017313533689166,-0.00172252030770681,-0.00170896593806467
-0.0019985838847217,-0.00197085901313408,-0.00193773215398424,-0.00189929410569034,-0.00185565022427115,-0.00180692013457182,-0.00175323740238116,-0.00169474916833663,-0.00163161574462209,-0.0015640101755641,-0.00149211776332766,-0.00141613556001779,-0.00133627182757252,-0.00125274546693057,-0.00116578541804122,-0.00107563003235393,-0.000982526419513944,-0.000886729770052563,-0.000788502655927275,-0.000688114310830285,-0.000585839892237607,-0.000481959727221659,-0.000376758544093782,-0.000270524691984839,-0.000163549350499097,-5.61257316119046e-05,5.14517240046604e-05,0.000158888154021754,0.000265889082653135,0.000372161227790574,0.000477413304871222,0.000581356825267857,0.000683706887016017,0.000784182955710788,0.000882509633431906,0.000978417413590097,0.00107164341962679,0.00116193212553914,0.00124903605626038,0.00133271646597086,0.00141274399248412,0.00148889928591255,0.00156097360989047,0.00162876941370539,0.00169210087377197,0.00175079440295997,0.00180468912638578,0.00185363732235863,0.00189750482727511,0.00193617140335451,0.00196953106819898,0.00199749238528549,0.0020199787145882,0.00203692842264125,0.00204829505147294,0.00205404744594398,0.00205416983914051,0.0020486618955916,0.00203753871218771,0.00202083077680118,0.00199858388472171,0.00197085901313406,0.00193773215398417,0.00189929410569029,0.00185565022427105,0.00180692013457181,0.00175323740238109,0.00169474916833646,0.00163161574462208,0.00156401017556391,0.00149211776332737,0.00141613556001763,0.00133627182757235,0.00125274546693054,0.001165785418041,0.00107563003235342,0.000982526419513538,0.000886729770052383,0.000788502655927184,0.000688114310830157,0.000585839892237409,0.000481959727221599,0.000376758544093759,0.000270524691984823,0.00016354935049918,5.61257316117306e-05,-5.14517240045325e-05,-0.000158888154021947,-0.000265889082653128,-0.000372161227790577,-0.000477413304871229,-0.000581356825267884,-0.000683706887016051,-0.000784182955710783,-0.000882509633431848,-0.00097841741359016,-0.00107164341962664,-0.0011619321255391,-0.00124903605626029,-0.00133271646597087,-0.00141274399248404,-0.00148889928591237,-0.00156097360989032,-0.0016287694137053,-0.00169210087377183,-0.00175079440295998,-0.00180468912638569,-0.00185363732235832,-0.00189750482727522,-0.00193617140335426,-0.00196953106819865,-0.00199749238528533,-0.00201997871458802,-0.00203692842264129,-0.00204829505147294,-0.00205404744594371,-0.00205416983914046,-0.00204866189559151,-0.00203753871218764,-0.00202083077680115
-0.00234380176328882,-0.00230873464521656,-0.00226733944595988,-0.00221972962688275,-0.00216603568318978,-0.00210640478624854,-0.00204100038020234,-0.00197000173398254,-0.00189360344994292,-0.00181201493046959,-0.00172545980402372,-0.0016341753121901,-0.00153841165941597,-0.00143843132721702,-0.00133450835473433,-0.00122692758761177,-0.00111598389725446,-0.00100198137260564,-0.000885232486661607,-0.000766057240003059,-0.000644782283698088,-0.000521740023971335,-0.000397267711104921,-0.000271706515055986,-0.0001454005903353,-1.86961327030361e-05,0.000108059569729152,0.000234519088391939,0.000360335806534632,0.000485164869278247,0.000608664128838609,0.000730495082329513,0.000850323799575909,0.000967821838392941,0.00108266714482332,0.00119454493586504,0.00130314856226924,0.00140818034904519,0.00150935241136588,0.00160638744364068,0.00169901947959114,0.00178699462124538,0.00187007173485534,0.00194802311182716,0.00202063509285457,0.00208770865354539,0.00214905994993165,0.0022045208223745,0.00225393925647739,0.00229717979974789,0.00233412393286231,0.00236467039451978,0.00238873545899178,0.00240625316560997,0.00241717549955755,0.00242147252347679,0.00241913245952368,0.00241016172165083,0.00239458489802722,0.0023724446836437,0.00234380176328884,0.00230873464521657,0.00226733944595993,0.00221972962688259,0.00216603568318977,0.00210640478624842,0.00204100038020232,0.00197000173398247,0.00189360344994269,0.00181201493046951,0.00172545980402357,0.00163417531219003,0.0015384116594157,0.00143843132721664,0.00133450835473411,0.00122692758761174,0.00111598389725409,0.00100198137260556,0.000885232486661389,0.000766057240003011,0.000644782283697671,0.000521740023971314,0.000397267711104582,0.000271706515055864,0.000145400590335219,1.86961327029422e-05,-0.000108059569729205,-0.000234519088391948,-0.00036033580653467,-0.000485164869278302,-0.000608664128838639,-0.000730495082329505,-0.000850323799575895,-0.000967821838392819,-0.00108266714482324,-0.00119454493586487,-0.00130314856226943,-0.00140818034904513,-0.00150935241136564,-0.00160638744364045,-0.00169901947959093,-0.00178699462124531,-0.00187007173485507,-0.00194802311182683,-0.00202063509285461,-0.00208770865354522,-0.00214905994993139,-0.00220452082237437,-0.00225393925647741,-0.00229717979974785,-0.00233412393286226,-0.00236467039451943,-0.0023887354589918,-0.00240625316560959,-0.00241717549955754,-0.00242147252347664,-0.00241913245952354,-0.00241016172165073,-0.00239458489802722,-0.00237244468364365
-0.00272500143624372,-0.00267923696665687,-0.00262612889477609,-0.00256582278613466,-0.0024984839355845,-0.00242429691423447,-0.00234346506355327,-0.00225620993802502,-0.00216277069788429,-0.00206340345359264,-0.00195838056386007,-0.00184798988912756,-0.00173253400256113,-0.0016123293607206,-0.00148770543617374,-0.00135900381443558,-0.00122657725770537,-0.0010907887379703,-0.000952010442123727,-0.000810622751829148,-0.000667013200917551,-0.000521575413185524,-0.000374708023500137,-0.000226813585168253,-7.82974665647763e-05,7.04332599520004e-05,0.000218970933799016,0.000366908423537029,0.000513840242789551,0.000659363661653254,0.000803079810552127,0.000944594773511647,0.00108352066785503,0.00121947670736233,0.00135209024597971,0.0014809977992152,0.00160584604042608,0.00172629276926135,0.001842007849609,0.00195267411447729,0.00205798823532629,0.00215766155347165,0.00225142087127588,0.00233900920096661,0.00242018646901955,0.00249473017418672,0.00256243599735237,0.00262311836156226,0.00267661094067351,0.00272276711524584,0.00276146037441234,0.00279258466263918,0.00281605467041591,0.00283180606808268,0.00283979568215328,0.0028400016136508,0.00283242329813147,0.00281708150723124,0.00279401829173262,0.00276329686630617,0.0027250014362437,0.00267923696665694,0.00262612889477606,0.00256582278613451,0.00249848393558451,0.00242429691423428,0.0023434650635532,0.002256209938025,0.00216277069788396,0.00206340345359264,0.00195838056385992,0.00184798988912736,0.00173253400256053,0.00161232936072005,0.00148770543617369,0.00135900381443542,0.00122657725770526,0.00109078873796996,0.000952010442123502,0.000810622751828849,0.000667013200917234,0.000521575413185185,0.000374708023500096,0.000226813585168214,7.82974665647286e-05,-7.04332599520909e-05,-0.000218970933799095,-0.000366908423537028,-0.000513840242789621,-0.000659363661653237,-0.000803079810552097,-0.000944594773511595,-0.00108352066785499,-0.00121947670736242,-0.0013520902459796,-0.00148099779921509,-0.00160584604042615,-0.00172629276926119,-0.00184200784960896,-0.0019526741144772,-0.00205798823532647,-0.00215766155347172,-0.00225142087127581,-0.00233900920096648,-0.00242018646901952,-0.00249473017418614,-0.00256243599735229,-0.00262311836156199,-0.00267661094067355,-0.00272276711524569,-0.00276146037441222,-0.00279258466263906,-0.00281605467041593,-0.0028318060680826,-0.00283979568215322,-0.00284000161365074,-0.00283242329813137,-0.00281708150723121,-0.00279401829173266,-0.0027632968663062
-0.00313732326782011,-0.00307651935767927,-0.00300728292182531,-0.0029298037325163,-0.00284429415482466,-0.00275098856455904,-0.00265014270585672,-0.00254203299020696,-0.00242695573882556,-0.00230522637045971,-0.00217717853684663,-0.00204316320819789,-0.00190354771121407,-0.00175871472226776,-0.00160906121851453,-0.00145499738980572,-0.00129694551438731,-0.00113533880146318,-0.000970620203801015,-0.000803241203626937,-0.00063366057514652,-0.000462343127074845,-0.000289758428628954,-0.0001163795224708,5.73183718688912e-05,0.000230859160535339,0.000403767180289653,0.00057556850226832,0.000745792230989528,0.000913971795044911,0.00107964622593946,0.00124236142157414,0.00140167139090773,0.00155713947638792,0.0017083395507986,0.00185485718524563,0.00199629078507759,0.00213225269062827,0.00226237023976487,0.00238628678932974,0.00250366269267392,0.00261417623060459,0.00271752449319664,0.00281342421004569,0.00290161252669356,0.00298184772509447,0.00305390988614649,0.00311760149247527,0.00317274796981507,0.00321919816550441,0.0032568247627862,0.00328552462977208,0.00330521910212171,0.00331585419865545,0.00331740076931292,0.00330985457505135,0.00329323629946476,0.0032675914920914,0.00323299044356566,0.00318952799295652,0.0031373232678201,0.00307651935767932,0.00300728292182519,0.00292980373251618,0.00284429415482445,0.00275098856455873,0.00265014270585671,0.00254203299020679,0.00242695573882537,0.00230522637045933,0.00217717853684638,0.00204316320819771,0.00190354771121423,0.00175871472226772,0.00160906121851443,0.00145499738980548,0.00129694551438708,0.00113533880146309,0.000970620203800884,0.000803241203626909,0.000633660575146448,0.000462343127074605,0.000289758428628863,0.000116379522470687,-5.7318371868948e-05,-0.000230859160535426,-0.000403767180289712,-0.000575568502268286,-0.000745792230989526,-0.000913971795044867,-0.00107964622593952,-0.00124236142157401,-0.0014016713909076,-0.00155713947638761,-0.00170833955079836,-0.00185485718524563,-0.00199629078507768,-0.00213225269062822,-0.00226237023976471,-0.00238628678932969,-0.00250366269267357,-0.00261417623060427,-0.00271752449319664,-0.00281342421004556,-0.00290161252669324,-0.00298184772509383,-0.0030539098861465,-0.00311760149247493,-0.00317274796981485,-0.00321919816550441,-0.003256824762786,-0.00328552462977193,-0.00330521910212167,-0.00331585419865544,-0.00331740076931285,-0.00330985457505127,-0.00329323629946469,-0.00326759149209138,-0.00323299044356566,-0.00318952799295658
-0.00357142598626959,-0.00349016779309819,-0.00339934329260454,-0.00329920142843122,-0.00319001668246719,-0.00307208832251199,-0.00294573958200287,-0.00281131677405554,-0.00266918834224272,-0.00251974385071655,-0.00236339291644096,-0.00220056408645878,-0.00203170366327516,-0.00185727448157257,-0.00167775463961326,-0.00149363618880632,-0.00130542378502662,-0.00111363330539175,-0.000918790434274418,-0.000721429222440922,-0.000522090623254541,-0.000321321009960188,-0.00011967067811189,8.23076627466949e-05,0.000284060404022787,0.000485034555476288,0.000684679260927588,0.000882447308116101,0.00107779662857126,0.00127019178338418,0.00145910543080907,0.00164401977166883,0.00182442796860924,0.0019998355353019,0.00216976169179914,0.00233374068231778,0.00249132305184207,0.00264207687805147,0.0027855889551861,0.00292146592661874,0.00304933536301513,0.00316884678313819,0.00327967261449274,0.00338150909117789,0.00347407708648985,0.00355712287798824,0.00363041884293043,0.00369376408217173,0.00374698497081384,0.00378993563410075,0.00382249834724979,0.00384458385812782,0.00385613163188418,0.00385711001687414,0.0038475163314123,0.00382737687112361,0.00379674683686882,0.00375571018344284,0.00370437938946024,0.00364289514905936,0.00357142598626951,0.0034901677930981,0.00339934329260438,0.0032992014284311,0.00319001668246708,0.00307208832251176,0.00294573958200291,0.00281131677405547,0.00266918834224232,0.00251974385071645,0.00236339291644115,0.00220056408645891,0.00203170366327494,0.00185727448157232,0.00167775463961294,0.00149363618880587,0.00130542378502671,0.00111363330539167,0.000918790434274229,0.00072142922244081,0.000522090623254388,0.000321321009959906,0.000119670678111764,-8.23076627467518e-05,-0.000284060404022823,-0.00048503455547635,-0.000684679260927577,-0.000882447308116096,-0.00107779662857125,-0.00127019178338411,-0.00145910543080885,-0.00164401977166892,-0.00182442796860884,-0.00199983553530177,-0.00216976169179926,-0.00233374068231744,-0.00249132305184181,-0.002642076878051,-0.0027855889551861,-0.00292146592661858,-0.00304933536301503,-0.00316884678313824,-0.00327967261449247,-0.00338150909117743,-0.00347407708648972,-0.00355712287798794,-0.00363041884293024,-0.00369376408217137,-0.00374698497081363,-0.00378993563410056,-0.00382249834724971,-0.00384458385812779,-0.00385613163188415,-0.0038571100168742,-0.00384751633141228,-0.00382737687112359,-0.00379674683686887,-0.00375571018344288,-0.00370437938946034,-0.00364289514905955
-0.0040118621911324,-0.00390362889117291,-0.00378469601576057,-0.00365538955164039,-0.00351606391884187,-0.00336710099924045,-0.00320890908984446,-0.00304192178368179,-0.00286659678135129,-0.00268341463649808,-0.00249287743864777,-0.00229550743701606,-0.00209184560905833,-0.0018824501776884,-0.00166789508122897,-0.00144876840028578,-0.0012256707458604,-0.000999213613115716,-0.000770017705312054,-0.000538711232501167,-0.00030592818964753,-7.23066188909567e-05,0.000161513139282167,0.000394890201167009,0.000627184896459052,0.000857760521544985,0.00108598508466354,0.00131123303815091,0.00153288699302345,0.00175033941119763,0.00196299427071067,0.00217026869937356,0.00237159457238484,0.00256642006952071,0.00275421118763606,0.00293445320432863,0.00310665208875955,0.00327033585575586,0.00342505585949003,0.00357038802318604,0.00370593400148481,0.00383132227228205,0.00394620915504284,0.00405027975280748,0.00414324881530108,0.00422486152078546,0.00429489417450778,0.00435315482183252,0.0043994837743748,0.00443375404769554,0.00445587170935818,0.00446577613638926,0.00446344018144283,0.00444887024720907,0.00442210626886479,0.00438322160461441,0.00433232283461979,0.00426954946887147,0.00419507356480181,0.00410909925568703,0.00401186219113226,0.00390362889117313,0.00378469601576079,0.0036553895516403,0.00351606391884154,0.0033671009992401,0.00320890908984434,0.00304192178368173,0.00286659678135115,0.00268341463649753,0.00249287743864745,0.00229550743701573,0.00209184560905819,0.00188245017768823,0.00166789508122881,0.00144876840028575,0.00122567074586025,0.000999213613115548,0.000770017705311783,0.00053871123250121,0.000305928189647687,7.23066188908992e-05,-0.000161513139282174,-0.00039489020116708,-0.000627184896459105,-0.000857760521544993,-0.00108598508466355,-0.00131123303815086,-0.0015328869930234,-0.00175033941119767,-0.00196299427071044,-0.00217026869937321,-0.00237159457238477,-0.00256642006952071,-0.00275421118763573,-0.00293445320432847,-0.00310665208875958,-0.00327033585575595,-0.00342505585948996,-0.0035703880231856,-0.00370593400148448,-0.00383132227228196,-0.00394620915504279,-0.00405027975280703,-0.00414324881530105,-0.0042248615207853,-0.00429489417450786,-0.00435315482183263,-0.00439948377437446,-0.00443375404769557,-0.0044558717093581,-0.00446577613638935,-0.00446344018144294,-0.00444887024720904,-0.00442210626886482,-0.00438322160461443,-0.00433232283461972,-0.00426954946887148,-0.00419507356480191,-0.00410909925568706
-0.00443603766642894,-0.00429325399799664,-0.00413870281877656,-0.00397280774280801,-0.00379602347696298,-0.00360883457462535,-0.00341175410756601,-0.00320532225964632,-0.00299010484621177,-0.00276669176323325,-0.0025356953704424,-0.00229774881289507,-0.0020535042855662,-0.00180363124572784,-0.00154881457801399,-0.0012897527171985,-0.00102715573383472,-0.000761743388001405,-0.000494243156489354,-0.000225388238840038,4.40844523054385e-05,0.000313436311031458,0.000581929062615596,0.000848826787088418,0.00111339793633914,0.00137491733923784,0.00163266818927882,0.00188594400929848,0.00213405058787896,0.00237630788213406,0.00261205188165949,0.00284063642853825,0.00306143498841742,0.00327384236779059,0.00347727637279579,0.00367117940496564,0.00385501998956694,0.00402829423233623,0.00419052720061788,0.00434127422512238,0.00448012211873426,0.00460669030902822,0.00472063188139224,0.00482163452989644,0.00490942141330184,0.00498375191386334,0.00504442229684491,0.00509126626894448,0.00512415543409031,0.00514299964536727,0.00514774725210165,0.00513838524143347,0.00511493927398336,0.00507747361351844,0.00502609095080955,0.00496093212216389,0.00488217572340148,0.00479003762033717,0.00468477035710697,0.00456666246396238,0.00443603766642869,0.00429325399799661,0.00413870281877655,0.00397280774280772,0.00379602347696219,0.00360883457462516,0.0034117541075661,0.00320532225964586,0.00299010484621124,0.00276669176323315,0.00253569537044238,0.00229774881289521,0.00205350428556604,0.00180363124572772,0.00154881457801402,0.00128975271719838,0.00102715573383446,0.000761743388001218,0.000494243156489288,0.000225388238839962,-4.40844523055186e-05,-0.000313436311031482,-0.000581929062615607,-0.000848826787088465,-0.00111339793633922,-0.00137491733923775,-0.00163266818927868,-0.00188594400929836,-0.0021340505878789,-0.00237630788213391,-0.00261205188165936,-0.00284063642853838,-0.00306143498841714,-0.00327384236779045,-0.00347727637279561,-0.00367117940496539,-0.00385501998956669,-0.00402829423233618,-0.00419052720061758,-0.00434127422512222,-0.00448012211873424,-0.00460669030902822,-0.00472063188139191,-0.00482163452989629,-0.00490942141330169,-0.00498375191386306,-0.00504442229684476,-0.00509126626894432,-0.00512415543409035,-0.0051429996453671,-0.00514774725210147,-0.00513838524143343,-0.00511493927398338,-0.00507747361351839,-0.00502609095080957,-0.00496093212216392,-0.00488217572340165,-0.0047900376203372,-0.00468477035710702,-0.00456666246396242
-0.00481284458824804,-0.00462704922359218,-0.00442857143863694,-0.00421795524719437,-0.00399577793360612,-0.00376264847044457,-0.00351920584936395,-0.00326611732966761,-0.0030040766093955,-0.0027338019239478,-0.00245603407745065,-0.00217153441226413,-0.00188108272219528,-0.0015854751151373,-0.00128552183099381,-0.000982045020866899,-0.000675876493599008,-0.00036785543584183,-5.88261119041268e-05,0.000250364450317218,0.000558868780982845,0.000865841291166351,0.00117044059055468,0.00147183179364047,0.00176918880808592,0.00206169659898309,0.00234855342280918,0.00262897302494935,0.00290218679476551,0.00316744587230609,0.00342402320087715,0.0036712155198552,0.00390834529227687,0.00413476256191808,0.00434984673478058,0.0045530082800974,0.00474369034619407,0.00492137028678176,0.00508556109349387,0.00523581273074138,0.00537171336923097,0.00549289051475861,0.00559901202919158,0.00568978704083486,0.00576496674169176,0.00582434506942743,0.00586775927217297,0.00589509035461665,0.00590626340416097,0.00590124779625374,0.00588005727832783,0.00584274993211962,0.00578942801447217,0.00572023767705516,0.0056353685657743,0.00553505330096411,0.00541956683979288,0.00528922572262338,0.00514438720539765,0.00498544828042401,0.00481284458824813,0.004627049223592,0.00442857143863671,0.00421795524719428,0.00399577793360575,0.00376264847044423,0.00351920584936382,0.00326611732966744,0.00300407660939519,0.00273380192394754,0.00245603407745048,0.00217153441226421,0.0018810827221952,0.00158547511513732,0.00128552183099355,0.000982045020866815,0.000675876493598941,0.000367855435841712,5.88261119041162e-05,-0.000250364450317272,-0.00055886878098293,-0.00086584129116634,-0.00117044059055461,-0.00147183179364047,-0.00176918880808582,-0.00206169659898282,-0.002348553422809,-0.00262897302494921,-0.00290218679476557,-0.00316744587230611,-0.00342402320087677,-0.00367121551985522,-0.0039083452922767,-0.00413476256191776,-0.00434984673478062,-0.00455300828009708,-0.0047436903461941,-0.00492137028678146,-0.00508556109349366,-0.00523581273074119,-0.00537171336923077,-0.0054928905147585,-0.00559901202919161,-0.00568978704083489,-0.00576496674169171,-0.00582434506942728,-0.00586775927217313,-0.0058950903546166,-0.00590626340416093,-0.00590124779625374,-0.00588005727832773,-0.00584274993211956,-0.00578942801447215,-0.0057202376770552,-0.00563536856577426,-0.00553505330096419,-0.00541956683979301,-0.00528922572262371,-0.00514438720539783,-0.00498544828042398
-0.00510230799394756,-0.00486446863100868,-0.00461329609767686,-0.00434947884040772,-0.00407373996396574,-0.00378683524944478,-0.00348955108272413,-0.00318270229904239,-0.0028671299495853,-0.00254369899622787,-0.00221329594073287,-0.00187682639490816,-0.00153521259839185,-0.00118939089085463,-0.000840309145559099,-0.000488924171304681,-0.000136199089881521,0.000216899303780026,0.000569403191526322,0.000920346384703443,0.00126876697241247,0.00161370995804115,0.00195422987684241,0.00228939338738804,0.00261828182979277,0.00293999374369635,0.00325364733910509,0.0035583829133154,0.00385336520730087,0.00413778569509683,0.00441086479991647,0.0046718540309154,0.0049200380347519,0.0051547365563227,0.0053753063032942,0.00558114270932115,0.00577168159112267,0.0059464006948673,0.00610482112763636,0.00624650867003563,0.00637107496635995,0.00647817858904961,0.0065675259745191,0.0066388722277957,0.00669202179375806,0.00672682899314071,0.00674319842182921,0.00674108521235744,0.00672049515688561,0.00668148469132469,0.00662416074064921,0.00654868042582337,0.00645525063314343,0.00634412744717727,0.00621561544885305,0.00607006688062578,0.00590788068100372,0.00572950139108715,0.00553541793611011,0.00532616228533221,0.00510230799394739,0.00486446863100813,0.00461329609767632,0.00434947884040785,0.0040737399639653,0.00378683524944438,0.00348955108272421,0.00318270229904176,0.00286712994958502,0.00254369899622797,0.0022132959407328,0.00187682639490806,0.00153521259839171,0.00118939089085439,0.000840309145558939,0.000488924171304539,0.000136199089881286,-0.000216899303780084,-0.000569403191526375,-0.000920346384703428,-0.00126876697241245,-0.0016137099580411,-0.00195422987684233,-0.00228939338738805,-0.0026182818297926,-0.00293999374369627,-0.00325364733910509,-0.0035583829133154,-0.00385336520730061,-0.00413778569509666,-0.00441086479991613,-0.00467185403091498,-0.00492003803475171,-0.00515473655632257,-0.00537530630329381,-0.00558114270932105,-0.00577168159112264,-0.00594640069486719,-0.00610482112763631,-0.00624650867003571,-0.00637107496635978,-0.00647817858904935,-0.00656752597451894,-0.00663887222779561,-0.00669202179375807,-0.00672682899314058,-0.00674319842182909,-0.00674108521235735,-0.00672049515688558,-0.00668148469132473,-0.00662416074064931,-0.00654868042582337,-0.00645525063314357,-0.00634412744717724,-0.00621561544885306,-0.00607006688062595,-0.00590788068100382,-0.00572950139108705,-0.00553541793611026,-0.00532616228533248
-0.00525543229894061,-0.004956445704105,-0.00464387383611273,-0.00431857343272786,-0.00398143611974382,-0.00363338596710179,-0.00327537695607748,-0.00290839036448509,-0.0025334320770635,-0.00215152982841551,-0.00176373038605895,-0.00137109668130936,-0.000974704895860081,-0.000575641512042271,-0.000175000334852266,0.000226120506091513,0.000626621566445484,0.00102540510064185,0.00142137807073237,0.00181345514232964,0.00220056165943376,0.00258163658998828,0.00295563543409714,0.00332153308692455,0.00367832664843819,0.00402503817228533,0.00436071734627955,0.00468444409713694,0.00499533111233627,0.00529252627217766,0.00557521498538601,0.0058426224218478,0.00609401563636695,0.00632870557761701,0.0065460489767814,0.00674545011071086,0.0069263624347573,0.00708829008081594,0.00723078921646353,0.00735346926147486,0.0074559939583742,0.00753808229409316,0.00759950927020983,0.00764010651965221,0.00765976276818151,0.00765842413938681,0.00763609430235664,0.007592834461622,0.00752876318939971,0.00744405610059292,0.00733894537144446,0.00721371910315695,0.00706872053222697,0.0069043470896588,0.00672104931163351,0.00651932960461923,0.00629974086831162,0.00606288498017361,0.00580941114573089,0.00554001411914513,0.00525543229893999,0.00495644570410507,0.00464387383611276,0.00431857343272732,0.00398143611974331,0.00363338596710153,0.00327537695607724,0.00290839036448493,0.00253343207706367,0.00215152982841529,0.00176373038605871,0.00137109668130907,0.000974704895859887,0.000575641512042273,0.000175000334852215,-0.000226120506091658,-0.000626621566445635,-0.00102540510064192,-0.00142137807073233,-0.00181345514232969,-0.0022005616594335,-0.00258163658998815,-0.00295563543409702,-0.0033215330869246,-0.00367832664843801,-0.00402503817228527,-0.00436071734627946,-0.00468444409713712,-0.00499533111233602,-0.00529252627217721,-0.00557521498538584,-0.00584262242184759,-0.00609401563636698,-0.00632870557761656,-0.00654604897678103,-0.00674545011071081,-0.00692636243475728,-0.00708829008081519,-0.00723078921646316,-0.00735346926147484,-0.00745599395837408,-0.00753808229409328,-0.0075995092702096,-0.00764010651965215,-0.0076597627681813,-0.00765842413938671,-0.00763609430235658,-0.00759283446162211,-0.0075287631893996,-0.00744405610059311,-0.00733894537144461,-0.00721371910315692,-0.00706872053222708,-0.00690434708965907,-0.00672104931163348,-0.00651932960461914,-0.00629974086831188,-0.00606288498017392,-0.00580941114573114,-0.00554001411914516
-0.00521560536920194,-0.00484699192284218,-0.00446509320853203,-0.00407095598410214,-0.00366566055228834,-0.00325031779969801,-0.0028260661519452,-0.00239406845330755,-0.00195550877944901,-0.00151158919195157,-0.00106352644354836,-0.000612548643088263,-0.000159891889375161,0.000293203116892728,0.000745494473797682,0.00119574248216846,0.0016427130435107,0.00208518104258432,0.0025219337053593,0.00295177392314534,0.00337352353378342,0.00378602655090593,0.0041881523324161,0.00457879867949797,0.00495689485766768,0.00532140453158232,0.00567132860556209,0.00600570796204299,0.0063236260904513,0.00662421159929612,0.00690664060459037,0.00717013898806223,0.00741398451895788,0.00763750883362718,0.00784009926745962,0.00802120053415885,0.00818031624774121,0.00831701028309469,0.00843090797137097,0.00852169712692268,0.00858912890298551,0.0086330184737482,0.00865324554094818,0.0086497546636,0.00862255540995613,0.00857172233128,0.00849739475750688,0.00839977641535013,0.00827913486990036,0.00813580079124757,0.00797016704813853,0.00778268763115027,0.00757387640833295,0.00734430571673398,0.00709460479366202,0.00682545805199061,0.00653760320423028,0.00623182924051051,0.00590897426601162,0.00556992320377738,0.00521560536920186,0.0048469919228419,0.00446509320853181,0.00407095598410177,0.00366566055228796,0.00325031779969778,0.00282606615194499,0.00239406845330734,0.00195550877944855,0.0015115891919512,0.0010635264435482,0.000612548643088142,0.000159891889375063,-0.000293203116892897,-0.000745494473797658,-0.00119574248216847,-0.00164271304351068,-0.00208518104258422,-0.00252193370535922,-0.00295177392314525,-0.00337352353378336,-0.00378602655090593,-0.00418815233241602,-0.00457879867949799,-0.00495689485766765,-0.0053214045315821,-0.00567132860556187,-0.00600570796204294,-0.00632362609045165,-0.00662421159929571,-0.00690664060459011,-0.00717013898806217,-0.00741398451895789,-0.00763750883362694,-0.00784009926745965,-0.00802120053415901,-0.00818031624774086,-0.00831701028309442,-0.00843090797137082,-0.00852169712692243,-0.0085891289029853,-0.00863301847374823,-0.00865324554094787,-0.00864975466359999,-0.00862255540995606,-0.00857172233128005,-0.00849739475750688,-0.0083997764153502,-0.00827913486990029,-0.00813580079124773,-0.00797016704813879,-0.00778268763115044,-0.00757387640833311,-0.00734430571673429,-0.00709460479366225,-0.00682545805199066,-0.00653760320423056,-0.00623182924051077,-0.00590897426601158,-0.0055699232037774
-0.00492081749812184,-0.00447563311884874,-0.00401818134029423,-0.00354971600598661,-0.00307152114684456,-0.00258490746173741,-0.00209120872495259,-0.00159177813041081,-0.00108798458265651,-0.000581208944786214,-7.28402535975275e-05,0.000435728087663251,0.000943102128522775,0.00144789119200225,0.00194871168636616,0.00244419089745095,0.00293297075117949,0.0034137115359474,0.00388509557467944,0.00434583083649091,0.00479465447805465,0.0052303363049665,0.00565168214362237,0.00605753711436604,0.00644678879693418,0.00681837027952004,0.00717126308310926,0.0075044999530554,0.00781716751026239,0.00810840875468815,0.00837742541432558,0.00862348013321,0.00884589849246053,0.00904407085881365,0.00921745405558893,0.00936557285149539,0.00948802126320787,0.00958446366814289,0.00965463572437143,0.00969834509516474,0.00971547197617602,0.00970596942381485,0.0096698634839165,0.00960725312035278,0.00951830994377816,0.00940327774125716,0.00926247180806138,0.00909627808346602,0.00890515209291857,0.00868961769947386,0.00845026566792277,0.00818775204554703,0.0079027963639375,0.00759617966681166,0.00726874236922269,0.00692138195404403,0.0065550505120285,0.00617075213219545,0.00576954014969183,0.00535251425867387,0.00492081749812159,0.00447563311884835,0.00401818134029415,0.00354971600598634,0.00307152114684409,0.00258490746173705,0.00209120872495232,0.00159177813041024,0.00108798458265646,0.000581208944785987,7.28402535972806e-05,-0.000435728087663315,-0.000943102128522849,-0.00144789119200233,-0.00194871168636614,-0.00244419089745095,-0.00293297075117943,-0.00341371153594749,-0.00388509557467921,-0.00434583083649072,-0.00479465447805457,-0.00523033630496603,-0.00565168214362227,-0.00605753711436604,-0.00644678879693357,-0.00681837027952008,-0.00717126308310884,-0.0075044999530557,-0.00781716751026214,-0.00810840875468805,-0.00837742541432538,-0.00862348013320989,-0.00884589849246021,-0.0090440708588138,-0.0092174540555891,-0.00936557285149495,-0.00948802126320787,-0.00958446366814269,-0.00965463572437117,-0.00969834509516481,-0.00971547197617586,-0.0097059694238148,-0.00966986348391652,-0.00960725312035277,-0.0095183099437781,-0.00940327774125724,-0.00926247180806144,-0.00909627808346598,-0.00890515209291868,-0.00868961769947396,-0.00845026566792307,-0.00818775204554696,-0.00790279636393777,-0.00759617966681151,-0.0072687423692231,-0.00692138195404426,-0.00655505051202876,-0.00617075213219541,-0.00576954014969199,-0.00535251425867371
-0.00430782245226065,-0.00378175042255642,-0.00324531287781004,-0.00269998015604487,-0.00214724697634527,-0.0015886283419365,-0.00102565538766692,-0.000459871183272179,0.000107173496070623,0.000673924420310509,0.00123882816455803,0.00180033636691641,0.00235690997243284,0.00290702345154177,0.00344916898143477,0.00398186057889829,0.00450363817329089,0.00501307160849425,0.00550876456287352,0.00598935837649544,0.00645353577512236,0.00690002448076953,0.00732760069892943,0.00773509247290963,0.00812138289608059,0.00848541317324346,0.0088261855227133,0.00914276591116541,0.00943428661376092,0.00969994859251742,0.00993902368641729,0.0101508566072456,0.0103348667356905,0.0104905497127808,0.0106174788222977,0.0107153061603745,0.0107837635890775,0.0108226634713529,0.0108318991853276,0.0108114454165514,0.0107613582273827,0.0106817749033257,0.0105729135767398,0.0104350726289542,0.0102686298724255,0.0100740415151804,0.00985184091038019,0.00960263709443766,0.00932711311769034,0.00902602417220713,0.00870019552185902,0.00835052024032858,0.00797795676325739,0.00758352626123877,0.00716830984086265,0.00673344558147613,0.00628012541578651,0.00580959186285866,0.00532313462245364,0.00482208704005602,0.00430782245226049,0.00378175042255616,0.00324531287780998,0.00269998015604478,0.00214724697634499,0.00158862834193646,0.00102565538766692,0.000459871183271902,-0.000107173496070897,-0.000673924420310492,-0.00123882816455804,-0.00180033636691637,-0.0023569099724329,-0.00290702345154173,-0.00344916898143465,-0.0039818605788982,-0.00450363817329077,-0.00501307160849445,-0.00550876456287338,-0.00598935837649511,-0.0064535357751224,-0.00690002448076932,-0.00732760069892965,-0.00773509247290905,-0.00812138289608052,-0.00848541317324362,-0.00882618552271337,-0.00914276591116539,-0.00943428661376083,-0.00969994859251743,-0.00993902368641698,-0.0101508566072452,-0.0103348667356901,-0.0104905497127807,-0.0106174788222974,-0.0107153061603741,-0.0107837635890773,-0.0108226634713529,-0.0108318991853273,-0.0108114454165513,-0.0107613582273828,-0.0106817749033258,-0.0105729135767397,-0.0104350726289541,-0.0102686298724255,-0.0100740415151804,-0.00985184091038009,-0.00960263709443758,-0.00932711311769007,-0.00902602417220701,-0.0087001955218591,-0.00835052024032902,-0.00797795676325792,-0.00758352626123902,-0.00716830984086313,-0.0067334455814764,-0.00628012541578663,-0.00580959186285848,-0.00532313462245424,-0.00482208704005639
-0.00331746347721466,-0.00271006627678655,-0.00209524097306845,-0.00147467275948147,-0.000850062570363986,-0.000223122418828268,0.000404429295748575,0.00103087249773717,0.00165449014986456,0.00227357295949327,0.00288642406367426,0.00349136368012954,0.00408673371141935,0.00467090228967139,0.00524226824941801,0.00579926551627848,0.00634036739946097,0.00686409077631488,0.00736900015746804,0.00785371162140278,0.00831689660768788,0.00875728555847142,0.00917367139825125,0.00956491284238188,0.00992993752526123,0.0102677449396044,0.010577409178771,0.0108580814746055,0.0111089925238536,0.0113294545967704,0.0115188634221383,0.0116766998435324,0.0118025312422933,0.0118960127233022,0.0119568880603188,0.011984990398275,0.0119802427106161,0.0119426580104237,0.0118723393147487,0.0117694793622483,0.0116343600849022,0.0114673518352582,0.0112689123713194,0.0110395856018633,0.0107800000956249,0.0104908673584327,0.0101729798830227,0.00982720897686774,0.00945450237398847,0.00905588163727702,0.0086324393584638,0.00818533616340273,0.00771579753087364,0.00722511043363077,0.00671461981090064,0.00618572488199634,0.00563987531115509,0.00507856723410878,0.00450333915728057,0.00391576774084518,0.00331746347721453,0.00271006627678665,0.00209524097306816,0.0014746727594815,0.000850062570363635,0.00022312241882801,-0.000404429295748746,-0.00103087249773731,-0.00165449014986455,-0.00227357295949337,-0.00288642406367431,-0.00349136368012964,-0.00408673371141921,-0.00467090228967144,-0.00524226824941799,-0.00579926551627842,-0.00634036739946077,-0.00686409077631484,-0.00736900015746808,-0.00785371162140286,-0.00831689660768775,-0.00875728555847118,-0.00917367139825097,-0.00956491284238192,-0.00992993752526111,-0.0102677449396046,-0.0105774091787708,-0.010858081474605,-0.0111089925238535,-0.0113294545967705,-0.0115188634221382,-0.0116766998435326,-0.0118025312422928,-0.0118960127233021,-0.0119568880603184,-0.0119849903982747,-0.0119802427106159,-0.0119426580104236,-0.0118723393147486,-0.0117694793622482,-0.0116343600849022,-0.0114673518352582,-0.0112689123713195,-0.0110395856018633,-0.0107800000956247,-0.0104908673584326,-0.0101729798830223,-0.00982720897686774,-0.00945450237398905,-0.00905588163727712,-0.00863243935846403,-0.0081853361634027,-0.0077157975308737,-0.00722511043363096,-0.00671461981090123,-0.00618572488199662,-0.00563987531115519,-0.00507856723410888,-0.00450333915728055,-0.0039157677408456
-0.00190171264466136,-0.00121773664200376,-0.000530422907854018,0.000158344678616818,0.00084667825332994,0.00153269114180275,0.00221450303039176,0.00289024512010259,0.00355806524883787,0.00421613296804411,0.00486264455984467,0.00549582798090513,0.00611394771948019,0.00671530955233129,0.0072982651884751,0.00786121678703354,0.00840262133680505,0.00892099488555155,0.00941491660740729,0.00988303269726528,0.0103240600814609,0.0107367899345899,0.0111200909928134,0.0114729126545737,0.0117942878602201,0.0120833357426529,0.0123392640417168,0.0125613712757346,0.0127490486642155,0.0129017817964835,0.0130191520416392,0.0131008376959986,0.0131466148648619,0.01315635807619,0.0131300406245189,0.0130677346441539,0.0129696109114563,0.0128359383767569,0.012667083427182,0.0124635088824115,0.0122257727261222,0.0119545265765934,0.0116505139006673,0.0113145679759567,0.0109476096068896,0.0105506446008498,0.010124761011325,0.00967112615563169,0.00919098341537732,0.00868564882843918,0.00815650748179414,0.00760500971509351,0.00703266714538122,0.00644104852385844,0.0058317754360439,0.00520651785712044,0.00456698957465094,0.00391494349120538,0.00325216681977489,0.00258047618514615,0.00190171264466125,0.00121773664200355,0.000530422907853811,-0.000158344678616893,-0.000846678253330092,-0.0015326911418027,-0.00221450303039172,-0.00289024512010269,-0.00355806524883789,-0.00421613296804411,-0.0048626445598447,-0.00549582798090511,-0.00611394771948016,-0.00671530955233128,-0.00729826518847514,-0.0078612167870332,-0.0084026213368047,-0.008920994885551,-0.00941491660740712,-0.00988303269726488,-0.0103240600814609,-0.0107367899345897,-0.0111200909928133,-0.0114729126545736,-0.01179428786022,-0.0120833357426523,-0.0123392640417166,-0.0125613712757339,-0.0127490486642152,-0.0129017817964835,-0.0130191520416391,-0.0131008376959986,-0.0131466148648617,-0.0131563580761901,-0.0131300406245187,-0.0130677346441539,-0.0129696109114562,-0.0128359383767569,-0.0126670834271821,-0.0124635088824115,-0.0122257727261221,-0.0119545265765935,-0.0116505139006672,-0.0113145679759567,-0.0109476096068901,-0.01055064460085,-0.0101247610113252,-0.00967112615563189,-0.00919098341537775,-0.00868564882843925,-0.00815650748179432,-0.00760500971509364,-0.00703266714538187,-0.00644104852385838,-0.00583177543604382,-0.00520651785712037,-0.00456698957465133,-0.00391494349120574,-0.00325216681977485,-0.00258047618514666
-3.14975118792863e-05,0.000717847955380613,0.00146522585129171,0.00220858766499094,0.00294589589341745,0.00367512962596702,0.00439429008366684,0.00510140609769061,0.00579453951219525,0.00647179049667031,0.00713130275324252,0.00777126860465891,0.00838993394900431,0.00898560306757267,0.00955664327271424,0.0101014893829195,0.0106186480128722,0.0111067016667146,0.0115643126233061,0.0119902266028225,0.0123832762046511,0.0127423841071535,0.0130665660205308,0.0133549333846915,0.0136066958047349,0.013821163217367,0.013997747782318,0.014135965493569,0.014235437505981,0.0142958911736823,0.0143171607973717,0.0142991880784891,0.0142420222790079,0.0141458200864108,0.0140108451842205,0.0138374675292625,0.0136261623376371,0.0133775087821873,0.0130921884050247,0.0127709832494706,0.01241477371653,0.0120245361517728,0.0116013401692391,0.0111463457197002,0.0106607999113171,0.0101460335913999,0.00960345769865074,0.00903455939587796,0.00844089799378557,0.00782410067701216,0.00718585804412921,0.00652791947383,0.0058520883300035,0.00516021701883804,0.00445420191150617,0.00373597814634283,0.003007514324765,0.00227080711547244,0.00152787578171866,0.000780756646648198,3.1497511878957e-05,-0.000717847955380758,-0.00146522585129168,-0.00220858766499103,-0.00294589589341774,-0.00367512962596714,-0.00439429008366683,-0.00510140609769076,-0.00579453951219514,-0.00647179049667007,-0.00713130275324255,-0.00777126860465884,-0.00838993394900412,-0.00898560306757222,-0.00955664327271401,-0.0101014893829196,-0.010618648012872,-0.0111067016667145,-0.0115643126233058,-0.0119902266028225,-0.0123832762046511,-0.0127423841071535,-0.0130665660205303,-0.0133549333846911,-0.0136066958047345,-0.0138211632173669,-0.0139977477823176,-0.0141359654935686,-0.0142354375059812,-0.0142958911736821,-0.0143171607973716,-0.0142991880784891,-0.0142420222790079,-0.0141458200864105,-0.0140108451842204,-0.0138374675292623,-0.013626162337637,-0.0133775087821871,-0.0130921884050246,-0.0127709832494707,-0.0124147737165301,-0.0120245361517731,-0.0116013401692389,-0.0111463457197004,-0.0106607999113171,-0.0101460335914,-0.00960345769865118,-0.00903455939587834,-0.00844089799378587,-0.00782410067701198,-0.00718585804412919,-0.0065279194738302,-0.00585208833000379,-0.00516021701883831,-0.00445420191150636,-0.00373597814634311,-0.00300751432476509,-0.0022708071154726,-0.00152787578171884,-0.000780756646648426
0.00229500768908949,0.00309097004659234,0.00387846027004809,0.00465531990349198,0.00541941962866784,0.0061686651013407,0.00690100269174947,0.00761442511346288,0.00830697692521267,0.00897675989062121,0.00962193818113652,0.0102407434079101,0.0108314794688279,0.0113925271974087,0.011922348800826,0.0124194920748926,0.0128825943844502,0.0133103863982582,0.0137016955681424,0.0140554493428672,0.0143706781079259,0.0146465178431839,0.0148822124911011,0.0150771160290298,0.0152306942399205,0.0153425261765722,0.0154123053154199,0.0154398403966943,0.0154250559486512,0.0153679924944354,0.0152688064410086,0.0151277696504486,0.0149452686947951,0.0147218037964822,0.014457987457263,0.0141545427793858,0.0138123014836209,0.0134322016295701,0.0130152850445139,0.012562694467832,0.012075670418836,0.0115555477965914,0.0110037522210528,0.0104217961255376,0.00981127461125272,0.00917386107523134,0.00851130262366986,0.0078254152832307,0.00711807902343841,0.00639123260381398,0.005646868259872,0.00488702624253867,0.00411378922596723,0.00332927659907341,0.00253563865643707,0.00173505070449327,0.00092970709917069,0.000121815231311937,-0.000686410523628443,-0.0014927548750352,-0.00229500768908969,-0.00309097004659244,-0.00387846027004812,-0.00465531990349208,-0.00541941962866779,-0.00616866510134069,-0.00690100269174946,-0.00761442511346305,-0.00830697692521264,-0.00897675989062117,-0.00962193818113635,-0.0102407434079101,-0.0108314794688278,-0.0113925271974083,-0.0119223488008259,-0.0124194920748925,-0.0128825943844503,-0.0133103863982581,-0.0137016955681424,-0.0140554493428671,-0.0143706781079257,-0.0146465178431837,-0.014882212491101,-0.0150771160290298,-0.0152306942399206,-0.0153425261765722,-0.0154123053154197,-0.0154398403966938,-0.0154250559486512,-0.0153679924944352,-0.0152688064410086,-0.0151277696504486,-0.0149452686947951,-0.0147218037964821,-0.014457987457263,-0.0141545427793859,-0.0138123014836208,-0.0134322016295701,-0.0130152850445139,-0.0125626944678321,-0.0120756704188362,-0.0115555477965915,-0.0110037522210529,-0.010421796125538,-0.00981127461125267,-0.00917386107523141,-0.00851130262367042,-0.00782541528323105,-0.00711807902343867,-0.00639123260381435,-0.00564686825987229,-0.00488702624253857,-0.00411378922596732,-0.00332927659907371,-0.00253563865643741,-0.00173505070449353,-0.000929707099170898,-0.00012181523131203,0.000686410523628157,0.00149275487503518
0.00504465970139027,0.00586018044813759,0.0066596388476127,0.00744084363991229,0.00820165359700162,0.0089399833916716,0.00965380931327556,0.0103411748145799,0.0110001958745236,0.0116290661621894,0.0122260619878313,0.012789547027388,0.0133179768075326,0.013809902938969,0.0142639770863645,0.0146789546640434,0.0150536982473093,0.0153871806900494,0.0156784879400676,0.0159268215444407,0.0161315008380201,0.0162919648090895,0.0164077736370575,0.0164786098979771,0.01650427943458,0.0164847118884514,0.0164199608928748,0.0163102039258283,0.0161557418235295,0.0159569979558642,0.0157145170659592,0.0154289637770793,0.0151011207709404,0.0147318866424343,0.0143222734366423,0.0138734038748893,0.0133865082774437,0.0128629211912945,0.0123040777322511,0.0117115096513889,0.0110868411366298,0.0104317843609515,0.00974813478944494,0.00903776625806424,0.00830262583757848,0.00754472849677968,0.0067661515795994,0.00596902911124856,0.00515554594900568,0.00432793179367495,0.00348845507812779,0.00263941674969153,0.00178314396340767,0.000921983703465408,5.82963502774105e-05,-0.000805550789153921,-0.0016671899698654,-0.00252425949875447,-0.00337441020781667,-0.00421531189305163,-0.00504465970139043,-0.00586018044813767,-0.00665963884761277,-0.0074408436399124,-0.00820165359700162,-0.00893998339167146,-0.00965380931327547,-0.0103411748145798,-0.0110001958745235,-0.0116290661621894,-0.0122260619878311,-0.0127895470273875,-0.0133179768075325,-0.0138099029389688,-0.0142639770863646,-0.0146789546640432,-0.0150536982473092,-0.0153871806900491,-0.0156784879400675,-0.0159268215444407,-0.01613150083802,-0.016291964809089,-0.0164077736370572,-0.0164786098979769,-0.0165042794345802,-0.0164847118884514,-0.0164199608928747,-0.0163102039258282,-0.0161557418235296,-0.0159569979558643,-0.0157145170659593,-0.0154289637770792,-0.0151011207709401,-0.0147318866424343,-0.0143222734366422,-0.0138734038748893,-0.013386508277444,-0.0128629211912948,-0.0123040777322509,-0.0117115096513891,-0.0110868411366298,-0.0104317843609518,-0.00974813478944496,-0.00903776625806455,-0.0083026258375786,-0.00754472849678022,-0.00676615157959959,-0.00596902911124855,-0.0051555459490061,-0.00432793179367479,-0.00348845507812822,-0.00263941674969169,-0.00178314396340817,-0.000921983703465386,-5.82963502776056e-05,0.000805550789153652,0.00166718996986533,0.00252425949875443,0.00337441020781661,0.00421531189305145
0.00814338604651899,0.00894284616699624,0.00971779456773947,0.010466107169048,0.0111857328980964,0.0118746993107818,0.0125311179980567,0.0131531897619263,0.0137392095469253,0.0142875711135571,0.0147967714408835,0.0152654148462014,0.0156922168105119,0.0160760074992972,0.0164157349689565,0.01671046805011,0.0169593988998684,0.0171618452160752,0.0173172521074503,0.0174251936145063,0.0174853738770752,0.0174976279452406,0.0174619222314533,0.017378354602593,0.0172471541117214,0.0170686803702646,0.0168434225623423,0.0165719981039489,0.0162551509506577,0.0158937495584925,0.0154887845035486,0.0150413657668926,0.014552719692182,0.0140241856243421,0.0134572122385153,0.0128533535693421,0.012214264751461,0.0115416974828993,0.0108374952237904,0.0101035881435781,0.00934198783055633,0.00855478177824438,0.0077441276637136,0.00691224743354503,0.00606142121362475,0.00519398105948253,0.00431230456428559,0.00341880834202254,0.00251594140373199,0.00160617844493525,0.000692013062665244,-0.000224049079308978,-0.00113949711832994,-0.00205182187495499,-0.00295852273044123,-0.00385711448076769,-0.00474513414840718,-0.00562014773317602,-0.00647975688365991,-0.00732160547092808,-0.00814338604651903,-0.00894284616699629,-0.00971779456773945,-0.0104661071690479,-0.0111857328980964,-0.0118746993107819,-0.0125311179980568,-0.0131531897619261,-0.0137392095469252,-0.0142875711135571,-0.0147967714408836,-0.015265414846201,-0.0156922168105116,-0.0160760074992969,-0.0164157349689565,-0.0167104680501096,-0.016959398899868,-0.0171618452160753,-0.0173172521074501,-0.0174251936145062,-0.017485373877075,-0.0174976279452405,-0.0174619222314533,-0.0173783546025928,-0.0172471541117214,-0.0170686803702647,-0.0168434225623423,-0.0165719981039488,-0.0162551509506577,-0.0158937495584925,-0.0154887845035485,-0.0150413657668924,-0.0145527196921817,-0.0140241856243422,-0.0134572122385154,-0.0128533535693422,-0.0122142647514608,-0.0115416974828994,-0.0108374952237905,-0.0101035881435781,-0.00934198783055629,-0.00855478177824456,-0.00774412766371401,-0.00691224743354523,-0.00606142121362504,-0.00519398105948314,-0.00431230456428578,-0.00341880834202252,-0.0025159414037324,-0.0016061784449355,-0.000692013062665097,0.000224049079308662,0.00113949711832983,0.00205182187495487,0.00295852273044102,0.00385711448076761,0.00474513414840702,0.00562014773317586,0.00647975688365985,0.00732160547092808
0.011472769656627,0.0122123402165367,0.0129184376007823,0.0135891264455135,0.0142225684392264,0.0148170273614461,0.0153708738415867,0.0158825898249438,0.0163507727335763,0.0167741393106742,0.0171515291378778,0.0174819078159026,0.0177643697997564,0.0179981408807752,0.0181825803086755,0.0183171825478054,0.0184015786627833,0.0184355373297247,0.0184189654702836,0.0183519085067754,0.0182345502376754,0.0180672123338419,0.017850353456838,0.0175845680017717,0.0172705844681009,0.0169092634628666,0.0165015953418293,0.0160486974949716,0.0155518112838116,0.0150122986389158,0.0144316383269429,0.0138114218974467,0.0131533493205497,0.012459224327443,0.0117309494664852,0.0109705208884479,0.0101800228752069,0.00936162212686951,0.00851756182300126,0.00765015547422423,0.00676178058104799,0.0058548721173051,0.00493191585605567,0.00399544155625805,0.00304801602887431,0.00209223610142075,0.00113072150024244,0.000166107670027745,-0.00079896144976471,-0.00176184067175848,-0.00271989081093504,-0.0036704859184559,-0.0046110204792067,-0.00553891655333217,-0.00645163084219034,-0.00734666165935738,-0.00822155578757622,-0.00907391520285481,-0.0099014036472825,-0.010701753032551,-0.0114727696566271,-0.0122123402165367,-0.0129184376007823,-0.0135891264455135,-0.0142225684392265,-0.0148170273614457,-0.0153708738415865,-0.0158825898249437,-0.0163507727335766,-0.0167741393106741,-0.0171515291378777,-0.0174819078159023,-0.0177643697997564,-0.0179981408807753,-0.0181825803086757,-0.0183171825478049,-0.0184015786627833,-0.0184355373297245,-0.0184189654702835,-0.0183519085067754,-0.0182345502376751,-0.0180672123338419,-0.017850353456838,-0.0175845680017716,-0.0172705844681008,-0.0169092634628667,-0.0165015953418293,-0.0160486974949716,-0.0155518112838116,-0.0150122986389158,-0.0144316383269429,-0.0138114218974467,-0.0131533493205496,-0.0124592243274432,-0.0117309494664851,-0.0109705208884478,-0.0101800228752069,-0.00936162212686972,-0.00851756182300128,-0.00765015547422421,-0.00676178058104821,-0.00585487211730527,-0.00493191585605602,-0.00399544155625807,-0.00304801602887454,-0.00209223610142103,-0.00113072150024261,-0.000166107670027994,0.000798961449764416,0.00176184067175817,0.00271989081093477,0.00367048591845582,0.00461102047920661,0.00553891655333201,0.00645163084219017,0.0073466616593572,0.00822155578757619,0.00907391520285475,0.00990140364728238,0.0107017530325509
0.0148708002026326,0.0154995176048208,0.0160857519066123,0.0166278962805348,0.0171244647465431,0.0175740962449883,0.0179755583671864,0.0183277507333655,0.0186297080087312,0.0188806025493797,0.0190797466708153,0.0192265945328429,0.0193207436356801,0.0193619359231805,0.0193500584901473,0.0192851438917983,0.0191673700545361,0.0189970597882618,0.0187746799015774,0.0185008399222945,0.0181762904267626,0.0178019209825892,0.0173787577103988,0.016907960471307,0.0163908196878212,0.015828752806883,0.0152233004147443,0.0145761220143274,0.013888991476643,0.0131637921787332,0.0124025118414651,0.0116072370813281,0.0107801476911599,0.00992351066548936,0.00903967398685936,0.00813106019017149,0.00720015972268523,0.00624952411787632,0.0052817590018596,0.00429951695154885,0.00330549022413011,0.00230240337776828,0.00129300580378656,0.000280064190772297,-0.00073364505872192,-0.00174534343810524,-0.00275225795244199,-0.00375162871903821,-0.0047407165320882,-0.00571681037064684,-0.00667723482934988,-0.00761935745151496,-0.00854059594452019,-0.00943842525769115,-0.0103103845032877,-0.0111540837016268,-0.0119672103318505,-0.0127475356703852,-0.0134929208997178,-0.0142013229707456,-0.0148708002026325,-0.0154995176048206,-0.0160857519066121,-0.0166278962805348,-0.0171244647465431,-0.0175740962449883,-0.0179755583671863,-0.0183277507333652,-0.0186297080087309,-0.0188806025493798,-0.0190797466708151,-0.019226594532843,-0.0193207436356798,-0.0193619359231802,-0.0193500584901469,-0.0192851438917983,-0.0191673700545359,-0.0189970597882617,-0.0187746799015773,-0.0185008399222945,-0.0181762904267624,-0.0178019209825891,-0.0173787577103989,-0.0169079604713072,-0.0163908196878213,-0.015828752806883,-0.0152233004147443,-0.0145761220143274,-0.013888991476643,-0.013163792178733,-0.0124025118414654,-0.0116072370813281,-0.01078014769116,-0.00992351066548949,-0.00903967398685964,-0.00813106019017173,-0.0072001597226856,-0.00624952411787669,-0.00528175900185954,-0.00429951695154897,-0.00330549022413009,-0.00230240337776853,-0.00129300580378676,-0.00028006419077249,0.000733645058721674,0.00174534343810524,0.00275225795244195,0.00375162871903814,0.004740716532088,0.00571681037064659,0.00667723482934976,0.00761935745151483,0.0085405959445201,0.00943842525769114,0.0103103845032877,0.0111540837016268,0.0119672103318506,0.0127475356703852,0.0134929208997178,0.0142013229707456
0.0181366869141832,0.0185982448355616,0.019008826260594,0.0193673058141334,0.0196727009286411,0.0199241745373363,0.0201210373685367,0.0202627498349064,0.0203489235124248,0.0203793222050323,0.0203538625920249,0.0202726144564325,0.0201358004937471,0.0199437957015308,0.0196971263515725,0.0193964685474154,0.0190426463712018,0.0186366296249227,0.0181795311722579,0.0176726038882939,0.0171172372254794,0.0165149534052346,0.0158674032456464,0.0151763616366915,0.0144437226753864,0.013671494474199,0.0128617936569518,0.012016839557303,0.0111389481357081,0.010230525631532,0.00929406196771452,0.00833212392606651,0.00734734811189567,0.0063424337272584,0.00532013517263136,0.00428325449729447,0.00323463371910572,0.00217714703472951,0.00111369294166295,4.71862936551209e-05,-0.00101944968870368,-0.0020832914303271,-0.0031414230149476,-0.00419094417744172,-0.00522897825325465,-0.00625268006313709,-0.00725924371158495,-0.00824591027760327,-0.00920997537671682,-0.0101487965735003,-0.01105980062431,-0.0119404905303659,-0.0127884523818513,-0.0136013619742724,-0.0143769911789413,-0.0151132140501209,-0.0158080126520959,-0.0164594825901929,-0.0170658382305949,-0.0176254175946385,-0.0181366869141831,-0.0185982448355616,-0.0190088262605939,-0.0193673058141334,-0.019672700928641,-0.0199241745373361,-0.0201210373685366,-0.0202627498349061,-0.0203489235124248,-0.020379322205032,-0.0203538625920252,-0.0202726144564323,-0.0201358004937469,-0.0199437957015306,-0.0196971263515724,-0.0193964685474153,-0.0190426463712017,-0.0186366296249225,-0.0181795311722579,-0.0176726038882939,-0.0171172372254793,-0.0165149534052345,-0.0158674032456463,-0.0151763616366915,-0.0144437226753864,-0.013671494474199,-0.0128617936569518,-0.012016839557303,-0.011138948135708,-0.0102305256315318,-0.00929406196771491,-0.00833212392606649,-0.00734734811189568,-0.00634243372725831,-0.00532013517263142,-0.00428325449729468,-0.00323463371910597,-0.00217714703472971,-0.00111369294166299,-4.7186293655241e-05,0.00101944968870358,0.00208329143032695,0.00314142301494734,0.00419094417744177,0.0052289782532547,0.00625268006313698,0.00725924371158495,0.00824591027760322,0.00920997537671665,0.0101487965735002,0.0110598006243098,0.0119404905303657,0.0127884523818512,0.0136013619742724,0.0143769911789412,0.0151132140501209,0.0158080126520958,0.0164594825901929,0.0170658382305948,0.0176254175946384
0.0210410429754103,0.021276263243267,0.0214531667524691,0.0215712686227939,0.0216302451452239,0.0216299346692111,0.0215703380457479,0.0214516186250375,0.0212741018087594,0.0210382741581681,0.0207447820604621,0.0203944299570803,0.0199881781387855,0.0195271401135735,0.0190125795546251,0.0184459068366658,0.0178286751702264,0.0171625763444014,0.0164494360897725,0.0156912090742077,0.0148899735452532,0.0140479256338004,0.0131673733346448,0.0122507301804318,0.0113005086263322,0.0103193131635765,0.00930983318072599,0.00827483559224551,0.00721715725458369,0.00613969719054538,0.00504540864327313,0.00393729098161154,0.00281838147904705,0.00169174698875188,0.000560475537552421,-0.000572332138137314,-0.00170357109121854,-0.00283014067435277,-0.0039489530386194,-0.00505694159709514,-0.00615106943015702,-0.00722833760946678,-0.00828579341782411,-0.00932053844236193,-0.0103297365188918,-0.0113106215056346,-0.0122605048650222,-0.0131767830327919,-0.0140569445541757,-0.0148985769676228,-0.0156993734171889,-0.0164571389754688,-0.0171697966597384,-0.0178353931248215,-0.0184521040170728,-0.019018238974803,-0.0195322462614452,-0.0199927170187542,-0.0203983891283917,-0.0207481506713031,-0.0210410429754102,-0.021276263243267,-0.0214531667524692,-0.0215712686227937,-0.0216302451452237,-0.0216299346692109,-0.021570338045748,-0.0214516186250374,-0.0212741018087592,-0.0210382741581682,-0.0207447820604619,-0.0203944299570803,-0.0199881781387852,-0.0195271401135736,-0.0190125795546251,-0.0184459068366657,-0.0178286751702263,-0.0171625763444013,-0.0164494360897725,-0.0156912090742076,-0.0148899735452531,-0.0140479256338004,-0.0131673733346449,-0.0122507301804319,-0.0113005086263322,-0.0103193131635764,-0.00930983318072601,-0.00827483559224563,-0.00721715725458375,-0.00613969719054537,-0.005045408643273,-0.00393729098161149,-0.00281838147904705,-0.00169174698875185,-0.000560475537552483,0.000572332138137072,0.00170357109121859,0.0028301406743528,0.0039489530386193,0.00505694159709495,0.00615106943015697,0.00722833760946659,0.00828579341782404,0.00932053844236191,0.0103297365188916,0.0113106215056345,0.012260504865022,0.0131767830327918,0.0140569445541756,0.0148985769676228,0.0156993734171889,0.0164571389754686,0.0171697966597383,0.0178353931248216,0.0184521040170727,0.0190182389748031,0.019532246261445,0.0199927170187542,0.0203983891283917,0.0207481506713029
0.0233398842907987,0.0232897026900654,0.0231756856331059,0.0229981456327482,0.0227575693137925,0.022454616079207,0.0220901163027497,0.0216650690529717,0.0211806393548398,0.0206381549964848,0.0200391028898248,0.0193851249950449,0.0186780138200968,0.017919707507561,0.0171122845223304,0.0162579579546844,0.0153590694543614,0.0144180828122599,0.0134375772073585,0.0124202401373664,0.011368860052478,0.0102863187124257,0.00917558328777575,0.00803969822712095,0.00688177691245819,0.00570499312562491,0.00451257234918336,0.00330778292559812,0.00209392709893463,0.00087433196364019,-0.000347659654792648,-0.00156869836227716,-0.00278543737658951,-0.00399454170066612,-0.00519269726359817,-0.00637662000427081,-0.00754306487274533,-0.00868883472471542,-0.00981078908465858,-0.0109058527536602,-0.0119710242383208,-0.0130033839776398,-0.01400010234533,-0.0149584474056271,-0.0158757924013343,-0.0167496229535821,-0.0175775439535662,-0.0183572861273736,-0.0190867122559055,-0.0197638230328446,-0.0203867625446175,-0.0209538233573219,-0.0214634511966863,-0.0219142492082267,-0.0223049817859285,-0.0226345779589552,-0.0229021343271064,-0.023106917536975,-0.023248366292017,-0.0233260928910267,-0.0233398842907988,-0.0232897026900654,-0.0231756856331057,-0.022998145632748,-0.0227575693137924,-0.0224546160792068,-0.0220901163027495,-0.0216650690529717,-0.02118063935484,-0.0206381549964847,-0.0200391028898247,-0.0193851249950448,-0.0186780138200969,-0.0179197075075609,-0.0171122845223301,-0.0162579579546842,-0.0153590694543615,-0.0144180828122598,-0.0134375772073586,-0.0124202401373663,-0.0113688600524781,-0.0102863187124256,-0.00917558328777569,-0.00803969822712086,-0.00688177691245822,-0.0057049931256248,-0.00451257234918354,-0.00330778292559799,-0.00209392709893461,-0.000874331963640076,0.000347659654792497,0.00156869836227704,0.00278543737658947,0.00399454170066598,0.00519269726359826,0.00637662000427092,0.00754306487274526,0.0086888347247152,0.00981078908465849,0.0109058527536603,0.0119710242383206,0.0130033839776397,0.0140001023453302,0.014958447405627,0.015875792401334,0.016749622953582,0.017577543953566,0.0183572861273736,0.0190867122559053,0.0197638230328445,0.0203867625446175,0.0209538233573219,0.0214634511966864,0.021914249208227,0.0223049817859286,0.0226345779589553,0.0229021343271064,0.0231069175369751,0.0232483662920171,0.0233260928910266
0.0247928560300175,0.0244016057274721,0.0239434723197624,0.0234197115187148,0.0228317589162785,0.0221812260496685,0.0214698959842549,0.0206997184263023,0.0198728043789632,0.0189914203561629,0.0180579821702439,0.0170750483103912,0.0160453129299917,0.0149715984621473,0.0138568478835811,0.0127041166481437,0.011516564312026,0.0102974458736355,0.00905010285187229,0.00777795412725706,0.00648448657101772,0.00517324548781858,0.00384782489832501,0.00251185768824441,0.00116900565083728,-0.000177050549802086,-0.00152262146719131,-0.00286401898497498,-0.00419756642579642,-0.00551960862881391,-0.00682652196824307,-0.00811472428546302,-0.00938068470746429,-0.0106209333247256,-0.0118320707019959,-0.013010777195909,-0.0141538220538964,-0.0152580722694541,-0.0163205011694969,-0.0173381967102581,-0.0183083694589998,-0.0192283602396536,-0.0200956474214375,-0.0209078538304704,-0.021662753265441,-0.0223582765994708,-0.0229925174514461,-0.0235637374112772,-0.0240703708047595,-0.0245110289849768,-0.0248845041384871,-0.0251897725958543,-0.0254259976374557,-0.0255925317868727,-0.0256889185855766,-0.0257148938440527,-0.0256703863659222,-0.0255555181430895,-0.025370604021369,-0.0251161508375149,-0.0247928560300175,-0.0244016057274719,-0.0239434723197625,-0.0234197115187148,-0.0228317589162782,-0.0221812260496684,-0.0214698959842547,-0.0206997184263022,-0.0198728043789633,-0.0189914203561629,-0.0180579821702438,-0.017075048310391,-0.0160453129299918,-0.0149715984621471,-0.013856847883581,-0.0127041166481435,-0.0115165643120259,-0.0102974458736355,-0.00905010285187222,-0.0077779541272569,-0.00648448657101758,-0.00517324548781846,-0.00384782489832496,-0.00251185768824437,-0.00116900565083737,0.000177050549802417,0.00152262146719152,0.00286401898497498,0.00419756642579635,0.00551960862881394,0.00682652196824305,0.00811472428546311,0.00938068470746417,0.0106209333247252,0.0118320707019958,0.0130107771959093,0.0141538220538964,0.0152580722694542,0.0163205011694967,0.017338196710258,0.0183083694589998,0.0192283602396534,0.0200956474214375,0.0209078538304705,0.021662753265441,0.0223582765994707,0.0229925174514461,0.0235637374112773,0.0240703708047594,0.0245110289849767,0.0248845041384869,0.0251897725958542,0.0254259976374558,0.0255925317868727,0.0256889185855768,0.0257148938440526,0.0256703863659223,0.0255555181430896,0.0253706040213691,0.0251161508375151
0.0251826948675062,0.0244014019173026,0.0235532264205641,0.0226404931673718,0.021665703896129,0.0206315304364718,0.019540807385968,0.0183965243406842,0.0172018177009094,0.0159599620744999,0.0146743613014079,0.0133485391239908,0.0119861295286805,0.0105908667854777,0.00916657521257806,0.00771715869418163,0.00624658998021751,0.00475889979731271,0.00325816580085079,0.00174850139840072,0.000234044475154683,-0.00128105394772964,-0.00279264109078815,-0.00429657379873071,-0.00578872989654242,-0.00726501948807733,-0.00872139616618069,-0.0101538681036093,-0.0115585089943527,-0.0129314688153647,-0.0142689843792091,-0.0155673896486951,-0.01682312578523,-0.0180327509033488,-0.0191929495046825,-0.0203005415655096,-0.0213524912529787,-0.0223459152461172,-0.0232780906388114,-0.0241464624031049,-0.0249486503923515,-0.0256824558650321,-0.0263458675113523,-0.0269370669661028,-0.0274544337926715,-0.0278965499245489,-0.0282622035521486,-0.0285503924442936,-0.0287603266952619,-0.0288914308898647,-0.0289433456806169,-0.0289159287726857,-0.0288092553139102,-0.0286236176888263,-0.0283595247172607,-0.028017700259691,-0.0275990812331963,-0.0271048150434299,-0.026536256439662,-0.0258949638015057,-0.0251826948675059,-0.0244014019173023,-0.0235532264205641,-0.0226404931673722,-0.0216657038961293,-0.0206315304364715,-0.0195408073859681,-0.0183965243406843,-0.0172018177009091,-0.0159599620744999,-0.0146743613014078,-0.0133485391239907,-0.0119861295286804,-0.0105908667854777,-0.00916657521257808,-0.00771715869418149,-0.0062465899802174,-0.00475889979731279,-0.0032581658008505,-0.00174850139840074,-0.000234044475154576,0.00128105394772958,0.00279264109078808,0.00429657379873085,0.0057887298965424,0.00726501948807736,0.00872139616618075,0.0101538681036092,0.0115585089943527,0.0129314688153648,0.014268984379209,0.0155673896486949,0.01682312578523,0.0180327509033485,0.0191929495046824,0.0203005415655095,0.0213524912529789,0.022345915246117,0.0232780906388111,0.0241464624031047,0.0249486503923514,0.0256824558650322,0.0263458675113522,0.0269370669661026,0.0274544337926716,0.027896549924549,0.0282622035521486,0.0285503924442935,0.0287603266952621,0.0288914308898647,0.028943345680617,0.0289159287726857,0.0288092553139105,0.0286236176888264,0.0283595247172604,0.028017700259691,0.0275990812331962,0.0271048150434297,0.026536256439662,0.0258949638015057
0.0243354825402904,0.0231248548601401,0.0218508435602074,0.0205169406169094,0.0191268021654957,0.0176842384788337,0.016193203523718,0.0146577841233195,0.0130821887554889,0.0114707360176113,0.00982784278963078,0.00815801212768864,0.00646582092156106,0.0047559073497211,0.00303295816641471,0.00130169585559244,-0.000433134313090407,-0.00216677729072745,-0.00389448128242174,-0.0056115107716229,-0.00731315949985043,-0.00899476336622043,-0.0106517132114218,-0.0122794674511022,-0.0138735645240346,-0.0154296351209461,-0.0169434141604919,-0.018410752479546,-0.0198276282057694,-0.0211901577812824,-0.0224946066072267,-0.0237373992800416,-0.0249151293913962,-0.0260245688649184,-0.0270626768041276,-0.0280266078273201,-0.0289137198665638,-0.0297215814094207,-0.0304479781635566,-0.0310909191259593,-0.0316486420401407,-0.0321196182263607,-0.0325025567716291,-0.0327964080680118,-0.0330003666895301,-0.0331138735997798,-0.0331366176842098,-0.033068536602865,-0.0329098169612585,-0.0326608937988936,-0.0323224493968574,-0.0318954114077301,-0.0313809503129572,-0.0307804762146394,-0.0300956349705418,-0.0293283036829123,-0.028480585553473,-0.0275548041186933,-0.0265534968811348,-0.0254794083543361,-0.0243354825402902,-0.0231248548601403,-0.0218508435602072,-0.0205169406169092,-0.0191268021654955,-0.0176842384788339,-0.0161932035237178,-0.0146577841233193,-0.013082188755489,-0.0114707360176114,-0.00982784278963065,-0.00815801212768865,-0.00646582092156095,-0.00475590734972107,-0.00303295816641453,-0.00130169585559226,0.000433134313090223,0.00216677729072759,0.00389448128242185,0.0056115107716229,0.00731315949985053,0.00899476336622036,0.0106517132114218,0.0122794674511021,0.0138735645240345,0.0154296351209459,0.0169434141604917,0.0184107524795459,0.0198276282057694,0.0211901577812823,0.0224946066072266,0.0237373992800415,0.0249151293913958,0.0260245688649183,0.0270626768041275,0.02802660782732,0.0289137198665633,0.0297215814094208,0.0304479781635567,0.0310909191259592,0.0316486420401406,0.0321196182263604,0.0325025567716288,0.0327964080680115,0.0330003666895299,0.0331138735997797,0.0331366176842099,0.0330685366028652,0.0329098169612584,0.0326608937988937,0.0323224493968574,0.0318954114077301,0.0313809503129572,0.0307804762146393,0.030095634970542,0.0293283036829124,0.0284805855534732,0.0275548041186933,0.0265534968811349,0.0254794083543362
0.0221381094135277,0.0204709374242464,0.0187476560184027,0.0169729885905463,0.0151517993807409,0.0132890801420218,0.0113899364583458,0.0094595737505424,0.00750328300861552,0.00552642628950906,0.00353442202008011,0.00153273014556887,-0.000473162835732687,-0.0024777589105907,-0.00447556362050161,-0.00646110112162151,-0.00842892919367243,-0.0103736541566912,-0.0122899456547303,-0.0141725512659937,-0.0160163108993588,-0.0178161709378288,-0.0195671980901452,-0.0212645929125958,-0.0229037029639567,-0.0244800355575101,-0.0259892700751868,-0.0274272698100797,-0.028790093304869,-0.0300740051550846,-0.0312754862475885,-0.0323912434062206,-0.0334182184181636,-0.0343535964162943,-0.0351948135945369,-0.0359395642350789,-0.0365858070281807,-0.0371317706672666,-0.0375759587039513,-0.0379171536497015,-0.0381544203128866,-0.0382871083620756,-0.0383148541085479,-0.0382375815031417,-0.0380555023446973,-0.0377691156995317,-0.0373792065335326,-0.036886843560622,-0.0362933763134845,-0.0356004314445936,-0.0348099082676688,-0.033923973551789,-0.0329450555824308,-0.0318758375057037,-0.0307192499740357,-0.0294784631134573,-0.0281568778345084,-0.0267581165105756,-0.025286013049221,-0.0237446023837076,-0.0221381094135277,-0.0204709374242465,-0.0187476560184027,-0.0169729885905462,-0.0151517993807409,-0.0132890801420216,-0.0113899364583457,-0.0094595737505423,-0.0075032830086156,-0.005526426289509,-0.00353442202008012,-0.00153273014556873,0.000473162835732641,0.00247775891059067,0.00447556362050156,0.00646110112162129,0.00842892919367227,0.0103736541566913,0.0122899456547305,0.0141725512659936,0.0160163108993587,0.0178161709378288,0.0195671980901453,0.0212645929125958,0.0229037029639566,0.02448003555751,0.0259892700751868,0.0274272698100797,0.0287900933048687,0.0300740051550846,0.0312754862475883,0.0323912434062206,0.0334182184181633,0.0343535964162941,0.0351948135945371,0.0359395642350786,0.0365858070281806,0.0371317706672664,0.0375759587039514,0.0379171536497013,0.0381544203128865,0.0382871083620752,0.0383148541085479,0.038237581503142,0.0380555023446973,0.0377691156995319,0.0373792065335325,0.0368868435606223,0.0362933763134845,0.0356004314445936,0.0348099082676689,0.0339239735517893,0.0329450555824308,0.0318758375057036,0.0307192499740356,0.0294784631134577,0.0281568778345083,0.0267581165105753,0.0252860130492209,0.0237446023837077
0.018552360362326,0.0164150604352577,0.0142327679685332,0.0120114644741145,0.00975723839047891,0.00747626839463239,0.00517480646678529,0.00285916075410906,0.000535678280543556,-0.00178927244995442,-0.00410931890903758,-0.00641810201062656,-0.00870929354072105,-0.0109766135025962,-0.0132138473298356,-0.0154148629200273,-0.0175736274424292,-0.0196842238735392,-0.0217408672152454,-0.0237379203511039,-0.0256699094972827,-0.0275315392058227,-0.0293177068790935,-0.0310235167556576,-0.0326442933292127,-0.0341755941638292,-0.0356132220703593,-0.0369532366106391,-0.0381919648979572,-0.0393260116641809,-0.0403522685659507,-0.041267922704433,-0.0420704643352804,-0.0427576937476672,-0.0433277272935422,-0.0437790025505794,-0.0441102826046662,-0.044320659440202,-0.0444095564289035,-0.044376729910304,-0.0442222698596084,-0.0439465996410803,-0.0435504748476266,-0.0430349812297721,-0.0424015317196916,-0.0416518625584618,-0.0407880285371447,-0.0398123973647481,-0.0387276431785009,-0.0375367392142268,-0.036242949656913,-0.0348498206938064,-0.0333611707945591,-0.0317810802450711,-0.0301138799637067,-0.0283641396305519,-0.0265366551622369,-0.0246364355666629,-0.0226686892136579,-0.0206388095591998,-0.018552360362326,-0.0164150604352576,-0.0142327679685331,-0.0120114644741142,-0.00975723839047883,-0.00747626839463246,-0.00517480646678528,-0.00285916075410894,-0.000535678280543538,0.00178927244995437,0.00410931890903761,0.00641810201062652,0.00870929354072105,0.0109766135025961,0.0132138473298354,0.0154148629200273,0.0175736274424292,0.0196842238735391,0.0217408672152456,0.0237379203511038,0.0256699094972827,0.0275315392058226,0.0293177068790935,0.0310235167556575,0.0326442933292125,0.0341755941638292,0.0356132220703593,0.0369532366106391,0.0381919648979575,0.0393260116641809,0.0403522685659506,0.041267922704433,0.0420704643352805,0.0427576937476672,0.0433277272935425,0.0437790025505794,0.044110282604666,0.0443206594402022,0.0444095564289037,0.044376729910304,0.0442222698596084,0.0439465996410804,0.0435504748476266,0.0430349812297724,0.0424015317196915,0.0416518625584616,0.0407880285371446,0.039812397364748,0.0387276431785008,0.0375367392142267,0.0362429496569131,0.0348498206938065,0.0333611707945594,0.0317810802450709,0.0301138799637068,0.0283641396305521,0.0265366551622374,0.024636435566663,0.0226686892136581,0.0206388095591999
0.0136227833362492,0.0110159594392647,0.00837894156316718,0.00571895759065822,0.00304329835291315,0.000359297645919695,-0.00232568787094663,-0.00500429883901547,-0.00766919337181084,-0.0103130671786534,-0.0129286735852115,-0.015508843396134,-0.018046504545314,-0.0205347014799323,-0.022966614225144,-0.0253355770771542,-0.0276350968734503,-0.0298588707901082,-0.0320008036173953,-0.0340550244663155,-0.0360159028603094,-0.0378780641679977,-0.0396364043346738,-0.0412861038721611,-0.0428226410686969,-0.0442418043826282,-0.0455397039859571,-0.0467127824260863,-0.0477578243765519,-0.0486719654500062,-0.0494527000493094,-0.0500978882351923,-0.0506057615916843,-0.0509749280732165,-0.0512043758201242,-0.051293475932081,-0.0512419841918743,-0.051050041734784,-0.0507181746617437,-0.0502472925973321,-0.0496386861965585,-0.0488940236072625,-0.0480153458978409,-0.0470050614628192,-0.0458659394216099,-0.044601102028548,-0.0432140161150101,-0.0417084835870712,-0.0400886310047407,-0.038358898271353,-0.0365240264640977,-0.0345890448390585,-0.0325592570463705,-0.0304402265932842,-0.0282377615949801,-0.0259578988549271,-0.023606887318424,-0.0211911709446756,-0.0187173710443483,-0.016192268131017,-0.0136227833362491,-0.0110159594392647,-0.00837894156316725,-0.00571895759065821,-0.00304329835291315,-0.0003592976459196,0.00232568787094672,0.00500429883901542,0.00766919337181101,0.0103130671786534,0.0129286735852116,0.015508843396134,0.0180465045453141,0.0205347014799325,0.0229666142251439,0.0253355770771543,0.0276350968734504,0.0298588707901084,0.0320008036173952,0.0340550244663154,0.0360159028603096,0.0378780641679979,0.0396364043346738,0.041286103872161,0.0428226410686961,0.044241804382628,0.0455397039859568,0.0467127824260864,0.0477578243765517,0.0486719654500061,0.0494527000493092,0.0500978882351927,0.0506057615916843,0.050974928073217,0.0512043758201238,0.0512934759320812,0.0512419841918747,0.0510500417347841,0.0507181746617436,0.0502472925973324,0.0496386861965587,0.0488940236072623,0.0480153458978409,0.0470050614628192,0.0458659394216096,0.044601102028548,0.0432140161150107,0.041708483587071,0.0400886310047407,0.0383588982713532,0.0365240264640978,0.0345890448390584,0.0325592570463702,0.0304402265932842,0.0282377615949802,0.0259578988549271,0.0236068873184239,0.0211911709446759,0.0187173710443484,0.0161922681310168
0.00747848990920654,0.00441643168099381,0.00134226832052533,-0.00173557410410956,-0.00480865944076339,-0.00786856457613594,-0.0109069025229426,-0.013915345408063,-0.0168856472986642,-0.0198096668037265,-0.0226793893890327,-0.0254869493444487,-0.0282246513432878,-0.0308849915346663,-0.0334606781110376,-0.0359446512945301,-0.0383301026873061,-0.0406104939329091,-0.0427795746374429,-0.0448313995014668,-0.04676034461565,-0.0485611228755133,-0.0502287984730172,-0.0517588004252672,-0.0531469351032618,-0.0543893977263368,-0.0554827827908036,-0.0564240934042029,-0.0572107494995717,-0.0578405949072323,-0.0583119032647026,-0.0586233827485356,-0.0587741796151154,-0.0587638805407142,-0.0585925137543773,-0.0582605489605558,-0.0577688960516748,-0.0571189026141824,-0.0563123502349107,-0.055351449617869,-0.0542388345248569,-0.0529775545565067,-0.0515710667935423,-0.0500232263211576,-0.0483382756624989,-0.0465208331502004,-0.0445758802678614,-0.0425087479961398,-0.0403251022009073,-0.0380309281035058,-0.0356325138756701,-0.0331364334040866,-0.0305495282718276,-0.0278788890060477,-0.0251318356433398,-0.0223158976660258,-0.0194387933643685,-0.0165084086812733,-0.0135327755974684,-0.0105200501164022,-0.0074784899092068,-0.00441643168099361,-0.00134226832052537,0.00173557410410959,0.00480865944076341,0.00786856457613597,0.0109069025229423,0.013915345408063,0.0168856472986642,0.0198096668037266,0.0226793893890328,0.0254869493444488,0.0282246513432877,0.0308849915346666,0.0334606781110379,0.03594465129453,0.0383301026873064,0.0406104939329091,0.042779574637443,0.044831399501467,0.04676034461565,0.0485611228755134,0.050228798473017,0.0517588004252673,0.0531469351032616,0.0543893977263363,0.0554827827908038,0.056424093404203,0.0572107494995717,0.0578405949072327,0.0583119032647028,0.0586233827485351,0.0587741796151154,0.0587638805407138,0.0585925137543777,0.058260548960556,0.0577688960516746,0.0571189026141825,0.0563123502349111,0.0553514496178691,0.0542388345248572,0.052977554556507,0.0515710667935425,0.0500232263211578,0.0483382756624985,0.0465208331502007,0.0445758802678617,0.0425087479961398,0.0403251022009073,0.0380309281035059,0.03563251387567,0.0331364334040867,0.0305495282718278,0.0278788890060476,0.0251318356433398,0.0223158976660259,0.0194387933643685,0.0165084086812734,0.0135327755974683,0.0105200501164022
0.000327817241352718,-0.00316294664248003,-0.00664504110941909,-0.0101089219805688,-0.013545094999232,-0.0169441418540101,-0.0202967459937396,-0.0235937181635098,-0.0268260215917728,-0.0299847967595068,-0.0330613856835405,-0.0360473556474845,-0.0389345223152199,-0.0417149721635943,-0.044381084172841,-0.0469255507152607,-0.0493413975849259,-0.051622003113488,-0.0537611163197183,-0.0557528740430052,-0.0575918170138753,-0.0592729048174683,-0.0607915297089658,-0.0621435292430983,-0.0633251976831199,-0.0643332961579713,-0.0651650615398076,-0.0658182140175304,-0.0662909633455995,-0.0665820137509664,-0.0666905674847008,-0.0666163270085644,-0.0663594958105412,-0.0659207778470943,-0.0653013756136652,-0.0645029868487217,-0.0635277998803736,-0.0623784876283169,-0.0610582002775462,-0.0595705566439181,-0.0579196342552276,-0.0561099581749881,-0.0541464885995465,-0.0520346072625298,-0.0497801026838876,-0.0473891543039613,-0.0448683155460679,-0.0422244958540207,-0.0394649417538265,-0.0365972169914596,-0.0336291818011602,-0.03056897136108,-0.0274249734953218,-0.0242058056834999,-0.0209202914408242,-0.0175774361334607,-0.0141864022954483,-0.0107564845148285,-0.00729708395782789,-0.00381768260091293,-0.00032781724135265,0.00316294664248003,0.00664504110941931,0.0101089219805686,0.0135450949992318,0.0169441418540103,0.0202967459937396,0.0235937181635097,0.026826021591773,0.0299847967595068,0.0330613856835409,0.0360473556474846,0.03893452231522,0.0417149721635945,0.0443810841728409,0.0469255507152607,0.0493413975849253,0.0516220031134881,0.0537611163197181,0.0557528740430053,0.0575918170138751,0.059272904817468,0.0607915297089662,0.0621435292430988,0.0633251976831194,0.0643332961579716,0.0651650615398071,0.0658182140175303,0.0662909633455993,0.0665820137509662,0.0666905674847011,0.0666163270085648,0.066359495810542,0.0659207778470943,0.0653013756136651,0.0645029868487213,0.063527799880374,0.0623784876283166,0.0610582002775464,0.0595705566439183,0.0579196342552275,0.0561099581749883,0.0541464885995467,0.0520346072625301,0.0497801026838874,0.0473891543039614,0.0448683155460678,0.0422244958540206,0.0394649417538266,0.0365972169914598,0.0336291818011605,0.03056897136108,0.027424973495322,0.0242058056835,0.0209202914408243,0.0175774361334608,0.014186402295448,0.0107564845148287,0.00729708395782784,0.00381768260091288
-0.0075529143958362,-0.0114358661356905,-0.0152874729613644,-0.0190971778862705,-0.0228545387740187,-0.0265492569595865,-0.030171205477245,-0.0337104568178646,-0.037157310139532,-0.0405023178568797,-0.0437363115362632,-0.0468504270257991,-0.0498361287513915,-0.052685233112143,-0.0553899309110393,-0.0579428087594153,-0.0603368693965373,-0.0625655508686075,-0.064622744514625,-0.0665028117098003,-0.0682005993206322,-0.069711453829292,-0.0710312340885893,-0.0721563226725712,-0.073083635791631,-0.0738106317449678,-0.0743353178872056,-0.074656256090099,-0.0747725666843419,-0.0746839308706806,-0.0743905915937192,-0.0738933528760266,-0.0731935776143639,-0.0722931838440842,-0.0711946394819247,-0.0699009555616245,-0.068415677980886,-0.0667428777823166,-0.0648871399949871,-0.062853551067181,-0.0606476849247961,-0.0582755876936014,-0.0557437611272253,-0.0530591447863005,-0.0502290970176123,-0.0472613747853808,-0.0441641124099602,-0.040945799272234,-0.0376152565448101,-0.0341816130138011,-0.0306542800574564,-0.0270429258502268,-0.0233574488629728,-0.0196079507319414,-0.0158047085708859,-0.0119581468022095,-0.00807880858434871,-0.00417732691370921,-0.000264395480361857,0.0036492606426194,0.00755291439583613,0.0114358661356907,0.0152874729613643,0.0190971778862703,0.0228545387740186,0.0265492569595867,0.0301712054772448,0.0337104568178648,0.0371573101395316,0.0405023178568798,0.0437363115362634,0.0468504270258001,0.0498361287513915,0.0526852331121425,0.0553899309110388,0.0579428087594153,0.0603368693965369,0.0625655508686076,0.0646227445146253,0.0665028117098004,0.0682005993206322,0.0697114538292923,0.0710312340885896,0.072156322672571,0.0730836357916312,0.0738106317449678,0.0743353178872051,0.0746562560900991,0.0747725666843421,0.0746839308706807,0.0743905915937191,0.0738933528760269,0.0731935776143641,0.0722931838440839,0.0711946394819251,0.0699009555616248,0.0684156779808858,0.0667428777823166,0.0648871399949869,0.0628535510671813,0.0606476849247966,0.0582755876936014,0.0557437611272252,0.0530591447863006,0.0502290970176126,0.047261374785381,0.0441641124099605,0.0409457992722338,0.0376152565448101,0.0341816130138014,0.0306542800574564,0.0270429258502269,0.023357448862973,0.0196079507319417,0.0158047085708859,0.0119581468022093,0.00807880858434858,0.00417732691370932,0.000264395480361825,-0.00364926064261959
-0.0158357687790298,-0.0200671329373759,-0.0242434944791897,-0.0283534062877811,-0.0323856033805585,-0.0363290337855653,-0.0401728888341662,-0.043906632786856,-0.04752003171099,-0.0510031815312803,-0.0543465351761816,-0.0575409287457466,-0.0605776066292395,-0.0634482455036602,-0.0661449771473889,-0.0686604100064371,-0.0709876494541841,-0.0731203166890685,-0.0750525662184392,-0.076779101880645,-0.0782951913614459,-0.0795966791649573,-0.0806799980035746,-0.0815421785756619,-0.0821808577042008,-0.082594284814094,-0.0827813267303693,-0.0827414707841377,-0.0824748262177747,-0.081982123885504,-0.0812647142501706,-0.0803245636817185,-0.0791642490675067,-0.0777869507492407,-0.0761964438058754,-0.0743970877063882,-0.072393814360776,-0.0701921146020332,-0.06779802313616,-0.065218102001454,-0.0624594225824163,-0.0595295462275807,-0.0564365035243846,-0.0531887722878808,-0.0497952543236422,-0.0462652510285283,-0.0426084378962037,-0.0388348379972811,-0.0349547945067847,-0.0309789423542233,-0.0269181790739888,-0.0227836349359722,-0.0185866424382672,-0.0143387052455806,-0.010051466658487,-0.00573667769995119,-0.00140616490659161,0.00292820208703571,0.00725454308227934,0.0115609998791914,0.0158357687790298,0.0200671329373758,0.02424349447919,0.0283534062877809,0.0323856033805584,0.0363290337855655,0.0401728888341663,0.0439066327868559,0.0475200317109896,0.0510031815312807,0.0543465351761816,0.057540928745746,0.0605776066292399,0.06344824550366,0.066144977147389,0.0686604100064372,0.0709876494541844,0.0731203166890691,0.0750525662184395,0.0767791018806447,0.0782951913614457,0.0795966791649571,0.0806799980035746,0.0815421785756618,0.0821808577042009,0.0825942848140937,0.0827813267303698,0.0827414707841378,0.0824748262177745,0.0819821238855037,0.0812647142501703,0.0803245636817184,0.0791642490675064,0.0777869507492403,0.0761964438058752,0.0743970877063886,0.0723938143607759,0.0701921146020331,0.0677980231361602,0.0652181020014535,0.0624594225824162,0.0595295462275807,0.0564365035243846,0.053188772287881,0.0497952543236424,0.0462652510285283,0.0426084378962033,0.0388348379972813,0.0349547945067848,0.0309789423542232,0.0269181790739888,0.0227836349359724,0.0185866424382674,0.0143387052455803,0.0100514666584868,0.00573667769995123,0.00140616490659148,-0.00292820208703574,-0.00725454308227924,-0.0115609998791914
-0.0241608356798102,-0.0286925166407162,-0.0331455534079025,-0.0375077405171169,-0.0417671215167049,-0.0459120217394124,-0.0499310803018382,-0.0538132812438232,-0.0575479837224344,-0.0611249511777738,-0.0645343793906775,-0.0677669233554018,-0.0708137228936296,-0.0736664269396077,-0.0763172164298348,-0.078758825734572,-0.0809845625724306,-0.0829883263534453,-0.0847646249003731,-0.0863085895023663,-0.0876159882597699,-0.0886832376834655,-0.0895074125169674,-0.090086253754344,-0.0904181748319998,-0.0905022659773297,-0.0903382967023524,-0.0899267164354511,-0.0892686532895298,-0.0883659109699302,-0.0872209638306012,-0.0858369500920673,-0.0842176632397844,-0.082367541626459,-0.0802916563068335,-0.0779956971382756,-0.0754859571852749,-0.0727693154705953,-0.0698532181203437,-0.0667456579546615,-0.0634551525799591,-0.0599907210427494,-0.0563618591090648,-0.0525785132372278,-0.0486510533152945,-0.044590244237917,-0.0404072164005141,-0.0361134351916281,-0.0317206695670958,-0.0272409597921569,-0.0226865844399236,-0.0180700267366658,-0.0134039403461548,-0.00870111468685137,-0.00397443987699867,0.000763128596297171,0.00549860538715501,0.0102190108828499,0.0149114067800296,0.0195629315477048,0.0241608356798098,0.028692516640716,0.0331455534079024,0.0375077405171167,0.0417671215167046,0.0459120217394126,0.0499310803018382,0.0538132812438229,0.0575479837224339,0.0611249511777735,0.0645343793906777,0.0677669233554021,0.0708137228936299,0.0736664269396072,0.0763172164298343,0.0787588257345723,0.0809845625724299,0.0829883263534451,0.0847646249003734,0.086308589502366,0.0876159882597699,0.0886832376834656,0.0895074125169677,0.0900862537543444,0.0904181748319997,0.0905022659773304,0.090338296702352,0.0899267164354512,0.0892686532895298,0.0883659109699307,0.0872209638306017,0.0858369500920677,0.0842176632397848,0.0823675416264592,0.0802916563068332,0.077995697138275,0.0754859571852752,0.0727693154705954,0.069853218120343,0.0667456579546614,0.0634551525799591,0.0599907210427494,0.056361859109065,0.0525785132372272,0.0486510533152944,0.0445902442379171,0.0404072164005138,0.0361134351916282,0.0317206695670958,0.027240959792157,0.0226865844399236,0.0180700267366658,0.0134039403461548,0.00870111468685154,0.00397443987699858,-0.000763128596297044,-0.00549860538715486,-0.01021901088285,-0.0149114067800301,-0.0195629315477046
-0.0321573546836792,-0.0369397023955181,-0.0416208009507382,-0.0461878197835792,-0.0506282410128691,-0.0549298937526683,-0.0590809874718221,-0.0630701443109841,-0.0668864302685422,-0.0705193851699529,-0.0739590513383551,-0.077196000887869,-0.0802213615647785,-0.0830268410657562,-0.0856047497664984,-0.0879480217984436,-0.0900502344158316,-0.0919056256000008,-0.0935091098526814,-0.094856292134995,-0.0959434799139467,-0.0967676932834031,-0.0973266731318099,-0.0976188873342559,-0.0976435349519263,-0.0974005484274109,-0.0968905937698853,-0.0961150687296197,-0.0950760989668411,-0.0937765322254549,-0.0922199305275646,-0.0904105604102267,-0.0883533812311657,-0.0860540315755188,-0.0835188138008647,-0.0807546767629051,-0.0777691967691273,-0.0745705568126747,-0.0711675241433348,-0.0675694262371127,-0.0637861252302676,-0.059827990887885,-0.0557058721810716,-0.0514310675506776,-0.0470152939390569,-0.0424706546747422,-0.0378096062980631,-0.0330449244186348,-0.0281896686982995,-0.0232571470555021,-0.0182608791892096,-0.0132145595223577,-0.00813201966638801,-0.00302719050976219,0.00208593596563325,0.00719334503553859,0.0122810376467047,0.0173350687873257,0.0223415857093464,0.0272868658978824,0.0321573546836795,0.0369397023955182,0.0416208009507388,0.0461878197835791,0.0506282410128692,0.0549298937526685,0.0590809874718223,0.0630701443109846,0.0668864302685429,0.0705193851699529,0.0739590513383551,0.0771960008878688,0.0802213615647785,0.0830268410657565,0.0856047497664983,0.0879480217984435,0.0900502344158321,0.0919056256000002,0.0935091098526818,0.0948562921349953,0.0959434799139461,0.096767693283404,0.0973266731318095,0.0976188873342574,0.097643534951926,0.0974005484274108,0.0968905937698853,0.0961150687296193,0.0950760989668415,0.0937765322254549,0.0922199305275646,0.0904105604102269,0.0883533812311662,0.0860540315755183,0.0835188138008654,0.080754676762905,0.0777691967691267,0.0745705568126743,0.071167524143335,0.0675694262371121,0.0637861252302669,0.0598279908878848,0.0557058721810711,0.0514310675506775,0.0470152939390572,0.0424706546747426,0.0378096062980634,0.0330449244186352,0.0281896686982996,0.0232571470555016,0.0182608791892098,0.0132145595223575,0.00813201966638792,0.00302719050976224,-0.00208593596563316,-0.00719334503553857,-0.012281037646705,-0.0173350687873257,-0.0223415857093462,-0.0272868658978826
-0.039464755050816,-0.044448907721846,-0.049311229026416,-0.0540383916798062,-0.0586174388577646,-0.0630358197102621,-0.0672814237624996,-0.0713426141088785,-0.0752082593089496,-0.0788677638979171,-0.0823110974280706,-0.0855288219615487,-0.088512117939065,-0.0912528083537131,-0.0937433811635679,-0.0959770098816767,-0.0979475722869793,-0.0996496672048956,-0.101078629311567,-0.102230541921185,-0.103102247721355,-0.103691357427069,-0.103996256329574,-0.104016108722171,-0.103750860190831,-0.103201237763341,-0.102368747916574,-0.101255672447331,-0.0998650622181045,-0.0982007287948751,-0.0962672339998677,-0.0940698774079191,-0.091614681820713,-0.0889083767586947,-0.0859583800159251,-0.0827727773284275,-0.0793603002117373,-0.0757303020284339,-0.0718927323512184,-0.0678581096918311,-0.0636374926705384,-0.0592424497052227,-0.054685027303158,-0.0499777170423644,-0.0451334213330661,-0.0401654180530804,-0.0350873241540744,-0.0299130583384522,-0.0246568029091557,-0.0193329648969584,-0.0139561365717967,-0.00854105544637056,-0.00310256388164751,0.00234443159501857,0.00778500114764211,0.0132042325532488,0.0185872720752419,0.0239193651764623,0.0291858969603487,0.0343724322293534,0.0394647550508161,0.0444489077218464,0.0493112290264161,0.054038391679806,0.0586174388577642,0.0630358197102622,0.0672814237624995,0.071342614108879,0.0752082593089494,0.0788677638979167,0.0823110974280705,0.0855288219615483,0.088512117939065,0.0912528083537132,0.0937433811635678,0.0959770098816766,0.0979475722869795,0.0996496672048963,0.101078629311567,0.102230541921184,0.103102247721354,0.103691357427069,0.103996256329573,0.10401610872217,0.10375086019083,0.103201237763342,0.102368747916574,0.101255672447331,0.0998650622181049,0.0982007287948755,0.0962672339998679,0.094069877407919,0.091614681820713,0.0889083767586944,0.0859583800159261,0.0827727773284275,0.0793603002117376,0.0757303020284332,0.0718927323512182,0.0678581096918312,0.0636374926705376,0.059242449705223,0.0546850273031579,0.049977717042364,0.0451334213330663,0.04016541805308,0.0350873241540746,0.0299130583384522,0.0246568029091558,0.019332964896958,0.0139561365717965,0.00854105544637052,0.00310256388164756,-0.00234443159501851,-0.00778500114764211,-0.0132042325532488,-0.0185872720752419,-0.0239193651764622,-0.0291858969603488,-0.0343724322293533
-0.0457519053338439,-0.0508914444677737,-0.0558914936898385,-0.0607383482126689,-0.0654187231449195,-0.0699197899042293,-0.0742292113794771,-0.0783351757459431,-0.0822264288407,-0.0858923050094937,-0.0893227563405581,-0.0925083802052407,-0.0954404450299602,-0.0981109142288353,-0.100512468231416,-0.102638524545111,-0.104483255797344,-0.106041605707977,-0.107309302948228,-0.108282872848076,-0.108959646920097,-0.109337770173601,-0.109416206199037,-0.109194740008707,-0.108673978626046,-0.107855349421808,-0.106741096201737,-0.105334273056461,-0.103638735990432,-0.101659132352894,-0.0994008880998154,-0.0968701929217271,-0.0940739832782038,-0.0910199233855188,-0.0877163842095504,-0.0841724205215545,-0.0803977460796629,-0.0764027070041459,-0.0721982534194171,-0.0677959094405053,-0.063207741586252,-0.0584463257058279,-0.0535247125091977,-0.0484563917960377,-0.043255255481127,-0.0379355595175781,-0.0325118848222606,-0.0269990973105186,-0.0214123071497324,-0.0157668273433996,-0.010078131759258,-0.00436181271648595,0.00136646175175556,0.00709099084331741,0.0127960840218662,0.0184661040235563,0.0240855097176807,0.0296388987038319,0.0351110495288109,0.0404869634075707,0.0457519053338444,0.0508914444677741,0.0558914936898383,0.0607383482126691,0.0654187231449196,0.0699197899042298,0.0742292113794772,0.0783351757459425,0.0822264288406998,0.0858923050094934,0.0893227563405579,0.0925083802052409,0.0954404450299593,0.0981109142288358,0.100512468231416,0.102638524545111,0.104483255797344,0.106041605707977,0.107309302948229,0.108282872848077,0.108959646920097,0.109337770173602,0.109416206199036,0.109194740008707,0.108673978626047,0.107855349421808,0.106741096201738,0.105334273056462,0.103638735990432,0.101659132352894,0.0994008880998151,0.096870192921727,0.0940739832782037,0.091019923385518,0.0877163842095501,0.0841724205215549,0.0803977460796629,0.0764027070041458,0.0721982534194173,0.0677959094405051,0.0632077415862522,0.0584463257058278,0.0535247125091977,0.0484563917960377,0.0432552554811267,0.0379355595175784,0.0325118848222607,0.026999097310518,0.0214123071497322,0.0157668273433996,0.0100781317592579,0.00436181271648625,-0.00136646175175544,-0.00709099084331738,-0.0127960840218661,-0.0184661040235562,-0.0240855097176804,-0.0296388987038322,-0.0351110495288111,-0.0404869634075707
-0.050733909385019,-0.0559857358268167,-0.0610841092582334,-0.0660150553920779,-0.0707650588477427,-0.075321100195925,-0.0796706916439757,-0.0838019112640717,-0.0877034356703934,-0.091364571055733,-0.0947752825024824,-0.0979262214876409,-0.100808751506471,-0.103414971744552,-0.105737738733367,-0.107770685930055,-0.109508241167656,-0.110945641928042,-0.11207894839564,-0.112905054256197,-0.113421695210973,-0.113627455183021,-0.11352177019856,-0.113104929932786,-0.112378076915893,-0.111343203401479,-0.110003145905911,-0.108361577433642,-0.106422997409746,-0.104192719347323,-0.101676856283516,-0.0988823040241072,-0.0958167222425933,-0.0924885134855512,-0.088906800141842,-0.0850813994387811,-0.0810227965337949,-0.0767421157753338,-0.0722510902118109,-0.0675620294321302,-0.0626877858259544,-0.0576417193562049,-0.052437660940326,-0.047089874540708,-0.0416130180681504,-0.0360221032055532,-0.0303324542619355,-0.024559666169569,-0.0187195617393525,-0.0128281482915901,-0.00690157378103353,-0.000956082536465778,0.00499202926387772,0.0109264582590007,0.0168309385915247,0.0226892864912733,0.0284854446338627,0.0342035261527092,0.0398278581838293,0.0453430248240678,0.0507339093850189,0.0559857358268165,0.0610841092582332,0.0660150553920777,0.0707650588477426,0.0753211001959248,0.0796706916439752,0.083801911264072,0.0877034356703934,0.091364571055733,0.0947752825024816,0.097926221487641,0.100808751506471,0.103414971744551,0.105737738733366,0.107770685930054,0.109508241167656,0.110945641928043,0.11207894839564,0.112905054256198,0.113421695210973,0.113627455183022,0.113521770198559,0.113104929932785,0.112378076915893,0.111343203401479,0.110003145905911,0.108361577433642,0.106422997409746,0.104192719347323,0.101676856283516,0.0988823040241067,0.0958167222425931,0.0924885134855512,0.0889068001418424,0.0850813994387813,0.0810227965337944,0.0767421157753329,0.0722510902118106,0.06756202943213,0.0626877858259544,0.0576417193562048,0.0524376609403264,0.0470898745407082,0.0416130180681501,0.0360221032055533,0.0303324542619355,0.024559666169569,0.018719561739353,0.0128281482915901,0.00690157378103369,0.000956082536465942,-0.00499202926387762,-0.0109264582590006,-0.0168309385915246,-0.0226892864912734,-0.0284854446338624,-0.0342035261527091,-0.0398278581838292,-0.0453430248240677
-0.0541854699432359,-0.0595098530589837,-0.0646711238039757,-0.0696551354938554,-0.0744482272990163,-0.0790372616879824,-0.083409660436475,-0.0875534391034461,-0.0914572398795986,-0.095110362718356,-0.0985027946639434,-0.101625237296202,-0.104469132216915,-0.107026684507783,-0.109290884095747,-0.111255524967121,-0.112915222177838,-0.114265426613205,-0.11530243745672,-0.116023412333738,-0.116426375102239,-0.116510221269281,-0.116274721018352,-0.115720519839269,-0.114849136758939,-0.11366296017782,-0.112165241323469,-0.110360085339159,-0.108252440031972,-0.105848082311191,-0.103153602354206,-0.100176385543286,-0.0969245922227678,-0.0934071353321124,-0.0896336559761625,-0.0856144969995402,-0.0813606746376337,-0.0768838483218562,-0.0721962887219592,-0.0673108441129777,-0.0622409051590025,-0.0570003682102984,-0.0516035972143771,-0.0460653843454127,-0.0404009094599236,-0.0346256984898375,-0.0287555808869933,-0.0228066462357143,-0.0167952001523735,-0.0107377195928348,-0.00465080769026232,0.00144885175291576,0.00754453999414745,0.0136195491756695,0.0196572281195847,0.025641027967581,0.0315545475402047,0.0373815782913499,0.0431061487347597,0.0487125682207601,0.054185469943236,0.0595098530589837,0.0646711238039754,0.0696551354938553,0.0744482272990164,0.0790372616879825,0.0834096604364748,0.0875534391034458,0.0914572398795982,0.0951103627183568,0.0985027946639433,0.101625237296203,0.104469132216915,0.107026684507782,0.109290884095747,0.111255524967122,0.112915222177838,0.114265426613205,0.115302437456719,0.116023412333738,0.116426375102239,0.116510221269282,0.116274721018353,0.115720519839268,0.114849136758939,0.11366296017782,0.112165241323468,0.11036008533916,0.108252440031973,0.105848082311192,0.103153602354205,0.100176385543287,0.0969245922227681,0.0934071353321125,0.0896336559761625,0.0856144969995405,0.0813606746376339,0.0768838483218566,0.0721962887219596,0.0673108441129781,0.0622409051590023,0.0570003682102984,0.0516035972143767,0.0460653843454128,0.0404009094599234,0.0346256984898374,0.0287555808869936,0.0228066462357143,0.0167952001523735,0.010737719592835,0.00465080769026205,-0.00144885175291565,-0.00754453999414714,-0.0136195491756697,-0.0196572281195846,-0.0256410279675809,-0.0315545475402045,-0.0373815782913497,-0.0431061487347597,-0.0487125682207601
-0.0559509701114757,-0.061310884234416,-0.0665027494853354,-0.0715123353224673,-0.0763259108192399,-0.0809302822998072,-0.0853128295019851,-0.0894615401685202,-0.0933650429718487,-0.0970126386821161,-0.100394329493022,-0.103500846425111,-0.106323674731404,-0.108855077235728,-0.111088115539771,-0.113016669040761,-0.114635451707602,-0.115940026569525,-0.116926817877512,-0.117593120905182,-0.117937109362248,-0.11795784040026,-0.117655257196884,-0.117030189111648,-0.116084349412726,-0.114820330580988,-0.11324159720419,-0.111352476480783,-0.109158146359356,-0.10666462134625,-0.1038787360202,-0.100808126299241,-0.0974612085111822,-0.0938471563250409,-0.0899758756066481,-0.085857977267364,-0.0815047481803041,-0.0769281202438086,-0.0721406376769323,-0.0671554226366183,-0.0619861392507724,-0.0566469561658453,-0.0511525077115486,-0.0455178537891818,-0.0397584385934857,-0.0338900482811804,-0.027928767702205,-0.0218909363122622,-0.0157931033875079,-0.00965198266413369,-0.00348440652717843,0.00269272012587008,0.00886246622022199,0.0150079209106869,0.0211122399331233,0.0271586917733969,0.0331307035272967,0.0390119063257161,0.0447861802005806,0.0504376982685643,0.0559509701114753,0.0613108842344154,0.0665027494853356,0.0715123353224667,0.0763259108192402,0.0809302822998071,0.0853128295019854,0.0894615401685198,0.0933650429718493,0.0970126386821161,0.100394329493022,0.103500846425111,0.106323674731406,0.108855077235728,0.111088115539772,0.113016669040761,0.114635451707602,0.115940026569525,0.116926817877513,0.117593120905183,0.117937109362249,0.11795784040026,0.117655257196884,0.117030189111648,0.116084349412725,0.114820330580987,0.113241597204189,0.111352476480782,0.109158146359357,0.10666462134625,0.1038787360202,0.100808126299241,0.0974612085111825,0.0938471563250406,0.089975875606648,0.0858579772673633,0.0815047481803039,0.0769281202438085,0.0721406376769321,0.0671554226366186,0.0619861392507734,0.0566469561658453,0.0511525077115485,0.0455178537891814,0.039758438593486,0.0338900482811803,0.0279287677022048,0.0218909363122622,0.015793103387508,0.00965198266413391,0.00348440652717818,-0.00269272012587016,-0.00886246622022172,-0.0150079209106869,-0.0211122399331235,-0.0271586917733971,-0.0331307035272975,-0.0390119063257159,-0.0447861802005805,-0.0504376982685648
-0.0559509701114754,-0.0613108842344155,-0.0665027494853356,-0.071512335322467,-0.0763259108192402,-0.0809302822998071,-0.085312829501985,-0.0894615401685201,-0.0933650429718484,-0.0970126386821163,-0.100394329493021,-0.103500846425111,-0.106323674731405,-0.108855077235728,-0.111088115539772,-0.113016669040761,-0.114635451707602,-0.115940026569525,-0.116926817877513,-0.117593120905183,-0.117937109362249,-0.11795784040026,-0.117655257196885,-0.117030189111648,-0.116084349412726,-0.114820330580987,-0.11324159720419,-0.111352476480782,-0.109158146359356,-0.10666462134625,-0.1038787360202,-0.10080812629924,-0.0974612085111827,-0.0938471563250408,-0.0899758756066484,-0.0858579772673637,-0.0815047481803044,-0.0769281202438088,-0.0721406376769329,-0.0671554226366179,-0.0619861392507731,-0.0566469561658451,-0.0511525077115484,-0.0455178537891819,-0.0397584385934859,-0.0338900482811803,-0.0279287677022047,-0.021890936312262,-0.0157931033875079,-0.00965198266413386,-0.00348440652717864,0.00269272012587001,0.00886246622022202,0.0150079209106868,0.0211122399331234,0.0271586917733968,0.0331307035272973,0.039011906325716,0.0447861802005804,0.0504376982685644,0.0559509701114752,0.0613108842344149,0.0665027494853359,0.0715123353224665,0.0763259108192403,0.0809302822998068,0.085312829501984,0.0894615401685197,0.0933650429718486,0.0970126386821164,0.100394329493022,0.103500846425111,0.106323674731405,0.108855077235727,0.111088115539772,0.11301666904076,0.114635451707602,0.115940026569525,0.116926817877513,0.117593120905182,0.117937109362249,0.11795784040026,0.117655257196884,0.117030189111649,0.116084349412726,0.114820330580988,0.113241597204189,0.111352476480782,0.109158146359357,0.106664621346249,0.1038787360202,0.100808126299241,0.0974612085111834,0.0938471563250412,0.0899758756066484,0.0858579772673641,0.0815047481803044,0.0769281202438086,0.0721406376769325,0.0671554226366184,0.0619861392507732,0.0566469561658454,0.0511525077115486,0.0455178537891817,0.0397584385934859,0.0338900482811804,0.027928767702205,0.021890936312262,0.0157931033875079,0.00965198266413381,0.00348440652717845,-0.00269272012587027,-0.00886246622022214,-0.015007920910687,-0.0211122399331235,-0.027158691773397,-0.0331307035272972,-0.0390119063257162,-0.0447861802005807,-0.0504376982685645
-0.0541854699432362,-0.0595098530589837,-0.0646711238039752,-0.0696551354938557,-0.0744482272990158,-0.0790372616879828,-0.0834096604364749,-0.087553439103446,-0.0914572398795988,-0.0951103627183566,-0.0985027946639435,-0.101625237296202,-0.104469132216916,-0.107026684507782,-0.109290884095748,-0.111255524967122,-0.112915222177838,-0.114265426613206,-0.115302437456719,-0.116023412333738,-0.116426375102238,-0.116510221269282,-0.116274721018352,-0.115720519839268,-0.11484913675894,-0.11366296017782,-0.112165241323469,-0.11036008533916,-0.108252440031972,-0.105848082311191,-0.103153602354206,-0.100176385543287,-0.0969245922227682,-0.0934071353321128,-0.089633655976162,-0.0856144969995409,-0.0813606746376341,-0.0768838483218566,-0.0721962887219595,-0.067310844112978,-0.062240905159002,-0.0570003682102984,-0.0516035972143774,-0.0460653843454127,-0.0404009094599236,-0.0346256984898375,-0.0287555808869936,-0.0228066462357145,-0.0167952001523736,-0.0107377195928351,-0.00465080769026229,0.00144885175291546,0.00754453999414721,0.0136195491756699,0.0196572281195848,0.0256410279675811,0.0315545475402044,0.0373815782913496,0.0431061487347601,0.0487125682207603,0.0541854699432365,0.0595098530589836,0.0646711238039755,0.0696551354938554,0.0744482272990155,0.0790372616879824,0.083409660436475,0.0875534391034454,0.0914572398795978,0.0951103627183565,0.0985027946639436,0.101625237296202,0.104469132216915,0.107026684507782,0.109290884095748,0.111255524967122,0.112915222177838,0.114265426613206,0.11530243745672,0.116023412333738,0.116426375102238,0.116510221269282,0.116274721018352,0.115720519839269,0.114849136758941,0.11366296017782,0.112165241323469,0.110360085339159,0.108252440031972,0.105848082311191,0.103153602354206,0.100176385543287,0.0969245922227673,0.093407135332113,0.0896336559761625,0.0856144969995406,0.081360674637634,0.0768838483218567,0.0721962887219594,0.0673108441129783,0.0622409051590023,0.0570003682102983,0.0516035972143771,0.0460653843454126,0.0404009094599234,0.0346256984898375,0.0287555808869937,0.0228066462357142,0.0167952001523732,0.0107377195928351,0.00465080769026235,-0.00144885175291578,-0.0075445399941474,-0.0136195491756697,-0.0196572281195849,-0.0256410279675815,-0.0315545475402044,-0.0373815782913497,-0.0431061487347601,-0.0487125682207604
-0.0507339093850187,-0.0559857358268162,-0.0610841092582329,-0.0660150553920779,-0.0707650588477424,-0.075321100195925,-0.0796706916439751,-0.0838019112640722,-0.0877034356703931,-0.0913645710557325,-0.094775282502482,-0.0979262214876407,-0.100808751506471,-0.103414971744551,-0.105737738733367,-0.107770685930054,-0.109508241167656,-0.110945641928043,-0.11207894839564,-0.112905054256198,-0.113421695210974,-0.113627455183021,-0.11352177019856,-0.113104929932786,-0.112378076915892,-0.111343203401478,-0.11000314590591,-0.108361577433641,-0.106422997409745,-0.104192719347323,-0.101676856283515,-0.0988823040241065,-0.0958167222425927,-0.0924885134855505,-0.0889068001418427,-0.0850813994387812,-0.0810227965337939,-0.0767421157753326,-0.072251090211811,-0.0675620294321296,-0.0626877858259541,-0.0576417193562047,-0.0524376609403261,-0.0470898745407075,-0.04161301806815,-0.0360221032055531,-0.0303324542619355,-0.0245596661695685,-0.0187195617393527,-0.0128281482915901,-0.00690157378103363,-0.000956082536465947,0.00499202926387757,0.0109264582590004,0.0168309385915247,0.0226892864912732,0.0284854446338627,0.0342035261527091,0.0398278581838295,0.0453430248240678,0.0507339093850186,0.0559857358268164,0.0610841092582329,0.0660150553920772,0.0707650588477421,0.0753211001959244,0.0796706916439753,0.0838019112640716,0.0877034356703926,0.0913645710557325,0.0947752825024818,0.0979262214876406,0.100808751506471,0.103414971744551,0.105737738733367,0.107770685930054,0.109508241167656,0.110945641928042,0.11207894839564,0.112905054256198,0.113421695210973,0.113627455183021,0.11352177019856,0.113104929932785,0.112378076915893,0.111343203401478,0.110003145905911,0.108361577433641,0.106422997409746,0.104192719347323,0.101676856283515,0.098882304024107,0.0958167222425933,0.0924885134855507,0.0889068001418425,0.0850813994387816,0.0810227965337935,0.0767421157753324,0.0722510902118105,0.0675620294321296,0.0626877858259541,0.0576417193562042,0.0524376609403264,0.0470898745407078,0.04161301806815,0.0360221032055532,0.0303324542619354,0.0245596661695688,0.0187195617393528,0.01282814829159,0.00690157378103373,0.000956082536465973,-0.00499202926387763,-0.0109264582590006,-0.0168309385915249,-0.0226892864912735,-0.0284854446338625,-0.0342035261527093,-0.0398278581838294,-0.0453430248240681
-0.0457519053338441,-0.0508914444677742,-0.0558914936898385,-0.0607383482126693,-0.0654187231449198,-0.0699197899042292,-0.074229211379477,-0.0783351757459428,-0.0822264288407,-0.0858923050094941,-0.0893227563405575,-0.0925083802052406,-0.09544044502996,-0.0981109142288357,-0.100512468231416,-0.10263852454511,-0.104483255797344,-0.106041605707978,-0.107309302948228,-0.108282872848076,-0.108959646920096,-0.109337770173601,-0.109416206199036,-0.109194740008707,-0.108673978626047,-0.107855349421808,-0.106741096201737,-0.105334273056461,-0.103638735990432,-0.101659132352894,-0.0994008880998154,-0.0968701929217266,-0.0940739832782044,-0.091019923385519,-0.0877163842095511,-0.0841724205215554,-0.0803977460796629,-0.0764027070041459,-0.072198253419417,-0.0677959094405052,-0.0632077415862522,-0.0584463257058281,-0.0535247125091983,-0.0484563917960379,-0.0432552554811271,-0.0379355595175782,-0.0325118848222604,-0.0269990973105183,-0.0214123071497321,-0.0157668273433994,-0.0100781317592578,-0.00436181271648605,0.00136646175175565,0.00709099084331721,0.0127960840218663,0.0184661040235561,0.0240855097176805,0.0296388987038324,0.0351110495288108,0.0404869634075705,0.0457519053338445,0.0508914444677738,0.0558914936898381,0.0607383482126689,0.0654187231449198,0.0699197899042295,0.0742292113794772,0.0783351757459425,0.0822264288406997,0.085892305009494,0.0893227563405581,0.0925083802052409,0.0954404450299598,0.0981109142288352,0.100512468231417,0.102638524545111,0.104483255797344,0.106041605707978,0.107309302948228,0.108282872848075,0.108959646920096,0.109337770173602,0.109416206199037,0.109194740008707,0.108673978626047,0.107855349421807,0.106741096201738,0.105334273056461,0.103638735990432,0.101659132352894,0.0994008880998155,0.0968701929217275,0.094073983278204,0.0910199233855182,0.0877163842095503,0.0841724205215546,0.0803977460796629,0.0764027070041459,0.0721982534194168,0.0677959094405052,0.0632077415862523,0.0584463257058278,0.053524712509198,0.0484563917960378,0.0432552554811272,0.0379355595175781,0.0325118848222606,0.0269990973105181,0.021412307149732,0.0157668273433995,0.0100781317592577,0.00436181271648576,-0.00136646175175568,-0.00709099084331746,-0.0127960840218663,-0.018466104023556,-0.0240855097176807,-0.0296388987038323,-0.035111049528811,-0.040486963407571
-0.0394647550508162,-0.0444489077218462,-0.0493112290264162,-0.0540383916798066,-0.0586174388577646,-0.0630358197102619,-0.0672814237624995,-0.0713426141088786,-0.0752082593089498,-0.0788677638979167,-0.0823110974280708,-0.0855288219615486,-0.0885121179390655,-0.0912528083537125,-0.0937433811635683,-0.0959770098816759,-0.0979475722869786,-0.0996496672048952,-0.101078629311566,-0.102230541921185,-0.103102247721353,-0.103691357427068,-0.103996256329573,-0.104016108722171,-0.10375086019083,-0.103201237763342,-0.102368747916574,-0.101255672447331,-0.0998650622181045,-0.0982007287948753,-0.0962672339998662,-0.0940698774079187,-0.0916146818207123,-0.0889083767586944,-0.0859583800159259,-0.0827727773284273,-0.0793603002117367,-0.0757303020284332,-0.0718927323512176,-0.067858109691831,-0.0636374926705374,-0.0592424497052224,-0.0546850273031573,-0.0499777170423638,-0.0451334213330662,-0.04016541805308,-0.0350873241540744,-0.029913058338452,-0.0246568029091556,-0.0193329648969584,-0.0139561365717963,-0.00854105544637025,-0.00310256388164732,0.00234443159501886,0.0077850011476421,0.0132042325532487,0.0185872720752419,0.0239193651764622,0.0291858969603487,0.0343724322293537,0.0394647550508162,0.0444489077218461,0.0493112290264162,0.0540383916798062,0.0586174388577646,0.063035819710262,0.067281423762499,0.0713426141088785,0.0752082593089498,0.0788677638979162,0.0823110974280709,0.0855288219615487,0.0885121179390653,0.0912528083537129,0.0937433811635678,0.0959770098816768,0.0979475722869793,0.0996496672048956,0.101078629311567,0.102230541921185,0.103102247721353,0.103691357427069,0.103996256329573,0.104016108722171,0.103750860190831,0.103201237763342,0.102368747916574,0.101255672447331,0.0998650622181047,0.0982007287948748,0.0962672339998671,0.0940698774079191,0.0916146818207126,0.0889083767586947,0.085958380015926,0.0827727773284275,0.0793603002117369,0.0757303020284333,0.0718927323512175,0.0678581096918309,0.0636374926705376,0.059242449705223,0.0546850273031575,0.0499777170423639,0.0451334213330663,0.0401654180530796,0.0350873241540743,0.0299130583384522,0.0246568029091555,0.019332964896958,0.0139561365717963,0.00854105544637013,0.00310256388164734,-0.00234443159501889,-0.00778500114764229,-0.0132042325532488,-0.0185872720752419,-0.0239193651764623,-0.0291858969603488,-0.0343724322293536
-0.0321573546836791,-0.0369397023955181,-0.0416208009507386,-0.046187819783579,-0.050628241012869,-0.0549298937526685,-0.059080987471822,-0.0630701443109844,-0.0668864302685424,-0.0705193851699527,-0.0739590513383549,-0.0771960008878693,-0.0802213615647774,-0.0830268410657571,-0.0856047497664979,-0.087948021798443,-0.0900502344158313,-0.0919056256000004,-0.0935091098526816,-0.0948562921349948,-0.0959434799139461,-0.096767693283403,-0.0973266731318095,-0.0976188873342564,-0.097643534951926,-0.0974005484274109,-0.0968905937698855,-0.0961150687296188,-0.095076098966842,-0.0937765322254542,-0.0922199305275635,-0.0904105604102272,-0.0883533812311663,-0.0860540315755187,-0.0835188138008653,-0.0807546767629049,-0.077769196769127,-0.074570556812675,-0.0711675241433348,-0.067569426237113,-0.0637861252302677,-0.0598279908878854,-0.0557058721810717,-0.051431067550678,-0.0470152939390572,-0.0424706546747428,-0.0378096062980635,-0.033044924418635,-0.0281896686982995,-0.0232571470555016,-0.0182608791892098,-0.0132145595223577,-0.0081320196663878,-0.00302719050976228,0.00208593596563313,0.00719334503553828,0.0122810376467046,0.0173350687873257,0.0223415857093463,0.0272868658978825,0.0321573546836792,0.0369397023955183,0.0416208009507385,0.0461878197835792,0.0506282410128692,0.0549298937526685,0.059080987471822,0.0630701443109844,0.0668864302685424,0.0705193851699529,0.0739590513383547,0.0771960008878693,0.0802213615647778,0.0830268410657563,0.085604749766498,0.0879480217984438,0.0900502344158311,0.0919056256000003,0.0935091098526814,0.0948562921349949,0.0959434799139469,0.0967676932834031,0.0973266731318106,0.0976188873342565,0.0976435349519258,0.0974005484274106,0.0968905937698856,0.0961150687296196,0.0950760989668422,0.093776532225454,0.0922199305275642,0.090410560410227,0.0883533812311657,0.0860540315755188,0.0835188138008648,0.080754676762905,0.0777691967691266,0.0745705568126749,0.0711675241433348,0.0675694262371132,0.0637861252302671,0.059827990887885,0.0557058721810715,0.051431067550678,0.047015293939057,0.0424706546747425,0.0378096062980632,0.0330449244186349,0.0281896686982995,0.0232571470555016,0.0182608791892095,0.0132145595223575,0.00813201966638787,0.00302719050976231,-0.00208593596563318,-0.00719334503553849,-0.0122810376467044,-0.0173350687873255,-0.0223415857093465,-0.0272868658978826
-0.02416083567981,-0.0286925166407164,-0.0331455534079023,-0.0375077405171165,-0.0417671215167046,-0.0459120217394124,-0.0499310803018383,-0.053813281243823,-0.0575479837224344,-0.0611249511777732,-0.0645343793906771,-0.067766923355401,-0.0708137228936297,-0.0736664269396075,-0.0763172164298348,-0.0787588257345719,-0.0809845625724302,-0.0829883263534451,-0.084764624900373,-0.0863085895023665,-0.0876159882597691,-0.0886832376834651,-0.0895074125169675,-0.0900862537543441,-0.0904181748319991,-0.0905022659773296,-0.0903382967023521,-0.0899267164354506,-0.0892686532895295,-0.0883659109699303,-0.0872209638306013,-0.0858369500920672,-0.0842176632397842,-0.0823675416264586,-0.080291656306833,-0.0779956971382746,-0.0754859571852749,-0.0727693154705952,-0.0698532181203435,-0.0667456579546614,-0.063455152579959,-0.0599907210427494,-0.0563618591090644,-0.0525785132372277,-0.0486510533152942,-0.0445902442379172,-0.040407216400514,-0.0361134351916277,-0.0317206695670957,-0.027240959792157,-0.0226865844399236,-0.0180700267366655,-0.0134039403461548,-0.00870111468685183,-0.00397443987699867,0.000763128596297012,0.00549860538715505,0.0102190108828502,0.0149114067800296,0.0195629315477047,0.0241608356798099,0.028692516640716,0.0331455534079023,0.0375077405171166,0.0417671215167049,0.0459120217394122,0.0499310803018382,0.0538132812438233,0.0575479837224339,0.0611249511777731,0.0645343793906778,0.0677669233554015,0.0708137228936295,0.0736664269396083,0.0763172164298347,0.0787588257345723,0.0809845625724302,0.0829883263534452,0.0847646249003728,0.0863085895023659,0.0876159882597687,0.0886832376834653,0.0895074125169675,0.090086253754344,0.0904181748319989,0.0905022659773292,0.0903382967023514,0.089926716435451,0.0892686532895303,0.0883659109699309,0.087220963830601,0.0858369500920672,0.0842176632397844,0.0823675416264588,0.0802916563068338,0.0779956971382751,0.0754859571852752,0.0727693154705953,0.0698532181203432,0.0667456579546614,0.0634551525799592,0.059990721042749,0.0563618591090647,0.0525785132372274,0.0486510533152935,0.0445902442379171,0.0404072164005138,0.0361134351916279,0.0317206695670958,0.0272409597921567,0.0226865844399239,0.0180700267366658,0.0134039403461548,0.00870111468685148,0.00397443987699873,-0.000763128596297193,-0.00549860538715504,-0.01021901088285,-0.0149114067800297,-0.0195629315477045
-0.0158357687790298,-0.0200671329373759,-0.0242434944791899,-0.028353406287781,-0.0323856033805586,-0.0363290337855656,-0.0401728888341662,-0.0439066327868564,-0.04752003171099,-0.0510031815312808,-0.0543465351761818,-0.0575409287457462,-0.0605776066292395,-0.0634482455036601,-0.0661449771473885,-0.0686604100064371,-0.0709876494541843,-0.0731203166890688,-0.0750525662184391,-0.076779101880645,-0.0782951913614459,-0.0795966791649571,-0.0806799980035743,-0.0815421785756619,-0.0821808577042006,-0.0825942848140936,-0.0827813267303703,-0.0827414707841371,-0.0824748262177751,-0.0819821238855036,-0.0812647142501706,-0.080324563681719,-0.0791642490675064,-0.0777869507492412,-0.0761964438058754,-0.0743970877063882,-0.0723938143607761,-0.070192114602033,-0.06779802313616,-0.0652181020014534,-0.0624594225824159,-0.0595295462275813,-0.0564365035243841,-0.0531887722878811,-0.0497952543236421,-0.0462652510285284,-0.0426084378962033,-0.0388348379972811,-0.0349547945067847,-0.0309789423542236,-0.0269181790739889,-0.0227836349359722,-0.0185866424382674,-0.0143387052455804,-0.0100514666584871,-0.00573667769995128,-0.00140616490659156,0.00292820208703575,0.00725454308227926,0.0115609998791913,0.0158357687790299,0.0200671329373759,0.0242434944791898,0.028353406287781,0.0323856033805585,0.0363290337855655,0.0401728888341662,0.0439066327868561,0.0475200317109898,0.0510031815312804,0.0543465351761813,0.0575409287457462,0.0605776066292399,0.0634482455036599,0.0661449771473882,0.0686604100064373,0.0709876494541844,0.0731203166890686,0.0750525662184391,0.0767791018806453,0.0782951913614455,0.0795966791649578,0.0806799980035744,0.0815421785756619,0.0821808577042007,0.0825942848140937,0.0827813267303696,0.0827414707841374,0.0824748262177746,0.0819821238855039,0.0812647142501703,0.0803245636817186,0.0791642490675073,0.0777869507492407,0.0761964438058754,0.0743970877063877,0.0723938143607758,0.0701921146020329,0.0677980231361597,0.0652181020014538,0.0624594225824161,0.0595295462275812,0.0564365035243845,0.0531887722878811,0.0497952543236423,0.0462652510285282,0.0426084378962032,0.038834837997281,0.0349547945067846,0.0309789423542234,0.0269181790739888,0.0227836349359722,0.018586642438267,0.0143387052455805,0.0100514666584869,0.00573667769995109,0.00140616490659155,-0.00292820208703557,-0.00725454308227924,-0.0115609998791914
-0.00755291439583614,-0.0114358661356907,-0.0152874729613645,-0.0190971778862704,-0.0228545387740184,-0.0265492569595868,-0.030171205477245,-0.0337104568178647,-0.0371573101395316,-0.0405023178568796,-0.043736311536263,-0.0468504270257995,-0.0498361287513915,-0.0526852331121427,-0.055389930911039,-0.0579428087594151,-0.0603368693965371,-0.0625655508686072,-0.0646227445146254,-0.0665028117098,-0.0682005993206324,-0.0697114538292918,-0.0710312340885895,-0.0721563226725705,-0.0730836357916309,-0.0738106317449673,-0.0743353178872051,-0.0746562560900989,-0.074772566684342,-0.0746839308706803,-0.0743905915937194,-0.0738933528760261,-0.0731935776143639,-0.072293183844084,-0.0711946394819249,-0.0699009555616247,-0.0684156779808856,-0.0667428777823165,-0.0648871399949868,-0.0628535510671808,-0.0606476849247962,-0.0582755876936014,-0.0557437611272247,-0.0530591447863003,-0.0502290970176121,-0.0472613747853806,-0.0441641124099603,-0.0409457992722338,-0.0376152565448099,-0.0341816130138012,-0.0306542800574563,-0.0270429258502271,-0.0233574488629726,-0.0196079507319416,-0.0158047085708859,-0.0119581468022095,-0.00807880858434867,-0.00417732691370938,-0.000264395480361828,0.00364926064261932,0.00755291439583611,0.0114358661356906,0.0152874729613645,0.0190971778862704,0.0228545387740186,0.0265492569595868,0.0301712054772448,0.0337104568178647,0.0371573101395319,0.0405023178568796,0.0437363115362633,0.0468504270257995,0.0498361287513915,0.0526852331121426,0.0553899309110389,0.0579428087594156,0.0603368693965375,0.0625655508686075,0.0646227445146251,0.0665028117098,0.0682005993206317,0.0697114538292923,0.0710312340885892,0.0721563226725704,0.0730836357916308,0.0738106317449677,0.074335317887205,0.074656256090099,0.0747725666843427,0.074683930870681,0.0743905915937194,0.0738933528760261,0.0731935776143642,0.0722931838440841,0.0711946394819249,0.0699009555616248,0.0684156779808852,0.0667428777823164,0.0648871399949873,0.0628535510671804,0.060647684924796,0.0582755876936014,0.0557437611272253,0.0530591447863006,0.0502290970176122,0.0472613747853809,0.0441641124099606,0.0409457992722338,0.0376152565448099,0.0341816130138012,0.0306542800574563,0.0270429258502268,0.0233574488629726,0.0196079507319415,0.0158047085708859,0.0119581468022092,0.00807880858434863,0.00417732691370905,0.000264395480361707,-0.00364926064261947
0.000327817241352325,-0.0031629466424801,-0.00664504110941925,-0.0101089219805687,-0.013545094999232,-0.0169441418540104,-0.0202967459937397,-0.0235937181635096,-0.026826021591773,-0.0299847967595067,-0.0330613856835407,-0.0360473556474845,-0.0389345223152199,-0.0417149721635945,-0.0443810841728407,-0.0469255507152606,-0.0493413975849251,-0.051622003113488,-0.0537611163197176,-0.0557528740430052,-0.0575918170138749,-0.0592729048174684,-0.0607915297089655,-0.0621435292430979,-0.0633251976831193,-0.064333296157971,-0.0651650615398074,-0.06581821401753,-0.0662909633455989,-0.0665820137509661,-0.066690567484701,-0.0666163270085642,-0.0663594958105416,-0.0659207778470939,-0.065301375613665,-0.0645029868487211,-0.0635277998803733,-0.062378487628316,-0.061058200277546,-0.0595705566439176,-0.0579196342552277,-0.0561099581749881,-0.0541464885995463,-0.0520346072625295,-0.0497801026838873,-0.047389154303961,-0.0448683155460673,-0.0422244958540205,-0.0394649417538264,-0.0365972169914593,-0.0336291818011602,-0.0305689713610798,-0.0274249734953219,-0.0242058056834999,-0.0209202914408238,-0.0175774361334608,-0.0141864022954481,-0.0107564845148285,-0.0072970839578276,-0.00381768260091278,-0.000327817241352467,0.00316294664248004,0.00664504110941925,0.0101089219805687,0.0135450949992319,0.0169441418540104,0.0202967459937398,0.0235937181635098,0.026826021591773,0.0299847967595067,0.0330613856835406,0.0360473556474846,0.0389345223152199,0.0417149721635944,0.0443810841728409,0.046925550715261,0.0493413975849254,0.0516220031134882,0.0537611163197179,0.0557528740430053,0.0575918170138753,0.0592729048174679,0.0607915297089658,0.0621435292430985,0.0633251976831193,0.0643332961579713,0.0651650615398074,0.0658182140175301,0.0662909633455992,0.0665820137509661,0.0666905674847006,0.0666163270085643,0.0663594958105416,0.065920777847094,0.0653013756136649,0.0645029868487215,0.0635277998803734,0.0623784876283163,0.061058200277546,0.059570556643918,0.0579196342552275,0.0561099581749882,0.0541464885995461,0.0520346072625296,0.0497801026838873,0.0473891543039613,0.0448683155460675,0.0422244958540205,0.0394649417538265,0.036597216991459,0.0336291818011603,0.0305689713610795,0.0274249734953216,0.0242058056834994,0.0209202914408239,0.0175774361334605,0.0141864022954481,0.0107564845148283,0.00729708395782766,0.00381768260091255
0.0074784899092065,0.00441643168099341,0.00134226832052523,-0.00173557410410972,-0.00480865944076354,-0.00786856457613608,-0.0109069025229427,-0.0139153454080632,-0.0168856472986643,-0.0198096668037266,-0.0226793893890327,-0.0254869493444489,-0.028224651343288,-0.0308849915346662,-0.0334606781110379,-0.0359446512945303,-0.0383301026873063,-0.0406104939329091,-0.0427795746374428,-0.0448313995014668,-0.0467603446156498,-0.0485611228755133,-0.0502287984730167,-0.0517588004252669,-0.0531469351032617,-0.0543893977263361,-0.0554827827908039,-0.0564240934042029,-0.0572107494995717,-0.057840594907232,-0.0583119032647027,-0.0586233827485354,-0.0587741796151155,-0.0587638805407135,-0.0585925137543773,-0.0582605489605559,-0.0577688960516745,-0.0571189026141823,-0.0563123502349107,-0.0553514496178687,-0.0542388345248565,-0.0529775545565068,-0.0515710667935421,-0.0500232263211575,-0.0483382756624982,-0.0465208331502004,-0.0445758802678614,-0.0425087479961395,-0.0403251022009073,-0.0380309281035056,-0.0356325138756699,-0.0331364334040864,-0.030549528271828,-0.0278788890060474,-0.0251318356433397,-0.0223158976660258,-0.0194387933643685,-0.0165084086812733,-0.0135327755974681,-0.010520050116402,-0.00747848990920661,-0.00441643168099351,-0.00134226832052532,0.00173557410410967,0.00480865944076359,0.00786856457613612,0.0109069025229427,0.0139153454080634,0.0168856472986643,0.0198096668037265,0.0226793893890329,0.0254869493444488,0.0282246513432879,0.0308849915346664,0.0334606781110377,0.0359446512945303,0.0383301026873062,0.0406104939329091,0.0427795746374425,0.0448313995014672,0.0467603446156501,0.0485611228755133,0.0502287984730171,0.0517588004252671,0.0531469351032616,0.0543893977263363,0.0554827827908043,0.056424093404203,0.0572107494995715,0.0578405949072324,0.0583119032647026,0.058623382748535,0.0587741796151154,0.0587638805407141,0.0585925137543773,0.0582605489605561,0.0577688960516744,0.0571189026141818,0.0563123502349109,0.0553514496178688,0.0542388345248568,0.0529775545565067,0.0515710667935421,0.0500232263211573,0.0483382756624979,0.0465208331502004,0.0445758802678614,0.0425087479961394,0.0403251022009069,0.0380309281035056,0.0356325138756697,0.0331364334040865,0.0305495282718275,0.0278788890060472,0.0251318356433397,0.0223158976660255,0.0194387933643684,0.0165084086812732,0.0135327755974679,0.0105200501164019
0.0136227833362486,0.0110159594392641,0.0083789415631668,0.00571895759065792,0.00304329835291291,0.000359297645919405,-0.00232568787094693,-0.00500429883901577,-0.00766919337181117,-0.0103130671786536,-0.0129286735852118,-0.0155088433961343,-0.0180465045453141,-0.0205347014799326,-0.022966614225144,-0.0253355770771543,-0.0276350968734504,-0.0298588707901084,-0.0320008036173953,-0.0340550244663156,-0.0360159028603094,-0.0378780641679978,-0.0396364043346739,-0.0412861038721612,-0.0428226410686965,-0.0442418043826282,-0.0455397039859573,-0.0467127824260865,-0.0477578243765515,-0.048671965450006,-0.0494527000493095,-0.0500978882351924,-0.050605761591684,-0.0509749280732164,-0.0512043758201239,-0.051293475932081,-0.0512419841918742,-0.0510500417347834,-0.0507181746617431,-0.0502472925973325,-0.0496386861965585,-0.0488940236072625,-0.0480153458978406,-0.047005061462819,-0.0458659394216095,-0.0446011020285475,-0.0432140161150103,-0.0417084835870707,-0.0400886310047405,-0.0383588982713529,-0.0365240264640977,-0.0345890448390582,-0.0325592570463702,-0.0304402265932841,-0.0282377615949797,-0.0259578988549268,-0.0236068873184239,-0.0211911709446754,-0.0187173710443482,-0.0161922681310165,-0.0136227833362489,-0.0110159594392645,-0.00837894156316713,-0.00571895759065805,-0.00304329835291294,-0.00035929764591949,0.00232568787094703,0.00500429883901563,0.00766919337181116,0.0103130671786535,0.0129286735852119,0.0155088433961341,0.0180465045453142,0.0205347014799325,0.0229666142251442,0.0253355770771542,0.0276350968734505,0.0298588707901082,0.0320008036173956,0.0340550244663155,0.0360159028603096,0.0378780641679981,0.0396364043346737,0.0412861038721612,0.0428226410686968,0.0442418043826278,0.0455397039859573,0.0467127824260861,0.0477578243765517,0.0486719654500065,0.0494527000493093,0.0500978882351923,0.0506057615916845,0.0509749280732167,0.0512043758201241,0.0512934759320811,0.0512419841918739,0.0510500417347836,0.0507181746617433,0.050247292597332,0.0496386861965582,0.0488940236072626,0.0480153458978408,0.0470050614628191,0.0458659394216093,0.0446011020285477,0.0432140161150101,0.0417084835870706,0.0400886310047404,0.0383588982713524,0.0365240264640975,0.0345890448390584,0.0325592570463699,0.0304402265932836,0.0282377615949797,0.0259578988549268,0.0236068873184237,0.0211911709446755,0.0187173710443481,0.0161922681310166
0.0185523603623257,0.0164150604352576,0.0142327679685329,0.0120114644741143,0.00975723839047877,0.00747626839463222,0.00517480646678498,0.00285916075410886,0.000535678280543427,-0.00178927244995443,-0.00410931890903766,-0.00641810201062662,-0.00870929354072114,-0.0109766135025963,-0.0132138473298358,-0.0154148629200273,-0.0175736274424291,-0.0196842238735392,-0.0217408672152456,-0.0237379203511041,-0.0256699094972826,-0.0275315392058226,-0.0293177068790935,-0.0310235167556577,-0.0326442933292126,-0.0341755941638289,-0.0356132220703592,-0.0369532366106391,-0.038191964897957,-0.0393260116641806,-0.0403522685659506,-0.0412679227044329,-0.0420704643352805,-0.0427576937476671,-0.0433277272935421,-0.0437790025505793,-0.0441102826046662,-0.0443206594402019,-0.0444095564289033,-0.0443767299103035,-0.0442222698596084,-0.0439465996410802,-0.0435504748476265,-0.043034981229772,-0.0424015317196916,-0.0416518625584616,-0.0407880285371444,-0.039812397364748,-0.0387276431785007,-0.0375367392142266,-0.036242949656913,-0.0348498206938062,-0.0333611707945593,-0.031781080245071,-0.0301138799637067,-0.0283641396305519,-0.026536655162237,-0.0246364355666629,-0.0226686892136581,-0.0206388095591998,-0.018552360362326,-0.0164150604352575,-0.0142327679685331,-0.0120114644741145,-0.00975723839047897,-0.00747626839463229,-0.00517480646678511,-0.00285916075410893,-0.000535678280543429,0.0017892724499544,0.00410931890903762,0.00641810201062666,0.00870929354072131,0.0109766135025962,0.0132138473298357,0.0154148629200275,0.0175736274424292,0.0196842238735394,0.0217408672152455,0.0237379203511041,0.0256699094972827,0.0275315392058227,0.0293177068790938,0.0310235167556576,0.0326442933292127,0.0341755941638291,0.0356132220703594,0.0369532366106392,0.0381919648979575,0.039326011664181,0.0403522685659506,0.0412679227044328,0.0420704643352808,0.0427576937476673,0.0433277272935425,0.0437790025505792,0.0441102826046663,0.044320659440202,0.0444095564289034,0.0443767299103037,0.0442222698596084,0.0439465996410802,0.0435504748476265,0.0430349812297717,0.0424015317196915,0.0416518625584617,0.0407880285371442,0.039812397364748,0.0387276431785007,0.0375367392142263,0.0362429496569128,0.0348498206938063,0.0333611707945593,0.0317810802450709,0.0301138799637065,0.0283641396305518,0.0265366551622369,0.0246364355666625,0.0226686892136577,0.0206388095591995
0.0221381094135274,0.0204709374242458,0.0187476560184024,0.0169729885905459,0.0151517993807407,0.0132890801420213,0.0113899364583456,0.00945957375054197,0.00750328300861534,0.00552642628950872,0.00353442202007984,0.00153273014556865,-0.000473162835732989,-0.00247775891059083,-0.00447556362050169,-0.00646110112162153,-0.00842892919367258,-0.0103736541566914,-0.0122899456547306,-0.0141725512659937,-0.0160163108993591,-0.017816170937829,-0.0195671980901452,-0.0212645929125957,-0.0229037029639565,-0.0244800355575098,-0.0259892700751867,-0.0274272698100794,-0.0287900933048688,-0.0300740051550847,-0.0312754862475883,-0.0323912434062204,-0.0334182184181633,-0.0343535964162941,-0.0351948135945369,-0.0359395642350784,-0.0365858070281807,-0.0371317706672665,-0.0375759587039508,-0.037917153649701,-0.0381544203128864,-0.0382871083620752,-0.0383148541085476,-0.0382375815031415,-0.0380555023446972,-0.0377691156995315,-0.0373792065335324,-0.0368868435606218,-0.0362933763134844,-0.0356004314445935,-0.0348099082676685,-0.033923973551789,-0.0329450555824306,-0.0318758375057034,-0.0307192499740353,-0.0294784631134572,-0.0281568778345082,-0.0267581165105753,-0.0252860130492206,-0.0237446023837076,-0.0221381094135276,-0.0204709374242463,-0.0187476560184026,-0.0169729885905461,-0.0151517993807406,-0.0132890801420215,-0.0113899364583458,-0.00945957375054216,-0.00750328300861538,-0.00552642628950878,-0.0035344220200799,-0.00153273014556863,0.000473162835732922,0.00247775891059099,0.00447556362050185,0.00646110112162151,0.00842892919367251,0.0103736541566913,0.0122899456547306,0.0141725512659939,0.016016310899359,0.017816170937829,0.0195671980901454,0.0212645929125959,0.0229037029639568,0.0244800355575104,0.025989270075187,0.0274272698100797,0.0287900933048691,0.0300740051550848,0.0312754862475888,0.0323912434062206,0.0334182184181637,0.0343535964162942,0.0351948135945371,0.0359395642350788,0.0365858070281807,0.0371317706672664,0.0375759587039511,0.0379171536497014,0.0381544203128862,0.0382871083620751,0.0383148541085478,0.0382375815031418,0.0380555023446972,0.0377691156995316,0.0373792065335324,0.0368868435606218,0.0362933763134843,0.0356004314445935,0.0348099082676681,0.0339239735517888,0.0329450555824305,0.031875837505703,0.0307192499740351,0.029478463113457,0.0281568778345081,0.0267581165105751,0.0252860130492205,0.0237446023837072
0.0243354825402898,0.0231248548601396,0.0218508435602067,0.0205169406169089,0.019126802165495,0.0176842384788332,0.0161932035237175,0.0146577841233191,0.0130821887554883,0.011470736017611,0.00982784278963035,0.00815801212768817,0.00646582092156054,0.00475590734972073,0.00303295816641429,0.00130169585559204,-0.000433134313090446,-0.00216677729072773,-0.00389448128242193,-0.00561151077162321,-0.00731315949985059,-0.00899476336622042,-0.0106517132114217,-0.0122794674511021,-0.0138735645240344,-0.0154296351209459,-0.0169434141604917,-0.0184107524795458,-0.0198276282057693,-0.0211901577812823,-0.0224946066072266,-0.0237373992800414,-0.0249151293913957,-0.0260245688649182,-0.0270626768041273,-0.0280266078273199,-0.0289137198665634,-0.0297215814094207,-0.0304479781635564,-0.031090919125959,-0.0316486420401403,-0.0321196182263603,-0.0325025567716287,-0.0327964080680111,-0.0330003666895296,-0.0331138735997797,-0.0331366176842097,-0.0330685366028649,-0.0329098169612581,-0.0326608937988935,-0.0323224493968572,-0.0318954114077298,-0.031380950312957,-0.0307804762146393,-0.0300956349705417,-0.0293283036829121,-0.0284805855534731,-0.027554804118693,-0.0265534968811344,-0.025479408354336,-0.02433548254029,-0.0231248548601397,-0.021850843560207,-0.0205169406169091,-0.0191268021654953,-0.0176842384788335,-0.0161932035237178,-0.0146577841233194,-0.0130821887554887,-0.0114707360176112,-0.00982784278963038,-0.00815801212768833,-0.00646582092156067,-0.00475590734972083,-0.00303295816641441,-0.00130169585559214,0.000433134313090498,0.0021667772907278,0.003894481282422,0.00561151077162319,0.00731315949985068,0.00899476336622052,0.010651713211422,0.0122794674511024,0.0138735645240347,0.0154296351209463,0.016943414160492,0.0184107524795461,0.0198276282057697,0.0211901577812828,0.022494606607227,0.0237373992800417,0.0249151293913962,0.0260245688649184,0.0270626768041274,0.02802660782732,0.0289137198665635,0.0297215814094206,0.0304479781635565,0.031090919125959,0.0316486420401407,0.0321196182263603,0.0325025567716288,0.0327964080680113,0.0330003666895296,0.0331138735997796,0.0331366176842095,0.033068536602865,0.032909816961258,0.0326608937988933,0.032322449396857,0.0318954114077296,0.0313809503129567,0.030780476214639,0.0300956349705414,0.0293283036829119,0.0284805855534727,0.0275548041186926,0.0265534968811344,0.0254794083543358
0.0251826948675056,0.0244014019173022,0.0235532264205638,0.0226404931673714,0.0216657038961288,0.0206315304364716,0.0195408073859676,0.0183965243406838,0.0172018177009091,0.0159599620744994,0.0146743613014073,0.0133485391239904,0.0119861295286799,0.0105908667854774,0.0091665752125778,0.00771715869418117,0.00624658998021717,0.00475889979731235,0.00325816580085047,0.00174850139840056,0.000234044475154429,-0.00128105394772973,-0.00279264109078819,-0.00429657379873078,-0.00578872989654245,-0.00726501948807743,-0.00872139616618085,-0.0101538681036093,-0.0115585089943527,-0.0129314688153646,-0.0142689843792091,-0.0155673896486949,-0.0168231257852298,-0.0180327509033485,-0.0191929495046822,-0.0203005415655093,-0.0213524912529786,-0.022345915246117,-0.0232780906388111,-0.0241464624031047,-0.0249486503923512,-0.0256824558650318,-0.0263458675113523,-0.0269370669661024,-0.0274544337926713,-0.0278965499245487,-0.0282622035521486,-0.0285503924442934,-0.0287603266952618,-0.0288914308898643,-0.0289433456806168,-0.0289159287726857,-0.0288092553139102,-0.0286236176888262,-0.0283595247172604,-0.0280177002596908,-0.0275990812331962,-0.0271048150434297,-0.0265362564396618,-0.0258949638015056,-0.025182694867506,-0.0244014019173024,-0.023553226420564,-0.0226404931673716,-0.0216657038961291,-0.0206315304364715,-0.0195408073859678,-0.0183965243406841,-0.0172018177009091,-0.0159599620744997,-0.0146743613014075,-0.0133485391239906,-0.0119861295286802,-0.0105908667854775,-0.0091665752125778,-0.00771715869418133,-0.00624658998021722,-0.00475889979731252,-0.00325816580085033,-0.00174850139840036,-0.000234044475154282,0.00128105394772991,0.00279264109078848,0.00429657379873115,0.00578872989654276,0.00726501948807757,0.00872139616618102,0.0101538681036095,0.011558508994353,0.012931468815365,0.0142689843792093,0.0155673896486954,0.0168231257852303,0.0180327509033487,0.0191929495046827,0.0203005415655097,0.0213524912529791,0.0223459152461172,0.0232780906388114,0.0241464624031051,0.0249486503923515,0.025682455865032,0.0263458675113522,0.0269370669661026,0.0274544337926714,0.0278965499245488,0.0282622035521483,0.0285503924442933,0.0287603266952621,0.0288914308898642,0.0289433456806164,0.0289159287726856,0.0288092553139101,0.028623617688826,0.0283595247172599,0.0280177002596905,0.0275990812331956,0.0271048150434294,0.0265362564396618,0.025894963801505
0.0247928560300171,0.0244016057274715,0.0239434723197623,0.0234197115187143,0.0228317589162778,0.0221812260496683,0.0214698959842541,0.0206997184263016,0.0198728043789624,0.0189914203561623,0.0180579821702433,0.0170750483103907,0.0160453129299912,0.0149715984621468,0.0138568478835806,0.0127041166481431,0.0115165643120257,0.0102974458736353,0.00905010285187197,0.00777795412725669,0.00648448657101754,0.00517324548781823,0.0038478248983249,0.0025118576882441,0.00116900565083701,-0.000177050549802182,-0.00152262146719155,-0.00286401898497493,-0.00419756642579633,-0.00551960862881386,-0.00682652196824314,-0.00811472428546323,-0.00938068470746409,-0.0106209333247253,-0.0118320707019957,-0.013010777195909,-0.0141538220538962,-0.015258072269454,-0.0163205011694967,-0.0173381967102578,-0.0183083694589996,-0.0192283602396533,-0.0200956474214372,-0.0209078538304702,-0.021662753265441,-0.0223582765994706,-0.022992517451446,-0.0235637374112771,-0.0240703708047593,-0.0245110289849766,-0.0248845041384868,-0.0251897725958541,-0.0254259976374557,-0.0255925317868725,-0.0256889185855767,-0.0257148938440524,-0.0256703863659221,-0.0255555181430896,-0.0253706040213689,-0.025116150837515,-0.0247928560300174,-0.0244016057274722,-0.0239434723197625,-0.0234197115187146,-0.0228317589162782,-0.0221812260496684,-0.0214698959842548,-0.0206997184263021,-0.019872804378963,-0.0189914203561626,-0.0180579821702436,-0.0170750483103909,-0.0160453129299915,-0.0149715984621471,-0.0138568478835808,-0.0127041166481432,-0.0115165643120257,-0.0102974458736352,-0.00905010285187201,-0.00777795412725666,-0.00648448657101746,-0.00517324548781817,-0.00384782489832463,-0.00251185768824402,-0.00116900565083682,0.0001770505498026,0.00152262146719163,0.00286401898497538,0.00419756642579661,0.00551960862881413,0.0068265219682434,0.00811472428546347,0.00938068470746453,0.0106209333247258,0.0118320707019961,0.0130107771959092,0.0141538220538967,0.0152580722694542,0.0163205011694969,0.0173381967102584,0.0183083694589999,0.0192283602396536,0.0200956474214376,0.0209078538304704,0.0216627532654411,0.0223582765994708,0.022992517451446,0.0235637374112772,0.0240703708047593,0.0245110289849767,0.0248845041384868,0.025189772595854,0.0254259976374556,0.0255925317868724,0.0256889185855766,0.0257148938440525,0.025670386365922,0.0255555181430894,0.0253706040213686,0.0251161508375147
0.0233398842907982,0.0232897026900649,0.0231756856331051,0.0229981456327477,0.0227575693137919,0.0224546160792065,0.0220901163027493,0.0216650690529714,0.0211806393548393,0.0206381549964843,0.0200391028898241,0.019385124995044,0.0186780138200962,0.0179197075075607,0.0171122845223295,0.0162579579546836,0.0153590694543607,0.0144180828122593,0.0134375772073582,0.012420240137366,0.0113688600524777,0.0102863187124253,0.00917558328777529,0.00803969822712057,0.00688177691245791,0.00570499312562471,0.00451257234918326,0.00330778292559781,0.00209392709893447,0.000874331963639933,-0.000347659654792987,-0.00156869836227706,-0.00278543737658949,-0.00399454170066607,-0.00519269726359823,-0.00637662000427079,-0.00754306487274511,-0.00868883472471509,-0.00981078908465842,-0.0109058527536602,-0.0119710242383207,-0.0130033839776396,-0.0140001023453299,-0.0149584474056269,-0.015875792401334,-0.016749622953582,-0.0175775439535659,-0.0183572861273735,-0.0190867122559051,-0.0197638230328446,-0.0203867625446173,-0.0209538233573218,-0.0214634511966864,-0.0219142492082267,-0.0223049817859285,-0.0226345779589551,-0.0229021343271065,-0.023106917536975,-0.023248366292017,-0.0233260928910264,-0.0233398842907986,-0.023289702690065,-0.0231756856331056,-0.0229981456327478,-0.0227575693137923,-0.0224546160792068,-0.0220901163027496,-0.0216650690529716,-0.0211806393548395,-0.0206381549964844,-0.0200391028898244,-0.0193851249950447,-0.0186780138200966,-0.0179197075075606,-0.0171122845223301,-0.0162579579546842,-0.0153590694543611,-0.0144180828122594,-0.013437577207358,-0.0124202401373661,-0.0113688600524777,-0.0102863187124251,-0.00917558328777506,-0.0080396982271205,-0.00688177691245791,-0.00570499312562456,-0.00451257234918281,-0.0033077829255975,-0.00209392709893403,-0.000874331963639506,0.000347659654793384,0.00156869836227786,0.00278543737659006,0.00399454170066618,0.00519269726359868,0.00637662000427127,0.00754306487274573,0.00868883472471566,0.00981078908465886,0.0109058527536606,0.0119710242383211,0.0130033839776401,0.0140001023453302,0.0149584474056274,0.0158757924013343,0.0167496229535822,0.0175775439535663,0.0183572861273737,0.0190867122559053,0.0197638230328446,0.0203867625446173,0.0209538233573218,0.0214634511966861,0.0219142492082268,0.0223049817859281,0.0226345779589548,0.0229021343271063,0.0231069175369747,0.0232483662920165,0.0233260928910262
0.0210410429754099,0.0212762632432667,0.0214531667524687,0.0215712686227936,0.0216302451452235,0.0216299346692107,0.0215703380457472,0.0214516186250372,0.0212741018087591,0.0210382741581678,0.0207447820604615,0.0203944299570797,0.0199881781387848,0.0195271401135732,0.0190125795546248,0.0184459068366654,0.0178286751702261,0.0171625763444011,0.0164494360897723,0.0156912090742073,0.0148899735452528,0.0140479256338002,0.0131673733346445,0.0122507301804316,0.0113005086263319,0.0103193131635762,0.0093098331807255,0.00827483559224552,0.00721715725458356,0.00613969719054553,0.00504540864327305,0.0039372909816115,0.0028183814790473,0.00169174698875195,0.000560475537552417,-0.000572332138137052,-0.0017035710912184,-0.00283014067435263,-0.00394895303861909,-0.00505694159709503,-0.00615106943015687,-0.00722833760946653,-0.008285793417824,-0.00932053844236166,-0.0103297365188917,-0.0113106215056345,-0.012260504865022,-0.0131767830327916,-0.0140569445541756,-0.0148985769676225,-0.0156993734171887,-0.0164571389754686,-0.0171697966597383,-0.0178353931248216,-0.0184521040170727,-0.019018238974803,-0.019532246261445,-0.0199927170187543,-0.0203983891283917,-0.0207481506713029,-0.02104104297541,-0.0212762632432673,-0.0214531667524692,-0.0215712686227936,-0.0216302451452239,-0.0216299346692111,-0.0215703380457479,-0.0214516186250372,-0.0212741018087592,-0.0210382741581682,-0.0207447820604619,-0.0203944299570803,-0.0199881781387855,-0.0195271401135736,-0.0190125795546249,-0.0184459068366657,-0.0178286751702263,-0.0171625763444013,-0.0164494360897725,-0.0156912090742075,-0.014889973545253,-0.0140479256338002,-0.0131673733346447,-0.0122507301804315,-0.0113005086263319,-0.010319313163576,-0.0093098331807255,-0.00827483559224515,-0.00721715725458317,-0.00613969719054504,-0.0050454086432728,-0.00393729098161108,-0.00281838147904693,-0.00169174698875155,-0.00056047553755194,0.000572332138137835,0.00170357109121896,0.00283014067435306,0.0039489530386197,0.00505694159709563,0.00615106943015761,0.00722833760946699,0.0082857934178246,0.00932053844236225,0.0103297365188921,0.011310621505635,0.0122605048650223,0.0131767830327921,0.0140569445541758,0.0148985769676229,0.0156993734171889,0.0164571389754687,0.0171697966597383,0.0178353931248215,0.0184521040170725,0.0190182389748029,0.019532246261445,0.0199927170187541,0.0203983891283914,0.0207481506713025
0.0181366869141829,0.0185982448355613,0.0190088262605939,0.019367305814133,0.0196727009286407,0.0199241745373355,0.0201210373685363,0.0202627498349057,0.0203489235124243,0.0203793222050313,0.0203538625920244,0.0202726144564319,0.0201358004937467,0.0199437957015301,0.0196971263515721,0.019396468547415,0.0190426463712011,0.0186366296249222,0.0181795311722576,0.0176726038882931,0.0171172372254789,0.0165149534052343,0.0158674032456461,0.0151763616366911,0.014443722675386,0.0136714944741989,0.0128617936569515,0.0120168395573028,0.011138948135708,0.0102305256315316,0.00929406196771474,0.00833212392606678,0.0073473481118957,0.00634243372725827,0.00532013517263139,0.00428325449729434,0.00323463371910595,0.00217714703472986,0.00111369294166318,4.71862936555212e-05,-0.00101944968870337,-0.002083291430327,-0.00314142301494729,-0.00419094417744181,-0.0052289782532546,-0.00625268006313701,-0.00725924371158484,-0.00824591027760312,-0.00920997537671636,-0.0101487965735002,-0.0110598006243098,-0.0119404905303656,-0.0127884523818511,-0.0136013619742724,-0.0143769911789411,-0.0151132140501209,-0.0158080126520958,-0.0164594825901928,-0.0170658382305948,-0.0176254175946387,-0.0181366869141834,-0.0185982448355615,-0.0190088262605939,-0.0193673058141332,-0.0196727009286412,-0.0199241745373364,-0.0201210373685366,-0.0202627498349064,-0.0203489235124247,-0.0203793222050321,-0.0203538625920248,-0.0202726144564327,-0.0201358004937472,-0.0199437957015305,-0.0196971263515727,-0.0193964685474154,-0.0190426463712014,-0.0186366296249226,-0.0181795311722579,-0.0176726038882935,-0.0171172372254791,-0.0165149534052343,-0.0158674032456461,-0.0151763616366914,-0.0144437226753863,-0.0136714944741987,-0.0128617936569514,-0.0120168395573027,-0.0111389481357077,-0.0102305256315316,-0.00929406196771436,-0.00833212392606611,-0.00734734811189548,-0.00634243372725779,-0.00532013517263077,-0.00428325449729417,-0.00323463371910542,-0.00217714703472929,-0.00111369294166267,-4.71862936547946e-05,0.0010194496887042,0.00208329143032727,0.00314142301494783,0.00419094417744214,0.00522897825325505,0.00625268006313739,0.00725924371158521,0.00824591027760364,0.00920997537671682,0.0101487965735005,0.0110598006243101,0.0119404905303659,0.0127884523818512,0.0136013619742724,0.0143769911789412,0.0151132140501207,0.0158080126520957,0.0164594825901926,0.0170658382305947,0.0176254175946383
0.0148708002026325,0.0154995176048206,0.0160857519066122,0.0166278962805345,0.0171244647465427,0.0175740962449878,0.0179755583671859,0.0183277507333652,0.0186297080087307,0.0188806025493792,0.0190797466708149,0.0192265945328423,0.01932074363568,0.0193619359231802,0.0193500584901465,0.0192851438917982,0.0191673700545356,0.018997059788261,0.0187746799015765,0.0185008399222945,0.0181762904267622,0.0178019209825888,0.0173787577103987,0.0169079604713068,0.0163908196878211,0.0158287528068828,0.015223300414744,0.0145761220143273,0.013888991476643,0.0131637921787331,0.0124025118414652,0.011607237081328,0.0107801476911602,0.00992351066548951,0.00903967398685969,0.0081310601901718,0.00720015972268558,0.0062495241178766,0.00528175900185969,0.00429951695154932,0.00330549022413009,0.00230240337776868,0.00129300580378667,0.000280064190772514,-0.000733645058721661,-0.00174534343810503,-0.00275225795244195,-0.00375162871903803,-0.00474071653208788,-0.00571681037064663,-0.00667723482934986,-0.0076193574515148,-0.00854059594452017,-0.00943842525769109,-0.0103103845032876,-0.0111540837016267,-0.0119672103318505,-0.0127475356703852,-0.0134929208997179,-0.0142013229707457,-0.0148708002026328,-0.0154995176048208,-0.0160857519066124,-0.016627896280535,-0.0171244647465432,-0.0175740962449884,-0.0179755583671863,-0.0183277507333658,-0.0186297080087312,-0.0188806025493802,-0.0190797466708154,-0.0192265945328432,-0.0193207436356804,-0.0193619359231808,-0.0193500584901473,-0.0192851438917987,-0.019167370054536,-0.0189970597882618,-0.0187746799015771,-0.0185008399222946,-0.0181762904267626,-0.0178019209825892,-0.0173787577103989,-0.016907960471307,-0.0163908196878212,-0.015828752806883,-0.0152233004147442,-0.0145761220143271,-0.0138889914766428,-0.013163792178733,-0.012402511841465,-0.0116072370813278,-0.0107801476911595,-0.00992351066548909,-0.00903967398685924,-0.00813106019017107,-0.00720015972268495,-0.00624952411787607,-0.0052817590018592,-0.00429951695154889,-0.00330549022412911,-0.002302403377768,-0.00129300580378608,-0.000280064190771937,0.000733645058722443,0.00174534343810561,0.00275225795244252,0.00375162871903859,0.00474071653208818,0.00571681037064684,0.00667723482935009,0.00761935745151527,0.00854059594452035,0.00943842525769127,0.0103103845032878,0.0111540837016268,0.0119672103318505,0.0127475356703852,0.0134929208997177,0.0142013229707456
0.011472769656627,0.0122123402165367,0.0129184376007822,0.0135891264455134,0.0142225684392265,0.0148170273614458,0.0153708738415859,0.0158825898249436,0.016350772733576,0.0167741393106738,0.0171515291378774,0.0174819078159022,0.0177643697997561,0.0179981408807747,0.0181825803086749,0.0183171825478049,0.0184015786627828,0.0184355373297241,0.0184189654702834,0.0183519085067747,0.0182345502376745,0.0180672123338413,0.0178503534568375,0.0175845680017713,0.0172705844681005,0.0169092634628663,0.0165015953418289,0.0160486974949713,0.0155518112838115,0.0150122986389157,0.0144316383269428,0.0138114218974465,0.0131533493205496,0.0124592243274432,0.0117309494664852,0.0109705208884478,0.010180022875207,0.00936162212687001,0.0085175618230013,0.00765015547422432,0.00676178058104847,0.00585487211730536,0.00493191585605586,0.00399544155625785,0.00304801602887457,0.00209223610142068,0.00113072150024273,0.000166107670027936,-0.000798961449764302,-0.00176184067175826,-0.00271989081093469,-0.00367048591845586,-0.00461102047920669,-0.00553891655333213,-0.00645163084219018,-0.00734666165935724,-0.00822155578757628,-0.00907391520285478,-0.00990140364728249,-0.0107017530325511,-0.0114727696566272,-0.0122123402165368,-0.0129184376007824,-0.0135891264455137,-0.0142225684392265,-0.0148170273614462,-0.015370873841587,-0.0158825898249442,-0.0163507727335763,-0.0167741393106747,-0.0171515291378779,-0.0174819078159031,-0.0177643697997566,-0.0179981408807755,-0.0181825803086759,-0.0183171825478055,-0.0184015786627833,-0.0184355373297248,-0.0184189654702836,-0.0183519085067752,-0.0182345502376751,-0.0180672123338417,-0.0178503534568379,-0.0175845680017717,-0.0172705844681007,-0.0169092634628666,-0.0165015953418291,-0.0160486974949715,-0.0155518112838113,-0.0150122986389158,-0.0144316383269426,-0.0138114218974462,-0.0131533493205491,-0.0124592243274428,-0.0117309494664845,-0.0109705208884472,-0.0101800228752063,-0.00936162212686921,-0.00851756182300043,-0.00765015547422368,-0.00676178058104719,-0.00585487211730468,-0.00493191585605515,-0.00399544155625751,-0.0030480160288743,-0.00209223610142035,-0.00113072150024237,-0.000166107670027185,0.000798961449765428,0.00176184067175881,0.00271989081093518,0.0036704859184563,0.00461102047920696,0.00553891655333242,0.00645163084219052,0.00734666165935755,0.00822155578757637,0.00907391520285486,0.00990140364728249,0.010701753032551
0.00814338604651911,0.00894284616699628,0.0097177945677393,0.0104661071690479,0.0111857328980962,0.0118746993107818,0.0125311179980566,0.013153189761926,0.0137392095469251,0.0142875711135566,0.0147967714408828,0.0152654148462007,0.0156922168105113,0.0160760074992963,0.0164157349689562,0.0167104680501095,0.0169593988998678,0.0171618452160745,0.0173172521074499,0.0174251936145054,0.0174853738770747,0.01749762794524,0.017461922231453,0.0173783546025923,0.0172471541117208,0.0170686803702642,0.0168434225623421,0.0165719981039485,0.0162551509506574,0.0158937495584922,0.0154887845035482,0.0150413657668923,0.0145527196921817,0.0140241856243422,0.0134572122385152,0.012853353569342,0.0122142647514608,0.0115416974828993,0.0108374952237904,0.0101035881435784,0.00934198783055632,0.0085547817782442,0.00774412766371393,0.00691224743354526,0.00606142121362513,0.00519398105948273,0.00431230456428558,0.00341880834202264,0.0025159414037324,0.00160617844493543,0.00069201306266513,-0.000224049079308607,-0.00113949711832958,-0.00205182187495437,-0.00295852273044092,-0.00385711448076754,-0.00474513414840697,-0.00562014773317588,-0.00647975688365985,-0.00732160547092815,-0.00814338604651912,-0.00894284616699629,-0.00971779456773954,-0.0104661071690482,-0.0111857328980966,-0.0118746993107821,-0.0125311179980568,-0.0131531897619263,-0.0137392095469257,-0.0142875711135572,-0.0147967714408836,-0.0152654148462016,-0.0156922168105121,-0.0160760074992974,-0.0164157349689568,-0.0167104680501102,-0.0169593988998687,-0.0171618452160756,-0.0173172521074503,-0.0174251936145066,-0.0174853738770753,-0.0174976279452406,-0.0174619222314532,-0.0173783546025931,-0.0172471541117214,-0.0170686803702647,-0.0168434225623424,-0.0165719981039487,-0.0162551509506576,-0.0158937495584924,-0.0154887845035482,-0.0150413657668923,-0.0145527196921816,-0.0140241856243419,-0.0134572122385151,-0.012853353569342,-0.0122142647514605,-0.011541697482899,-0.0108374952237899,-0.0101035881435775,-0.00934198783055568,-0.00855478177824367,-0.00774412766371283,-0.00691224743354404,-0.00606142121362438,-0.0051939810594819,-0.00431230456428533,-0.00341880834202203,-0.00251594140373208,-0.00160617844493493,-0.00069201306266434,0.000224049079309259,0.00113949711833033,0.00205182187495562,0.00295852273044168,0.00385711448076792,0.0047451341484074,0.00562014773317612,0.00647975688366004,0.00732160547092816
0.00504465970139064,0.00586018044813777,0.00665963884761287,0.00744084363991242,0.00820165359700154,0.0089399833916715,0.00965380931327546,0.0103411748145797,0.0110001958745234,0.0116290661621891,0.0122260619878308,0.0127895470273871,0.0133179768075319,0.0138099029389686,0.0142639770863642,0.0146789546640424,0.0150536982473088,0.0153871806900488,0.0156784879400673,0.01592682154444,0.0161315008380197,0.0162919648090888,0.0164077736370573,0.0164786098979768,0.0165042794345796,0.0164847118884512,0.0164199608928743,0.0163102039258281,0.0161557418235292,0.0159569979558639,0.0157145170659588,0.0154289637770791,0.0151011207709401,0.0147318866424341,0.0143222734366421,0.0138734038748893,0.0133865082774439,0.0128629211912948,0.0123040777322509,0.0117115096513891,0.0110868411366298,0.0104317843609519,0.00974813478944488,0.00903776625806457,0.00830262583757845,0.00754472849677991,0.00676615157959956,0.00596902911124934,0.00515554594900664,0.00432793179367513,0.00348845507812791,0.00263941674969172,0.0017831439634079,0.000921983703465416,5.82963502777664e-05,-0.000805550789153742,-0.00166718996986516,-0.00252425949875456,-0.00337441020781653,-0.00421531189305164,-0.00504465970139039,-0.00586018044813768,-0.00665963884761281,-0.00744084363991239,-0.00820165359700181,-0.00893998339167168,-0.00965380931327546,-0.0103411748145799,-0.0110001958745239,-0.0116290661621898,-0.0122260619878318,-0.0127895470273879,-0.0133179768075327,-0.0138099029389692,-0.0142639770863649,-0.0146789546640438,-0.0150536982473096,-0.0153871806900493,-0.0156784879400679,-0.015926821544441,-0.0161315008380204,-0.0162919648090896,-0.0164077736370579,-0.0164786098979771,-0.0165042794345806,-0.0164847118884516,-0.016419960892875,-0.0163102039258285,-0.0161557418235296,-0.0159569979558643,-0.0157145170659593,-0.0154289637770792,-0.0151011207709402,-0.0147318866424341,-0.0143222734366422,-0.0138734038748891,-0.0133865082774437,-0.0128629211912947,-0.0123040777322506,-0.0117115096513886,-0.011086841136629,-0.0104317843609513,-0.00974813478944432,-0.00903776625806437,-0.00830262583757833,-0.00754472849677896,-0.00676615157959918,-0.0059690291112481,-0.00515554594900517,-0.00432793179367403,-0.00348845507812753,-0.00263941674969091,-0.00178314396340697,-0.000921983703464642,-5.82963502773207e-05,0.000805550789154185,0.00166718996986568,0.00252425949875485,0.00337441020781699,0.00421531189305177
0.00229500768908987,0.00309097004659258,0.00387846027004817,0.00465531990349226,0.0054194196286679,0.00616866510134076,0.00690100269174948,0.00761442511346277,0.00830697692521251,0.00897675989062134,0.00962193818113631,0.0102407434079097,0.0108314794688275,0.0113925271974082,0.0119223488008252,0.0124194920748921,0.0128825943844499,0.0133103863982576,0.0137016955681421,0.0140554493428666,0.0143706781079248,0.0146465178431833,0.0148822124911005,0.0150771160290293,0.01523069423992,0.015342526176572,0.01541230531542,0.0154398403966936,0.0154250559486505,0.0153679924944353,0.0152688064410081,0.0151277696504484,0.014945268694795,0.014721803796482,0.0144579874572629,0.0141545427793859,0.0138123014836208,0.0134322016295702,0.013015285044514,0.0125626944678322,0.0120756704188362,0.0115555477965918,0.0110037522210531,0.0104217961255381,0.00981127461125307,0.00917386107523161,0.00851130262367071,0.00782541528323146,0.00711807902343922,0.0063912326038148,0.00564686825987179,0.00488702624253863,0.00411378922596757,0.00332927659907388,0.00253563865643703,0.00173505070449353,0.000929707099170727,0.0001218152313122,-0.000686410523628064,-0.00149275487503477,-0.00229500768908956,-0.00309097004659234,-0.00387846027004803,-0.00465531990349199,-0.00541941962866788,-0.00616866510134081,-0.00690100269174968,-0.00761442511346318,-0.00830697692521284,-0.00897675989062133,-0.00962193818113661,-0.0102407434079104,-0.0108314794688284,-0.011392527197409,-0.0119223488008262,-0.0124194920748928,-0.0128825943844506,-0.0133103863982587,-0.0137016955681428,-0.0140554493428675,-0.0143706781079263,-0.0146465178431842,-0.0148822124911011,-0.0150771160290301,-0.0152306942399207,-0.0153425261765727,-0.01541230531542,-0.0154398403966941,-0.0154250559486514,-0.0153679924944354,-0.0152688064410087,-0.0151277696504486,-0.0149452686947952,-0.0147218037964821,-0.014457987457263,-0.0141545427793858,-0.0138123014836204,-0.0134322016295698,-0.0130152850445137,-0.0125626944678317,-0.0120756704188358,-0.0115555477965913,-0.0110037522210522,-0.0104217961255374,-0.00981127461125187,-0.00917386107523097,-0.00851130262366977,-0.00782541528323032,-0.0071180790234379,-0.00639123260381395,-0.00564686825987141,-0.00488702624253791,-0.00411378922596685,-0.00332927659907331,-0.00253563865643688,-0.00173505070449308,-0.000929707099170347,-0.000121815231311715,0.000686410523628651,0.00149275487503532
-3.14975118788409e-05,0.000717847955380941,0.00146522585129183,0.00220858766499126,0.00294589589341776,0.00367512962596725,0.00439429008366696,0.00510140609769074,0.00579453951219499,0.00647179049667005,0.00713130275324241,0.00777126860465864,0.00838993394900405,0.00898560306757224,0.00955664327271422,0.010101489382919,0.0106186480128716,0.0111067016667141,0.0115643126233056,0.011990226602822,0.0123832762046504,0.0127423841071529,0.0130665660205303,0.0133549333846912,0.013606695804734,0.0138211632173667,0.0139977477823176,0.0141359654935686,0.0142354375059806,0.014295891173682,0.0143171607973714,0.0142991880784892,0.0142420222790077,0.0141458200864105,0.0140108451842203,0.0138374675292623,0.013626162337637,0.0133775087821872,0.0130921884050245,0.0127709832494706,0.0124147737165302,0.0120245361517731,0.0116013401692391,0.0111463457197005,0.010660799911317,0.0101460335914001,0.00960345769865137,0.00903455939587818,0.00844089799378582,0.00782410067701256,0.00718585804413004,0.00652791947383073,0.00585208833000422,0.00516021701883869,0.00445420191150683,0.00373597814634315,0.00300751432476549,0.00227080711547281,0.00152787578171854,0.000780756646648135,3.14975118790909e-05,-0.00071784795538059,-0.00146522585129168,-0.00220858766499093,-0.00294589589341746,-0.00367512962596711,-0.0043942900836669,-0.00510140609769082,-0.00579453951219531,-0.00647179049667034,-0.00713130275324288,-0.00777126860465904,-0.00838993394900462,-0.00898560306757298,-0.00955664327271448,-0.0101014893829198,-0.0106186480128726,-0.011106701666715,-0.0115643126233065,-0.0119902266028227,-0.0123832762046512,-0.012742384107154,-0.013066566020531,-0.0133549333846918,-0.0136066958047349,-0.0138211632173674,-0.0139977477823183,-0.014135965493569,-0.0142354375059813,-0.0142958911736824,-0.0143171607973718,-0.0142991880784894,-0.0142420222790081,-0.0141458200864107,-0.0140108451842207,-0.0138374675292623,-0.0136261623376369,-0.0133775087821871,-0.0130921884050245,-0.0127709832494704,-0.0124147737165297,-0.0120245361517724,-0.0116013401692387,-0.0111463457196998,-0.0106607999113168,-0.0101460335913991,-0.00960345769865049,-0.00903455939587832,-0.00844089799378498,-0.00782410067701124,-0.00718585804412846,-0.00652791947382963,-0.0058520883300034,-0.00516021701883751,-0.00445420191150571,-0.00373597814634239,-0.00300751432476479,-0.00227080711547226,-0.00152787578171803,-0.000780756646648003
-0.00190171264466097,-0.00121773664200306,-0.000530422907853475,0.000158344678617268,0.000846678253330263,0.00153269114180292,0.00221450303039192,0.00289024512010279,0.00355806524883788,0.00421613296804416,0.00486264455984479,0.00549582798090503,0.00611394771948019,0.00671530955233127,0.00729826518847502,0.00786121678703332,0.00840262133680486,0.00892099488555135,0.00941491660740689,0.00988303269726414,0.0103240600814599,0.0107367899345895,0.0111200909928134,0.0114729126545733,0.0117942878602199,0.012083335742652,0.0123392640417161,0.0125613712757337,0.0127490486642153,0.012901781796483,0.0130191520416388,0.013100837695998,0.0131466148648613,0.0131563580761902,0.0131300406245185,0.0130677346441536,0.012969610911456,0.0128359383767568,0.012667083427182,0.0124635088824115,0.0122257727261221,0.0119545265765934,0.0116505139006672,0.0113145679759568,0.0109476096068902,0.01055064460085,0.0101247610113254,0.00967112615563179,0.00919098341537787,0.00868564882843955,0.00815650748179467,0.00760500971509366,0.00703266714538188,0.00644104852385907,0.00583177543604399,0.00520651785712067,0.00456698957465158,0.00391494349120616,0.00325216681977529,0.0025804761851469,0.00190171264466164,0.00121773664200419,0.000530422907854058,-0.000158344678616491,-0.000846678253329984,-0.00153269114180253,-0.00221450303039168,-0.00289024512010271,-0.00355806524883795,-0.00421613296804421,-0.0048626445598449,-0.00549582798090532,-0.00611394771948029,-0.00671530955233149,-0.00729826518847535,-0.00786121678703392,-0.0084026213368053,-0.00892099488555205,-0.00941491660740725,-0.00988303269726577,-0.0103240600814609,-0.0107367899345904,-0.0111200909928139,-0.0114729126545742,-0.0117942878602207,-0.0120833357426534,-0.0123392640417175,-0.012561371275735,-0.0127490486642158,-0.0129017817964838,-0.0130191520416395,-0.013100837695999,-0.013146614864862,-0.0131563580761902,-0.0131300406245191,-0.013067734644154,-0.0129696109114563,-0.0128359383767569,-0.012667083427182,-0.0124635088824113,-0.0122257727261218,-0.011954526576593,-0.0116505139006671,-0.0113145679759564,-0.0109476096068895,-0.0105506446008495,-0.0101247610113246,-0.0096711261556312,-0.00919098341537721,-0.00868564882843804,-0.00815650748179389,-0.00760500971509277,-0.00703266714538082,-0.00644104852385803,-0.00583177543604323,-0.00520651785711938,-0.00456698957465072,-0.00391494349120558,-0.00325216681977386,-0.0025804761851463
-0.00331746347721381,-0.00271006627678613,-0.00209524097306779,-0.00147467275948085,-0.000850062570363343,-0.000223122418827885,0.000404429295748836,0.00103087249773738,0.00165449014986473,0.00227357295949353,0.00288642406367437,0.00349136368012959,0.00408673371141935,0.00467090228967128,0.00524226824941796,0.00579926551627824,0.00634036739946057,0.00686409077631474,0.00736900015746812,0.0078537116214025,0.00831689660768749,0.00875728555847091,0.00917367139825035,0.00956491284238149,0.00992993752526041,0.0102677449396042,0.0105774091787705,0.0108580814746047,0.011108992523853,0.0113294545967692,0.0115188634221378,0.0116766998435321,0.0118025312422921,0.0118960127233021,0.0119568880603184,0.0119849903982746,0.0119802427106156,0.0119426580104236,0.0118723393147485,0.0117694793622481,0.0116343600849022,0.011467351835258,0.0112689123713193,0.0110395856018634,0.0107800000956248,0.0104908673584328,0.0101729798830225,0.00982720897686821,0.00945450237398893,0.00905588163727706,0.00863243935846439,0.00818533616340322,0.00771579753087363,0.00722511043363101,0.0067146198109011,0.00618572488199696,0.00563987531115545,0.00507856723410887,0.00450333915728109,0.00391576774084596,0.0033174634772152,0.00271006627678729,0.0020952409730687,0.00147467275948143,0.000850062570363971,0.000223122418828215,-0.000404429295748576,-0.00103087249773728,-0.00165449014986452,-0.00227357295949339,-0.00288642406367443,-0.00349136368012975,-0.00408673371141954,-0.00467090228967172,-0.00524226824941821,-0.00579926551627854,-0.00634036739946118,-0.0068640907763155,-0.00736900015746854,-0.00785371162140299,-0.00831689660768829,-0.00875728555847188,-0.00917367139825153,-0.0095649128423823,-0.00992993752526147,-0.0102677449396052,-0.0105774091787715,-0.0108580814746059,-0.0111089925238538,-0.0113294545967707,-0.0115188634221389,-0.0116766998435329,-0.0118025312422934,-0.0118960127233027,-0.0119568880603187,-0.0119849903982751,-0.0119802427106162,-0.0119426580104238,-0.0118723393147488,-0.0117694793622483,-0.0116343600849023,-0.011467351835258,-0.0112689123713193,-0.0110395856018632,-0.0107800000956247,-0.0104908673584324,-0.0101729798830221,-0.00982720897686731,-0.00945450237398858,-0.00905588163727702,-0.0086324393584637,-0.00818533616340227,-0.00771579753087294,-0.0072251104336304,-0.00671461981090065,-0.00618572488199587,-0.00563987531115445,-0.00507856723410851,-0.00450333915727996,-0.00391576774084496
-0.00430782245225984,-0.00378175042255579,-0.00324531287780924,-0.0026999801560441,-0.00214724697634477,-0.00158862834193605,-0.00102565538766644,-0.000459871183271949,0.000107173496071309,0.000673924420310686,0.00123882816455809,0.00180033636691655,0.00235690997243301,0.00290702345154172,0.00344916898143451,0.0039818605788982,0.00450363817329073,0.00501307160849428,0.00550876456287313,0.00598935837649463,0.00645353577512235,0.00690002448076906,0.00732760069892955,0.00773509247290855,0.00812138289607999,0.00848541317324362,0.00882618552271252,0.00914276591116474,0.00943428661376068,0.00969994859251698,0.00993902368641679,0.0101508566072449,0.0103348667356899,0.0104905497127805,0.0106174788222972,0.0107153061603742,0.0107837635890769,0.0108226634713525,0.0108318991853273,0.0108114454165511,0.0107613582273827,0.0106817749033256,0.0105729135767396,0.0104350726289542,0.0102686298724257,0.0100740415151803,0.00985184091038038,0.00960263709443758,0.00932711311769062,0.00902602417220726,0.00870019552185941,0.00835052024032954,0.00797795676325769,0.00758352626123962,0.0071683098408634,0.00673344558147617,0.00628012541578684,0.00580959186285889,0.0053231346224543,0.00482208704005624,0.00430782245226113,0.0037817504225563,0.00324531287781033,0.00269998015604485,0.00214724697634519,0.00158862834193673,0.00102565538766726,0.000459871183272355,-0.000107173496070605,-0.000673924420310361,-0.00123882816455804,-0.0018003363669164,-0.00235690997243299,-0.00290702345154196,-0.00344916898143482,-0.00398186057889845,-0.00450363817329137,-0.00501307160849471,-0.00550876456287386,-0.00598935837649546,-0.0064535357751228,-0.00690002448077006,-0.00732760069892966,-0.00773509247290984,-0.00812138289608098,-0.00848541317324451,-0.00882618552271369,-0.00914276591116604,-0.00943428661376146,-0.00969994859251786,-0.00993902368641773,-0.010150856607246,-0.0103348667356907,-0.0104905497127811,-0.0106174788222979,-0.0107153061603749,-0.0107837635890777,-0.010822663471353,-0.0108318991853279,-0.0108114454165516,-0.0107613582273828,-0.0106817749033257,-0.0105729135767398,-0.0104350726289541,-0.0102686298724253,-0.0100740415151801,-0.00985184091037962,-0.00960263709443721,-0.00932711311769,-0.00902602417220661,-0.00870019552185852,-0.0083505202403285,-0.00797795676325682,-0.0075835262612381,-0.00716830984086199,-0.0067334455814761,-0.00628012541578593,-0.00580959186285789,-0.00532313462245385,-0.00482208704005526
-0.00492081749812062,-0.00447563311884816,-0.00401818134029398,-0.00354971600598633,-0.00307152114684385,-0.00258490746173707,-0.002091208724952,-0.00159177813041015,-0.0010879845826563,-0.000581208944785845,-7.28402535970927e-05,0.000435728087663411,0.000943102128522991,0.00144789119200243,0.00194871168636628,0.002444190897451,0.00293297075117936,0.00341371153594735,0.00388509557467928,0.00434583083649045,0.00479465447805426,0.00523033630496599,0.00565168214362185,0.00605753711436559,0.00644678879693342,0.00681837027951945,0.00717126308310895,0.00750449995305499,0.0078171675102618,0.00810840875468744,0.00837742541432521,0.00862348013321003,0.00884589849246035,0.00904407085881405,0.00921745405558822,0.00936557285149461,0.00948802126320787,0.00958446366814257,0.00965463572437084,0.00969834509516488,0.00971547197617591,0.00970596942381467,0.00966986348391648,0.00960725312035269,0.00951830994377808,0.00940327774125721,0.00926247180806147,0.00909627808346607,0.00890515209291887,0.00868961769947411,0.00845026566792341,0.00818775204554744,0.00790279636393801,0.0075961796668118,0.00726874236922332,0.0069213819540439,0.00655505051202917,0.00617075213219606,0.00576954014969255,0.00535251425867425,0.00492081749812206,0.00447563311884841,0.00401818134029464,0.00354971600598692,0.00307152114684433,0.0025849074617373,0.00209120872495231,0.00159177813041102,0.00108798458265653,0.000581208944786227,7.28402535974994e-05,-0.000435728087663278,-0.000943102128522849,-0.00144789119200235,-0.00194871168636624,-0.00244419089745103,-0.00293297075117974,-0.00341371153594752,-0.00388509557467982,-0.00434583083649127,-0.00479465447805506,-0.00523033630496656,-0.0056516821436228,-0.0060575371143662,-0.00644678879693426,-0.0068183702795203,-0.00717126308310997,-0.0075044999530559,-0.00781716751026223,-0.00810840875468802,-0.00837742541432636,-0.00862348013321095,-0.00884589849246071,-0.00904407085881419,-0.0092174540555893,-0.00936557285149554,-0.00948802126320847,-0.00958446366814365,-0.00965463572437159,-0.009698345095165,-0.00971547197617601,-0.00970596942381492,-0.00966986348391655,-0.00960725312035283,-0.00951830994377802,-0.00940327774125724,-0.00926247180806128,-0.00909627808346593,-0.00890515209291834,-0.00868961769947366,-0.0084502656679228,-0.00818775204554653,-0.00790279636393709,-0.00759617966681105,-0.00726874236922264,-0.00692138195404366,-0.00655505051202819,-0.00617075213219496,-0.00576954014969094,-0.0053525142586734
-0.00521560536920137,-0.0048469919228411,-0.00446509320853158,-0.00407095598410134,-0.00366566055228768,-0.00325031779969744,-0.00282606615194479,-0.00239406845330682,-0.00195550877944841,-0.00151158919195129,-0.00106352644354804,-0.000612548643087844,-0.000159891889374703,0.000293203116893128,0.00074549447379789,0.00119574248216864,0.00164271304351083,0.00208518104258426,0.00252193370535919,0.00295177392314522,0.00337352353378339,0.00378602655090574,0.00418815233241621,0.00457879867949777,0.00495689485766759,0.00532140453158172,0.00567132860556128,0.00600570796204249,0.00632362609045119,0.00662421159929585,0.0069066406045902,0.00717013898806147,0.00741398451895788,0.00763750883362643,0.0078400992674591,0.00802120053415864,0.00818031624774071,0.00831701028309433,0.00843090797137078,0.0085216971269223,0.00858912890298496,0.0086330184737478,0.00865324554094787,0.00864975466359979,0.00862255540995598,0.00857172233127989,0.00849739475750691,0.0083997764153502,0.00827913486990036,0.00813580079124773,0.0079701670481389,0.00778268763115047,0.00757387640833329,0.00734430571673431,0.00709460479366284,0.0068254580519907,0.00653760320423095,0.00623182924051092,0.00590897426601206,0.00556992320377771,0.00521560536920247,0.00484699192284252,0.00446509320853222,0.00407095598410258,0.00366566055228903,0.00325031779969839,0.0028260661519456,0.00239406845330736,0.00195550877944895,0.00151158919195182,0.00106352644354823,0.000612548643088132,0.000159891889375082,-0.000293203116892807,-0.000745494473797701,-0.00119574248216853,-0.00164271304351083,-0.00208518104258449,-0.00252193370535954,-0.00295177392314559,-0.003373523533784,-0.00378602655090625,-0.00418815233241646,-0.00457879867949841,-0.00495689485766807,-0.00532140453158248,-0.00567132860556228,-0.00600570796204352,-0.00632362609045186,-0.00662421159929677,-0.00690664060459072,-0.00717013898806233,-0.00741398451895813,-0.00763750883362773,-0.00784009926746016,-0.00802120053415943,-0.0081803162477415,-0.00831701028309518,-0.00843090797137149,-0.008521697126923,-0.00858912890298577,-0.0086330184737484,-0.00865324554094824,-0.00864975466360019,-0.00862255540995624,-0.00857172233127999,-0.00849739475750686,-0.00839977641535016,-0.00827913486990024,-0.0081358007912475,-0.00797016704813839,-0.00778268763115008,-0.00757387640833265,-0.00734430571673367,-0.00709460479366153,-0.0068254580519906,-0.00653760320422947,-0.00623182924051011,-0.00590897426601138,-0.00556992320377675
-0.00525543229894015,-0.0049564457041045,-0.00464387383611205,-0.00431857343272694,-0.00398143611974325,-0.00363338596710096,-0.0032753769560769,-0.00290839036448489,-0.00253343207706296,-0.00215152982841519,-0.0017637303860581,-0.00137109668130906,-0.000974704895859668,-0.000575641512041955,-0.000175000334851925,0.000226120506091744,0.00062662156644572,0.00102540510064194,0.00142137807073235,0.0018134551423297,0.00220056165943353,0.00258163658998816,0.00295563543409672,0.00332153308692432,0.00367832664843771,0.00402503817228531,0.00436071734627913,0.00468444409713685,0.00499533111233576,0.00529252627217719,0.00557521498538538,0.00584262242184673,0.00609401563636656,0.0063287055776164,0.00654604897678077,0.0067454501107106,0.00692636243475666,0.0070882900808152,0.00723078921646324,0.00735346926147452,0.00745599395837378,0.00753808229409285,0.00759950927020963,0.007640106519652,0.00765976276818132,0.00765842413938672,0.00763609430235659,0.00759283446162195,0.00752876318939961,0.00744405610059298,0.00733894537144469,0.00721371910315714,0.00706872053222736,0.00690434708965912,0.00672104931163381,0.0065193296046192,0.0062997408683117,0.006062884980174,0.00580941114573129,0.00554001411914568,0.00525543229894149,0.00495644570410497,0.00464387383611316,0.00431857343272797,0.00398143611974384,0.00363338596710162,0.00327537695607749,0.00290839036448564,0.00253343207706412,0.00215152982841559,0.00176373038605904,0.0013710966813098,0.00097470489586013,0.000575641512042264,0.000175000334852333,-0.000226120506091613,-0.000626621566445626,-0.0010254051006419,-0.00142137807073239,-0.00181345514232977,-0.00220056165943383,-0.00258163658998832,-0.00295563543409733,-0.00332153308692506,-0.00367832664843832,-0.00402503817228566,-0.00436071734627992,-0.00468444409713761,-0.0049953311123364,-0.0052925262721778,-0.00557521498538637,-0.00584262242184841,-0.00609401563636711,-0.0063287055776177,-0.00654604897678169,-0.0067454501107113,-0.0069263624347577,-0.00708829008081582,-0.00723078921646395,-0.00735346926147538,-0.00745599395837436,-0.00753808229409322,-0.00759950927020995,-0.00764010651965247,-0.00765976276818152,-0.00765842413938686,-0.00763609430235663,-0.00759283446162205,-0.00752876318939961,-0.00744405610059283,-0.0073389453714444,-0.00721371910315667,-0.00706872053222694,-0.00690434708965865,-0.00672104931163334,-0.00651932960461895,-0.0062997408683109,-0.00606288498017362,-0.00580941114573044,-0.00554001411914484
-0.00510230799394733,-0.00486446863100773,-0.00461329609767616,-0.00434947884040699,-0.00407373996396471,-0.00378683524944353,-0.00348955108272392,-0.00318270229904149,-0.00286712994958463,-0.00254369899622761,-0.00221329594073212,-0.00187682639490766,-0.00153521259839147,-0.00118939089085434,-0.000840309145558633,-0.000488924171304323,-0.000136199089881111,0.000216899303780254,0.000569403191526495,0.000920346384703579,0.0012687669724125,0.00161370995804109,0.0019542298768424,0.00228939338738797,0.00261828182979262,0.00293999374369573,0.00325364733910486,0.00355838291331532,0.00385336520730028,0.00413778569509612,0.00441086479991585,0.00467185403091462,0.00492003803475087,0.00515473655632245,0.00537530630329333,0.00558114270932074,0.00577168159112229,0.00594640069486667,0.00610482112763617,0.00624650867003541,0.0063710749663598,0.00647817858904902,0.00656752597451883,0.00663887222779532,0.00669202179375793,0.0067268289931404,0.00674319842182906,0.00674108521235722,0.00672049515688554,0.00668148469132469,0.00662416074064923,0.00654868042582345,0.00645525063314357,0.00634412744717715,0.00621561544885328,0.00607006688062638,0.00590788068100415,0.00572950139108744,0.0055354179361102,0.00532616228533285,0.00510230799394794,0.00486446863100868,0.00461329609767709,0.00434947884040821,0.00407373996396592,0.00378683524944476,0.00348955108272449,0.00318270229904234,0.00286712994958521,0.00254369899622853,0.00221329594073292,0.00187682639490822,0.00153521259839231,0.00118939089085486,0.000840309145559245,0.000488924171304748,0.000136199089881469,-0.000216899303780023,-0.000569403191526424,-0.000920346384703519,-0.00126876697241262,-0.00161370995804135,-0.00195422987684246,-0.00228939338738817,-0.00261828182979277,-0.00293999374369682,-0.00325364733910515,-0.00355838291331576,-0.00385336520730096,-0.0041377856950973,-0.00441086479991724,-0.00467185403091575,-0.0049200380347527,-0.00515473655632302,-0.00537530630329475,-0.0055811427093219,-0.00577168159112288,-0.00594640069486776,-0.00610482112763716,-0.00624650867003638,-0.00637107496636057,-0.00647817858904983,-0.0065675259745194,-0.00663887222779575,-0.00669202179375835,-0.00672682899314096,-0.00674319842182951,-0.00674108521235756,-0.0067204951568857,-0.00668148469132476,-0.0066241607406492,-0.0065486804258232,-0.00645525063314337,-0.00634412744717704,-0.00621561544885278,-0.0060700668806256,-0.0059078806810035,-0.00572950139108673,-0.00553541793610988,-0.00532616228533211
-0.00481284458824747,-0.00462704922359169,-0.00442857143863612,-0.00421795524719405,-0.00399577793360546,-0.00376264847044351,-0.00351920584936391,-0.00326611732966667,-0.00300407660939525,-0.00273380192394737,-0.00245603407744996,-0.00217153441226385,-0.00188108272219473,-0.00158547511513653,-0.00128552183099315,-0.000982045020866484,-0.000675876493598581,-0.000367855435841347,-5.88261119039695e-05,0.000250364450317369,0.000558868780982939,0.000865841291166395,0.00117044059055453,0.00147183179364048,0.00176918880808553,0.00206169659898281,0.0023485534228089,0.00262897302494899,0.00290218679476523,0.00316744587230576,0.00342402320087675,0.00367121551985502,0.00390834529227669,0.00413476256191765,0.00434984673478006,0.00455300828009678,0.00474369034619333,0.00492137028678157,0.00508556109349313,0.00523581273074105,0.00537171336923052,0.00549289051475831,0.00559901202919095,0.0056897870408345,0.00576496674169126,0.00582434506942708,0.005867759272173,0.00589509035461634,0.00590626340416073,0.0059012477962536,0.00588005727832765,0.00584274993211959,0.00578942801447213,0.00572023767705517,0.00563536856577424,0.00553505330096427,0.00541956683979319,0.00528922572262376,0.00514438720539827,0.00498544828042421,0.00481284458824792,0.00462704922359236,0.00442857143863705,0.00421795524719459,0.00399577793360613,0.00376264847044467,0.00351920584936468,0.00326611732966776,0.00300407660939586,0.00273380192394803,0.00245603407745108,0.00217153441226426,0.00188108272219558,0.00158547511513756,0.00128552183099378,0.000982045020867297,0.000675876493599127,0.000367855435841814,5.88261119040831e-05,-0.000250364450317184,-0.000558868780982844,-0.000865841291166363,-0.00117044059055478,-0.00147183179364056,-0.00176918880808597,-0.00206169659898317,-0.0023485534228094,-0.00262897302494935,-0.00290218679476607,-0.00316744587230654,-0.00342402320087756,-0.00367121551985594,-0.00390834529227755,-0.00413476256191864,-0.00434984673478103,-0.00455300828009785,-0.00474369034619434,-0.00492137028678208,-0.00508556109349403,-0.00523581273074155,-0.00537171336923126,-0.00549289051475853,-0.00559901202919166,-0.00568978704083515,-0.0057649667416919,-0.00582434506942764,-0.00586775927217333,-0.00589509035461682,-0.00590626340416099,-0.0059012477962538,-0.00588005727832782,-0.00584274993211953,-0.00578942801447202,-0.00572023767705514,-0.00563536856577409,-0.00553505330096388,-0.00541956683979229,-0.00528922572262313,-0.00514438720539728,-0.0049854482804235
-0.00443603766642838,-0.00429325399799607,-0.00413870281877628,-0.00397280774280751,-0.00379602347696222,-0.00360883457462489,-0.00341175410756525,-0.00320532225964576,-0.00299010484621087,-0.00276669176323289,-0.00253569537044153,-0.00229774881289473,-0.00205350428556516,-0.00180363124572761,-0.00154881457801339,-0.00128975271719791,-0.00102715573383438,-0.000761743388000927,-0.000494243156489058,-0.000225388238839592,4.40844523057054e-05,0.000313436311031631,0.000581929062615706,0.000848826787088543,0.00111339793633923,0.00137491733923772,0.00163266818927868,0.00188594400929822,0.00213405058787858,0.00237630788213371,0.0026120518816591,0.00284063642853826,0.00306143498841705,0.00327384236779021,0.00347727637279525,0.0036711794049649,0.00385501998956666,0.00402829423233539,0.00419052720061735,0.004341274225122,0.0044801221187337,0.00460669030902794,0.00472063188139177,0.00482163452989602,0.00490942141330161,0.0049837519138629,0.00504442229684425,0.00509126626894411,0.0051241554340902,0.00514299964536706,0.00514774725210154,0.00513838524143341,0.00511493927398336,0.00507747361351831,0.00502609095080964,0.00496093212216394,0.00488217572340176,0.00479003762033732,0.00468477035710706,0.0045666624639628,0.00443603766642896,0.00429325399799746,0.00413870281877697,0.0039728077428085,0.00379602347696286,0.00360883457462569,0.00341175410756654,0.00320532225964623,0.00299010484621169,0.00276669176323374,0.00253569537044266,0.00229774881289523,0.00205350428556647,0.00180363124572795,0.00154881457801403,0.00128975271719868,0.00102715573383488,0.000761743388001406,0.000494243156489412,0.000225388238840072,-4.40844523053813e-05,-0.000313436311031464,-0.000581929062615605,-0.000848826787088584,-0.0011133979363393,-0.00137491733923792,-0.00163266818927898,-0.00188594400929863,-0.00213405058787896,-0.00237630788213415,-0.00261205188165969,-0.00284063642853871,-0.0030614349884177,-0.00327384236779112,-0.00347727637279632,-0.00367117940496594,-0.00385501998956749,-0.00402829423233623,-0.00419052720061792,-0.00434127422512256,-0.004480122118735,-0.0046066903090288,-0.00472063188139254,-0.00482163452989648,-0.00490942141330175,-0.0049837519138633,-0.00504442229684522,-0.00509126626894456,-0.00512415543409057,-0.00514299964536757,-0.00514774725210173,-0.00513838524143351,-0.00511493927398337,-0.00507747361351834,-0.00502609095080946,-0.00496093212216374,-0.00488217572340142,-0.00479003762033675,-0.00468477035710678,-0.00456666246396217
-0.004011862191132,-0.00390362889117261,-0.00378469601576037,-0.00365538955163999,-0.00351606391884114,-0.00336710099924001,-0.00320890908984458,-0.00304192178368133,-0.00286659678135102,-0.00268341463649727,-0.00249287743864728,-0.00229550743701548,-0.00209184560905789,-0.00188245017768788,-0.00166789508122871,-0.00144876840028542,-0.00122567074585969,-0.000999213613115031,-0.000770017705311782,-0.000538711232501095,-0.000305928189647381,-7.23066188906859e-05,0.000161513139282359,0.000394890201167214,0.000627184896459181,0.000857760521545034,0.00108598508466343,0.00131123303815085,0.00153288699302332,0.00175033941119758,0.00196299427071055,0.00217026869937323,0.00237159457238453,0.00256642006952054,0.00275421118763547,0.00293445320432799,0.00310665208875961,0.00327033585575558,0.00342505585948928,0.00357038802318568,0.0037059340014847,0.00383132227228151,0.00394620915504229,0.00405027975280702,0.00414324881530063,0.00422486152078486,0.00429489417450756,0.00435315482183233,0.00439948377437454,0.00443375404769518,0.00445587170935806,0.00446577613638923,0.00446344018144275,0.00444887024720904,0.00442210626886476,0.00438322160461446,0.00433232283461989,0.00426954946887165,0.00419507356480188,0.00410909925568724,0.00401186219113257,0.00390362889117349,0.00378469601576095,0.00365538955164047,0.00351606391884223,0.00336710099924096,0.00320890908984456,0.00304192178368199,0.00286659678135154,0.002683414636498,0.00249287743864779,0.0022955074370164,0.00209184560905873,0.0018824501776884,0.00166789508122907,0.0014487684002861,0.0012256707458604,0.00099921361311586,0.000770017705312387,0.000538711232501419,0.000305928189647828,7.23066188909086e-05,-0.000161513139282175,-0.000394890201167065,-0.000627184896459147,-0.000857760521545135,-0.00108598508466367,-0.00131123303815101,-0.00153288699302375,-0.00175033941119799,-0.00196299427071051,-0.00217026869937381,-0.00237159457238511,-0.00256642006952111,-0.00275421118763627,-0.00293445320432869,-0.00310665208876027,-0.0032703358557566,-0.00342505585949078,-0.00357038802318631,-0.00370593400148522,-0.00383132227228228,-0.00394620915504307,-0.00405027975280774,-0.00414324881530113,-0.00422486152078567,-0.00429489417450828,-0.00435315482183276,-0.00439948377437495,-0.00443375404769575,-0.00445587170935847,-0.00446577613638944,-0.00446344018144299,-0.00444887024720911,-0.00442210626886477,-0.00438322160461439,-0.00433232283461969,-0.00426954946887143,-0.00419507356480172,-0.00410909925568669
-0.00357142598626941,-0.00349016779309804,-0.00339934329260434,-0.0032992014284311,-0.0031900166824668,-0.00307208832251182,-0.00294573958200255,-0.00281131677405524,-0.00266918834224185,-0.00251974385071582,-0.00236339291644049,-0.00220056408645818,-0.00203170366327488,-0.00185727448157182,-0.00167775463961298,-0.00149363618880575,-0.0013054237850264,-0.00111363330539121,-0.000918790434273855,-0.000721429222440553,-0.000522090623254267,-0.00032132100995973,-0.000119670678111505,8.23076627470074e-05,0.000284060404022945,0.000485034555476425,0.00068467926092766,0.000882447308116179,0.00107779662857115,0.00127019178338414,0.00145910543080861,0.00164401977166866,0.00182442796860891,0.0019998355353017,0.00216976169179878,0.00233374068231702,0.0024913230518416,0.00264207687805095,0.00278558895518605,0.00292146592661842,0.00304933536301454,0.00316884678313795,0.00327967261449206,0.00338150909117718,0.0034740770864897,0.00355712287798786,0.00363041884292993,0.00369376408217123,0.00374698497081323,0.00378993563410044,0.00382249834724943,0.0038445838581274,0.00385613163188402,0.00385711001687411,0.00384751633141225,0.00382737687112356,0.00379674683686876,0.00375571018344286,0.00370437938946032,0.00364289514905963,0.00357142598626975,0.00349016779309832,0.00339934329260439,0.00329920142843134,0.0031900166824675,0.0030720883225121,0.00294573958200308,0.00281131677405568,0.00266918834224286,0.00251974385071688,0.00236339291644105,0.0022005640864592,0.00203170366327577,0.00185727448157253,0.00167775463961341,0.00149363618880615,0.00130542378502676,0.00111363330539201,0.000918790434274398,0.000721429222440992,0.000522090623254557,0.00032132100996003,0.000119670678111967,-8.23076627466029e-05,-0.000284060404022706,-0.000485034555476361,-0.00068467926092763,-0.000882447308116247,-0.00107779662857144,-0.00127019178338456,-0.00145910543080915,-0.00164401977166906,-0.0018244279686093,-0.00199983553530218,-0.00216976169179952,-0.00233374068231765,-0.0024913230518425,-0.00264207687805196,-0.00278558895518669,-0.00292146592661948,-0.00304933536301569,-0.00316884678313875,-0.00327967261449298,-0.00338150909117833,-0.00347407708649003,-0.00355712287798869,-0.00363041884293054,-0.00369376408217186,-0.00374698497081442,-0.00378993563410088,-0.00382249834725008,-0.00384458385812782,-0.00385613163188447,-0.00385711001687428,-0.00384751633141237,-0.00382737687112364,-0.00379674683686881,-0.0037557101834428,-0.00370437938946022,-0.00364289514905929
-0.0031373232678202,-0.00307651935767912,-0.00300728292182514,-0.00292980373251619,-0.00284429415482428,-0.00275098856455849,-0.00265014270585652,-0.00254203299020665,-0.002426955738825,-0.00230522637045918,-0.00217717853684579,-0.00204316320819721,-0.0019035477112135,-0.00175871472226724,-0.00160906121851434,-0.00145499738980524,-0.00129694551438662,-0.00113533880146293,-0.000970620203800436,-0.000803241203626659,-0.00063366057514603,-0.000462343127074093,-0.000289758428628556,-0.000116379522470575,5.73183718690426e-05,0.000230859160535508,0.000403767180289712,0.000575568502268329,0.000745792230989513,0.000913971795044894,0.00107964622593938,0.00124236142157401,0.00140167139090751,0.00155713947638768,0.00170833955079832,0.00185485718524545,0.00199629078507725,0.00213225269062792,0.00226237023976503,0.00238628678932962,0.00250366269267305,0.00261417623060414,0.00271752449319644,0.00281342421004512,0.00290161252669308,0.00298184772509408,0.0030539098861459,0.0031176014924747,0.00317274796981448,0.00321919816550421,0.00325682476278579,0.0032855246297718,0.00330521910212154,0.0033158541986553,0.00331740076931267,0.00330985457505129,0.00329323629946465,0.00326759149209133,0.00323299044356572,0.00318952799295664,0.00313732326782024,0.00307651935767938,0.00300728292182552,0.00292980373251642,0.00284429415482486,0.00275098856455919,0.00265014270585682,0.0025420329902072,0.0024269557388258,0.00230522637045978,0.00217717853684662,0.00204316320819822,0.00190354771121447,0.00175871472226797,0.00160906121851486,0.00145499738980591,0.00129694551438731,0.00113533880146368,0.000970620203801169,0.000803241203627317,0.000633660575146974,0.000462343127074918,0.000289758428628996,0.000116379522471053,-5.73183718687532e-05,-0.000230859160535384,-0.000403767180289745,-0.000575568502268268,-0.00074579223098955,-0.000913971795045011,-0.00107964622593974,-0.00124236142157434,-0.00140167139090788,-0.00155713947638798,-0.00170833955079866,-0.00185485718524607,-0.00199629078507805,-0.00213225269062866,-0.00226237023976495,-0.00238628678933002,-0.00250366269267369,-0.00261417623060497,-0.00271752449319716,-0.00281342421004571,-0.00290161252669384,-0.00298184772509476,-0.00305390988614672,-0.00311760149247551,-0.00317274796981513,-0.00321919816550496,-0.00325682476278633,-0.00328552462977211,-0.00330521910212191,-0.00331585419865572,-0.00331740076931297,-0.00330985457505144,-0.00329323629946484,-0.00326759149209137,-0.00323299044356571,-0.00318952799295649
-0.00272500143624366,-0.00267923696665689,-0.00262612889477586,-0.00256582278613447,-0.0024984839355843,-0.00242429691423417,-0.00234346506355324,-0.00225620993802487,-0.00216277069788376,-0.00206340345359215,-0.00195838056385946,-0.00184798988912697,-0.00173253400256055,-0.00161232936071973,-0.00148770543617288,-0.00135900381443478,-0.00122657725770465,-0.00109078873796959,-0.000952010442123209,-0.000810622751828665,-0.000667013200916991,-0.000521575413184982,-0.000374708023499923,-0.000226813585167878,-7.82974665643875e-05,7.04332599522035e-05,0.000218970933799318,0.000366908423537198,0.00051384024278972,0.00065936366165333,0.000803079810552119,0.000944594773511702,0.00108352066785492,0.00121947670736221,0.0013520902459793,0.0014809977992151,0.00160584604042563,0.00172629276926118,0.00184200784960868,0.00195267411447689,0.00205798823532614,0.002157661553471,0.00225142087127554,0.00233900920096612,0.0024201864690192,0.00249473017418589,0.00256243599735227,0.00262311836156194,0.00267661094067343,0.00272276711524553,0.00276146037441179,0.00279258466263887,0.00281605467041588,0.00283180606808262,0.002839795682153,0.00284000161365052,0.00283242329813131,0.00281708150723114,0.00279401829173259,0.00276329686630625,0.00272500143624376,0.00267923696665699,0.00262612889477627,0.00256582278613465,0.00249848393558468,0.00242429691423453,0.00234346506355333,0.00225620993802529,0.00216277069788454,0.00206340345359271,0.00195838056386047,0.00184798988912765,0.00173253400256096,0.00161232936072052,0.00148770543617411,0.00135900381443616,0.00122657725770563,0.00109078873797039,0.000952010442123789,0.000810622751829306,0.000667013200917658,0.000521575413185669,0.000374708023500252,0.000226813585168316,7.82974665650322e-05,-7.04332599519002e-05,-0.000218970933799006,-0.00036690842353707,-0.000513840242789615,-0.000659363661653325,-0.000803079810552207,-0.000944594773511896,-0.00108352066785516,-0.00121947670736245,-0.00135209024597978,-0.00148099779921541,-0.00160584604042625,-0.00172629276926146,-0.00184200784960927,-0.00195267411447753,-0.00205798823532669,-0.00215766155347169,-0.00225142087127653,-0.00233900920096651,-0.00242018646901996,-0.00249473017418699,-0.00256243599735293,-0.00262311836156225,-0.00267661094067403,-0.00272276711524586,-0.00276146037441253,-0.00279258466263956,-0.00281605467041632,-0.00283180606808289,-0.00283979568215333,-0.00284000161365097,-0.00283242329813156,-0.00281708150723134,-0.00279401829173264,-0.00276329686630623
-0.00234380176328884,-0.00230873464521656,-0.00226733944595983,-0.00221972962688262,-0.00216603568318964,-0.00210640478624822,-0.00204100038020229,-0.00197000173398236,-0.00189360344994254,-0.00181201493046906,-0.00172545980402339,-0.00163417531218992,-0.00153841165941565,-0.00143843132721642,-0.00133450835473423,-0.00122692758761156,-0.001115983897254,-0.00100198137260535,-0.000885232486661159,-0.000766057240002845,-0.000644782283697447,-0.000521740023971042,-0.000397267711104648,-0.000271706515055504,-0.000145400590334882,-1.86961327029034e-05,0.000108059569729358,0.000234519088392046,0.000360335806534813,0.000485164869278365,0.000608664128838669,0.000730495082329564,0.000850323799575825,0.000967821838392838,0.00108266714482313,0.00119454493586482,0.0013031485622692,0.00140818034904507,0.00150935241136533,0.00160638744364038,0.0016990194795907,0.00178699462124489,0.00187007173485487,0.0019480231118264,0.00202063509285435,0.00208770865354498,0.00214905994993129,0.00220452082237402,0.0022539392564772,0.00229717979974781,0.00233412393286176,0.00236467039451925,0.00238873545899155,0.0024062531656096,0.00241717549955738,0.00242147252347662,0.00241913245952342,0.00241016172165067,0.00239458489802718,0.0023724446836436,0.00234380176328883,0.00230873464521662,0.00226733944595994,0.00221972962688274,0.0021660356831897,0.00210640478624855,0.00204100038020263,0.00197000173398263,0.00189360344994285,0.00181201493046975,0.00172545980402397,0.00163417531219029,0.00153841165941629,0.00143843132721749,0.00133450835473479,0.00122692758761203,0.00111598389725479,0.00100198137260587,0.000885232486661898,0.000766057240003088,0.000644782283697975,0.000521740023971397,0.000397267711105118,0.000271706515056095,0.000145400590335299,1.86961327034241e-05,-0.000108059569729092,-0.000234519088391943,-0.00036033580653467,-0.000485164869278245,-0.000608664128838642,-0.000730495082329548,-0.00085032379957595,-0.000967821838393017,-0.00108266714482339,-0.00119454493586513,-0.00130314856226938,-0.0014081803490454,-0.00150935241136586,-0.00160638744364111,-0.00169901947959152,-0.00178699462124557,-0.00187007173485563,-0.00194802311182703,-0.00202063509285464,-0.00208770865354584,-0.00214905994993195,-0.00220452082237475,-0.00225393925647776,-0.00229717979974827,-0.00233412393286249,-0.0023646703945201,-0.00238873545899194,-0.00240625316561009,-0.00241717549955768,-0.00242147252347688,-0.00241913245952385,-0.00241016172165091,-0.00239458489802728,-0.00237244468364373
-0.00199858388472172,-0.00197085901313408,-0.00193773215398415,-0.00189929410569028,-0.00185565022427089,-0.00180692013457169,-0.00175323740238105,-0.00169474916833627,-0.00163161574462193,-0.00156401017556368,-0.0014921177633275,-0.00141613556001745,-0.00133627182757166,-0.00125274546693011,-0.00116578541804075,-0.00107563003235324,-0.000982526419513233,-0.000886729770052045,-0.000788502655927012,-0.000688114310829949,-0.000585839892237731,-0.000481959727221244,-0.000376758544093661,-0.000270524691984502,-0.000163549350498812,-5.61257316115214e-05,5.14517240048939e-05,0.000158888154022134,0.000265889082653272,0.000372161227790748,0.000477413304871335,0.000581356825267919,0.000683706887016055,0.000784182955710827,0.000882509633431732,0.000978417413589991,0.00107164341962667,0.00116193212553872,0.00124903605626019,0.00133271646597062,0.00141274399248388,0.00148889928591207,0.00156097360988992,0.00162876941370525,0.00169210087377184,0.00175079440295986,0.00180468912638518,0.00185363732235815,0.00189750482727465,0.0019361714033543,0.00196953106819828,0.00199749238528511,0.00201997871458796,0.00203692842264091,0.0020482950514728,0.00205404744594384,0.00205416983914026,0.00204866189559145,0.00203753871218759,0.00202083077680112,0.00199858388472163,0.00197085901313399,0.00193773215398423,0.00189929410569045,0.00185565022427112,0.00180692013457194,0.00175323740238108,0.00169474916833652,0.00163161574462227,0.00156401017556411,0.00149211776332767,0.00141613556001798,0.0013362718275725,0.00125274546693055,0.00116578541804131,0.00107563003235413,0.000982526419513831,0.000886729770052633,0.000788502655927773,0.000688114310830571,0.00058583989223772,0.000481959727222113,0.000376758544093948,0.000270524691985002,0.000163549350499584,5.61257316119558e-05,-5.14517240044741e-05,-0.000158888154021851,-0.000265889082653045,-0.00037216122779055,-0.000477413304871271,-0.000581356825267896,-0.000683706887016076,-0.000784182955710904,-0.000882509633431976,-0.000978417413590202,-0.00107164341962698,-0.00116193212553936,-0.0012490360562606,-0.00133271646597113,-0.00141274399248413,-0.0014888992859128,-0.00156097360989068,-0.00162876941370559,-0.00169210087377225,-0.00175079440296027,-0.00180468912638619,-0.00185363732235889,-0.00189750482727578,-0.00193617140335503,-0.00196953106819905,-0.00199749238528605,-0.00201997871458843,-0.00203692842264144,-0.00204829505147314,-0.00205404744594391,-0.00205416983914059,-0.00204866189559163,-0.00203753871218774,-0.00202083077680119
-0.00169072741157508,-0.00166785471877124,-0.00164041055211444,-0.00160847013415781,-0.00157212101136683,-0.00153146281416059,-0.00148660698383127,-0.00143767646709217,-0.00138480537908834,-0.00132813863579708,-0.00126783155682292,-0.00120404943967769,-0.00113696710671036,-0.00106676842593323,-0.000993645807050508,-0.000917799674078643,-0.000839437915995322,-0.000758775316933245,-0.000676032967468708,-0.000591437658631013,-0.000505221260281793,-0.000417620085575139,-0.000328874243242501,-0.000239226979468994,-0.000148924011173185,-5.82128525141321e-05,3.26578635271417e-05,0.00012343906663472,0.000213881931840498,0.000303738561538027,0.000392762664951003,0.00048071023319981,0.000567340208113266,0.000652415142951624,0.000735701853231943,0.000816972055870449,0.00089600299489107,0.000972578051982842,0.00104648734023745,0.00111752827943277,0.00118550615129293,0.00125023463319551,0.00131153630887136,0.00136924315468841,0.00142319700019338,0.00147324996164601,0.00151926484735838,0.0015611155337264,0.00159868731092866,0.00163187719733471,0.00166059422177352,0.00168475967287731,0.00170430731482378,0.00171918356888485,0.00172934766028284,0.00173477172994924,0.00173544091088675,0.0017313533689164,0.00172252030770673,0.0017089659380646,0.00169072741157493,0.00166785471877116,0.0016404105521144,0.00160847013415783,0.00157212101136701,0.00153146281416068,0.00148660698383151,0.00143767646709244,0.0013848053790888,0.00132813863579753,0.00126783155682329,0.00120404943967831,0.00113696710671069,0.00106676842593386,0.000993645807051469,0.000917799674079012,0.000839437915996246,0.000758775316933583,0.000676032967469275,0.000591437658631815,0.000505221260282196,0.000417620085575939,0.000328874243243072,0.000239226979469532,0.000148924011173571,5.82128525146417e-05,-3.26578635269155e-05,-0.0001234390666344,-0.000213881931840149,-0.000303738561537769,-0.000392762664950824,-0.000480710233199798,-0.000567340208113282,-0.000652415142951645,-0.000735701853232039,-0.000816972055870725,-0.00089600299489133,-0.000972578051983315,-0.00104648734023776,-0.00111752827943343,-0.00118550615129325,-0.00125023463319592,-0.00131153630887191,-0.00136924315468872,-0.00142319700019412,-0.0014732499616468,-0.00151926484735852,-0.00156111553372714,-0.00159868731092909,-0.0016318771973356,-0.00166059422177431,-0.00168475967287774,-0.0017043073148239,-0.00171918356888539,-0.00172934766028318,-0.00173477172994971,-0.00173544091088712,-0.00173135336891665,-0.00172252030770695,-0.00170896593806465
-0.00141947975379775,-0.001399703355608,-0.00137609046781275,-0.00134870581169601,-0.00131762444669685,-0.0012829315646763,-0.00124472225641238,-0.00120310125096325,-0.00115818262861161,-0.00111008950817939,-0.0010589537095665,-0.00100491539244327,-0.000948122672079705,-0.000888731213375022,-0.000826903804189273,-0.000762809909153924,-0.000696625205180027,-0.000628531099940295,-0.000558714234644431,-0.000487365972466932,-0.00041468187403568,-0.000340861161411432,-0.000266106172036913,-0.00019062180414166,-0.000114614955131199,-3.82939544956908e-05,3.81320072072307e-05,0.00011445345172943,0.000190461187295594,0.00026594688198643,0.000340703634759168,0.000414526542551249,0.000487213261903463,0.000558564563570688,0.000628384878594507,0.000696482834344535,0.000762671779057683,0.000826770293436827,0.000888602687910047,0.00094799948418174,0.00100479787976171,0.00105884219419591,0.0011099842957751,0.0011580840075539,0.00120300949156503,0.00124463761018016,0.00128285426361954,0.00131755470269197,0.00134864381590692,0.00137603639016548,0.0013996573443255,0.00141944193499413,0.00143533593398287,0.00144729577694539,0.00145528868278412,0.00145929274349858,0.00145929698423793,0.00145530139337748,0.00144731692255458,0.00143536545664897,0.00141947975379754,0.00139970335560784,0.00137609046781266,0.00134870581169596,0.00131762444669692,0.00128293156467631,0.00124472225641257,0.00120310125096342,0.00115818262861195,0.00111008950817975,0.00105895370956716,0.00100491539244353,0.000948122672079839,0.000888731213375172,0.000826903804189935,0.000762809909154549,0.000696625205180711,0.00062853109994057,0.000558714234644907,0.00048736597246742,0.000414681874036159,0.000340861161411754,0.000266106172037604,0.000190621804142256,0.000114614955131934,3.82939544962759e-05,-3.813200720685e-05,-0.000114453451728922,-0.000190461187295222,-0.000265946881986082,-0.000340703634758864,-0.000414526542551095,-0.000487213261903396,-0.000558564563570681,-0.000628384878594499,-0.000696482834344603,-0.000762671779057741,-0.000826770293437162,-0.00088860268791025,-0.000947999484182054,-0.00100479787976214,-0.00105884219419614,-0.00110998429577575,-0.00115808400755415,-0.00120300949156556,-0.00124463761018043,-0.00128285426361975,-0.00131755470269257,-0.00134864381590721,-0.00137603639016632,-0.00139965734432611,-0.00141944193499496,-0.00143533593398326,-0.00144729577694599,-0.00145528868278412,-0.00145929274349923,-0.00145929698423806,-0.00145530139337774,-0.00144731692255497,-0.00143536545664919
-0.00118259648915325,-0.00116475577008489,-0.00114372253641208,-0.001119554438766,-0.00109231772022266,-0.00106208703473419,-0.00102894524250831,-0.000992983182893836,-0.000954299425396442,-0.000912999999506562,-0.000869198104079797,-0.000823013797067118,-0.000774573666443702,-0.00072401048324039,-0.00067146283762777,-0.000617074759050397,-0.000560995321450536,-0.000503378234668939,-0.000444381423135673,-0.000384166593009805,-0.000322898788955444,-0.000260745941765544,-0.000197878408073672,-0.000134468503419027,-7.06900299433883e-05,-6.71780000922342e-06,5.72728429474758e-05,0.000121106505022856,0.000184608222585818,0.000247603941842843,0.000309920995905707,0.000371388578061432,0.000431838209939538,0.000491104203300809,0.000549024114177134,0.000605439188118688,0.000660194795329148,0.000713140854495214,0.000764132244148937,0.000813029200435484,0.00085969770019694,0.000904009828318666,0.000945844128338026,0.000985085935346646,0.00102162769027853,0.00105536923472429,0.0010862180854553,0.00111408968791612,0.00113890764798195,0.00116060394134882,0.00117911909998549,0.00119440237512808,0.00120641187638314,0.00121511468654123,0.00122048695180503,0.00122251394716895,0.00122119011677981,0.00121651908916412,0.00120851366728456,0.00119719579344569,0.00118259648915307,0.0011647557700847,0.00114372253641195,0.00111955443876597,0.00109231772022261,0.00106208703473424,0.00102894524250833,0.000992983182893967,0.000954299425396617,0.000912999999506812,0.000869198104080118,0.000823013797067389,0.000774573666443972,0.000724010483240651,0.000671462837628134,0.00061707475905081,0.000560995321451163,0.000503378234669537,0.000444381423135988,0.000384166593010284,0.000322898788956338,0.000260745941766049,0.000197878408074106,0.000134468503419484,7.06900299438649e-05,6.71780001002806e-06,-5.72728429470674e-05,-0.000121106505022419,-0.000184608222585375,-0.000247603941842437,-0.000309920995905523,-0.000371388578061164,-0.000431838209939334,-0.000491104203300712,-0.000549024114177168,-0.000605439188118734,-0.000660194795329259,-0.000713140854495422,-0.000764132244149177,-0.00081302920043587,-0.000859697700197171,-0.000904009828319164,-0.000945844128338496,-0.000985085935347071,-0.00102162769027895,-0.00105536923472486,-0.0010862180854558,-0.00111408968791664,-0.0011389076479824,-0.00116060394134955,-0.00117911909998611,-0.00119440237512891,-0.00120641187638372,-0.00121511468654161,-0.00122048695180569,-0.0012225139471696,-0.00122119011678004,-0.00121651908916458,-0.00120851366728491,-0.00119719579344607
-0.000977244681910445,-0.000960649253301886,-0.000941420751863693,-0.000919611881582112,-0.000895282419054565,-0.000868499049646663,-0.000839335184712358,-0.000807870760378273,-0.000774192018444294,-0.000738391270001265,-0.000700566642412082,-0.000660821810351851,-0.000619265711642663,-0.000576012248662308,-0.000531179976146507,-0.000484891776238143,-0.000437274521675458,-0.000388458728043329,-0.000338578196038924,-0.000287769644733971,-0.000236172336835357,-0.000183927696977109,-0.000131178924086704,-7.80705988831887e-05,-2.47482875947166e-05,2.86418570297941e-05,8.19534963150792e-05,0.00013504050676318,0.000187757380569189,0.000239959624445726,0.000291504155671057,0.000342249694267897,0.000392057150242198,0.00044079000481927,0.000488314684632089,0.000534500927836698,0.000579222141150699,0.000622355746837144,0.000663783518680921,0.000703391906039019,0.00074107234507491,0.000776721556324078,0.000810241827776648,0.000841541282698334,0.000870534131459444,0.000897140906676014,0.0009212886810269,0.000942911267141311,0.000961949399013235,0.000978350894446492,0.000992070798082878,0.00100307150461944,0.00101132286188467,0.00101680225348165,0.00101949466077868,0.00101939270407482,0.00101649666282622,0.00101081447488058,0.0010023617147203,0.000991161550773274,0.000977244681910231,0.000960649253301656,0.000941420751863509,0.000919611881582082,0.000895282419054546,0.000868499049646674,0.000839335184712409,0.000807870760378333,0.000774192018444455,0.000738391270001371,0.000700566642412219,0.000660821810352044,0.000619265711642892,0.000576012248662678,0.000531179976146961,0.000484891776238404,0.000437274521676098,0.000388458728043818,0.000338578196039862,0.000287769644734526,0.000236172336835714,0.000183927696977548,0.000131178924087229,7.8070598883556e-05,2.47482875951986e-05,-2.8641857029439e-05,-8.19534963145197e-05,-0.000135040506762847,-0.000187757380568714,-0.000239959624445284,-0.000291504155670729,-0.000342249694267754,-0.000392057150242074,-0.00044079000481918,-0.00048831468463202,-0.000534500927836666,-0.000579222141150838,-0.00062235574683728,-0.000663783518681065,-0.000703391906039303,-0.000741072345075053,-0.000776721556324396,-0.000810241827776965,-0.00084154128269896,-0.000870534131459871,-0.000897140906676335,-0.000921288681027521,-0.000942911267141583,-0.000961949399013497,-0.000978350894447166,-0.000992070798083304,-0.00100307150462013,-0.00101132286188518,-0.00101680225348212,-0.00101949466077891,-0.00101939270407517,-0.00101649666282684,-0.00101081447488105,-0.00100236171472056,-0.000991161550773653
-0.000800247470455369,-0.00078455605550153,-0.000766714226933209,-0.000746770887962591,-0.000724780701895485,-0.000700803942303385,-0.000674906327817685,-0.000647158841999601,-0.000617637538779066,-0.000586423333996157,-0.000553601783616592,-0.000519262849228586,-0.000483500651464407,-0.000446413212021884,-0.000408102184995556,-0.000368672578246727,-0.000328232465586968,-0.000286892690554405,-0.000244766562598317,-0.000201969546508119,-0.000158618945929379,-0.000114833581845365,-7.07334668955886e-05,-2.64394764298073e-05,1.79269828034125e-05,6.22443054224196e-05,0.000106391020727268,0.000150246125639206,0.000193689416364272,0.000236601817862594,0.000278865710223623,0.000320365251056925,0.000360986693005343,0.000400618695520061,0.000439152630037116,0.000476482877720332,0.000512507118955595,0.000547126613801742,0.00058024647262985,0.000611775916208825,0.000641628524525452,0.0006697224736555,0.0006959807600371,0.000720331411532457,0.000742707684698346,0.000763048247725414,0.000781297348544569,0.000797404967638735,0.000811326955142963,0.000823025151858071,0.000832467493839955,0.000839628100285033,0.00084448734446949,0.000847031907542019,0.000847254815032393,0.000845155455966884,0.000840739584542629,0.000834019304356,0.000825013035228394,0.000813745462717009,0.000800247470455196,0.00078455605550121,0.000766714226933,0.000746770887962442,0.000724780701895405,0.000700803942303339,0.000674906327817688,0.000647158841999674,0.000617637538779118,0.000586423333996338,0.000553601783616735,0.000519262849228731,0.000483500651464542,0.000446413212022266,0.000408102184995716,0.000368672578247026,0.000328232465587222,0.000286892690554683,0.000244766562598829,0.000201969546508345,0.000158618945929776,0.000114833581845944,7.07334668961551e-05,2.64394764300502e-05,-1.79269828028057e-05,-6.22443054221186e-05,-0.00010639102072682,-0.00015024612563898,-0.000193689416363986,-0.000236601817862072,-0.000278865710223384,-0.000320365251056567,-0.000360986693005178,-0.000400618695519931,-0.00043915263003704,-0.000476482877720261,-0.000512507118955634,-0.000547126613801836,-0.000580246472629929,-0.000611775916209007,-0.000641628524525629,-0.000669722473655791,-0.000695980760037553,-0.000720331411532723,-0.000742707684698745,-0.000763048247725826,-0.000781297348544973,-0.000797404967639008,-0.000811326955143383,-0.000823025151858907,-0.000832467493840393,-0.000839628100285861,-0.000844487344469826,-0.000847031907542298,-0.000847254815032902,-0.000845155455967251,-0.000840739584542945,-0.000834019304356464,-0.000825013035228656,-0.000813745462717263
-0.000648593688163789,-0.00063371552575835,-0.000617100393145806,-0.000598793831249653,-0.00057884601708389,-0.000557311626220339,-0.000534249682927522,-0.000509723398389079,-0.000483799997446073,-0.000456550534338556,-0.000428049697950947,-0.000398375607094512,-0.000367609596389974,-0.000335835993333611,-0.000303141887163291,-0.000269616890151474,-0.000235352891984841,-0.000200443807900206,-0.000164985321270854,-0.000129074621344087,-9.28101368517085e-05,-5.62912662254855e-05,-1.96181051513082e-05,1.71088277853395e-05,5.37888666143583e-05,9.03214738985426e-05,0.00012660651630149,0.000162544539043071,0.000198037038501614,0.000232986732203064,0.000267297825466201,0.000300876273969437,0.00033363004151927,0.000365469352315723,0.000396306937020886,0.000426058271958675,0.000454641810787955,0.000481979208015595,0.000507995533736104,0.00053261947900899,0.000555783551311741,0.000577424259532392,0.000597482287994079,0.000615902659034665,0.000632634883697696,0.000647633100118628,0.0006608561992286,0.000672267937431831,0.000681837035947402,0.000689537266541424,0.000695347523416736,0.000699251881063779,0.000701239637909091,0.000701305345649313,0.000699448824184256,0.00069567516211041,0.0006899947027729,0.000682423015915897,0.000672980855007123,0.000661694100352938,0.000648593688163476,0.000633715525758138,0.000617100393145683,0.000598793831249684,0.000578846017083797,0.000557311626220277,0.000534249682927509,0.0005097233983891,0.000483799997446141,0.000456550534338733,0.00042804969795108,0.000398375607094733,0.000367609596390086,0.000335835993333889,0.000303141887163848,0.00026961689015197,0.000235352891985159,0.000200443807900667,0.000164985321271396,0.000129074621344347,9.28101368521292e-05,5.62912662258799e-05,1.96181051516516e-05,-1.71088277848223e-05,-5.37888666141269e-05,-9.03214738983353e-05,-0.000126606516301015,-0.000162544539042618,-0.000198037038501344,-0.000232986732202725,-0.000267297825465964,-0.000300876273969141,-0.000333630041519053,-0.000365469352315562,-0.000396306937020816,-0.000426058271958612,-0.000454641810787961,-0.000481979208015644,-0.000507995533736167,-0.000532619479009085,-0.000555783551311889,-0.000577424259532624,-0.00059748228799425,-0.000615902659034856,-0.000632634883698173,-0.000647633100119039,-0.000660856199228936,-0.000672267937431944,-0.000681837035947954,-0.000689537266541726,-0.000695347523417374,-0.000699251881064041,-0.000701239637909207,-0.000701305345649637,-0.000699448824184564,-0.000695675162110651,-0.000689994702773206,-0.000682423015916232,-0.000672980855007238,-0.000661694100353225
-0.000519395219354612,-0.000505398417114499,-0.000490016352942843,-0.000473291188008364,-0.000455268764825628,-0.000435998481603871,-0.000415533156849905,-0.000393928884596376,-0.000371244880651801,-0.00034754332029433,-0.000322889167853296,-0.000297349998646966,-0.000270995813762871,-0.00024389884818995,-0.000216133372827226,-0.000187775490913147,-0.000158902929430352,-0.000129594826063244,-9.99315122860127e-05,-6.99942931795793e-05,-3.98652245808164e-05,-9.62688817265776e-06,2.06378348669343e-05,5.08459910355596e-05,8.09147818772906e-05,0.000110761790926239,0.000140305209604644,0.000169464061456696,0.000198158424095363,0.000226309648267265,0.000253840573423962,0.000280675739213212,0.000306741592310626,0.00033196668802489,0.00035628188612212,0.000379620540334286,0.000401918681032467,0.000423115190563038,0.000443151970766556,0.000461974102221421,0.000479529994773498,0.00049577152894158,0.000510654187809401,0.000524137179043749,0.000536183546702704,0.000546760272529698,0.000555838366454476,0.000563392946052699,0.000569403304746738,0.000573852968561276,0.000576729741277126,0.000578025737859838,0.000577737406073183,0.000575865536214624,0.00057241525894935,0.000567396031247365,0.000560821610462819,0.000552710016626259,0.000543083483052677,0.000531968395401108,0.000519395219354484,0.000505398417114261,0.000490016352942715,0.000473291188008241,0.000455268764825562,0.000435998481603842,0.000415533156849882,0.000393928884596381,0.000371244880651852,0.000347543320294376,0.000322889167853489,0.000297349998647071,0.000270995813763189,0.000243898848190176,0.000216133372827631,0.000187775490913504,0.000158902929430652,0.000129594826063634,9.99315122863446e-05,6.99942931797939e-05,3.98652245813179e-05,9.62688817292132e-06,-2.06378348668739e-05,-5.08459910353915e-05,-8.09147818769552e-05,-0.000110761790925785,-0.00014030520960464,-0.000169464061456513,-0.000198158424094989,-0.000226309648266918,-0.000253840573423735,-0.000280675739212856,-0.000306741592310378,-0.000331966688024811,-0.000356281886121988,-0.000379620540334212,-0.000401918681032473,-0.000423115190563074,-0.000443151970766672,-0.000461974102221453,-0.000479529994773597,-0.000495771528941678,-0.000510654187809625,-0.000524137179044032,-0.000536183546702913,-0.000546760272529952,-0.00055583836645478,-0.000563392946053087,-0.000569403304747242,-0.000573852968561607,-0.000576729741277337,-0.000578025737860061,-0.000577737406073894,-0.000575865536215153,-0.000572415258949701,-0.000567396031247821,-0.000560821610463062,-0.000552710016626493,-0.000543083483052742,-0.00053196839540124
-0.000410139284608356,-0.000397182942772411,-0.000383137950098206,-0.000368042802934315,-0.000351938876030047,-0.000334870309129366,-0.000316883885988029,-0.000298028906141502,-0.00027835704977896,-0.000257922236091328,-0.000236780475482554,-0.000214989716048791,-0.000192609684747125,-0.000169701723687829,-0.000146328621999671,-0.000122554443729745,-9.84443522482246e-05,-7.40644316400554e-05,-4.94815055728246e-05,-2.47629541381641e-05,2.34708323900952e-08,2.48098314710673e-05,4.95281900862345e-05,7.41107953749342e-05,9.84902681249309e-05,0.000122599785896116,0.000146373266175869,0.000169745547507193,0.000192652568091688,0.000215031541378251,0.000236821128156542,0.000257961604683845,0.000278395026383322,0.000298065386666482,0.0003169187704431,0.000334903501898616,0.000351970286134336,0.000368072344280919,0.000383165541716211,0.000397208509035123,0.000410162755440502,0.000421992774243202,0.000432666140184137,0.000442153598308894,0.0004504291441547,0.000457470095025116,0.000463257152163512,0.000467774453648321,0.000471009617870516,0.000472953777469348,0.000473601603638798,0.000472951320732535,0.000471004711130479,0.000467767110354235,0.000463247392442593,0.000457457945628409,0.0004504146383826,0.000442136775920857,0.000432647047289048,0.000421971463173485,0.000410139284608284,0.000397182942772184,0.000383137950098139,0.000368042802934247,0.000351938876029909,0.000334870309129354,0.000316883885987986,0.000298028906141508,0.000278357049778984,0.000257922236091395,0.000236780475482596,0.000214989716048967,0.000192609684747366,0.000169701723688045,0.000146328621999807,0.000122554443729896,9.84443522484025e-05,7.40644316403969e-05,4.94815055730946e-05,2.47629541384192e-05,-2.34708320226625e-08,-2.4809831470777e-05,-4.95281900860204e-05,-7.41107953746272e-05,-9.84902681246891e-05,-0.00012259978589571,-0.000146373266175504,-0.000169745547507103,-0.000192652568091615,-0.000215031541378006,-0.00023682112815634,-0.000257961604683731,-0.000278395026383132,-0.000298065386666331,-0.000316918770443009,-0.000334903501898618,-0.000351970286134314,-0.000368072344280938,-0.00038316554171629,-0.000397208509035266,-0.000410162755440646,-0.000421992774243387,-0.000432666140184314,-0.00044215359830924,-0.0004504291441548,-0.000457470095025267,-0.000463257152163726,-0.000467774453648579,-0.000471009617870729,-0.000472953777469734,-0.000473601603639292,-0.00047295132073273,-0.000471004711130613,-0.000467767110354524,-0.000463247392442832,-0.000457457945628653,-0.000450414638382781,-0.000442136775921185,-0.000432647047289239,-0.000421971463173722
-0.000318503192474113,-0.000306775848139002,-0.000294207652527794,-0.000280833054191125,-0.000266688711973308,-0.000251813394533337,-0.000236247874082291,-0.000220034814629764,-0.000203218655044779,-0.000185845487251868,-0.000167962929896304,-0.000149619997824915,-0.000130866967739463,-0.000111755240391781,-9.23371996983721e-05,-7.26660691588287e-05,-5.2795765974695e-05,-3.27807532656258e-05,-1.26758907906098e-05,7.46371542017771e-06,2.7582864105584e-05,4.76264100778036e-05,6.75394153704766e-05,8.72672998200941e-05,0.000106755990667094,0.000125952070763992,0.000144802924989768,0.000163256884463245,0.000181263368164186,0.000198773021572593,0.000215737851945382,0.000232111359861734,0.000247848666674516,0.00026290663751969,0.000277243999545917,0.000290821455040341,0.000303601789141245,0.00031554997184122,0.000326633254001999,0.000336821257117536,0.000346086056579467,0.000354402258216523,0.000361747067897945,0.00036810035401099,0.000373444702640131,0.000377765465296923,0.0003810507990718,0.000383291699092773,0.000384482023208849,0.000384618508824257,0.00038370078184152,0.000381731357686543,0.000378715634413742,0.000374661877911459,0.000369581199244313,0.000363487524199096,0.00035639755511574,0.000348330725106797,0.000339309144792581,0.000329357541697554,0.000318503192474034,0.000306775848138778,0.000294207652527612,0.000280833054190973,0.000266688711973215,0.000251813394533295,0.0002362478740823,0.000220034814629781,0.000203218655044824,0.000185845487251904,0.000167962929896456,0.000149619997825061,0.000130866967739584,0.000111755240392074,9.2337199698545e-05,7.2666069159011e-05,5.27957659748013e-05,3.27807532658233e-05,1.26758907906874e-05,-7.46371541979968e-06,-2.75828641053565e-05,-4.7626410077478e-05,-6.75394153702074e-05,-8.72672998199482e-05,-0.000106755990666831,-0.000125952070763686,-0.000144802924989435,-0.000163256884462977,-0.000181263368163985,-0.000198773021572409,-0.000215737851945162,-0.000232111359861509,-0.000247848666674383,-0.000262906637519624,-0.00027724399954586,-0.000290821455040293,-0.000303601789141226,-0.000315549971841247,-0.000326633254002039,-0.00033682125711764,-0.00034608605657957,-0.000354402258216585,-0.000361747067898033,-0.000368100354011106,-0.000373444702640162,-0.000377765465297237,-0.000381050799071837,-0.000383291699093043,-0.000384482023209029,-0.000384618508824436,-0.000383700781841686,-0.000381731357686845,-0.000378715634414211,-0.000374661877911774,-0.000369581199244443,-0.000363487524199352,-0.000356397555115932,-0.00034833072510723,-0.00033930914479284,-0.000329357541697681
-0.000242485549127355,-0.000232165366962234,-0.000221208835663898,-0.000209645986323093,-0.000197508511906027,-0.00018482968038652,-0.00017164424356044,-0.000157988341793566,-0.000143899404963483,-0.000129416049866735,-0.000114577974372861,-9.94258486155027e-05,-8.40012035181025e-05,-6.83463169605688e-05,-5.25040978992127e-05,-3.65179687547118e-05,-2.04317463963769e-05,-4.2895220412897e-06,1.18644595954128e-05,2.79859215731857e-05,4.40306760851412e-05,5.99547455744122e-05,7.571448327366e-05,9.12666928369027e-05,0.000106568746739064,0.000121578703114009,0.000136255420714487,0.000150558671677634,0.000164449251787066,0.000177889087928074,0.000190841342443922,0.000203270514105292,0.000215142535416812,0.000226424865992983,0.00023708658175015,0.000247098459666451,0.000256433057880375,0.000265064790907067,0.00027296999976634,0.000280127016830143,0.000286516225212209,0.000292120112536511,0.000296923318937267,0.000300912679159803,0.000304077258644959,0.000306408383500317,0.000307899664274551,0.00030854701347105,0.000308348656750358,0.000307305137794566,0.000305419316816551,0.000302696362720798,0.000299143738934722,0.000294771182953536,0.000289590679649219,0.000283616428421139,0.00027686480427679,0.000269354312948457,0.000261105540170898,0.000252141095257037,0.000242485549127123,0.000232165366962117,0.000221208835663799,0.000209645986323001,0.000197508511905997,0.000184829680386486,0.000171644243560384,0.000157988341793565,0.000143899404963514,0.000129416049866774,0.000114577974372937,9.94258486155614e-05,8.40012035182154e-05,6.83463169607916e-05,5.25040978992522e-05,3.65179687549427e-05,2.04317463965541e-05,4.28952204159786e-06,-1.18644595951281e-05,-2.79859215729645e-05,-4.40306760848631e-05,-5.99547455742831e-05,-7.57144832735024e-05,-9.12666928367601e-05,-0.000106568746738916,-0.000121578703113783,-0.000136255420714083,-0.000150558671677517,-0.000164449251786824,-0.000177889087927832,-0.00019084134244367,-0.000203270514105251,-0.000215142535416664,-0.000226424865992895,-0.000237086581750116,-0.000247098459666401,-0.000256433057880354,-0.000265064790907092,-0.000272969999766375,-0.000280127016830232,-0.000286516225212288,-0.000292120112536629,-0.000296923318937472,-0.000300912679159949,-0.000304077258645128,-0.000306408383500478,-0.00030789966427479,-0.000308547013471316,-0.000308348656750536,-0.0003073051377947,-0.000305419316816907,-0.000302696362720922,-0.000299143738934955,-0.000294771182953813,-0.000289590679649346,-0.000283616428421424,-0.000276864804276774,-0.000269354312948732,-0.000261105540171125,-0.000252141095257236
-0.000180198345938611,-0.000171417923539668,-0.000162167656527345,-0.000152472899240646,-0.000142360224335406,-0.000131857349950616,-0.00012099306373488,-0.000109797143941587,-9.83002778086328e-05,-8.65339774469976e-05,-7.45304934680668e-05,-6.23227265871109e-05,-4.99441374445487e-05,-3.74286548928264e-05,-2.48105829996841e-05,-1.21245070231808e-05,5.94801384422777e-07,1.33124794827365e-05,2.59936690001273e-05,3.86036116776113e-05,5.11077445386773e-05,6.34717946244808e-05,7.56618729331636e-05,8.76445673072284e-05,9.93870340145741e-05,0.000110857087769836,0.000122023289953021,0.00013285503478034,0.000143322633191935,0.000153397394228145,0.000163051703669359,0.000172259099724286,0.000180994345560536,0.00018923349847639,0.000196953975526308,0.000204134615419485,0.000210755736520946,0.000216799190798101,0.000222248413562797,0.000227088468874206,0.000231306090477169,0.000234889718163987,0.000237829529460347,0.000240117466547779,0.000241747258349758,0.000242714437720276,0.000243016353687788,0.000242652178721817,0.000241622911000513,0.000239931371675018,0.000237582197137228,0.000234581826311358,0.000230938483004995,0.00022666215336925,0.000221764558525865,0.000216259122442616,0.000210160935136484,0.000203486711315343,0.000196254744562669,0.00018848485719666,0.000180198345938475,0.000171417923539532,0.00016216765652725,0.000152472899240643,0.000142360224335381,0.000131857349950577,0.000120993063734876,0.000109797143941588,9.83002778086503e-05,8.6533977447012e-05,7.4530493468109e-05,6.23227265871579e-05,4.99441374446261e-05,3.74286548929505e-05,2.48105829998042e-05,1.2124507023236e-05,-5.94801384312472e-07,-1.3312479482601e-05,-2.59936689999304e-05,-3.86036116774533e-05,-5.1107744538534e-05,-6.34717946243153e-05,-7.56618729330533e-05,-8.76445673070875e-05,-9.9387034014297e-05,-0.00011085708776961,-0.000122023289952946,-0.000132855034780244,-0.000143322633191838,-0.000153397394228038,-0.000163051703669209,-0.000172259099724207,-0.000180994345560425,-0.000189233498476319,-0.000196953975526244,-0.000204134615419416,-0.000210755736520931,-0.000216799190798105,-0.000222248413562793,-0.000227088468874232,-0.00023130609047719,-0.000234889718164097,-0.000237829529460437,-0.000240117466547888,-0.000241747258349824,-0.000242714437720351,-0.000243016353687864,-0.000242652178721945,-0.000241622911000648,-0.000239931371675181,-0.000237582197137466,-0.000234581826311388,-0.000230938483005161,-0.000226662153369358,-0.000221764558526153,-0.000216259122442648,-0.000210160935136691,-0.000203486711315461,-0.000196254744562823,-0.000188484857196814
-0.000129970628967075,-0.000122800038026478,-0.000115292860717323,-0.000107469673690863,-9.93519197589656e-05,-9.09618491208464e-05,-8.23224583770147e-05,-7.34574274969111e-05,-6.43910549139919e-05,-5.51481909253453e-05,-4.57541695786428e-05,-3.62347392334845e-05,-2.66159919867003e-05,-1.69242921560223e-05,-7.18620401683996e-06,2.57158100800387e-06,1.23223175081013e-05,2.20392793923467e-05,3.16958331437932e-05,4.12655108196507e-05,5.07220825986952e-05,6.0039628675051e-05,6.91926103024978e-05,7.81559397945348e-05,8.69050492882063e-05,9.54159580824562e-05,0.000103665338367998,0.000111630579166609,0.000119289848307134,0.000126622152265174,0.000133607393705302,0.000140226426566141,0.00014646110853885,0.000152294350793368,0.000157710164818257,0.000162693706243663,0.000167231315528976,0.000171310555402523,0.00017492024495137,0.00017805049026734,0.000180692711565646,0.000182839666701297,0.000184485471019596,0.000185625613485249,0.000186256969046975,0.00018637780720324,0.000185987796744901,0.000185088006663407,0.000183680903220961,0.000181770343190409,0.000179361563283855,0.000176461165799568,0.00017307710052546,0.000169218642949282,0.000164896368835041,0.000160122125235628,0.000154908998020938,0.000149271276010209,0.000143224411807582,0.000136784979447692,0.000129970628966965,0.000122800038026358,0.000115292860717256,0.000107469673690801,9.93519197589321e-05,9.09618491208297e-05,8.23224583769884e-05,7.34574274969057e-05,6.43910549139954e-05,5.51481909253551e-05,4.57541695786928e-05,3.62347392335411e-05,2.66159919868005e-05,1.69242921560966e-05,7.18620401693253e-06,-2.57158100794658e-06,-1.23223175079329e-05,-2.2039279392255e-05,-3.16958331436052e-05,-4.12655108194817e-05,-5.07220825985861e-05,-6.00396286749002e-05,-6.91926103022629e-05,-7.81559397944194e-05,-8.69050492881066e-05,-9.54159580822963e-05,-0.000103665338367755,-0.000111630579166488,-0.000119289848307038,-0.000126622152265069,-0.000133607393705183,-0.000140226426566022,-0.000146461108538771,-0.000152294350793301,-0.00015771016481822,-0.000162693706243648,-0.00016723131552895,-0.000171310555402518,-0.000174920244951374,-0.000178050490267378,-0.000180692711565677,-0.000182839666701363,-0.000184485471019678,-0.00018562561348533,-0.000186256969047094,-0.000186377807203325,-0.000185987796744916,-0.00018508800666354,-0.000183680903221152,-0.000181770343190497,-0.000179361563283943,-0.000176461165799769,-0.000173077100525557,-0.000169218642949442,-0.000164896368835155,-0.000160122125235725,-0.000154908998020997,-0.000149271276010282,-0.000143224411807818,-0.000136784979447822
-9.01882577106371e-05,-8.46207853043654e-05,-7.88213732074649e-05,-7.28059172053802e-05,-6.65909052449356e-05,-6.01933722418847e-05,-5.36308533895396e-05,-4.69213360958543e-05,-4.00832106813974e-05,-3.31352199726212e-05,-2.6096407929106e-05,-1.8986067445394e-05,-1.18236874705071e-05,-4.62889959011566e-06,2.57857578227058e-06,9.77898345772326e-06,1.69525876191979e-05,2.40797259163958e-05,3.11408633585679e-05,3.81166458589388e-05,4.4987953282449e-05,5.17359518529966e-05,5.83421457756726e-05,6.47884279321781e-05,7.1057129511037e-05,7.71310684369708e-05,8.29935964657421e-05,8.86286448153496e-05,9.40207682100279e-05,9.91551872143758e-05,0.000104017828742707,0.000108595364632702,0.000112875248176583,0.000116845748511075,0.000120495982770744,0.0001238159459172,0.000126796538162253,0.000129429589909731,0.000131707884147795,0.000133625176230315,0.000135176210992975,0.000136356737157253,0.000137163518983044,0.000137594345137435,0.000137648034755871,0.000137324440678837,0.000136624449855153,0.000135549980911095,0.000134103978891306,0.000132290407186922,0.000130114236671796,0.000127581432078017,0.000124698935646992,0.00012147464810112,0.000117917406988355,0.000114036962459552,0.000109843950543046,0.000105349863993338,0.000100567020789187,9.55085303713652e-05,9.01882577106005e-05,8.46207853042924e-05,7.88213732073664e-05,7.28059172053471e-05,6.65909052449015e-05,6.019337224187e-05,5.36308533895156e-05,4.6921336095848e-05,4.00832106814108e-05,3.31352199726406e-05,2.6096407929141e-05,1.8986067445423e-05,1.18236874705591e-05,4.62889959019432e-06,-2.57857578219952e-06,-9.7789834576715e-06,-1.6952587619134e-05,-2.40797259163117e-05,-3.11408633585109e-05,-3.81166458588408e-05,-4.49879532823064e-05,-5.17359518529147e-05,-5.83421457756275e-05,-6.47884279320292e-05,-7.10571295109284e-05,-7.71310684369253e-05,-8.29935964656336e-05,-8.86286448152535e-05,-9.40207682099282e-05,-9.91551872142664e-05,-0.000104017828742661,-0.000108595364632622,-0.000112875248176548,-0.000116845748511026,-0.00012049598277072,-0.000123815945917186,-0.000126796538162265,-0.000129429589909739,-0.000131707884147811,-0.000133625176230341,-0.000135176210993001,-0.000136356737157311,-0.000137163518983091,-0.000137594345137464,-0.000137648034755899,-0.000137324440678928,-0.000136624449855259,-0.000135549980911191,-0.000134103978891375,-0.000132290407186995,-0.000130114236671842,-0.000127581432078118,-0.000124698935647115,-0.000121474648101243,-0.000117917406988485,-0.000114036962459546,-0.000109843950543133,-0.000105349863993406,-0.000100567020789274,-9.55085303715038e-05
-5.94095304831558e-05,-5.53613989819256e-05,-5.1161525734199e-05,-4.68214223006288e-05,-4.23529846030634e-05,-3.77684603185984e-05,-3.3080415309674e-05,-2.83016991817678e-05,-2.34454100636314e-05,-1.85248587061809e-05,-1.35535319986716e-05,-8.54505600202657e-06,-3.51315860088598e-06,1.52836812384236e-06,6.56570569775052e-06,1.15850471287236e-05,1.65726347507473e-05,2.15147979329342e-05,2.63979905493987e-05,3.12088281087005e-05,3.59341244394564e-05,4.05609278328566e-05,4.50765565424407e-05,4.94686335437478e-05,5.37251204590289e-05,5.78343505535758e-05,6.17850607132645e-05,6.55664223161046e-05,6.91680709128912e-05,7.25801346351003e-05,7.57932612532672e-05,7.87986438106581e-05,8.15880447626015e-05,8.41538185549393e-05,8.64889325801089e-05,8.85869864528231e-05,9.04422295532779e-05,9.20495767891075e-05,9.34046225332337e-05,9.4503652699467e-05,9.53436549225195e-05,9.59223268147103e-05,9.62380822765515e-05,9.62900558443132e-05,9.60781050620541e-05,9.56028108721155e-05,9.48654760228483e-05,9.38681214978053e-05,9.26134809764472e-05,9.11049933412397e-05,8.93467932518737e-05,8.73436998126492e-05,8.51012033633968e-05,8.26254504310924e-05,7.99232268823132e-05,7.70019393241207e-05,7.38695948025247e-05,7.0534778856189e-05,6.70066319838195e-05,6.32948245908217e-05,5.94095304831242e-05,5.53613989818604e-05,5.11615257341545e-05,4.68214223005875e-05,4.23529846030244e-05,3.77684603185943e-05,3.30804153096632e-05,2.83016991817672e-05,2.34454100636412e-05,1.85248587061978e-05,1.35535319986999e-05,8.54505600206148e-06,3.51315860089931e-06,-1.52836812378619e-06,-6.56570569770822e-06,-1.15850471286606e-05,-1.65726347506758e-05,-2.15147979328682e-05,-2.63979905493082e-05,-3.12088281086303e-05,-3.593412443939e-05,-4.05609278327833e-05,-4.50765565424049e-05,-4.94686335436871e-05,-5.37251204589913e-05,-5.78343505534949e-05,-6.17850607131441e-05,-6.55664223160478e-05,-6.91680709127875e-05,-7.25801346350624e-05,-7.57932612532568e-05,-7.87986438106068e-05,-8.15880447625485e-05,-8.41538185549078e-05,-8.64889325800615e-05,-8.85869864528012e-05,-9.04422295532756e-05,-9.2049576789106e-05,-9.34046225332412e-05,-9.45036526994907e-05,-9.53436549225551e-05,-9.59223268147397e-05,-9.62380822765912e-05,-9.62900558443572e-05,-9.6078105062102e-05,-9.56028108721565e-05,-9.48654760228981e-05,-9.38681214978811e-05,-9.26134809765404e-05,-9.11049933412856e-05,-8.93467932519651e-05,-8.73436998127075e-05,-8.51012033634929e-05,-8.26254504311424e-05,-7.99232268824083e-05,-7.70019393241677e-05,-7.38695948025928e-05,-7.05347788562367e-05,-6.7006631983876e-05,-6.32948245908376e-05
-3.62733768502938e-05,-3.35844148822101e-05,-3.08034003673332e-05,-2.79379558731578e-05,-2.49959353838955e-05,-2.19854027731931e-05,-1.89146097016683e-05,-1.57919729996924e-05,-1.26260515974136e-05,-9.42552306533306e-06,-6.19915982967877e-06,-2.95580512783985e-06,2.95651230405444e-07,3.54629722917638e-06,6.78722307374915e-06,1.00095456116367e-05,1.32044326807726e-05,1.63631273177301e-05,1.94769717601229e-05,2.25374311767478e-05,2.55361170610495e-05,2.84648102235186e-05,3.13154833197123e-05,3.40803228528455e-05,3.67517505899135e-05,3.93224443332157e-05,4.17853579898586e-05,4.41337408847262e-05,4.63611562634865e-05,4.84614989354999e-05,5.04290120074534e-05,5.22583026627441e-05,5.39443569428807e-05,5.54825534902729e-05,5.68686762150662e-05,5.80989258512649e-05,5.91699303701071e-05,6.00787542226481e-05,6.0822906385894e-05,6.14003471904928e-05,6.18094939113309e-05,6.2049225105658e-05,6.21188836869785e-05,6.20182787259578e-05,6.17476859737554e-05,6.13078471063545e-05,6.06999676914741e-05,5.99257138843751e-05,5.89872078608895e-05,5.78870220008065e-05,5.66281718371116e-05,5.52141077905591e-05,5.36487057124521e-05,5.193625626106e-05,5.0081453141288e-05,4.80893802396254e-05,4.59654976893448e-05,4.37156269049015e-05,4.13459346257684e-05,3.88629160137857e-05,3.62733768502675e-05,3.35844148821865e-05,3.08034003673022e-05,2.79379558731485e-05,2.49959353838774e-05,2.19854027731759e-05,1.89146097016646e-05,1.57919729996932e-05,1.26260515974104e-05,9.42552306532551e-06,6.19915982968917e-06,2.95580512784711e-06,-2.95651230377731e-07,-3.54629722913951e-06,-6.78722307370118e-06,-1.00095456115948e-05,-1.32044326807215e-05,-1.63631273177047e-05,-1.94769717600688e-05,-2.25374311767129e-05,-2.55361170610209e-05,-2.84648102234495e-05,-3.13154833196548e-05,-3.40803228527794e-05,-3.67517505898616e-05,-3.93224443331692e-05,-4.1785357989805e-05,-4.41337408846648e-05,-4.63611562634691e-05,-4.84614989354705e-05,-5.04290120074159e-05,-5.22583026627087e-05,-5.39443569428439e-05,-5.54825534902303e-05,-5.6868676215047e-05,-5.80989258512496e-05,-5.91699303701043e-05,-6.00787542226559e-05,-6.08229063859055e-05,-6.14003471905029e-05,-6.18094939113404e-05,-6.20492251056838e-05,-6.21188836870082e-05,-6.20182787259733e-05,-6.17476859737882e-05,-6.13078471063822e-05,-6.06999676915054e-05,-5.99257138844196e-05,-5.89872078609372e-05,-5.78870220008339e-05,-5.66281718371109e-05,-5.52141077905951e-05,-5.3648705712496e-05,-5.19362562611368e-05,-5.00814531413601e-05,-4.80893802396622e-05,-4.59654976893695e-05,-4.3715626904949e-05,-4.13459346258144e-05,-3.88629160138148e-05
-1.96221173968659e-05,-1.80659925917432e-05,-1.64603501566778e-05,-1.48095910459831e-05,-1.31182398756241e-05,-1.13909325216082e-05,-9.63240341332629e-06,-7.84747255682373e-06,-6.04103232351963e-06,-4.21803404051869e-06,-2.38347441940614e-06,-5.42381860580892e-07,1.30019732921461e-06,3.1392127685197e-06,4.96962384382403e-06,6.7864135256111e-06,8.58460211962353e-06,1.03592609159533e-05,1.21055256981871e-05,1.38186100758994e-05,1.54938186039085e-05,1.71265596521103e-05,1.87123579907516e-05,2.02468670568242e-05,2.1725880867633e-05,2.31453455491209e-05,2.45013704472849e-05,2.57902387921228e-05,2.70084178850761e-05,2.81525687819452e-05,2.92195554446374e-05,3.02064533368917e-05,3.11105574401647e-05,3.19293896679777e-05,3.26607056580827e-05,3.3302500924206e-05,3.38530163501112e-05,3.43107430113011e-05,3.46744263108164e-05,3.49430694179979e-05,3.51159360007662e-05,3.51925522438277e-05,3.51727081474059e-05,3.50564581027701e-05,3.4844120743231e-05,3.45362780706987e-05,3.41337738605875e-05,3.36377113489074e-05,3.3049450208564e-05,3.23706028224305e-05,3.16030298640227e-05,3.07488351974582e-05,2.98103601109333e-05,2.87901768994501e-05,2.7691081814248e-05,2.65160873985923e-05,2.52684142304743e-05,2.39514820953509e-05,2.25689006126452e-05,2.11244593420997e-05,1.96221173968545e-05,1.806599259173e-05,1.64603501566644e-05,1.48095910459727e-05,1.31182398756101e-05,1.13909325216022e-05,9.63240341332046e-06,7.84747255682074e-06,6.04103232351751e-06,4.21803404051913e-06,2.38347441940797e-06,5.42381860587572e-07,-1.30019732920271e-06,-3.1392127685099e-06,-4.96962384380564e-06,-6.78641352558998e-06,-8.58460211961467e-06,-1.03592609159275e-05,-1.21055256981457e-05,-1.38186100758642e-05,-1.54938186038897e-05,-1.71265596520921e-05,-1.87123579907361e-05,-2.02468670567957e-05,-2.17258808676041e-05,-2.3145345549097e-05,-2.45013704472608e-05,-2.57902387920838e-05,-2.70084178850443e-05,-2.81525687819189e-05,-2.92195554446165e-05,-3.02064533368739e-05,-3.11105574401636e-05,-3.19293896679702e-05,-3.26607056580728e-05,-3.33025009241936e-05,-3.38530163501133e-05,-3.43107430113081e-05,-3.46744263108186e-05,-3.49430694180012e-05,-3.51159360007729e-05,-3.51925522438464e-05,-3.51727081474275e-05,-3.50564581027955e-05,-3.48441207432371e-05,-3.45362780707231e-05,-3.41337738605895e-05,-3.36377113489255e-05,-3.30494502085871e-05,-3.23706028224495e-05,-3.1603029864046e-05,-3.07488351974914e-05,-2.98103601109666e-05,-2.87901768994604e-05,-2.76910818142722e-05,-2.65160873986108e-05,-2.52684142304988e-05,-2.39514820953771e-05,-2.25689006126668e-05,-2.11244593421333e-05
-8.46472336091716e-06,-7.75894338454126e-06,-7.03189668366134e-06,-6.2855760427569e-06,-5.52202707481583e-06,-4.74334261450392e-06,-3.95165698178327e-06,-3.14914013195802e-06,-2.33799170792358e-06,-1.52043501113126e-06,-6.98710907656632e-07,1.24928313853324e-07,9.48225115535413e-07,1.76892289808986e-06,2.58477218592829e-06,3.39353679287692e-06,4.19299995135742e-06,4.98097038842237e-06,5.75528833187827e-06,6.51383143005346e-06,7.25452056905803e-06,7.97532557143498e-06,8.67427076077702e-06,9.34944037690839e-06,9.99898382683857e-06,1.06211207571189e-05,1.12141459336648e-05,1.17764339156946e-05,1.23064435109372e-05,1.28027219999233e-05,1.3263909117813e-05,1.36887407827695e-05,1.40760525607426e-05,1.44247828570534e-05,1.47339758262105e-05,1.50027839917713e-05,1.5230470569243e-05,1.54164114855433e-05,1.55600970895425e-05,1.56611335489848e-05,1.57192439299647e-05,1.5734268955961e-05,1.57061674444257e-05,1.56350164196555e-05,1.55210109016506e-05,1.53644633716104e-05,1.51658029154446e-05,1.49255740476476e-05,1.46444352188506e-05,1.43231570110387e-05,1.39626200254577e-05,1.35638124689057e-05,1.31278274451987e-05,1.26558599589598e-05,1.2149203640277e-05,1.16092471988944e-05,1.10374706178909e-05,1.04354410971151e-05,9.80480875765959e-06,9.14730211892387e-06,8.46472336091115e-06,7.75894338452756e-06,7.03189668365286e-06,6.28557604274467e-06,5.52202707481471e-06,4.74334261449923e-06,3.95165698178247e-06,3.14914013195318e-06,2.33799170792471e-06,1.52043501113407e-06,6.98710907658082e-07,-1.24928313847223e-07,-9.48225115529394e-07,-1.76892289807545e-06,-2.58477218591834e-06,-3.39353679286664e-06,-4.19299995134719e-06,-4.98097038841212e-06,-5.75528833186904e-06,-6.51383143004697e-06,-7.2545205690498e-06,-7.97532557142855e-06,-8.67427076075927e-06,-9.34944037689967e-06,-9.99898382682967e-06,-1.06211207570993e-05,-1.12141459336472e-05,-1.17764339156845e-05,-1.23064435109214e-05,-1.28027219999104e-05,-1.32639091178007e-05,-1.36887407827596e-05,-1.40760525607274e-05,-1.44247828570491e-05,-1.47339758262029e-05,-1.50027839917678e-05,-1.52304705692382e-05,-1.54164114855381e-05,-1.55600970895387e-05,-1.56611335489879e-05,-1.57192439299688e-05,-1.57342689559686e-05,-1.57061674444336e-05,-1.56350164196578e-05,-1.55210109016518e-05,-1.53644633716156e-05,-1.51658029154555e-05,-1.49255740476524e-05,-1.46444352188608e-05,-1.43231570110511e-05,-1.39626200254713e-05,-1.35638124689177e-05,-1.31278274452052e-05,-1.26558599589717e-05,-1.21492036402771e-05,-1.16092471989e-05,-1.1037470617893e-05,-1.04354410971292e-05,-9.80480875767566e-06,-9.14730211894246e-06
-2.07830230797411e-06,-1.89976862479765e-06,-1.71602780786485e-06,-1.5275834779906e-06,-1.33495214798621e-06,-1.13866180693025e-06,-9.39250473016579e-07,-7.37264718834991e-07,-5.33258173311417e-07,-3.27790004199768e-07,-1.2142338546649e-07,8.52760463207321e-08,2.91741742402832e-07,4.97407794636031e-07,7.01710486679346e-07,9.04089839055112e-07,1.10399114402015e-06,1.30086648600876e-06,1.49417624337411e-06,1.68339056751123e-06,1.86799083512777e-06,2.04747106969073e-06,2.22133932837804e-06,2.38911905036665e-06,2.55035036310602e-06,2.7045913427756e-06,2.85141922557078e-06,2.99043156646376e-06,3.12124734229037e-06,3.24350799611246e-06,3.35687841997388e-06,3.46104787340951e-06,3.5557308352074e-06,3.64066778594103e-06,3.71562591932633e-06,3.78039978035118e-06,3.8348118283297e-06,3.87871292365767e-06,3.91198273646745e-06,3.93453007650996e-06,3.94629314309455e-06,3.94723969448805e-06,3.9373671362345e-06,3.91670252834744e-06,3.88530251108957e-06,3.84325314970587e-06,3.79066969857597e-06,3.72769628529285e-06,3.65450551560067e-06,3.57129800030548e-06,3.47830180543379e-06,3.37577182708978e-06,3.26398909281548e-06,3.14325999130862e-06,3.01391543264919e-06,2.87630994129309e-06,2.73082068430909e-06,2.57784643765372e-06,2.41780649309804e-06,2.25113950899567e-06,2.07830230797749e-06,1.8997686248003e-06,1.71602780786324e-06,1.52758347798583e-06,1.33495214798416e-06,1.13866180692813e-06,9.39250473012625e-07,7.37264718837571e-07,5.33258173304213e-07,3.27790004199399e-07,1.21423385465538e-07,-8.52760463236311e-08,-2.91741742393177e-07,-4.97407794632328e-07,-7.01710486674615e-07,-9.04089839056729e-07,-1.10399114402062e-06,-1.30086648600892e-06,-1.49417624337148e-06,-1.68339056751514e-06,-1.86799083511668e-06,-2.04747106969021e-06,-2.22133932837716e-06,-2.38911905036241e-06,-2.55035036310959e-06,-2.70459134277545e-06,-2.85141922555982e-06,-2.9904315664603e-06,-3.12124734229303e-06,-3.24350799611322e-06,-3.35687841996793e-06,-3.46104787341539e-06,-3.55573083520602e-06,-3.64066778593501e-06,-3.71562591933334e-06,-3.7803997803421e-06,-3.83481182833974e-06,-3.87871292365952e-06,-3.91198273646762e-06,-3.93453007650865e-06,-3.9462931430998e-06,-3.94723969449142e-06,-3.93736713624107e-06,-3.91670252835504e-06,-3.88530251109161e-06,-3.84325314970749e-06,-3.79066969857973e-06,-3.72769628529185e-06,-3.65450551559856e-06,-3.57129800030982e-06,-3.47830180543759e-06,-3.37577182709541e-06,-3.26398909281572e-06,-3.14325999130583e-06,-3.01391543265278e-06,-2.87630994129922e-06,-2.73082068431359e-06,-2.57784643765462e-06,-2.4178064930941e-06,-2.25113950899943e-06
1.16568574258352e-17,-3.75118665333442e-18,-6.40498648412282e-19,-9.26282404249799e-18,-8.20403184249893e-18,-1.83746596740184e-17,-9.18435838470221e-18,-7.71863579347156e-18,-4.93333581263692e-18,-1.58958185962938e-17,2.3895600731151e-18,6.58700127960014e-18,-5.75988298188077e-18,-2.28098392004102e-17,8.47394636282717e-18,-1.13246037680845e-17,-2.11316361345109e-17,9.17775236240533e-18,5.98377417133111e-18,-4.83680749359669e-18,-7.82261471855485e-18,1.11835703764177e-17,1.87175720893601e-18,6.00461574851048e-18,-5.90659889265221e-18,-5.73203024612627e-18,4.35196213289892e-18,-1.17297158015753e-19,1.25323991166111e-19,1.31039418694178e-18,3.09375801464305e-18,-3.15455767378577e-19,-3.62042266634695e-18,-1.66998025609075e-17,2.7324501068271e-18,-1.58259209454137e-18,-5.16472832409178e-18,1.63449114100882e-17,-8.25355510139286e-18,4.29844060205908e-18,7.00702110725936e-18,-8.95724553937654e-18,2.09439320691859e-17,2.80070603546875e-18,1.1190543757738e-17,-7.81596764362693e-18,3.04225674828368e-18,-1.6710337025613e-17,-1.64622568429112e-18,2.29318423514015e-17,-1.35259812017705e-17,-1.07677912286286e-18,2.52324597775171e-18,7.88966936612653e-18,-3.84583058135441e-18,1.0624169251755e-17,6.62981000766311e-18,1.04537666926242e-17,2.08290336578937e-17,1.10419390058426e-18,2.57696125538536e-18,6.69146295151089e-18,-1.89173029967523e-17,1.74003238326645e-17,-1.59897691417563e-17,2.47755906203335e-17,-8.91690618109348e-18,4.02529941863503e-18,2.42722190436326e-18,-7.37722941367905e-19,4.48249533014829e-18,-2.84005819773369e-18,1.59412508914436e-17,-8.47689435631127e-18,4.10195057235572e-18,8.0377221199821e-18,1.38752006995224e-17,-8.44125113814661e-19,7.64140644649813e-18,3.8511574363241e-18,-1.0876527873283e-17,1.47586852707162e-17,-3.15619163038626e-18,-2.50152760555849e-18,4.95600473839783e-18,-1.89066353319466e-17,6.00430130890951e-18,-1.48979688967822e-17,-1.93048297743396e-17,1.92862543012394e-18,-3.16179922624461e-18,5.53102071570252e-19,-9.89244334700803e-18,-6.41847079067305e-19,4.01361490051578e-18,-9.34621889783001e-18,1.62526002971514e-17,1.05774053458517e-17,1.34145778340125e-17,-8.73823011612595e-20,-1.35758998891615e-19,1.72734632864096e-17,3.77213706451796e-18,-6.26416100585693e-18,-7.82711302397296e-18,5.37626406445246e-18,8.43001494954393e-18,4.13202583259312e-18,-1.2039595621e-17,-1.54191482457342e-17,1.76180410576822e-17,4.23608997117355e-18,8.07479954837669e-18,-3.18733268051296e-18,-1.99551572997022e-19,3.85509653395625e-18,8.13097086279098e-18,-1.0344920663208e-17,7.74344154764157e-18,1.39050477729218e-17
