0,0,0,0,0,0,0,0,0,0,0,0,0,0,0,0,0,0,0,0,0,0,0,0,0,0,0,0,0,0,0,0,0,0,0,0,0,0,0,0,0,0,0,0,0,0,0,0,0,0,0,0,0,0,0,0,0,0,0,0,0,0,0,0,0,0,0,0,0,0,0,0,0,0,0,0,0,0,0,0,0,0,0,0,0,0,0,0,0,0,0,0,0,0,0,0,0,0,0,0,0,0,0,0,0,0,0,0,0,0,0,0,0,0,0,0,0,0,0,0
4.6907091300562e-06,4.95201023472327e-06,5.19973822355006e-06,5.43321409133711e-06,5.65179789695264e-06,5.85489051738797e-06,6.04193528988154e-06,6.21241953771936e-06,6.36587597541995e-06,6.50188398955448e-06,6.62007079162112e-06,6.72011243980309e-06,6.8017347268951e-06,6.86471393188273e-06,6.90887743314461e-06,6.93410418159088e-06,6.94032503246234e-06,6.92752293483193e-06,6.89573297836719e-06,6.84504229712599e-06,6.7755898307383e-06,6.68756594358866e-06,6.58121190303886e-06,6.45681921811431e-06,6.31472884052125e-06,6.1553302301066e-06,5.97906028738382e-06,5.78640215601291e-06,5.5778838985425e-06,5.35407704902108e-06,5.11559504646104e-06,4.86309155345949e-06,4.59725866454239e-06,4.31882500917342e-06,4.02855375465428e-06,3.72724051431938e-06,3.4157111668076e-06,3.09481959241184e-06,2.76544533262959e-06,2.42849117941308e-06,2.08488070068006e-06,1.73555570886384e-06,1.38147367948484e-06,1.02360512677566e-06,6.62930943566293e-07,3.00439712720045e-07,-6.28750024972713e-08,-4.2601738170194e-07,-7.87992076875518e-07,-1.14780694053927e-06,-1.50447574516363e-06,-1.85702088634123e-06,-2.20447606235295e-06,-2.54588892270773e-06,-2.88032367848845e-06,-3.20686366727579e-06,-3.52461386565864e-06,-3.83270334242634e-06,-4.13028764574074e-06,-4.41655111771182e-06,-4.69070913005755e-06,-4.95201023472768e-06,-5.19973822355306e-06,-5.43321409133717e-06,-5.65179789695469e-06,-5.85489051738778e-06,-6.04193528988452e-06,-6.21241953772001e-06,-6.36587597542129e-06,-6.50188398955933e-06,-6.62007079162305e-06,-6.72011243980585e-06,-6.80173472689587e-06,-6.86471393188467e-06,-6.90887743314767e-06,-6.9341041815947e-06,-6.94032503246396e-06,-6.92752293483537e-06,-6.89573297836658e-06,-6.84504229712204e-06,-6.77558983073545e-06,-6.68756594358891e-06,-6.58121190303692e-06,-6.45681921811205e-06,-6.31472884051966e-06,-6.15533023010678e-06,-5.97906028738377e-06,-5.78640215601541e-06,-5.57788389854176e-06,-5.354077049018e-06,-5.1155950464611e-06,-4.86309155345935e-06,-4.59725866454081e-06,-4.31882500917757e-06,-4.02855375465378e-06,-3.72724051431742e-06,-3.4157111668065e-06,-3.09481959241035e-06,-2.76544533262394e-06,-2.42849117941285e-06,-2.08488070067707e-06,-1.73555570886168e-06,-1.38147367948852e-06,-1.02360512677878e-06,-6.62930943564702e-07,-3.00439712717465e-07,6.28750024994782e-08,4.26017381701942e-07,7.87992076874807e-07,1.14780694054145e-06,1.50447574516446e-06,1.8570208863419e-06,2.20447606235369e-06,2.54588892271297e-06,2.88032367849294e-06,3.20686366727918e-06,3.52461386565645e-06,3.83270334242536e-06,4.13028764573915e-06,4.41655111770825e-06
1.87787041734278e-05,1.9808575805614e-05,2.07841535084069e-05,2.17027632911225e-05,2.25618873081845e-05,2.33591707604074e-05,2.40924283492419e-05,2.47596502666271e-05,2.53590077036404e-05,2.58888578632057e-05,2.63477484629026e-05,2.67344217154736e-05,2.70478177764046e-05,2.72870776488779e-05,2.74515455382255e-05,2.75407706493725e-05,2.75545084225243e-05,2.7492721203365e-05,2.73555783463909e-05,2.71434557506418e-05,2.68569348293837e-05,2.64968009165504e-05,2.60640411141984e-05,2.55598415868279e-05,2.49855843103139e-05,2.43428432839264e-05,2.36333802161546e-05,2.28591396959399e-05,2.20222438627517e-05,2.11249865898867e-05,2.01698271971394e-05,1.91593837100329e-05,1.80964256839428e-05,1.69838666129041e-05,1.58247559440251e-05,1.46222707190812e-05,1.33797068664581e-05,1.21004701673341e-05,1.07880669205673e-05,9.44609433223973e-06,8.07823065594353e-06,6.68822511093354e-06,5.27988760577881e-06,3.85707829570479e-06,2.42369700212355e-06,9.8367252353178e-07,-4.5904813307974e-07,-1.90051057066668e-06,-3.33676384087983e-06,-4.76387127334218e-06,-6.17792126578066e-06,-7.5750380054335e-06,-8.95139209246099e-06,-1.03032110359732e-05,-1.16267895941941e-05,-1.29184999303138e-05,-1.41748015560796e-05,-1.53922510360535e-05,-1.65675114258345e-05,-1.7697361418401e-05,-1.87787041734338e-05,-1.98085758056303e-05,-2.07841535084189e-05,-2.17027632911263e-05,-2.25618873081921e-05,-2.33591707604019e-05,-2.40924283492463e-05,-2.47596502666269e-05,-2.53590077036422e-05,-2.58888578632221e-05,-2.63477484629115e-05,-2.67344217154828e-05,-2.70478177764133e-05,-2.72870776488873e-05,-2.74515455382388e-05,-2.75407706493885e-05,-2.75545084225221e-05,-2.7492721203379e-05,-2.73555783463913e-05,-2.71434557506196e-05,-2.68569348293732e-05,-2.64968009165528e-05,-2.6064041114192e-05,-2.55598415868228e-05,-2.49855843103099e-05,-2.43428432839293e-05,-2.36333802161521e-05,-2.28591396959509e-05,-2.20222438627506e-05,-2.11249865898744e-05,-2.01698271971381e-05,-1.91593837100303e-05,-1.80964256839367e-05,-1.69838666129189e-05,-1.58247559440207e-05,-1.46222707190694e-05,-1.33797068664563e-05,-1.21004701673325e-05,-1.0788066920549e-05,-9.44609433223755e-06,-8.07823065593871e-06,-6.68822511092839e-06,-5.27988760579435e-06,-3.85707829570713e-06,-2.42369700211768e-06,-9.83672523528227e-07,4.59048133094029e-07,1.90051057066895e-06,3.33676384087867e-06,4.76387127334544e-06,6.17792126578357e-06,7.57503800544019e-06,8.95139209247163e-06,1.03032110359917e-05,1.1626789594214e-05,1.29184999303252e-05,1.41748015560733e-05,1.53922510360465e-05,1.65675114258286e-05,1.76973614183829e-05
4.22989802272399e-05,4.45593911564298e-05,4.66976678917823e-05,4.87079495653513e-05,5.05847261347825e-05,5.23228534860084e-05,5.39175675327268e-05,5.53644972746299e-05,5.66596767778175e-05,5.77995560452835e-05,5.87810107472817e-05,5.96013507846436e-05,6.02583276623262e-05,6.07501406523905e-05,6.1075441729624e-05,6.123333926637e-05,6.122340047649e-05,6.10456526014541e-05,6.07005828358875e-05,6.01891369920412e-05,5.95127169073528e-05,5.86731766022952e-05,5.76728171985225e-05,5.65143806115725e-05,5.52010420356517e-05,5.37364012404631e-05,5.21244727046646e-05,5.03696746123038e-05,4.84768167430024e-05,4.64510872886033e-05,4.4298038632681e-05,4.20235721319842e-05,3.96339219411268e-05,3.71356379251161e-05,3.45355677068387e-05,3.18408378980464e-05,2.90588345657624e-05,2.61971829877986e-05,2.32637267522081e-05,2.02665062586123e-05,1.72137366800971e-05,1.4113785445849e-05,1.09751493067252e-05,7.80643104621631e-06,4.61631590085386e-06,1.41354775447294e-06,-1.79309482805186e-06,-4.99482266229317e-06,-8.18286003480056e-06,-1.13484687567284e-05,-1.44829721146352e-05,-1.7577778652639e-05,-2.06244057211974e-05,-2.36145027272731e-05,-2.65398740227791e-05,-2.9392501368365e-05,-3.21645659107506e-05,-3.48484696136941e-05,-3.74368560837134e-05,-3.99226307334205e-05,-4.22989802272512e-05,-4.45593911564642e-05,-4.66976678918054e-05,-4.87079495653597e-05,-5.05847261348022e-05,-5.23228534860053e-05,-5.39175675327501e-05,-5.53644972746388e-05,-5.6659676777833e-05,-5.77995560453161e-05,-5.87810107473055e-05,-5.9601350784665e-05,-6.02583276623504e-05,-6.07501406524138e-05,-6.10754417296439e-05,-6.12333392663974e-05,-6.12234004764886e-05,-6.10456526014718e-05,-6.07005828358878e-05,-6.01891369919926e-05,-5.95127169073281e-05,-5.8673176602293e-05,-5.76728171985158e-05,-5.65143806115595e-05,-5.52010420356353e-05,-5.37364012404638e-05,-5.21244727046646e-05,-5.03696746123231e-05,-4.84768167430042e-05,-4.64510872885809e-05,-4.42980386326783e-05,-4.20235721319797e-05,-3.96339219411143e-05,-3.71356379251497e-05,-3.45355677068306e-05,-3.18408378980245e-05,-2.90588345657556e-05,-2.61971829877888e-05,-2.32637267521706e-05,-2.02665062586097e-05,-1.72137366800865e-05,-1.41137854458267e-05,-1.09751493067493e-05,-7.80643104624339e-06,-4.61631590084745e-06,-1.41354775445786e-06,1.79309482807267e-06,4.99482266229789e-06,8.18286003480077e-06,1.13484687567483e-05,1.44829721146525e-05,1.75777786526589e-05,2.06244057212176e-05,2.36145027273045e-05,2.65398740228156e-05,2.93925013683853e-05,3.21645659107383e-05,3.48484696136861e-05,3.74368560837013e-05,3.99226307333817e-05
7.52696841595671e-05,7.91494257559972e-05,8.28122242780897e-05,8.62480402496388e-05,8.94474563378324e-05,9.24017031656791e-05,9.51026833478707e-05,9.75429936855729e-05,9.97159454576748e-05,0.000101615582754376,0.00010323669880203,0.000104574850234184,0.000105626369270734,0.000106388373771088,0.000106858775133925,0.000107036284021779,0.000106920413895159,0.00010651148234594,0.000105810610227164,0.000104819718580618,0.000103541523371302,0.00010197952804351,0.000100138013917876,9.80220284565767e-05,9.56373714287247e-05,9.2990579013431e-05,9.00889058847981e-05,8.69403053271118e-05,8.35534074357072e-05,7.99374954622687e-05,7.61024803700759e-05,7.20588736690225e-05,6.78177586040356e-05,6.33907597766165e-05,5.87900112829151e-05,5.40281234547904e-05,4.91181482956442e-05,4.40735437062083e-05,3.89081365969768e-05,3.36360849897909e-05,2.8271839211701e-05,2.28301022874577e-05,1.73257896397493e-05,1.17739882069441e-05,6.18991509085739e-06,5.88875847790686e-07,-5.01377746306281e-06,-1.06026883584076e-05,-1.61625380219172e-05,-2.16780872921855e-05,-2.71342184320007e-05,-3.25159765651306e-05,-3.78086106666872e-05,-4.29976139944606e-05,-4.80687638510065e-05,-5.30081605670509e-05,-5.78022655995415e-05,-6.24379386397934e-05,-6.69024736302399e-05,-7.11836335908167e-05,-7.52696841595884e-05,-7.9149425756052e-05,-8.28122242781409e-05,-8.62480402496548e-05,-8.94474563378632e-05,-9.24017031656829e-05,-9.51026833479073e-05,-9.75429936855754e-05,-9.97159454576689e-05,-0.000101615582754398,-0.000103236698802068,-0.000104574850234196,-0.000105626369270756,-0.000106388373771108,-0.000106858775133971,-0.000107036284021827,-0.000106920413895148,-0.000106511482345992,-0.000105810610227174,-0.000104819718580546,-0.000103541523371248,-0.000101979528043479,-0.000100138013917846,-9.80220284565479e-05,-9.56373714287007e-05,-9.29905790134343e-05,-9.00889058847939e-05,-8.69403053271472e-05,-8.35534074357053e-05,-7.99374954622262e-05,-7.6102480370069e-05,-7.2058873669017e-05,-6.78177586040218e-05,-6.33907597766655e-05,-5.87900112829025e-05,-5.40281234547587e-05,-4.91181482956217e-05,-4.40735437062037e-05,-3.89081365969084e-05,-3.36360849897766e-05,-2.82718392116524e-05,-2.28301022874349e-05,-1.73257896398063e-05,-1.17739882069935e-05,-6.18991509084824e-06,-5.88875847760135e-07,5.01377746309324e-06,1.06026883584143e-05,1.61625380219217e-05,2.16780872922051e-05,2.71342184320195e-05,3.25159765651446e-05,3.78086106667198e-05,4.29976139945219e-05,4.80687638510536e-05,5.3008160567088e-05,5.78022655995223e-05,6.24379386397771e-05,6.69024736302144e-05,7.11836335907491e-05
0.000117638133077169,0.000123428414409638,0.000128880387037674,0.000133979107483177,0.000138710600507786,0.000143061897418142,0.000147021071611738,0.000150577271267419,0.000153720749089014,0.000156442889022222,0.000158736229870976,0.00016059448574728,0.000162012563300906,0.000162986575679848,0.000163513853183954,0.000163592950582197,0.000163223651074098,0.000162406966883914,0.000161145136486293,0.000159441618470668,0.000157301082061395,0.000154729394320073,0.000151733604064013,0.000148321922546078,0.000144503700948213,0.000140289404750343,0.00013569058504546,0.000130719846878699,0.000125390814697926,0.000119718095009884,0.000113717236344833,0.000107404686639353,0.000100797748153466,9.39145300462e-05,8.67738987400206e-05,7.93954262090318e-05,7.17993363334564e-05,6.40064494676972e-05,5.60381253729583e-05,4.79162046717354e-05,3.96629489841893e-05,3.13009799103621e-05,2.28532170263162e-05,1.43428150629056e-05,5.79310044036918e-06,-2.77249266778331e-06,-1.13304865662809e-05,-1.9857424388609e-05,-2.83299343910297e-05,-3.67247940124906e-05,-4.50189935262358e-05,-5.31897991078891e-05,-6.1214815147453e-05,-6.90720456336612e-05,-7.67399544439459e-05,-8.41975243732208e-05,-9.14243147407257e-05,-9.84005174163127e-05,-0.000105107011113365,-0.000111525413798908,-0.000117638133077201,-0.000123428414409715,-0.000128880387037742,-0.000133979107483216,-0.000138710600507848,-0.000143061897418145,-0.000147021071611801,-0.000150577271267438,-0.000153720749088999,-0.0001564428890223,-0.000158736229871029,-0.000160594485747329,-0.000162012563300951,-0.000162986575679916,-0.000163513853184013,-0.000163592950582243,-0.00016322365107411,-0.000162406966883959,-0.00016114513648628,-0.000159441618470602,-0.000157301082061302,-0.000154729394320016,-0.00015173360406399,-0.000148321922546051,-0.000144503700948169,-0.000140289404750327,-0.000135690585045451,-0.00013071984687874,-0.000125390814697924,-0.000119718095009834,-0.000113717236344815,-0.000107404686639342,-0.000100797748153449,-9.39145300462487e-05,-8.67738987399932e-05,-7.93954262090078e-05,-7.17993363334338e-05,-6.40064494676887e-05,-5.60381253728963e-05,-4.79162046717307e-05,-3.96629489841262e-05,-3.13009799103565e-05,-2.28532170263702e-05,-1.43428150629106e-05,-5.79310044037433e-06,2.7724926678124e-06,1.13304865663085e-05,1.98574243886635e-05,2.83299343910405e-05,3.67247940125126e-05,4.5018993526228e-05,5.31897991079048e-05,6.12148151474581e-05,6.90720456337317e-05,7.67399544440205e-05,8.41975243733071e-05,9.14243147406957e-05,9.84005174162766e-05,0.000105107011113334,0.000111525413798818
0.000169217135017565,0.00017709198842391,0.000184481444999523,0.000191365250757533,0.00019772453766478,0.000203541875358067,0.00020880131891895,0.00021348845257839,0.00021759042922856,0.000221096005636642,0.000223995573261655,0.0002262811845901,0.000227946574920199,0.000228987179532746,0.000229400146202912,0.00022918434301775,0.000228340361478801,0.000226870514880831,0.000224778831971069,0.00022207104590713,0.000218754578542275,0.000214838520083085,0.000210333604173584,0.000205252178475135,0.000199608170822405,0.000193417051048046,0.000186695788581031,0.000179462805934549,0.000171737928211371,0.000163542328764353,0.000154898471161773,0.000145830047616589,0.000136361914047486,0.000126520021950346,0.000116331347267333,0.000105823816447617,9.50262299027128e-05,8.39681830667798e-05,7.26799852776324e-05,6.11925767007851e-05,4.9537443524631e-05,3.77465316591005e-05,2.58521591740637e-05,1.38869277176048e-05,1.88363315757876e-06,-1.01248243100005e-05,-2.21055303378534e-05,-3.40256466436716e-05,-4.58525010171613e-05,-5.75536768724925e-05,-6.90971020999912e-05,-8.04511369734918e-05,-9.15846608726969e-05,-0.00010246715758239,-0.000113068798935592,-0.000123360526570213,-0.000133314131576245,-0.000142902331814127,-0.000152098846693463,-0.000160878469206357,-0.000169217135017612,-0.000177091988423999,-0.000184481444999619,-0.000191365250757596,-0.000197724537664858,-0.000203541875358045,-0.000208801318919027,-0.000213488452578393,-0.000217590429228579,-0.000221096005636745,-0.000223995573261728,-0.00022628118459017,-0.000227946574920198,-0.000228987179532798,-0.00022940014620299,-0.000229184343017858,-0.000228340361478815,-0.000226870514880869,-0.000224778831971051,-0.000222071045907042,-0.000218754578542172,-0.000214838520083029,-0.000210333604173561,-0.000205252178475081,-0.000199608170822358,-0.00019341705104801,-0.000186695788580987,-0.000179462805934569,-0.000171737928211382,-0.000163542328764291,-0.000154898471161732,-0.000145830047616564,-0.000136361914047504,-0.000126520021950398,-0.000116331347267303,-0.000105823816447587,-9.50262299026455e-05,-8.39681830667613e-05,-7.26799852775553e-05,-6.11925767007388e-05,-4.95374435246178e-05,-3.77465316590905e-05,-2.58521591740615e-05,-1.38869277176588e-05,-1.88363315753275e-06,1.01248243100339e-05,2.21055303379568e-05,3.40256466437147e-05,4.585250101715e-05,5.75536768724999e-05,6.90971021000137e-05,8.04511369735069e-05,9.15846608726944e-05,0.000102467157582498,0.000113068798935708,0.000123360526570314,0.000133314131576219,0.000142902331814067,0.000152098846693417,0.00016087846920626
0.000229621969815381,0.000239624708762507,0.000248970653039136,0.000257634186061423,0.000265591561687646,0.000272820969304389,0.000279302593607793,0.000285018668916243,0.000289953527864536,0.000294093644347262,0.000297427670593133,0.000299946468267935,0.000301643133522169,0.000302513015914378,0.00030255373115742,0.000301765167653604,0.000300149486800685,0.000297711117067544,0.000294456741856221,0.000290395281182951,0.000285537867228965,0.000279897813828506,0.000273490579975673,0.000266333727453298,0.000258446872696588,0.000249851633026226,0.000240571567396754,0.000230632111822919,0.000220060509661706,0.000208885736939743,0.000197138422932189,0.000184850766210279,0.000172056446387121,0.000158790531803853,0.000145089383410267,0.000130990555101904,0.000116532690787018,0.00010175541846673,8.66992416172918e-05,7.14054281730737e-05,5.59158974135524e-05,4.0273105065856e-05,2.45199269365656e-05,8.6995413918442e-06,-7.14468899109396e-06,-2.29693362781279e-05,-3.87310262109565e-05,-5.43865570932204e-05,-6.98930182028164e-05,-8.52079074076931e-05,-0.000100289247661061,-0.00011509570205761,-0.000129586687135088,-0.000143722484110574,-0.00015746434774717,-0.000170774612551778,-0.000183616796013835,-0.000195955698600995,-0.000207757500238946,-0.000218989853009882,-0.000229621969815448,-0.000239624708762639,-0.000248970653039231,-0.000257634186061531,-0.000265591561687705,-0.000272820969304374,-0.000279302593607836,-0.000285018668916271,-0.000289953527864505,-0.000294093644347369,-0.00029742767059325,-0.000299946468268041,-0.000301643133522282,-0.000302513015914468,-0.000302553731157556,-0.000301765167653628,-0.000300149486800743,-0.000297711117067642,-0.000294456741856175,-0.000290395281182823,-0.0002855378672289,-0.000279897813828387,-0.000273490579975674,-0.000266333727453227,-0.000258446872696508,-0.000249851633026184,-0.000240571567396688,-0.000230632111822935,-0.000220060509661711,-0.000208885736939666,-0.000197138422932126,-0.000184850766210284,-0.000172056446387155,-0.00015879053180388,-0.000145089383410247,-0.000130990555101871,-0.000116532690786981,-0.000101755418466695,-8.6699241617228e-05,-7.14054281730253e-05,-5.59158974135488e-05,-4.02731050658301e-05,-2.45199269365892e-05,-8.69954139189601e-06,7.14468899115732e-06,2.29693362781514e-05,3.87310262110103e-05,5.43865570932521e-05,6.98930182027792e-05,8.52079074077472e-05,0.000100289247661146,0.000115095702057639,0.000129586687135094,0.000143722484110694,0.000157464347747255,0.000170774612551883,0.000183616796013802,0.000195955698600915,0.000207757500238877,0.000218989853009769
0.00029821925960623,0.000310256055357836,0.000321442460827431,0.000331747814854968,0.000341143871181571,0.000349604875869924,0.000357107637894175,0.000363631592705374,0.000369158858596429,0.000373674285715964,0.000377165497592282,0.000379622925056231,0.000381039832469785,0.000381412336188282,0.000380739415204833,0.000379022913949403,0.000376267537232292,0.000372480837349634,0.000367673193382644,0.00036185778274936,0.000355050545085795,0.000347270138557584,0.000338537888717857,0.000328877730056723,0.000318316140397447,0.000306882068323246,0.000294606853830954,0.000281524142430162,0.000267669792923493,0.000253081779119924,0.000237800085751211,0.000221866598876724,0.000205324991076556,0.000188220601747824,0.000170600312832638,0.000152512420318382,0.000134006501861021,0.000115133280896679,9.59444876121529e-05,7.64927171562066e-05,5.68312854795131e-05,3.70140831995287e-05,1.70954278903308e-05,-2.87008479837164e-06,-2.28277307842027e-05,-4.2722807546574e-05,-6.25007840631512e-05,-8.21074502750262e-05,-0.000101489065672843,-0.000120592506596168,-0.000139365411841194,-0.00015775632617942,-0.000175714841393207,-0.000193191734440491,-0.000210139102372333,-0.000226510493631135,-0.000242261035371413,-0.000257347556453119,-0.000271728705770503,-0.000285365065593076,-0.000298219259606324,-0.000310256055357981,-0.000321442460827549,-0.000331747814855139,-0.00034114387118161,-0.000349604875869927,-0.000357107637894282,-0.000363631592705357,-0.00036915885859649,-0.000373674285716107,-0.000377165497592441,-0.000379622925056276,-0.000381039832469851,-0.000381412336188319,-0.000380739415205045,-0.000379022913949459,-0.000376267537232323,-0.000372480837349673,-0.00036767319338263,-0.000361857782749172,-0.000355050545085733,-0.000347270138557452,-0.000338537888717806,-0.000328877730056607,-0.000318316140397405,-0.000306882068323216,-0.000294606853830913,-0.000281524142430127,-0.000267669792923485,-0.00025308177911988,-0.000237800085751183,-0.00022186659887674,-0.000205324991076606,-0.000188220601747809,-0.000170600312832624,-0.00015251242031837,-0.000134006501860943,-0.000115133280896633,-9.59444876121054e-05,-7.64927171561829e-05,-5.68312854794539e-05,-3.7014083199579e-05,-1.70954278904578e-05,2.87008479832724e-06,2.28277307841045e-05,4.27228075466404e-05,6.25007840631657e-05,8.21074502750579e-05,0.000101489065672982,0.000120592506596304,0.000139365411841264,0.000157756326179468,0.000175714841393273,0.000193191734440606,0.000210139102372433,0.000226510493631185,0.000242261035371377,0.000257347556453014,0.000271728705770404,0.000285365065592966
0.000374098448775307,0.000387939822526613,0.000400717880189841,0.000412397597996931,0.000422946962653346,0.000432337059083827,0.000440542149686753,0.000447539744879149,0.000453310664738774,0.000457839091575593,0.000461112613286572,0.000463122257375899,0.000463862515549129,0.000463331358809832,0.00046153024302187,0.000458464104918448,0.000454141348570794,0.000448573822353633,0.000441776786469545,0.000433768871121094,0.000424572025447916,0.000414211457364575,0.00040271556446807,0.000390115856201789,0.00037644686749025,0.000361746064081463,0.000346053739855703,0.00032941290638289,0.00031186917503091,0.000293470631947918,0.000274267706261585,0.000254313031856523,0.000233661303108278,0.000212369124969806,0.000190494857821292,0.000168098457508786,0.000145241311008533,0.000121986068170414,9.83964699985777e-05,7.45371739419535e-05,5.04735766725682e-05,2.62716348378367e-05,1.99768427821718e-06,-2.2281741795122e-05,-4.65000951630924e-05,-7.05909950023582e-05,-9.44884098309859e-05,-0.000118126838496175,-0.000141441489707842,-0.000164368459627828,-0.000186844907024929,-0.000208809225519297,-0.000230201212440825,-0.000250962233840151,-0.000271035385200648,-0.000290365647409766,-0.000308900037562385,-0.000326587754183411,-0.000343380316470977,-0.000359231697179224,-0.000374098448775375,-0.000387939822526759,-0.000400717880189987,-0.000412397597997104,-0.000422946962653412,-0.000432337059083888,-0.000440542149686884,-0.000447539744879123,-0.000453310664738838,-0.000457839091575675,-0.000461112613286615,-0.000463122257376062,-0.000463862515549248,-0.000463331358809943,-0.000461530243022032,-0.000458464104918431,-0.000454141348570809,-0.000448573822353749,-0.000441776786469488,-0.000433768871121005,-0.000424572025447791,-0.0004142114573645,-0.00040271556446805,-0.000390115856201692,-0.00037644686749017,-0.000361746064081385,-0.000346053739855627,-0.000329412906382814,-0.000311869175030887,-0.000293470631947863,-0.000274267706261522,-0.000254313031856549,-0.000233661303108315,-0.000212369124969774,-0.000190494857821318,-0.000168098457508752,-0.000145241311008484,-0.000121986068170414,-9.83964699984074e-05,-7.45371739418327e-05,-5.04735766725612e-05,-2.62716348378644e-05,-1.99768427832645e-06,2.2281741795105e-05,4.65000951631235e-05,7.05909950024224e-05,9.44884098309841e-05,0.000118126838496217,0.000141441489707953,0.000164368459627872,0.000186844907024996,0.000208809225519456,0.000230201212440926,0.000250962233840225,0.000271035385200781,0.000290365647409823,0.00030890003756233,0.000326587754183265,0.000343380316470878,0.000359231697179164
0.000456074707448977,0.000471365373472107,0.0004853640597708,0.000498032396918756,0.000509335661884712,0.000519242873205004,0.00052772687590182,0.000534764415913741,0.000540336203832529,0.000544426967774859,0.000547025495241252,0.000548124663848369,0.000547721460851848,0.000545816991402611,0.000542416475519201,0.000537529233779382,0.000531168661773092,0.000523352193385723,0.000514101253014169,0.000503441196842796,0.0004914012433446,0.000478014393195343,0.000463317338820719,0.000447350363825124,0.000430157232577175,0.000411785070254682,0.000392284233677481,0.000371708173283035,0.000350113286622838,0.000327558763780016,0.000304106425133956,0.000279820551914823,0.000254767710012968,0.000229016567526721,0.000202637706547573,0.000175703429700017,0.000148287561964626,0.000120465248329113,9.23127478214564e-05,6.39072244886076e-05,3.53265358955719e-05,6.64901972312481e-06,-2.204672095016e-05,-5.06820330938106e-05,-7.9178429307572e-05,-0.000107457802950221,-0.000135442642224224,-0.000163056242630537,-0.000190222917209647,-0.000216868203994938,-0.000242919070107249,-0.000268304111933686,-0.000292953750838871,-0.000316800423875984,-0.000339778768971847,-0.000361825804079597,-0.000382881099808567,-0.000402886945056714,-0.000421788505192735,-0.000439533972354188,-0.000456074707449063,-0.000471365373472216,-0.000485364059770946,-0.000498032396918931,-0.000509335661884817,-0.000519242873204963,-0.000527726875901959,-0.000534764415913731,-0.000540336203832585,-0.000544426967774902,-0.000547025495241361,-0.000548124663848613,-0.000547721460851947,-0.000545816991402745,-0.000542416475519415,-0.000537529233779518,-0.00053116866177308,-0.00052335219338577,-0.000514101253014084,-0.00050344119684262,-0.000491401243344511,-0.000478014393195295,-0.000463317338820645,-0.000447350363824974,-0.000430157232577028,-0.000411785070254562,-0.00039228423367736,-0.000371708173282962,-0.000350113286622794,-0.000327558763779914,-0.000304106425133878,-0.000279820551914864,-0.000254767710013057,-0.00022901656752671,-0.000202637706547584,-0.000175703429699924,-0.00014828756196446,-0.000120465248329108,-9.23127478213449e-05,-6.39072244885602e-05,-3.53265358954701e-05,-6.64901972313437e-06,2.2046720950123e-05,5.06820330936557e-05,7.91784293075322e-05,0.000107457802950242,0.000135442642224351,0.000163056242630614,0.000190222917209742,0.000216868203995085,0.000242919070107403,0.000268304111933816,0.000292953750838906,0.000316800423876145,0.000339778768971927,0.000361825804079617,0.000382881099808534,0.000402886945056533,0.000421788505192613,0.000439533972354099
0.000542728784951202,0.000559005846426876,0.000573750711733596,0.000586922966220349,0.000598486505653162,0.000608409635174389,0.000616665156175564,0.000623230440847485,0.00062808749420118,0.000631223003391286,0.000632628374204698,0.000632299754617995,0.00063023804535454,0.000626448897415953,0.000620942696593531,0.00061373453500099,0.000604844169708309,0.000594295968588303,0.000582118843527729,0.000568346171179482,0.000553015701481329,0.000536169454185003,0.000517853603683495,0.000498118352449794,0.000477017793435766,0.000454609761807181,0.00043095567642095,0.000406120371480984,0.000380171918831939,0.000353181441378723,0.000325222918144002,0.000296372981496676,0.00026671070710765,0.000236317397209443,0.000205276357751626,0.000173672670065671,0.000141592957663006,0.000109125148805377,7.6358235500131e-05,4.3382029578938e-05,1.02869165299543e-05,-2.28363922420302e-05,-5.58971080502644e-05,-8.88046137705991e-05,-0.00012146871221742,-0.000153799873367248,-0.000185709479754508,-0.000217110069366455,-0.000247915575369367,-0.000278041562012588,-0.000307405456060682,-0.000335926773121266,-0.00036352733824674,-0.000390131500206622,-0.000415666338842163,-0.000440061864935489,-0.000463251212045285,-0.000485170819783111,-0.000505760608027656,-0.000524964141600632,-0.000542728784951267,-0.000559005846427043,-0.000573750711733866,-0.000586922966220397,-0.000598486505653257,-0.000608409635174466,-0.000616665156175703,-0.000623230440847552,-0.000628087494201385,-0.000631223003391291,-0.000632628374204942,-0.000632299754618151,-0.000630238045354458,-0.000626448897416053,-0.000620942696593675,-0.00061373453500108,-0.000604844169708186,-0.00059429596858833,-0.000582118843527682,-0.000568346171179369,-0.000553015701481107,-0.000536169454184865,-0.000517853603683385,-0.000498118352449641,-0.000477017793435631,-0.000454609761806961,-0.000430955676420809,-0.000406120371480864,-0.000380171918831871,-0.000353181441378623,-0.000325222918143963,-0.000296372981496702,-0.000266710707107752,-0.000236317397209375,-0.000205276357751522,-0.000173672670065674,-0.000141592957662918,-0.000109125148805262,-7.63582354999433e-05,-4.33820295787022e-05,-1.02869165300189e-05,2.28363922420129e-05,5.58971080502796e-05,8.88046137706043e-05,0.000121468712217414,0.000153799873367302,0.000185709479754497,0.000217110069366498,0.000247915575369382,0.000278041562012772,0.000307405456060904,0.000335926773121486,0.0003635273382469,0.000390131500206756,0.000415666338842295,0.000440061864935456,0.00046325121204522,0.000485170819782944,0.000505760608027558,0.000524964141600508
0.000632485070761418,0.000649204110217223,0.000664143726332518,0.00067726297065799,0.000688525884256946,0.000697901596266127,0.000705364408510261,0.000710893865939973,0.000714474812696739,0.000716097433654455,0.000715757281321782,0.000713455288032698,0.000709197763390938,0.000702996376975438,0.000694868126355277,0.000684835290500511,0.000672925368716771,0.00065917100527187,0.000643609899919876,0.000626284704569182,0.000607242906375524,0.000586536697584402,0.00056422283247505,0.000540362471800425,0.000515021015150694,0.000488267921697198,0.000460176519809396,0.000430823806067279,0.000400290234218886,0.000368659494662333,0.00033601828505612,0.000302456072686932,0.000268064849245959,0.000232938878686222,0.000197174438851343,0.000160869557585026,0.000124123744043291,8.70377159468261e-05,4.97131235208519e-05,1.22522708788493e-05,-2.52421643860871e-05,-6.26674126329054e-05,-9.99208938576057e-05,-0.000136900498857671,-0.000173504869106303,-0.000209633674568814,-0.000245187888700785,-0.000280070059872639,-0.000314184578477772,-0.00034743793899192,-0.000379738996265612,-0.000410999215345807,-0.000441132914144998,-0.00047005749828929,-0.000497693687504117,-0.000523965732915677,-0.000548801624673701,-0.000572133289325196,-0.000593896776399173,-0.000614032433690281,-0.000632485070761539,-0.000649204110217388,-0.000664143726332804,-0.00067726297065819,-0.000688525884257035,-0.000697901596266122,-0.000705364408510289,-0.000710893865939925,-0.000714474812696729,-0.000716097433654427,-0.00071575728132191,-0.000713455288033001,-0.000709197763391028,-0.000702996376975602,-0.000694868126355358,-0.000684835290500639,-0.000672925368716764,-0.000659171005271818,-0.000643609899919771,-0.000626284704568917,-0.000607242906375343,-0.000586536697584289,-0.000564222832474793,-0.000540362471800221,-0.00051502101515055,-0.000488267921696998,-0.000460176519809224,-0.00043082380606713,-0.000400290234218836,-0.00036865949466232,-0.000336018285056079,-0.00030245607268696,-0.000268064849245971,-0.000232938878686132,-0.000197174438851281,-0.000160869557584951,-0.000124123744043147,-8.70377159467322e-05,-4.97131235207646e-05,-1.22522708787274e-05,2.52421643860948e-05,6.26674126328634e-05,9.99208938576029e-05,0.000136900498857735,0.000173504869106282,0.000209633674568938,0.000245187888700793,0.000280070059872619,0.000314184578477876,0.000347437938992272,0.00037973899626576,0.000410999215346028,0.000441132914145135,0.000470057498289396,0.000497693687504155,0.00052396573291562,0.000548801624673587,0.000572133289325054,0.00059389677639901,0.000614032433690178
0.000723724070628426,0.000740292241154484,0.000754831322104715,0.000767301462868572,0.000777668483657377,0.000785903969187474,0.000791985346565543,0.000795895947158876,0.00079762505228288,0.000797167922581026,0.00079452581101384,0.00078970595942552,0.000782721578694015,0.000773591812521821,0.000762341684963117,0.00074900203183579,0.000733609416201595,0.000716206028150314,0.000696839569158415,0.000675563121344464,0.000652435001972516,0.000627518603610448,0.000600882220374236,0.000572598860738737,0.000542746047426734,0.000511405604924603,0.000478663435206752,0.00044460928228449,0.000409336486223861,0.000372941727307157,0.000335524761038738,0.000297188144722334,0.000258036956358559,0.000218178506633474,0.000177722044786966,0.000136778459169014,9.54599733018369e-05,5.38798382831987e-05,1.21520223731886e-05,-2.9609101385922e-05,-7.1289068656072e-05,-0.0001127736375441,-0.000153949101730653,-0.000194702602130151,-0.000234922436230785,-0.000274498364262804,-0.000313321911358667,-0.000351286664874158,-0.000388288566059059,-0.000424226195273978,-0.000459001049975098,-0.000492517814703032,-0.000524684622335419,-0.000555413305888466,-0.000584619640176359,-0.000612223572666946,-0.000638149442899881,-0.000662326189867041,-0.000684687546785549,-0.000705172222730316,-0.000723724070628579,-0.000740292241154657,-0.000754831322104871,-0.000767301462868639,-0.000777668483657417,-0.000785903969187508,-0.000791985346565504,-0.000795895947158805,-0.000797625052282947,-0.00079716792258106,-0.000794525811014045,-0.000789705959425571,-0.000782721578694234,-0.00077359181252189,-0.000762341684963122,-0.000749002031835725,-0.000733609416201633,-0.000716206028150149,-0.000696839569158296,-0.000675563121344184,-0.000652435001972257,-0.000627518603610253,-0.000600882220373973,-0.00057259886073843,-0.000542746047426546,-0.000511405604924405,-0.000478663435206615,-0.000444609282284355,-0.000409336486223763,-0.000372941727307117,-0.000335524761038736,-0.000297188144722274,-0.000258036956358617,-0.000218178506633329,-0.000177722044786881,-0.000136778459168874,-9.54599733016115e-05,-5.38798382830661e-05,-1.21520223728847e-05,2.96091013859957e-05,7.12890686560466e-05,0.000112773637544202,0.000153949101730674,0.000194702602130029,0.000234922436230585,0.000274498364262913,0.000313321911358721,0.00035128666487432,0.000388288566059209,0.000424226195274046,0.000459001049975279,0.000492517814703245,0.000524684622335647,0.000555413305888609,0.000584619640176381,0.000612223572666801,0.000638149442899731,0.000662326189866894,0.000684687546785377,0.000705172222730205
0.00081492047572919,0.000830735358810093,0.000844273254016086,0.000855497054917536,0.000864375997856511,0.000870885746267277,0.000875008457382098,0.000876732831136205,0.000876054141140948,0.000872974247638738,0.000867501592403792,0.000859651175602931,0.000849444514683575,0.000836909585393475,0.00082208074510291,0.000804998638632031,0.000785710086847482,0.000764267958329048,0.000740731024460227,0.000715163798340997,0.000687636357960983,0.000658224154120748,0.000627007803626726,0.000594072868325777,0.000559509620586144,0.00052341279586754,0.00048588133305745,0.000447018103286636,0.00040692962796652,0.000365725786821545,0.000323519516716201,0.000280426502103046,0.000236564857939866,0.000192054805944549,0.000147018345075682,0.000101578917142009,5.58610684571805e-05,9.99010846644949e-06,-3.59082337170358e-05,-8.17081539278809e-05,-0.0001272841177686,-0.00017251120468945,-0.00021726545038969,-0.000261424186592059,-0.000304866377270463,-0.000347472950399804,-0.000389127124324566,-0.000429714727849296,-0.000469124513174525,-0.00050724846081726,-0.000543982075687446,-0.000579224673499859,-0.000612879656743676,-0.000644854779449234,-0.000675062400027434,-0.000703419721490248,-0.000729849018390539,-0.000754277849862556,-0.000776639258177323,-0.000796871952268953,-0.000814920475729327,-0.00083073535881016,-0.000844273254016318,-0.000855497054917705,-0.000864375997856541,-0.000870885746267296,-0.000875008457382047,-0.000876732831136079,-0.000876054141141003,-0.000872974247638874,-0.000867501592403736,-0.00085965117560295,-0.00084944451468364,-0.000836909585393804,-0.000822080745102946,-0.00080499863863216,-0.000785710086847552,-0.000764267958328851,-0.000740731024460144,-0.000715163798340797,-0.000687636357960804,-0.00065822415412052,-0.000627007803626443,-0.000594072868325433,-0.000559509620585932,-0.000523412795867323,-0.000485881333057241,-0.000447018103286473,-0.000406929627966448,-0.000365725786821538,-0.000323519516716126,-0.000280426502102951,-0.00023656485793977,-0.00019205480594449,-0.000147018345075546,-0.000101578917141833,-5.58610684569373e-05,-9.99010846633414e-06,3.59082337170417e-05,8.17081539280374e-05,0.000127284117768632,0.000172511204689417,0.000217265450389559,0.000261424186592108,0.000304866377270388,0.000347472950399684,0.000389127124324557,0.00042971472784945,0.000469124513174577,0.000507248460817453,0.000543982075687634,0.000579224673500095,0.000612879656743909,0.000644854779449246,0.000675062400027479,0.00070341972149009,0.000729849018390347,0.000754277849862419,0.00077663925817718,0.000796871952268767
0.000904793122373199,0.000919285914961993,0.000931259008756497,0.00094067958633919,0.000947521826561387,0.000951766975318522,0.000953403396952865,0.000952426606146225,0.000948839280214542,0.000942651251768713,0.000933879481765013,0.00092254801301468,0.000908687904286249,0.000892337145174438,0.000873540551973146,0.000852349644838135,0.000828822506572476,0.000803023623427309,0.00077502370834746,0.000744899507154562,0.000712733588189945,0.000678614116001434,0.00064263460969088,0.000604893686584152,0.000565494791928153,0.000524545915354478,0.000482159294887593,0.00043845110930792,0.000393541159713866,0.000347552541155832,0.000300611305240673,0.000252846114633014,0.000204387890400166,0.00015536945316676,0.000105925159061644,5.61905314583518e-05,6.30188951422348e-06,-4.36040254711136e-05,-9.33904248535554e-05,-0.000142920847573166,-0.000192059534183638,-0.000240671798960676,-0.000288624399065797,-0.000335785899755101,-0.00038202703463354,-0.000427221059964255,-0.000471244102065175,-0.00051397549683833,-0.000555298120500681,-0.000595098710612992,-0.00063326817652434,-0.00066970189838179,-0.000704300013886113,-0.000736967692007834,-0.000767615392911652,-0.00079615911337977,-0.000822520617058488,-0.000846627648898467,-0.000868414133201225,-0.000887820354727611,-0.000904793122373391,-0.000919285914962041,-0.000931259008756635,-0.000940679586339172,-0.000947521826561551,-0.000951766975318515,-0.000953403396952836,-0.0009524266061462,-0.00094883928021454,-0.000942651251768875,-0.000933879481765104,-0.000922548013014812,-0.000908687904286369,-0.000892337145174454,-0.000873540551973198,-0.000852349644838123,-0.000828822506572617,-0.000803023623427161,-0.000775023708347485,-0.000744899507154464,-0.000712733588189678,-0.000678614116001182,-0.000642634609690541,-0.000604893686583848,-0.000565494791927896,-0.000524545915354275,-0.000482159294887408,-0.000438451109307732,-0.000393541159713867,-0.000347552541155832,-0.000300611305240629,-0.000252846114632931,-0.000204387890400306,-0.00015536945316674,-0.000105925159061509,-5.619053145831e-05,-6.30188951399931e-06,4.3604025471161e-05,9.33904248536123e-05,0.000142920847573043,0.000192059534183623,0.000240671798960573,0.000288624399065914,0.000335785899755193,0.000382027034633336,0.000427221059964197,0.000471244102065293,0.000513975496838406,0.00055529812050078,0.000595098710613153,0.00063326817652452,0.000669701898381885,0.000704300013886279,0.000736967692007874,0.000767615392911588,0.000796159113379625,0.000822520617058285,0.000846627648898361,0.00086841413320109,0.000887820354727506
0.00099244940350013,0.00100513097823291,0.00101505755882028,0.00102220193719454,0.00102654453111126,0.00102807343782264,0.00102678446670129,0.00102268115072765,0.00101577473680552,0.00100608415493551,0.000993635966328855,0.000978464290605274,0.000960610712273374,0.000940124166750403,0.000917060806233466,0.00089148384579093,0.000863463390093249,0.000833076241262088,0.00080040568835989,0.000765541279101563,0.000728578574409229,0.000689618886487386,0.000648769001132422,0.000606140885040774,0.000561851378915572,0.000516021877214456,0.000468777995416251,0.000420249225716953,0.000370568582100985,0.00031987223575952,0.000268299141853935,0.000215990658649805,0.000163090160063405,0.000109742642684748,5.60943283504589e-05,2.29226336140635e-06,-5.1516084562299e-05,-0.000105183230479055,-0.000158562076472275,-0.000211506314835372,-0.000263870829091256,-0.000315512091745741,-0.000366288557688021,-0.000416061052153842,-0.000464693152195975,-0.000512051560608141,-0.000558006471285018,-0.000602431925010712,-0.000645206154704504,-0.000686211919175891,-0.000725336824474963,-0.000762473631955655,-0.000797520552210024,-0.000830381524065771,-0.000860966477883202,-0.000889191582429731,-0.00091497947465579,-0.000938259471741227,-0.000958967764832283,-0.000977047593936885,-0.000992449403500269,-0.0010051309782331,-0.00101505755882024,-0.0010222019371946,-0.00102654453111129,-0.00102807343782252,-0.00102678446670122,-0.00102268115072749,-0.00101577473680537,-0.00100608415493552,-0.000993635966329085,-0.000978464290605145,-0.000960610712273414,-0.000940124166750526,-0.000917060806233606,-0.000891483845791075,-0.000863463390093391,-0.000833076241262008,-0.000800405688359776,-0.000765541279101352,-0.000728578574409014,-0.000689618886487101,-0.00064876900113205,-0.000606140885040459,-0.000561851378915237,-0.00051602187721419,-0.000468777995415981,-0.000420249225716714,-0.000370568582100884,-0.000319872235759506,-0.000268299141853868,-0.000215990658649631,-0.000163090160063393,-0.000109742642684702,-5.60943283503538e-05,-2.2922633610213e-06,5.1516084562587e-05,0.000105183230479243,0.000158562076472273,0.000211506314835478,0.00026387082909122,0.000315512091745689,0.000366288557687994,0.000416061052153934,0.000464693152195906,0.000512051560608129,0.000558006471285046,0.000602431925010934,0.000645206154704652,0.000686211919176099,0.000725336824475063,0.00076247363195574,0.000797520552210102,0.000830381524065782,0.000860966477883076,0.000889191582429611,0.000914979474655596,0.000938259471741117,0.000958967764832006,0.000977047593936777
0.00107750377065264,0.00108801229802628,0.00109553865931781,0.00110006222529396,0.00110157059717494,0.0011000596406181,0.00109553349705074,0.00108800457231772,0.00107749350267813,0.00106402909824311,0.00104764826401002,0.00102839589870598,0.00100632477172666,0.000981495378497044,0.000953975774657785,0.000923841389530167,0.000891174819369252,0.000856065600973291,0.000818609966269393,0.000778910578548882,0.000737076251074022,0.000693221648828504,0.000647466974228685,0.000599937637657495,0.000550763913722591,0.000500080584183269,0.000448026568522884,0.000394744543180136,0.000340380550482807,0.000285083598356113,0.000229005251902454,0.000172299217971186,0.000115120923859804,5.76270912983525e-05,-2.46931150820501e-08,-5.76764098463072e-05,-0.000115170039547268,-0.000172347996175118,-0.000229053558925036,-0.000285131301791434,-0.000340427519578719,-0.000394790649197961,-0.000448071685089052,-0.000500124587636428,-0.000550806683452353,-0.000599979056435128,-0.000647506928528123,-0.000693260029137748,-0.000737112952195394,-0.000778945499887157,-0.000818643012107724,-0.000856096680735067,-0.00089120384786722,-0.000923868287199076,-0.000954000467773009,-0.000981517799376586,-0.00100634485891654,-0.00102841359714836,-0.00104766352519459,-0.0010640418803404,-0.00107750377065287,-0.00108801229802636,-0.00109553865931765,-0.00110006222529397,-0.00110157059717484,-0.0011000596406183,-0.00109553349705082,-0.00108800457231757,-0.0010774935026779,-0.00106402909824345,-0.00104764826401008,-0.00102839589870614,-0.00100632477172693,-0.000981495378497196,-0.000953975774657787,-0.000923841389530138,-0.000891174819369349,-0.000856065600973186,-0.00081860996626925,-0.000778910578548663,-0.000737076251073739,-0.00069322164882817,-0.000647466974228382,-0.000599937637657185,-0.000550763913722286,-0.000500080584182952,-0.000448026568522565,-0.000394744543179851,-0.000340380550482664,-0.000285083598356088,-0.000229005251902497,-0.000172299217971109,-0.000115120923859801,-5.76270912981046e-05,2.46931152755885e-08,5.76764098464744e-05,0.00011517003954735,0.000172347996175154,0.000229053558925139,0.000285131301791629,0.000340427519578951,0.000394790649198008,0.000448071685089219,0.000500124587636672,0.000550806683452416,0.000599979056435095,0.000647506928528285,0.000693260029137855,0.000737112952195501,0.000778945499887252,0.00081864301210767,0.000856096680735143,0.0008912038478672,0.000923868287199028,0.000954000467772932,0.000981517799376482,0.00100634485891645,0.0010284135971482,0.00104766352519446,0.00106404188034017
0.00116014885551267,0.00116829796327681,0.00117324484753074,0.00117497594920932,0.00117348652348226,0.00116878065276226,0.00116087123551431,0.00114977995090092,0.00113553719936242,0.00111818201929061,0.00109776198002776,0.00107433305148223,0.00104795945071848,0.00101871346594305,0.000986675258367422,0.000951932642491631,0.000914580845410782,0.000874722245804401,0.000832466093323457,0.000787928209144718,0.000741230668512974,0.000692501466141103,0.000641874165385746,0.000589487532159207,0.000535485154581803,0.000480015049416706,0.000423229256366659,0.000365283421343099,0.000306336369852258,0.000246549671664768,0.000186087197964784,0.000125114672190106,6.37992157953957e-05,2.30889018474466e-06,-5.9187763933347e-05,-0.000120522188504622,-0.000181526270134637,-0.000242032800875782,-0.000301875936533335,-0.000360891651231956,-0.000418918186999665,-0.000475796497135546,-0.000531370682144978,-0.000585488417050054,-0.000638001368900571,-0.000688765603345785,-0.000737641979147848,-0.000784496529557807,-0.000829200829510091,-0.000871632347625864,-0.000911674782063118,-0.000949218379292375,-0.000984160234923403,-0.00101640457575851,-0.00104586302230095,-0.00107245483099637,-0.00109610711554541,-0.00111675504668023,-0.00113434202985671,-0.00114881986037667,-0.00116014885551275,-0.00116829796327687,-0.0011732448475307,-0.00117497594920904,-0.00117348652348199,-0.0011687806527623,-0.00116087123551441,-0.00114977995090108,-0.00113553719936252,-0.00111818201929054,-0.0010977619800277,-0.00107433305148237,-0.00104795945071861,-0.00101871346594315,-0.000986675258367613,-0.000951932642491704,-0.000914580845410744,-0.000874722245804318,-0.00083246609332326,-0.000787928209144557,-0.000741230668512747,-0.000692501466140898,-0.000641874165385513,-0.000589487532158921,-0.000535485154581462,-0.000480015049416429,-0.000423229256366334,-0.000365283421342962,-0.000306336369852189,-0.000246549671664674,-0.000186087197964702,-0.000125114672189875,-6.37992157952712e-05,-2.30889018455992e-06,5.91877639334689e-05,0.000120522188504958,0.000181526270134647,0.00024203280087569,0.000301875936533232,0.000360891651232084,0.000418918186999941,0.000475796497135733,0.000531370682145164,0.000585488417049967,0.000638001368900506,0.000688765603345941,0.000737641979148077,0.000784496529558107,0.000829200829510369,0.000871632347625946,0.00091167478206301,0.00094921837929233,0.000984160234923318,0.00101640457575843,0.00104586302230089,0.00107245483099629,0.00109610711554529,0.00111675504668016,0.00113434202985664,0.00114881986037652
0.00124115741858838,0.00124698417930721,0.00124939304306699,0.00124837740734037,0.00124394005591357,0.00123609315125888,0.00122485820119604,0.00121026599994313,0.00119235654370866,0.00117117892106771,0.00114679117841145,0.00111926016084783,0.00108866132898224,0.00105507855208555,0.00101860387821557,0.000979337281917475,0.000937386390202483,0.000892866187549126,0.000845898700737929,0.000796612664385654,0.000745143168092176,0.00069163128616931,0.000636223690965752,0.000579072250848573,0.000520333613942655,0.000460168778768788,0.000398742652958255,0.000336223601252295,0.00027278298402581,0.000208594687600954,0.000143834647636915,7.86803669014509e-05,1.33104287493828e-05,-5.20959923629871e-05,-0.000117359621981202,-0.000182301577033456,-0.00024674385613428,-0.00031050982747668,-0.000373424712964957,-0.000435316067271439,-0.000496014250496242,-0.000555352893137703,-0.000613169352101309,-0.000669305156491775,-0.000723606441971018,-0.000775924372490064,-0.000826115548238065,-0.00087404239869097,-0.000919573559682907,-0.000962584233466605,-0.00100295653077478,-0.00104057979394661,-0.00107535090023321,-0.00110717454444886,-0.0011359635001969,-0.00116163885895089,-0.00118413024633689,-0.00120337601502558,-0.00121932341370281,-0.00123192873165723,-0.00124115741858854,-0.00124698417930712,-0.00124939304306722,-0.00124837740734036,-0.00124394005591358,-0.00123609315125896,-0.00122485820119646,-0.00121026599994327,-0.00119235654370875,-0.00117117892106767,-0.00114679117841158,-0.00111926016084793,-0.00108866132898228,-0.0010550785520856,-0.00101860387821548,-0.000979337281917651,-0.000937386390202454,-0.000892866187549031,-0.000845898700737825,-0.000796612664385543,-0.000745143168092104,-0.000691631286169188,-0.000636223690965538,-0.000579072250848305,-0.000520333613942386,-0.000460168778768585,-0.000398742652957955,-0.000336223601252131,-0.000272782984025719,-0.000208594687600928,-0.000143834647636879,-7.86803669012333e-05,-1.33104287491592e-05,5.20959923630568e-05,0.000117359621981191,0.000182301577033313,0.000246743856134284,0.00031050982747648,0.000373424712965085,0.000435316067271646,0.000496014250496325,0.000555352893137988,0.000613169352101544,0.000669305156491969,0.000723606441971311,0.000775924372490314,0.000826115548238276,0.000874042398691084,0.000919573559682955,0.000962584233466565,0.00100295653077464,0.00104057979394656,0.00107535090023303,0.00110717454444875,0.00113596350019685,0.00116163885895074,0.00118413024633676,0.00120337601502558,0.00121932341370277,0.0012319287316573
0.00132179492683028,0.00132560721390113,0.00132578610374047,0.00132233110602397,0.00131525169065974,0.00130456726183346,0.00129030710482183,0.00127251030572379,0.00125122564432938,0.00122651146041543,0.00119843549384224,0.0011670746988824,0.00113251503329536,0.00109485122272226,0.00105418650104991,0.00101063232745387,0.000964308080896084,0.00091534073291713,0.000863864499613747,0.000810020473763334,0.000753956238098236,0.000695825460791363,0.000635787474262724,0.000574006838460092,0.000510652889811988,0.000445899277088018,0.000379923485439638,0.00031290634992568,0.00024503155985648,0.000176485155313681,0.000107455017227525,3.81303524083331e-05,-3.12988250566681e-05,-0.000100642214617747,-0.000169709750863531,-0.000238312124479141,-0.000306261301126496,-0.000373371036835154,-0.000439457388484626,-0.000504339217978473,-0.000567838688732003,-0.000629781753109804,-0.000689998629477773,-0.000748324267563746,-0.000804598800847844,-0.000858667984745661,-0.000910383619382371,-0.00095960395579867,-0.00100619408447315,-0.00105002630510193,-0.00109098047661486,-0.00112894434647443,-0.00116381385835229,-0.00119549343734006,-0.00122389625191368,-0.00124894445193309,-0.00127056938202265,-0.0012887117697522,-0.00130332188809825,-0.00131435969174206,-0.00132179492683042,-0.00132560721390111,-0.00132578610374064,-0.00132233110602374,-0.00131525169065962,-0.00130456726183354,-0.00129030710482206,-0.0012725103057243,-0.00125122564432948,-0.00122651146041542,-0.00119843549384225,-0.00116707469888247,-0.0011325150332956,-0.00109485122272227,-0.0010541865010498,-0.00101063232745371,-0.000964308080896117,-0.00091534073291701,-0.000863864499613637,-0.00081002047376329,-0.000753956238098197,-0.00069582546079129,-0.000635787474262561,-0.000574006838459939,-0.000510652889811746,-0.000445899277087844,-0.000379923485439361,-0.000312906349925545,-0.000245031559856227,-0.000176485155313266,-0.000107455017227369,-3.81303524079716e-05,3.12988250569383e-05,0.000100642214617732,0.000169709750863785,0.000238312124479199,0.000306261301126464,0.000373371036835183,0.000439457388484654,0.000504339217978579,0.000567838688732105,0.000629781753110089,0.000689998629478067,0.000748324267564041,0.000804598800848077,0.000858667984745826,0.000910383619382621,0.000959603955798692,0.00100619408447323,0.00105002630510186,0.00109098047661466,0.00112894434647425,0.00116381385835213,0.00119549343733994,0.00122389625191363,0.00124894445193284,0.00127056938202234,0.00128871176975219,0.00130332188809814,0.00131435969174186
0.00140362448229191,0.00140604724252499,0.00140461612499967,0.00139933505230963,0.00139021849950732,0.00137729145443095,0.00136058934921241,0.00134015796316083,0.00131605329728576,0.00128834142080058,0.00125709829003263,0.00122240954023119,0.00118437025084884,0.00114308468493311,0.00109866600335125,0.0010512359546215,0.0010009245412104,0.000947869663205443,0.00089221674033915,0.000834118313404943,0.000773733626152486,0.000711228188812339,0.00064677332444346,0.000580545699348961,0.00051272683884579,0.000443502629716533,0.000373062810706642,0.000301600452464037,0.000229311428345086,0.000156393877540219,8.30476619881079e-05,9.47381856679987e-06,-6.41259919325895e-05,-0.000137550037545374,-0.000210597068066462,-0.000283066866662113,-0.000354760798652055,-0.000425482355952174,-0.000495037695689546,-0.000563236171512469,-0.000629890856139339,-0.000694819053712793,-0.000757842800556227,-0.000818789352960623,-0.000877491660661657,-0.000933788824714567,-0.000987526538505914,-0.00103855751069727,-0.00108674186894099,-0.00113194754326049,-0.0011740506280447,-0.00121293572166463,-0.00124849624278157,-0.00128063472247892,-0.00130926307141782,-0.00133430282128353,-0.00135568533986264,-0.00137335201915765,-0.00138725443602857,-0.00139735448491769,-0.00140362448229206,-0.00140604724252521,-0.00140461612499975,-0.0013993350523095,-0.00139021849950723,-0.00137729145443127,-0.00136058934921242,-0.00134015796316122,-0.00131605329728607,-0.00128834142080088,-0.00125709829003258,-0.0012224095402313,-0.00118437025084872,-0.00114308468493335,-0.00109866600335124,-0.00105123595462133,-0.00100092454121041,-0.000947869663205432,-0.000892216740339176,-0.000834118313404874,-0.000773733626152448,-0.000711228188812286,-0.000646773324443371,-0.000580545699348776,-0.00051272683884552,-0.000443502629716388,-0.000373062810706624,-0.000301600452463936,-0.00022931142834489,-0.000156393877540077,-8.30476619880064e-05,-9.47381856662564e-06,6.41259919328338e-05,0.000137550037545503,0.000210597068066381,0.000283066866662206,0.000354760798652066,0.00042548235595213,0.000495037695689607,0.000563236171512284,0.000629890856139547,0.000694819053712975,0.000757842800556648,0.000818789352960775,0.000877491660661831,0.000933788824714781,0.000987526538506021,0.00103855751069739,0.001086741868941,0.00113194754326044,0.00117405062804455,0.00121293572166446,0.00124849624278141,0.00128063472247887,0.00130926307141756,0.00133430282128358,0.00135568533986268,0.00137335201915767,0.00138725443602873,0.0013973544849173
0.00148818981376317,0.00149020945683158,0.0014881445393625,0.00148200072115059,0.00147179484197431,0.00145755487543958,0.00143931985230453,0.00141713975350043,0.0013910753731361,0.00136119815186649,0.0013275899810784,0.00129034297843188,0.0012495592353718,0.00120535053730343,0.00115783805719541,0.00110715202345272,0.00105343136297108,0.000996823320346631,0.000937483054289422,0.00087557321234418,0.000811263485084196,0.000744730141001666,0.000676155543368393,0.000605727650389701,0.000533639500024789,0.000460088680883375,0.000385276790647539,0.000309408883509259,0.000232692908128101,0.000155339137659743,7.75595934127018e-05,-4.32536289015873e-07,-7.84234804385221e-05,-0.000156199471279374,-0.000233547330226686,-0.000310255052175836,-0.000386112386592307,-0.000460911413795384,-0.000534447114850947,-0.000606517933513536,-0.000676926328679036,-0.000745479315830121,-0.000811988995994155,-0.00087627307076082,-0.000938155341949696,-0.000997466194556531,-0.00105404306165723,-0.00110773086999151,-0.00115838246500848,-0.00120585901420704,-0.00125003038766593,-0.00129077551472089,-0.00132798271581048,-0.00136155000858301,-0.00139138538742217,-0.00141740707562853,-0.00143954374956341,-0.0014577347341422,-0.00147193016914065,-0.00148209114585791,-0.00148818981376319,-0.00149020945683193,-0.00148814453936267,-0.0014820007211507,-0.00147179484197442,-0.00145755487544008,-0.00143931985230486,-0.00141713975350065,-0.00139107537313641,-0.00136119815186679,-0.0013275899810783,-0.00129034297843187,-0.00124955923537187,-0.00120535053730357,-0.00115783805719539,-0.00110715202345277,-0.00105343136297106,-0.000996823320346651,-0.000937483054289419,-0.000875573212344145,-0.00081126348508405,-0.000744730141001712,-0.000676155543368257,-0.00060572765038967,-0.000533639500024744,-0.000460088680883194,-0.000385276790647597,-0.000309408883509206,-0.000232692908127823,-0.00015533913765948,-7.75595934125401e-05,4.32536288830094e-07,7.84234804385298e-05,0.000156199471279345,0.000233547330226844,0.000310255052175663,0.000386112386592268,0.000460911413795356,0.000534447114850931,0.000606517933513688,0.000676926328678977,0.000745479315830425,0.000811988995994414,0.000876273070761219,0.000938155341949812,0.000997466194556782,0.00105404306165727,0.00110773086999151,0.00115838246500845,0.00120585901420691,0.00125003038766583,0.0012907755147207,0.00132798271581038,0.0013615500085829,0.0013913853874223,0.00141740707562848,0.00143954374956336,0.00145773473414216,0.00147193016914055,0.00148209114585754
0.00157656628683084,0.00157957153965267,0.00157824729667887,0.00157259718756751,0.00156263669887498,0.00154839313160792,0.00152990552639511,0.0015072245564767,0.00148041238881477,0.00144954251369765,0.00141469954330676,0.00137597897980238,0.00133348695355728,0.00128733993226195,0.00123766440169437,0.00118459651903056,0.00112828173964849,0.00106887441844398,0.00100653738675508,0.000941441506052552,0.000873765199620828,0.000803693963511499,0.000731419858112373,0.000657140981722483,0.000581060927579122,0.000503388225822094,0.000424335771928295,0.000344120243178826,0.000262961504762355,0.000181082007139386,9.87061763218215e-05,1.60597987361309e-05,-6.66305976417704e-05,-0.000149138364183026,-0.000231237352834344,-0.00031270253597483,-0.000393310623199616,-0.000472840673345466,-0.000551074700072101,-0.000627798269350366,-0.00070280108721025,-0.000775877576141502,-0.000846827438566746,-0.000915456205844969,-0.000981575771295945,-0.00104500490578619,-0.00110556975446712,-0.00116310431329825,-0.00121745088405292,-0.0012684605065584,-0.00131599336698499,-0.00135991918106635,-0.00140011755119905,-0.0014364782964452,-0.00146890175452882,-0.00149729905500562,-0.00152159236284846,-0.00154171509178934,-0.00155761208682702,-0.0015692397754031,-0.00157656628683107,-0.00157957153965298,-0.0015782472966789,-0.00157259718756765,-0.00156263669887519,-0.0015483931316083,-0.00152990552639518,-0.00150722455647702,-0.00148041238881494,-0.00144954251369789,-0.00141469954330688,-0.00137597897980227,-0.0013334869535572,-0.00128733993226198,-0.00123766440169429,-0.00118459651903057,-0.00112828173964845,-0.00106887441844391,-0.00100653738675497,-0.000941441506052496,-0.000873765199620709,-0.000803693963511439,-0.000731419858112336,-0.000657140981722488,-0.00058106092757907,-0.000503388225822001,-0.000424335771928094,-0.000344120243178537,-0.000262961504762216,-0.000181082007139426,-9.87061763217838e-05,-1.605979873592e-05,6.66305976417925e-05,0.000149138364183011,0.000231237352834238,0.000312702535974968,0.000393310623199538,0.00047284067334542,0.000551074700072002,0.000627798269350681,0.00070280108721055,0.000775877576141361,0.000846827438566832,0.000915456205845372,0.000981575771296134,0.00104500490578638,0.00110556975446722,0.00116310431329826,0.00121745088405287,0.00126846050655833,0.00131599336698498,0.00135991918106627,0.00140011755119907,0.00143647829644486,0.00146890175452879,0.00149729905500547,0.00152159236284845,0.00154171509178939,0.0015576120868269,0.00156923977540299
0.00166877721512076,0.00167459340096333,0.00167581964269416,0.00167245257926888,0.00166450143957464,0.00165198801713219,0.00163494661036351,0.00161342392857934,0.00158747896395461,0.00155718282983424,0.00152261856581595,0.00148388091014427,0.00144107604004129,0.00139432128068053,0.00134374478360744,0.0012894851754849,0.00123169117812762,0.00117052120086493,0.0011061429063525,0.00103873275102085,0.000968475501419957,0.000895563727787514,0.000820197276227384,0.000742582720944191,0.000662932798039061,0.000581465822414671,0.000498405089387988,0.00041397826265537,0.000328416750279488,0.00024195507041954,0.00015483020852936,6.72809677997011e-05,-2.04526853857912e-05,-0.000108130279182548,-0.000195511495399717,-0.00028235682819819,-0.000368428240556925,-0.000453489816717396,-0.000537308408811747,-0.000619654275905439,-0.000700301713700776,-0.000779029673176195,-0.000855622366466746,-0.000929869858324757,-0.00100156864153547,-0.00107052219471802,-0.00113654152097571,-0.00119944566592462,-0.0012590622136756,-0.00131522775941523,-0.00136778835728663,-0.00141659994234462,-0.0014615287254271,-0.00150245155986281,-0.00153925627900745,-0.00157184200368341,-0.00160011941868466,-0.00162401101758225,-0.00164345131516443,-0.00165838702692651,-0.00166877721512084,-0.00167459340096364,-0.00167581964269407,-0.00167245257926911,-0.00166450143957459,-0.00165198801713276,-0.00163494661036367,-0.00161342392857951,-0.001587478963955,-0.00155718282983452,-0.00152261856581566,-0.0014838809101442,-0.00144107604004123,-0.00139432128068041,-0.00134374478360737,-0.00128948517548495,-0.00123169117812754,-0.00117052120086481,-0.00110614290635235,-0.00103873275102063,-0.000968475501419981,-0.000895563727787546,-0.000820197276227203,-0.000742582720944101,-0.000662932798039043,-0.000581465822414374,-0.00049840508938817,-0.00041397826265516,-0.000328416750279438,-0.000241955070419247,-0.000154830208528952,-6.72809677995713e-05,2.04526853856685e-05,0.000108130279182882,0.000195511495399902,0.000282356828198501,0.000368428240557039,0.000453489816717491,0.000537308408811857,0.000619654275905629,0.000700301713700752,0.00077902967317604,0.00085562236646702,0.000929869858324879,0.00100156864153565,0.00107052219471802,0.00113654152097584,0.0011994456659247,0.00125906221367563,0.0013152277594152,0.00136778835728663,0.0014165999423446,0.001461528725427,0.00150245155986282,0.00153925627900723,0.00157184200368334,0.0016001194186846,0.00162401101758221,0.00164345131516436,0.00165838702692625
0.00176308116229503,0.00177399294228249,0.00178004233092433,0.00178121274726588,0.00177750098327847,0.00176891721264781,0.0017554849628936,0.0017372410508781,0.00171423548189675,0.001686531312614,0.00165420447823323,0.00161734358435959,0.00157604966414154,0.00153043590134379,0.00148062732011997,0.0014267604423288,0.00136898291333805,0.00130745309733879,0.00124233964327957,0.00117382102261207,0.00110208504011285,0.00102732831912371,0.000949755762620856,0.000869579991588946,0.000787020762243992,0.000702304363694751,0.000615662997701447,0.000527334142225344,0.000437559900520696,0.000346586337542369,0.000254662805503761,0.000162041260416748,6.8975571498434e-05,-2.42791746665339e-05,-0.000117467373302025,-0.000210333602032159,-0.000302623320979174,-0.000394083570438028,-0.000484463664223464,-0.00057351587677976,-0.000660996122182315,-0.00074666462315907,-0.000830286568303957,-0.000911632755677348,-0.000990480221034648,-0.00106661284895329,-0.00113982196519243,-0.00120990690865306,-0.00127667558137659,-0.0013399449750721,-0.00139954167272952,-0.00145530232394281,-0.00150707409264296,-0.00155471507601083,-0.00159809469342219,-0.00163709404436086,-0.00167160623431715,-0.00170153666777735,-0.00172680330750319,-0.00174733689939181,-0.00176308116229527,-0.00177399294228279,-0.00178004233092487,-0.00178121274726659,-0.00177750098327845,-0.00176891721264821,-0.00175548496289374,-0.00173724105087848,-0.00171423548189681,-0.00168653131261427,-0.00165420447823323,-0.00161734358435963,-0.0015760496641415,-0.00153043590134397,-0.00148062732011987,-0.0014267604423287,-0.00136898291333794,-0.00130745309733857,-0.00124233964327933,-0.00117382102261191,-0.00110208504011263,-0.00102732831912355,-0.000949755762620441,-0.000869579991588865,-0.000787020762243894,-0.000702304363694814,-0.000615662997701441,-0.000527334142225266,-0.000437559900520219,-0.000346586337542124,-0.000254662805503858,-0.000162041260416566,-6.89755714986965e-05,2.42791746670095e-05,0.000117467373302218,0.000210333602032111,0.000302623320979207,0.000394083570438693,0.000484463664223682,0.000573515876779815,0.000660996122182354,0.000746664623159166,0.000830286568303939,0.000911632755677593,0.000990480221034704,0.00106661284895349,0.00113982196519253,0.00120990690865301,0.00127667558137656,0.00133994497507222,0.00139954167272942,0.00145530232394295,0.00150707409264292,0.00155471507601069,0.00159809469342215,0.00163709404436078,0.00167160623431708,0.00170153666777715,0.00172680330750318,0.00174733689939144
0.00185514917539494,0.00187390449405252,0.00188752357074623,0.00189596907653185,0.00189921786286611,0.00189726102505149,0.00189010392664396,0.00187776618475299,0.00186028161627156,0.00183769814518694,0.00181007767122277,0.00177749590017867,0.00174004213642478,0.00169781903812359,0.00165094233585293,0.00159954051539529,0.00154375446556746,0.00148373709205477,0.00141965289830596,0.00135167753464171,0.00127999731680913,0.00120480871530246,0.00112631781685252,0.001044739759556,0.000960298143197472,0.000873224416377755,0.000783757242129806,0.000692141843760007,0.000598629332706503,0.000503476020262104,0.00040694271504232,0.000309294008126561,0.000210797547833499,0.000111723306114488,1.23428385789166e-05,-8.70714598193218e-05,-0.000186247101397697,-0.000284912252618134,-0.000382796479157272,-0.000479631487155523,-0.000575151858585814,-0.000669095778750465,-0.000761205753893421,-0.000851229316976115,-0.000938919719668948,-0.00102403660867372,-0.00110634668451404,-0.00118562434099333,-0.00126165228356573,-0.00133422212492515,-0.00140313495618085,-0.00146820189205229,-0.00152924458859116,-0.00158609573200931,-0.00163859949727386,-0.00168661197521441,-0.00173000156696566,-0.00176864934467299,-0.00180244937746362,-0.00183130902179752,-0.00185514917539504,-0.00187390449405303,-0.00188752357074625,-0.00189596907653207,-0.00189921786286664,-0.00189726102505166,-0.00189010392664426,-0.00187776618475329,-0.00186028161627215,-0.00183769814518707,-0.00181007767122296,-0.0017774959001789,-0.00174004213642473,-0.00169781903812364,-0.0016509423358528,-0.00159954051539507,-0.00154375446556738,-0.00148373709205457,-0.00141965289830582,-0.00135167753464163,-0.0012799973168089,-0.00120480871530241,-0.00112631781685236,-0.00104473975955603,-0.000960298143197159,-0.000873224416377878,-0.000783757242130383,-0.000692141843759849,-0.000598629332706292,-0.000503476020261587,-0.00040694271504204,-0.000309294008126458,-0.000210797547833521,-0.000111723306114063,-1.23428385787613e-05,8.70714598192215e-05,0.000186247101397977,0.000284912252618308,0.000382796479157251,0.000479631487155635,0.000575151858586153,0.000669095778750454,0.000761205753893596,0.000851229316976072,0.000938919719668991,0.00102403660867378,0.00110634668451406,0.00118562434099334,0.00126165228356564,0.00133422212492509,0.00140313495618074,0.00146820189205247,0.00152924458859109,0.0015860957320091,0.00163859949727386,0.00168661197521417,0.00173000156696565,0.00176864934467276,0.00180244937746336,0.00183130902179712
0.00193716607401811,0.00196695164500057,0.00199134593824519,0.00201028209069015,0.00202370819965705,0.00203158746511476,0.0020338982905451,0.00203063434213558,0.00202180456614132,0.00200743316436577,0.00198755952782147,0.00196223812876494,0.00193153837139118,0.00189554440160096,0.00185435487636351,0.0018080826933045,0.00175685468126159,0.0017008112526547,0.00164010601862627,0.00157490536800302,0.00150538801123668,0.00143174449056959,0.00135417665777323,0.00127289712088547,0.00118812866146764,0.00110010362397453,0.0010090632789149,0.000915257161547285,0.000818942387918462,0.000720382950128491,0.000619848992745167,0.000517616072358066,0.00041396440229566,0.000309178084580972,0.000203544331226822,9.73526770096663e-05,-9.10581412872312e-06,-0.000115539346863489,-0.000221656194280045,-0.00032716549747427,-0.000431778062781516,-0.000535207154430941,-0.000637169280472051,-0.000737384969804518,-0.000835579538189512,-0.00093148384114104,-0.00102483501163046,-0.0011153771805884,-0.00120286217822339,-0.00128705021423757,-0.00136771053507654,-0.00144462205640696,-0.00151757396909547,-0.00158636631701997,-0.00165081054513639,-0.00171073001629496,-0.00176596049539048,-0.00181635059951833,-0.00186176221290605,-0.00190207086547773,-0.00193716607401828,-0.00196695164500067,-0.00199134593824562,-0.00201028209069018,-0.00202370819965704,-0.00203158746511516,-0.00203389829054516,-0.00203063434213558,-0.00202180456614167,-0.00200743316436589,-0.00198755952782153,-0.00196223812876521,-0.00193153837139121,-0.00189554440160084,-0.0018543548763633,-0.00180808269330443,-0.00175685468126149,-0.00170081125265463,-0.00164010601862617,-0.00157490536800304,-0.00150538801123655,-0.00143174449056958,-0.00135417665777323,-0.00127289712088568,-0.00118812866146748,-0.00110010362397386,-0.00100906327891483,-0.000915257161547067,-0.000818942387918522,-0.000720382950128408,-0.000619848992745393,-0.000517616072357916,-0.000413964402295777,-0.000309178084580767,-0.000203544331226938,-9.73526770094294e-05,9.10581412877744e-06,0.00011553934686372,0.000221656194279922,0.000327165497474501,0.00043177806278168,0.000535207154431229,0.000637169280472124,0.000737384969804581,0.000835579538189539,0.000931483841140991,0.00102483501163032,0.00111537718058832,0.00120286217822322,0.00128705021423763,0.00136771053507656,0.00144462205640713,0.00151757396909552,0.00158636631701977,0.00165081054513627,0.00171073001629499,0.00176596049539025,0.00181635059951856,0.00186176221290592,0.00190207086547741
0.00199691064928937,0.00204128720813456,0.00208006874063016,0.00211314894929181,0.00214043716356651,0.00216185858835562,0.00217735450902303,0.00218688245232745,0.00219041630283838,0.00218794637451731,0.00217947943726572,0.00216503869837056,0.00214466373889299,0.00211841040518109,0.00208635065579728,0.00204857236428648,0.00200517907831961,0.0019562897358774,0.00190203833924913,0.00184257358774208,0.00177805847010689,0.00170866981779613,0.00163459782028307,0.00155604550376432,0.00147322817467935,0.00138637282956999,0.00129571753290071,0.00120151076453724,0.00110401073868476,0.00100348469613654,0.000900208171787136,0.000794464239411649,0.000686542735778847,0.000576739466227797,0.000465355393888755,0.000352695814761616,0.000239069520921288,0.000124787954142464,1.01643522548384e-05,-0.0001044871094161,-0.000218852179182836,-0.000332617390338632,-0.000445470920347354,-0.000557103445527525,-0.000667208988887454,-0.000775485758786073,-0.000881636976123209,-0.000985371687790486,-0.00108640556415394,-0.00118446167838112,-0.0012792712654788,-0.00137057445895889,-0.00145812100311463,-0.00154167093895326,-0.00162099526190859,-0.00169587654952523,-0.00176610955739814,-0.00183150178173523,-0.00189187398699479,-0.00194706069715841,-0.00199691064928945,-0.00204128720813471,-0.00208006874063037,-0.00211314894929213,-0.00214043716356673,-0.00216185858835582,-0.00217735450902333,-0.00218688245232789,-0.00219041630283866,-0.00218794637451777,-0.00217947943726608,-0.00216503869837074,-0.00214466373889319,-0.00211841040518102,-0.00208635065579725,-0.00204857236428641,-0.00200517907831956,-0.00195628973587737,-0.00190203833924914,-0.00184257358774203,-0.00177805847010672,-0.00170866981779602,-0.00163459782028306,-0.00155604550376441,-0.00147322817467884,-0.00138637282956968,-0.00129571753290007,-0.00120151076453737,-0.00110401073868465,-0.0010034846961362,-0.000900208171787029,-0.000794464239411934,-0.000686542735778423,-0.000576739466227881,-0.000465355393888621,-0.000352695814761384,-0.000239069520921552,-0.000124787954141972,-1.01643522542524e-05,0.000104487109416079,0.00021885217918283,0.000332617390338581,0.000445470920347379,0.000557103445527782,0.000667208988887547,0.000775485758786028,0.000881636976123062,0.000985371687790431,0.00108640556415388,0.00118446167838112,0.00127927126547887,0.00137057445895888,0.00145812100311448,0.00154167093895347,0.00162099526190864,0.00169587654952498,0.00176610955739813,0.00183150178173498,0.00189187398699464,0.00194706069715829
0.00201689078053831,0.00207967506331921,0.00213675910130768,0.00218798643112375,0.00223321664221747,0.00227232576172344,0.00230520659426442,0.0023317690157629,0.00235194022046888,0.00236566492051207,0.00237290549744316,0.00237364210534444,0.00236787272522514,0.00235561317055435,0.00233689704392003,0.00231177564492399,0.00228031782957474,0.00224260982155748,0.00219875497590139,0.00214887349568978,0.00209310210259292,0.0020315936621227,0.00196451676463897,0.00189205526325483,0.00181440776990982,0.0017317871109853,0.00164441974396435,0.00155254513672746,0.001456415111187,0.00135629315306084,0.001252453689677,0.00114518133778683,0.00103477012345006,0.000921522676131167,0.000805749399210977,0.000687767619194837,0.000567900715940619,0.000446477236298254,0.000323829993585295,0.000200295155369225,7.62113220546304e-05,-4.80814011965887e-05,-0.000172242336668921,-0.000295931167869045,-0.000418808872307886,-0.000540538650738817,-0.000660786850300474,-0.000779223879036044,-0.00089552510928244,-0.00100937176745135,-0.0011204518077665,-0.00122846076755812,-0.00133310260177522,-0.00143409049442347,-0.00153114764470916,-0.00162400802572931,-0.00171241711363441,-0.00179613258525933,-0.00187492498231603,-0.00194857834032099,-0.00201689078053878,-0.0020796750633192,-0.00213675910130798,-0.00218798643112374,-0.00223321664221772,-0.00227232576172374,-0.00230520659426454,-0.00233176901576369,-0.00235194022046924,-0.00236566492051209,-0.00237290549744346,-0.00237364210534482,-0.00236787272522523,-0.00235561317055452,-0.00233689704392009,-0.00231177564492405,-0.00228031782957475,-0.00224260982155752,-0.00219875497590142,-0.0021488734956898,-0.00209310210259287,-0.0020315936621225,-0.00196451676463891,-0.00189205526325483,-0.00181440776990963,-0.00173178711098503,-0.00164441974396383,-0.00155254513672711,-0.0014564151111867,-0.00135629315306072,-0.00125245368967654,-0.00114518133778628,-0.00103477012345015,-0.000921522676131036,-0.000805749399210989,-0.000687767619194816,-0.000567900715940579,-0.00044647723629786,-0.000323829993584933,-0.000200295155368966,-7.6211322054421e-05,4.80814011965615e-05,0.000172242336669224,0.000295931167869088,0.000418808872307889,0.000540538650738753,0.000660786850300375,0.000779223879035905,0.000895525109282327,0.00100937176745148,0.00112045180776659,0.00122846076755811,0.00133310260177541,0.00143409049442351,0.00153114764470899,0.00162400802572913,0.00171241711363411,0.00179613258525923,0.00187492498231587,0.0019485783403207
0.00197363299374455,0.00205871353187752,0.00213815127931865,0.00221172850272431,0.00227924353203909,0.00234051131326128,0.00239536391566076,0.00244365099206668,0.00248524019095967,0.00252001751923602,0.00254788765465668,0.00256877420711734,0.00258261992802967,0.00258938686723477,0.002589056477023,0.00258162966297087,0.00256712678145934,0.00254558758387863,0.00251707110767213,0.00248165551451894,0.00243943787609825,0.00239053390802253,0.00233507765266877,0.00227322111177792,0.00220513382983,0.00213100242933139,0.00205103009929793,0.00196543603832754,0.0018744548537923,0.00177833591879391,0.00167734268865343,0.00157175197879381,0.00146185320601112,0.00134794759520301,0.0012303473537318,0.00110937481568334,0.000985361558377664,0.000858647493531473,0.000729579935590104,0.000598512649757241,0.000465804882353529,0.000331820376145261,0.000196926373349986,6.14926090539269e-05,-7.41097022092895e-05,-0.000209508883930111,-0.0003443338163628,-0.00047821495373921,-0.000610785337167683,-0.000741681600442125,-0.000870544966003553,-0.000997022228324113,-0.00112076672201865,-0.00124143927203164,-0.00135870912329168,-0.00147225484728787,-0.00158176522308188,-0.00168694009034726,-0.0017874911720824,-0.00188314286476216,-0.00197363299374507,-0.00205871353187737,-0.00213815127931853,-0.0022117285027245,-0.00227924353203926,-0.00234051131326115,-0.00239536391566091,-0.00244365099206701,-0.00248524019095982,-0.00252001751923638,-0.00254788765465707,-0.00256877420711757,-0.00258261992802968,-0.00258938686723499,-0.00258905647702328,-0.00258162966297099,-0.00256712678145945,-0.00254558758387871,-0.00251707110767213,-0.00248165551451905,-0.00243943787609813,-0.00239053390802232,-0.00233507765266845,-0.00227322111177825,-0.00220513382982987,-0.00213100242933109,-0.00205103009929784,-0.00196543603832754,-0.00187445485379178,-0.00177833591879412,-0.00167734268865297,-0.00157175197879356,-0.00146185320601076,-0.00134794759520287,-0.00123034735373141,-0.00110937481568328,-0.000985361558377135,-0.000858647493531627,-0.000729579935589524,-0.000598512649756715,-0.000465804882353495,-0.000331820376144748,-0.000196926373350025,-6.14926090537653e-05,7.41097022093818e-05,0.000209508883930117,0.000344333816362831,0.000478214953739264,0.000610785337167781,0.000741681600442186,0.000870544966003517,0.000997022228323853,0.00112076672201845,0.00124143927203178,0.00135870912329147,0.00147225484728737,0.00158176522308171,0.00168694009034691,0.00178749117208204,0.00188314286476183
0.0018372437782459,0.00194831977947447,0.00205405557161348,0.00215416134020651,0.00224836270230014,0.00233640145850789,0.00241803630071927,0.00249304347350636,0.00256121738742175,0.0026223711825063,0.00267633724045874,0.00272296764406444,0.00276213458262915,0.00279373070229641,0.00281766940029866,0.00283388506232833,0.00284233324238328,0.00284299078458887,0.00283585588666789,0.00282094810487939,0.00279830830041699,0.00276799852741139,0.00273010186284336,0.00268472217883637,0.00263198385794963,0.00257203145225527,0.00250502928713026,0.00243116101085179,0.00235062909122996,0.00226365426065966,0.00217047491110564,0.00207134644068776,0.00196654055365403,0.00185634451565498,0.00174106036637159,0.00162100409164329,0.00149650475737446,0.00136790360758653,0.00123555312909226,0.00109981608535302,0.000961064522171435,0.00081967874793713,0.000676046291229916,0.000530560838629692,0.000383621155649859,0.000235629993747449,8.69929864106885e-05,-6.18824626550649e-05,-0.000210588296192007,-0.000358716921847068,-0.000505862329353191,-0.000651621203376763,-0.000795594028975502,-0.000937386186642129,-0.00107660903392758,-0.00121288097068542,-0.00134582848500918,-0.00147508717700255,-0.00160030275757609,-0.00172113201952647,-0.00183724377824597,-0.00194831977947463,-0.00205405557161357,-0.00215416134020667,-0.00224836270229993,-0.00233640145850813,-0.00241803630071977,-0.00249304347350668,-0.00256121738742216,-0.00262237118250662,-0.00267633724045871,-0.00272296764406451,-0.00276213458262936,-0.00279373070229675,-0.00281766940029882,-0.00283388506232857,-0.00284233324238341,-0.00284299078458899,-0.00283585588666792,-0.00282094810487936,-0.00279830830041706,-0.00276799852741137,-0.00273010186284306,-0.00268472217883611,-0.00263198385794972,-0.00257203145225524,-0.00250502928712979,-0.00243116101085149,-0.00235062909122999,-0.00226365426065951,-0.00217047491110545,-0.00207134644068784,-0.00196654055365336,-0.00185634451565439,-0.00174106036637104,-0.00162100409164274,-0.00149650475737436,-0.00136790360758607,-0.00123555312909182,-0.00109981608535282,-0.000961064522171091,-0.000819678747936669,-0.000676046291229524,-0.000530560838629436,-0.000383621155649697,-0.00023562999374741,-8.69929864105799e-05,6.18824626551254e-05,0.000210588296192067,0.000358716921847037,0.000505862329353353,0.000651621203376759,0.000795594028975564,0.000937386186641641,0.00107660903392742,0.00121288097068535,0.00134582848500881,0.00147508717700261,0.00160030275757578,0.00172113201952632
0.00157137172273777,0.00171160892117573,0.00184715471853341,0.00197763759320154,0.00210269990069053,0.00222199885390887,0.00233520746271761,0.00244201543018953,0.00254213000310941,0.00263527677439277,0.00272120043521262,0.00279966547478808,0.00287045682589957,0.00293338045437423,0.00298826389092005,0.003034956703853,0.00307333091141754,0.00310328133257864,0.00312472587531359,0.00313760576162131,0.00314188568862878,0.00313755392535348,0.00312462234485749,0.0031031263917042,0.00307312498480659,0.00303470035593631,0.00298795782432963,0.00293302550801665,0.00287005397265865,0.00279921581885686,0.0027207052090659,0.00263473733541108,0.00254154782985887,0.00244139211836504,0.00233454472077435,0.00222129849837605,0.00210196385119408,0.00197686786720197,0.00184635342579591,0.00171077825798884,0.0015705139658908,0.00142594500417761,0.00127746762632406,0.00112548879850235,0.000970425084115904,0.000812701502027292,0.000652750361611739,0.000491010077827144,0.000327923969548933,0.000163939044463861,-4.95226146776188e-07,-0.000164928139376936,-0.000328908996041049,-0.000491988336009381,-0.000653719170146234,-0.000813658205477344,-0.000971367060223785,-0.00112641346537732,-0.00127837244951766,-0.00142682750363314,-0.00157137172273806,-0.00171160892117617,-0.00184715471853359,-0.00197763759320176,-0.00210269990069082,-0.00222199885390907,-0.00233520746271786,-0.00244201543018972,-0.00254213000310998,-0.0026352767743927,-0.00272120043521281,-0.00279966547478842,-0.00287045682589968,-0.00293338045437441,-0.00298826389092037,-0.00303495670385309,-0.00307333091141771,-0.00310328133257881,-0.00312472587531375,-0.00313760576162135,-0.00314188568862883,-0.0031375539253536,-0.00312462234485734,-0.00310312639170378,-0.00307312498480652,-0.00303470035593604,-0.0029879578243294,-0.00293302550801674,-0.00287005397265847,-0.00279921581885632,-0.00272070520906584,-0.00263473733541126,-0.00254154782985853,-0.00244139211836483,-0.00233454472077418,-0.00222129849837555,-0.00210196385119377,-0.00197686786720184,-0.00184635342579568,-0.00171077825798862,-0.00157051396589061,-0.00142594500417728,-0.00127746762632403,-0.00112548879850224,-0.000970425084115767,-0.000812701502027102,-0.000652750361611586,-0.000491010077827028,-0.000327923969548796,-0.000163939044463883,4.95226146785794e-07,0.000164928139376884,0.000328908996041162,0.000491988336009137,0.00065371917014608,0.000813658205477238,0.000971367060223691,0.00112641346537696,0.00127837244951733,0.00142682750363272
0.00113369567136691,0.00130530041156376,0.00147332741406296,0.00163731612852988,0.00179681707329674,0.00195139306736078,0.00210062042866718,0.00224409013539112,0.00238140894703868,0.00251220048229213,0.00263610625064441,0.0027527866349969,0.00286192182252711,0.00296321268127122,0.00305638158002673,0.00314117314931744,0.00321735498134632,0.0032847182670071,0.0033430783682158,0.0033922753239918,0.00343217428889891,0.00346266590264756,0.00348366658984425,0.00349511878906449,0.00349699111062683,0.00348927842262798,0.00347200186500898,0.00344520879161464,0.00340897264039554,0.00336339273212417,0.00330859399816018,0.00324472663802517,0.00317196570771327,0.0030905106398769,0.00300058469719591,0.00290243436042785,0.00279632865282367,0.00268255840275254,0.00256143544656143,0.00243329177385502,0.0022984786175319,0.0021573654910837,0.00201033917578113,0.00185780266053486,0.00170017403733031,0.00153788535526677,0.0013713814363417,0.00120111865622322,0.00102756369335677,0.000851192249831805,0.000672487747515703,0.000491940003027927,0.000310043885185955,0.000127297958605428,-5.57968828309021e-05,-0.00023873878888981,-0.000421026328523008,-0.000602159864254836,-0.000781642921654507,-0.000958983550137322,-0.00113369567136702,-0.00130530041156418,-0.00147332741406325,-0.00163731612852997,-0.00179681707329718,-0.00195139306736134,-0.0021006204286678,-0.00224409013539154,-0.00238140894703903,-0.00251220048229223,-0.00263610625064453,-0.00275278663499717,-0.00286192182252727,-0.00296321268127146,-0.00305638158002676,-0.00314117314931778,-0.00321735498134661,-0.00328471826700725,-0.00334307836821587,-0.00339227532399185,-0.0034321742888989,-0.00346266590264769,-0.00348366658984427,-0.00349511878906462,-0.00349699111062718,-0.00348927842262784,-0.00347200186500923,-0.00344520879161472,-0.00340897264039526,-0.00336339273212349,-0.00330859399816011,-0.00324472663802492,-0.00317196570771315,-0.00309051063987686,-0.00300058469719575,-0.00290243436042725,-0.00279632865282355,-0.0026825584027522,-0.00256143544656109,-0.00243329177385444,-0.00229847861753161,-0.00215736549108392,-0.002010339175781,-0.00185780266053455,-0.00170017403732998,-0.00153788535526655,-0.00137138143634158,-0.00120111865622309,-0.00102756369335663,-0.000851192249831756,-0.000672487747515757,-0.00049194000302799,-0.000310043885186084,-0.000127297958605888,5.57968828307254e-05,0.000238738788889834,0.000421026328523134,0.00060215986425479,0.00078164292165434,0.000958983550137059
0.00047704380752568,0.000680766480112346,0.000882623219096878,0.00108206074918797,0.00127853242597917,0.00147149973425987,0.00166043376405173,0.00184481666031173,0.00202414304233782,0.0021979213889807,0.00236567538587258,0.00252694523096754,0.00268128889483054,0.00282828333220648,0.00296752564156059,0.00309863416940151,0.00322124955636731,0.00333503572220545,0.00343968078694452,0.00353489792573598,0.00362042615502063,0.00369603104786718,0.00376150537651954,0.00381666968039373,0.00386137275796767,0.00389549208121218,0.00391893413143519,0.00393163465560517,0.00393355884246874,0.00392470141796369,0.00390508665967448,0.00387476833029039,0.00383382953024499,0.00378238246994311,0.00372056816220154,0.00364855603574073,0.003566543470794,0.00347475525810109,0.00337344298277325,0.00326288433471473,0.00314338234749496,0.00301526456775458,0.00287888215742242,0.00273460893120544,0.00258284033198833,0.00242399234695249,0.0022585003673831,0.00208681799529313,0.00190941580013106,0.00172678002898259,0.00153941127380174,0.0013478230993228,0.00115254063541435,0.000954099137736449,0.000753042520640595,0.000549921866339134,0.000345293914426541,0.000139719535895817,-6.6237804171572e-05,-0.000272013591021579,-0.000477043807526275,-0.000680766480112592,-0.000882623219097166,-0.0010820607491885,-0.00127853242597912,-0.00147149973425993,-0.00166043376405194,-0.00184481666031213,-0.00202414304233778,-0.00219792138898119,-0.00236567538587275,-0.00252694523096781,-0.00268128889483064,-0.0028282833322066,-0.0029675256415608,-0.00309863416940162,-0.00322124955636746,-0.00333503572220568,-0.00343968078694481,-0.00353489792573606,-0.00362042615502076,-0.0036960310478672,-0.00376150537651958,-0.00381666968039349,-0.00386137275796731,-0.00389549208121202,-0.00391893413143479,-0.00393163465560503,-0.0039335588424685,-0.00392470141796331,-0.00390508665967401,-0.00387476833029013,-0.00383382953024443,-0.00378238246994297,-0.00372056816220089,-0.00364855603574018,-0.00356654347079376,-0.00347475525810093,-0.00337344298277299,-0.00326288433471444,-0.0031433823474947,-0.00301526456775415,-0.00287888215742233,-0.00273460893120526,-0.00258284033198825,-0.00242399234695225,-0.00225850036738294,-0.00208681799529296,-0.00190941580013094,-0.00172678002898255,-0.00153941127380175,-0.00134782309932266,-0.00115254063541429,-0.000954099137736422,-0.000753042520640772,-0.000549921866339279,-0.000345293914426885,-0.000139719535895435,6.62378041714319e-05,0.000272013591021235
-0.000448794593932125,-0.000214203796755278,2.09741181392981e-05,0.000256094544434271,0.000490513033383931,0.000723587060204322,0.000954677785188405,0.001183151804722,0.001408382887399,0.00162975369047658,0.00184665745197163,0.0020584996537507,0.00226469965106323,0.00246469226404943,0.0026579293268588,0.00284388119013351,0.00302203817274182,0.00319191195877789,0.00335303693600202,0.00350497147205134,0.00364729912492339,0.00377962978441466,0.0039016007413857,0.00401287768192154,0.00411315560366294,0.00420215965179669,0.00427964587241309,0.00434540188116813,0.00439924744541212,0.00444103497819595,0.00447064994279696,0.00448801116665605,0.00449307106386496,0.00448581576559777,0.00446626515812223,0.0044344728282942,0.00439052591668038,0.00433454487871071,0.00426668315451919,0.00418712674837416,0.00409609371885602,0.00399383358116982,0.00388062662324612,0.00375678313748698,0.00362264257027888,0.00347857259159236,0.00332496808722488,0.00316225007644617,0.00299086455801306,0.00281128128771891,0.00262399249082496,0.00242951151290493,0.00222837141280152,0.00202112350154797,0.00180833583126306,0.00159059163816039,0.00136848774393823,0.00114263291993228,0.000913646218516596,0.000682155276322459,0.000448794593932361,0.000214203796754968,-2.09741181397461e-05,-0.00025609454443457,-0.000490513033384375,-0.000723587060204565,-0.000954677785188679,-0.00118315180472231,-0.0014083828873989,-0.00162975369047688,-0.00184665745197216,-0.00205849965375109,-0.00226469965106375,-0.00246469226404988,-0.00265792932685917,-0.00284388119013368,-0.00302203817274203,-0.00319191195877811,-0.00335303693600232,-0.00350497147205166,-0.00364729912492367,-0.00377962978441468,-0.00390160074138575,-0.00401287768192126,-0.00411315560366292,-0.00420215965179638,-0.00427964587241323,-0.00434540188116799,-0.00439924744541184,-0.00444103497819568,-0.00447064994279671,-0.00448801116665579,-0.00449307106386491,-0.00448581576559764,-0.00446626515812162,-0.00443447282829385,-0.00439052591667962,-0.00433454487871051,-0.00426668315451861,-0.00418712674837413,-0.00409609371885577,-0.00399383358116944,-0.00388062662324602,-0.00375678313748669,-0.00362264257027852,-0.00347857259159211,-0.00332496808722475,-0.00316225007644597,-0.00299086455801296,-0.00281128128771888,-0.00262399249082486,-0.00242951151290508,-0.00222837141280165,-0.00202112350154784,-0.001808335831263,-0.00159059163816037,-0.00136848774393844,-0.00114263291993278,-0.000913646218516922,-0.000682155276322696
-0.00169456654541774,-0.00143291410276231,-0.00116733414215172,-0.000898554599797516,-0.000627312181743305,-0.000354350344602872,-8.04172577983013e-05,0.000193736247119761,0.000467358734451113,0.000739700223977388,0.00101001424660531,0.00127755989038859,0.00154160383131453,0.00180142234329429,0.00205630328184639,0.00230554803603482,0.00254847344331323,0.00278441366202563,0.00301272199643278,0.00323277266925936,0.00344396253690684,0.00364571274262756,0.00383747030313103,0.00401870962427292,0.00418893394167188,0.00434767668230582,0.00449450274335686,0.00462900968479753,0.00475082883245065,0.00485962628850003,0.00495510384668105,0.0050369998096435,0.00510508970624537,0.00515918690681251,0.00519914313467898,0.0052248488726014,0.0052362336629386,0.00523326630077167,0.00521595491943465,0.00518434696821979,0.00513852908232491,0.00507862684538985,0.0050048044452825,0.00491726422407043,0.00481624612341509,0.00470202702690858,0.00457492000115511,0.00443527343767743,0.00428347009799911,0.00411992606452251,0.00394508960007564,0.00375943991925473,0.00356348587493067,0.00335776456351831,0.00314283985283255,0.00291930083656632,0.00268776021962517,0.00244885263874617,0.0022032329230019,0.00195157429896017,0.00169456654541764,0.00143291410276201,0.00116733414215145,0.000898554599797176,0.000627312181743176,0.000354350344602386,8.04172577984154e-05,-0.000193736247120098,-0.000467358734451698,-0.000739700223977586,-0.00101001424660573,-0.00127755989038899,-0.00154160383131475,-0.00180142234329443,-0.00205630328184664,-0.0023055480360351,-0.00254847344331346,-0.00278441366202591,-0.00301272199643301,-0.00323277266925961,-0.00344396253690691,-0.00364571274262757,-0.00383747030313106,-0.00401870962427294,-0.00418893394167172,-0.0043476766823058,-0.00449450274335678,-0.00462900968479748,-0.00475082883245027,-0.00485962628849969,-0.00495510384668086,-0.00503699980964332,-0.00510508970624496,-0.00515918690681243,-0.00519914313467893,-0.00522484887260135,-0.0052362336629383,-0.00523326630077175,-0.00521595491943455,-0.00518434696821987,-0.00513852908232436,-0.00507862684538946,-0.0050048044452822,-0.00491726422407015,-0.00481624612341482,-0.00470202702690834,-0.00457492000115508,-0.00443527343767735,-0.00428347009799903,-0.00411992606452244,-0.00394508960007556,-0.00375943991925465,-0.00356348587493048,-0.00335776456351816,-0.00314283985283253,-0.00291930083656644,-0.00268776021962525,-0.00244885263874631,-0.00220323292300183,-0.00195157429896042
-0.0033084450681528,-0.00302661569383417,-0.0027364905762761,-0.00243886492825948,-0.00213455452099823,-0.0018243934481659,-0.00150923183970403,-0.00118993353167484,-0.000867373698546678,-0.000542436454401504,-0.000216012429638976,0.000111003670178796,0.000437715516651765,0.000763227615319197,0.00108664776014419,0.00140708947899066,0.00172367446338079,0.00203553497587789,0.00234181622849447,0.00264167872560635,0.00293430056495228,0.00321887969041025,0.00349463609037857,0.00376081393573224,0.00401668365149903,0.00426154391657346,0.00449472358598858,0.00471558353047893,0.00492351838828879,0.00511795822442554,0.00529837009281412,0.00546425949706346,0.00561517174584763,0.00575069319918213,0.00587045240218342,0.00597412110320033,0.00606141515352956,0.00613209528624663,0.00618596777202094,0.00622288495011355,0.00624274563310552,0.00624549538424451,0.00623112666665465,0.00619967886399178,0.00615123817249718,0.00608593736473896,0.00600395542569237,0.00590551706215372,0.00579089208683533,0.00566039467882687,0.0055143825224529,0.00535325582688495,0.0051774562291956,0.00498746558386268,0.00478380464203889,0.00456703162420961,0.00433774069014867,0.00409656031036879,0.0038441515435262,0.00358120622450697,0.00330844506815297,0.00302661569383393,0.00273649057627596,0.00243886492825931,0.00213455452099798,0.00182439344816549,0.0015092318397038,0.00118993353167477,0.000867373698546626,0.000542436454401141,0.000216012429638379,-0.000111003670178845,-0.000437715516652101,-0.000763227615319376,-0.00108664776014454,-0.00140708947899084,-0.001723674463381,-0.00203553497587803,-0.00234181622849464,-0.00264167872560649,-0.00293430056495234,-0.00321887969041033,-0.00349463609037858,-0.00376081393573223,-0.00401668365149893,-0.00426154391657312,-0.00449472358598837,-0.00471558353047883,-0.00492351838828841,-0.00511795822442523,-0.00529837009281382,-0.00546425949706331,-0.00561517174584744,-0.00575069319918183,-0.00587045240218302,-0.00597412110319984,-0.0060614151535294,-0.00613209528624651,-0.00618596777202079,-0.00622288495011319,-0.00624274563310508,-0.00624549538424437,-0.00623112666665454,-0.00619967886399172,-0.00615123817249697,-0.0060859373647387,-0.00600395542569226,-0.00590551706215383,-0.00579089208683521,-0.00566039467882667,-0.0055143825224527,-0.00535325582688486,-0.00517745622919559,-0.00498746558386268,-0.00478380464203892,-0.0045670316242095,-0.00433774069014874,-0.0040965603103688,-0.00384415154352678,-0.00358120622450701
-0.00533248521491409,-0.00504087267790431,-0.0047354434592709,-0.00441703471927235,-0.00408651919413281,-0.0037448028039325,-0.00339282216954454,-0.00303154204542207,-0.00266195267527301,-0.00228506707787125,-0.0019019182704416,-0.001513556437234,-0.00112104605103766,-0.00072546295553857,-0.000327891416504495,7.05788501107969e-05,0.000468855665003717,0.000865847379108703,0.00126046586573178,0.00165162950303084,0.00203826613866549,0.00241931602849214,0.00279373474124935,0.00316049602127084,0.00351859460138144,0.0038670489582642,0.0042049040027476,0.00453123369763875,0.00484514359592687,0.00514577329240037,0.00543229878195781,0.00570393471814824,0.00595993656575163,0.00619960264149883,0.00642227603733464,0.00662734642095907,0.00681425170870477,0.00698247960616991,0.00713156901238053,0.00726111128363726,0.00737075135357969,0.0074601887063964,0.00752917820052039,0.00757753074054333,0.00760511379551411,0.0076118517621964,0.00759772617229188,0.00756277574306058,0.00750709627119976,0.0074308403702713,0.00733421705239938,0.00721749115538191,0.00708098261678933,0.00692506559703714,0.00675016745383875,0.00655676757084789,0.00634539604370065,0.00611663222706078,0.00587110314664817,0.00560948178060638,0.00533248521491396,0.00504087267790377,0.00473544345927077,0.00441703471927232,0.00408651919413242,0.00374480280393239,0.00339282216954438,0.00303154204542189,0.00266195267527284,0.00228506707787093,0.0019019182704416,0.00151355643723372,0.00112104605103742,0.000725462955538295,0.000327891416504237,-7.05788501109341e-05,-0.000468855665003939,-0.000865847379108863,-0.00126046586573185,-0.00165162950303093,-0.00203826613866549,-0.00241931602849222,-0.00279373474124939,-0.00316049602127099,-0.00351859460138142,-0.00386704895826413,-0.00420490400274745,-0.00453123369763872,-0.00484514359592663,-0.00514577329240034,-0.00543229878195742,-0.00570393471814785,-0.00595993656575153,-0.00619960264149825,-0.00642227603733423,-0.00662734642095861,-0.00681425170870447,-0.00698247960616926,-0.00713156901238014,-0.00726111128363705,-0.00737075135357941,-0.00746018870639626,-0.00752917820052004,-0.00757753074054312,-0.00760511379551385,-0.00761185176219632,-0.00759772617229193,-0.00756277574306054,-0.00750709627119964,-0.00743084037027125,-0.00733421705239931,-0.00721749115538192,-0.00708098261678928,-0.00692506559703708,-0.00675016745383886,-0.00655676757084812,-0.00634539604370075,-0.00611663222706079,-0.0058711031466485,-0.00560948178060638
-0.00779890665641971,-0.00751169407464895,-0.00720389246155086,-0.00687634547995214,-0.00652995091336176,-0.00616565820520923,-0.00578446585648585,-0.00538741868892342,-0.00497560498120892,-0.00455015348609146,-0.00411223033654591,-0.0036630358494852,-0.0032038012357757,-0.0027357852255725,-0.00226027061822803,-0.00177856076622851,-0.00129197600279505,-0.000801850022941877,-0.000309526227912013,0.000183645956993771,0.000676314781096556,0.0011671298733944,0.00165474594383551,0.00213782647066454,0.00261504736373586,0.00308510059375296,0.00354669777748532,0.00399857370913759,0.00443948982819047,0.00486823761420945,0.00528364189931487,0.00568456408923585,0.00606990528411737,0.006438609290529,0.0067896655164176,0.00712211174106952,0.00743503675249132,0.0077275828449772,0.00799894817002291,0.00824838893413467,0.00847522143751629,0.0086788239480433,0.00885863840538647,0.00901417195061669,0.0091449982770978,0.00925075879896226,0.00933116363397127,0.00938599239806057,0.00941509480939932,0.00941839110030077,0.00939587223586043,0.00934759993872084,0.00927370651989283,0.00917439451610132,0.00904993613464546,0.0089006725072979,0.00872701275528599,0.00852943286791905,0.00830847439793481,0.00806474297714062,0.0077989066564197,0.00751169407464869,0.00720389246155073,0.00687634547995207,0.00652995091336187,0.00616565820520927,0.00578446585648584,0.0053874186889233,0.00497560498120872,0.0045501534860911,0.0041122303365455,0.00366303584948493,0.00320380123577545,0.00273578522557247,0.00226027061822798,0.00177856076622836,0.00129197600279492,0.000801850022941917,0.00030952622791193,-0.000183645956993956,-0.000676314781096672,-0.0011671298733945,-0.00165474594383552,-0.00213782647066455,-0.00261504736373592,-0.00308510059375287,-0.0035466977774852,-0.00399857370913739,-0.00443948982819033,-0.0048682376142095,-0.00528364189931486,-0.00568456408923575,-0.00606990528411701,-0.00643860929052877,-0.00678966551641739,-0.00712211174106931,-0.00743503675249089,-0.00772758284497709,-0.00799894817002278,-0.00824838893413456,-0.00847522143751614,-0.00867882394804349,-0.00885863840538642,-0.00901417195061658,-0.00914499827709759,-0.00925075879896219,-0.00933116363397106,-0.00938599239806059,-0.00941509480939937,-0.00941839110030071,-0.0093958722358604,-0.00934759993872081,-0.00927370651989282,-0.00917439451610129,-0.00904993613464539,-0.00890067250729781,-0.00872701275528585,-0.00852943286791898,-0.00830847439793471,-0.00806474297714064
-0.0107265333737559,-0.0104617659013471,-0.0101683234557911,-0.00984701034243416,-0.00949870725818607,-0.00912436887759028,-0.00872502123612805,-0.00830175891792651,-0.00785574205557933,-0.00738819315030333,-0.00690039372114944,-0.00639368079244649,-0.00586944322911077,-0.00532911792986383,-0.00477418588879377,-0.00420616813605207,-0.0036266215688167,-0.0030371346839445,-0.00243932322401215,-0.00183482574867814,-0.00122529914350419,-0.00061241407854737,2.1495708303803e-06,0.000616707328383845,0.00122957473401702,0.00183907196077095,0.0024435284191128,0.00304128733590541,0.00363071029550752,0.00421018173055731,0.00477811335012973,0.00533294849313201,0.00587316639500335,0.00639728635602483,0.00690387179981434,0.00739153421088271,0.00785893694045835,0.00830479887014818,0.00872789792339451,0.00912707441510147,0.00950123423025184,0.00984935182279979,0.0101704730266215,0.0104637176708182,0.0107282819922033,0.0109634408383613,0.0111685496552409,0.0113430462538319,0.0114864523510865,0.0115983748808605,0.011678507071279,0.0117266292855783,0.0117426096241138,0.0117264042858884,0.0116780576886078,0.0115977023469346,0.0114855585092748,0.0113419335540924,0.0111672211474066,0.0109619001637793,0.0107265333737561,0.0104617659013469,0.0101683234557911,0.00984701034243432,0.00949870725818598,0.00912436887759029,0.00872502123612802,0.00830175891792654,0.00785574205557884,0.00738819315030302,0.00690039372114934,0.00639368079244626,0.00586944322911056,0.00532911792986386,0.00477418588879373,0.00420616813605208,0.0036266215688165,0.00303713468394428,0.00243932322401201,0.00183482574867804,0.00122529914350413,0.000612414078547319,-2.14957083037203e-06,-0.000616707328383848,-0.00122957473401706,-0.00183907196077097,-0.00244352841911264,-0.00304128733590532,-0.00363071029550752,-0.00421018173055727,-0.00477811335012951,-0.00533294849313189,-0.00587316639500342,-0.00639728635602466,-0.006903871799814,-0.00739153421088256,-0.00785893694045801,-0.00830479887014808,-0.00872789792339442,-0.00912707441510139,-0.00950123423025179,-0.00984935182279944,-0.0101704730266215,-0.0104637176708181,-0.010728281992203,-0.0109634408383612,-0.0111685496552406,-0.0113430462538317,-0.0114864523510864,-0.0115983748808603,-0.011678507071279,-0.0117266292855783,-0.0117426096241138,-0.0117264042858885,-0.0116780576886078,-0.0115977023469345,-0.0114855585092747,-0.0113419335540923,-0.0111672211474065,-0.0109619001637795
-0.0141177555379477,-0.0138971584646828,-0.0136384702460459,-0.0133423999284629,-0.013009759020095,-0.0126414592665501,-0.0122385101518529,-0.0118020161315177,-0.0113331736053142,-0.0108332676380177,-0.0103036684371366,-0.00974582759726857,-0.00916127412138039,-0.00855161022991815,-0.00791850696923071,-0.00726369963134923,-0.00658898299767181,-0.00589620641959245,-0.00518726874955725,-0.00446411313644214,-0.0037287216995167,-0.00298311009559315,-0.002229321994251,-0.00146942347628093,-0.000705497370700674,6.03624541340925e-05,0.000826056829677839,0.00158948704086992,0.00234856057856687,0.00310119687496448,0.00384533300628924,0.00457892934712965,0.005299975160907,0.00600649411116516,0.00669654967857084,0.00736825046877912,0.00801975539661303,0.00864927873235148,0.00925509499628831,0.00983554368815425,0.0103890338384312,0.0109140483690898,0.0114091482517951,0.0118729764521823,0.0123042616493943,0.0127018217206844,0.0130645669815308,0.0133915031723877,0.013681734183881,0.013934464512982,0.0141490014434257,0.0143247569443979,0.0144612492822873,0.014558104341083,0.0146150566478014,0.0146319501001281,0.0146087383942849,0.0145454851519437,0.0144423637458454,0.014299656824596,0.0141177555379476,0.0138971584646826,0.0136384702460459,0.0133423999284629,0.0130097590200948,0.0126414592665501,0.0122385101518527,0.0118020161315175,0.0113331736053142,0.0108332676380175,0.0103036684371363,0.00974582759726851,0.00916127412138049,0.008551610229918,0.00791850696923059,0.00726369963134916,0.00658898299767184,0.00589620641959245,0.00518726874955715,0.00446411313644202,0.00372872169951664,0.00298311009559303,0.00222932199425094,0.00146942347628089,0.000705497370700721,-6.03624541340861e-05,-0.000826056829677798,-0.0015894870408699,-0.00234856057856676,-0.00310119687496437,-0.00384533300628916,-0.00457892934712963,-0.00529997516090691,-0.00600649411116507,-0.0066965496785706,-0.00736825046877908,-0.00801975539661313,-0.00864927873235133,-0.00925509499628811,-0.009835543688154,-0.0103890338384311,-0.0109140483690897,-0.0114091482517948,-0.0118729764521821,-0.012304261649394,-0.0127018217206841,-0.0130645669815306,-0.0133915031723875,-0.0136817341838808,-0.0139344645129819,-0.0141490014434255,-0.014324756944398,-0.0144612492822872,-0.014558104341083,-0.0146150566478013,-0.0146319501001281,-0.0146087383942848,-0.0145454851519437,-0.0144423637458453,-0.0142996568245961
-0.0179563726806718,-0.0178048855893295,-0.0176045965441891,-0.0173560545236014,-0.0170599407639693,-0.0167170668925251,-0.0163283727027174,-0.0158949235783029,-0.0154179075732027,-0.0148986321551303,-0.0143385206219116,-0.0137391082003268,-0.0131020378381585,-0.0124290557009873,-0.0117220063860727,-0.0109828278664406,-0.0102135461790336,-0.00941626987148484,-0.00859318422273517,-0.00774654525333578,-0.0068786735418529,-0.00599194786432255,-0.00508879867419123,-0.00417170144061201,-0.00324316986335544,-0.00230574898293347,-0.00136200820481985,-0.000414534256888911,0.000534075900626321,0.00148122219322106,0.00242430855874271,0.00336075006301631,0.00428797998497025,0.00520345685183913,0.00610467140516485,0.00698915347849965,0.00785447876795993,0.00869827547707538,0.00951823081771787,0.0103120973492933,0.0110776991388192,0.0118129377250071,0.012515797869998,0.0131843530829895,0.013816770900614,0.0144113179095916,0.0149663644978975,0.015480389321414,0.0159519834738289,0.0163798543483512,0.016762829180654,0.0170998582633429,0.0173900178231284,0.0176325125528262,0.0178266777912374,0.0179719813449401,0.0180680249469935,0.0181145453485601,0.0181114150404529,0.0180586426026287,0.0179563726806721,0.0178048855893296,0.0176045965441889,0.0173560545236014,0.0170599407639691,0.0167170668925248,0.016328372702717,0.0158949235783027,0.0154179075732026,0.0148986321551299,0.0143385206219115,0.0137391082003267,0.0131020378381584,0.0124290557009872,0.0117220063860726,0.0109828278664405,0.0102135461790336,0.00941626987148469,0.00859318422273516,0.00774654525333584,0.00687867354185289,0.00599194786432251,0.00508879867419112,0.004171701440612,0.00324316986335548,0.00230574898293345,0.00136200820481991,0.000414534256888939,-0.00053407590062629,-0.00148122219322094,-0.00242430855874256,-0.00336075006301625,-0.00428797998497013,-0.00520345685183904,-0.00610467140516493,-0.00698915347849957,-0.00785447876795971,-0.00869827547707527,-0.00951823081771786,-0.010312097349293,-0.011077699138819,-0.0118129377250068,-0.0125157978699977,-0.0131843530829893,-0.0138167709006138,-0.0144113179095914,-0.0149663644978973,-0.0154803893214138,-0.015951983473829,-0.016379854348351,-0.016762829180654,-0.0170998582633429,-0.0173900178231283,-0.0176325125528261,-0.0178266777912375,-0.0179719813449401,-0.0180680249469933,-0.0181145453485601,-0.0181114150404529,-0.0180586426026289
-0.022206616428153,-0.0221516377825076,-0.0220359430374423,-0.0218598493042106,-0.0216238392434959,-0.0213285597424691,-0.0209748201417183,-0.020563590016901,-0.0200959965212047,-0.0195733212958999,-0.0189969969574477,-0.0183686031707998,-0.0176898623196472,-0.0169626347854833,-0.016188913848431,-0.0153708202237974,-0.0145105962493434,-0.0136105997391888,-0.0126732975212105,-0.0117012586756367,-0.0106971474933772,-0.00966371617338825,-0.00860379727908464,-0.00752029597448168,-0.00641618206134193,-0.00529448183915549,-0.00415826981026281,-0.00301066025285803,-0.00185479868496847,-0.000693853242809014,0.000468994002859934,0.00163055576856636,0.00278764829424964,0.00393710006972554,0.00507576052757471,0.00620050867862967,0.00730826166638846,0.00839598321691065,0.00946069196103313,0.010499469606095,0.0115094689347757,0.0124879216091195,0.0134321457583578,0.0143395533297292,0.0152076571821539,0.0160340779033137,0.0168165503314555,0.0175529297640429,0.0182411978362364,0.0188794680530907,0.0194659909603073,0.0199991589393662,0.0204775106138965,0.0208997348552087,0.0212646743760054,0.0215713289024271,0.0218188579157319,0.0220065829560996,0.0221339894822435,0.0222007282817317,0.0222066164281529,0.0221516377825078,0.0220359430374423,0.0218598493042106,0.0216238392434959,0.0213285597424689,0.0209748201417181,0.0205635900169007,0.0200959965212047,0.0195733212958997,0.0189969969574473,0.0183686031707998,0.0176898623196469,0.0169626347854833,0.0161889138484307,0.0153708202237976,0.0145105962493432,0.0136105997391888,0.0126732975212107,0.0117012586756365,0.0106971474933774,0.00966371617338821,0.00860379727908462,0.00752029597448162,0.0064161820613419,0.0052944818391555,0.00415826981026276,0.00301066025285799,0.00185479868496852,0.000693853242809017,-0.000468994002859816,-0.00163055576856624,-0.00278764829424953,-0.00393710006972535,-0.00507576052757463,-0.00620050867862953,-0.00730826166638834,-0.00839598321691069,-0.00946069196103311,-0.0104994696060949,-0.0115094689347756,-0.0124879216091195,-0.0134321457583576,-0.0143395533297288,-0.0152076571821538,-0.0160340779033137,-0.0168165503314553,-0.0175529297640429,-0.0182411978362362,-0.0188794680530908,-0.0194659909603073,-0.019999158939366,-0.0204775106138965,-0.0208997348552088,-0.0212646743760056,-0.0215713289024272,-0.0218188579157317,-0.0220065829560996,-0.0221339894822437,-0.0222007282817316
-0.0268135479803592,-0.0268839120098045,-0.0268805891051082,-0.0268035883741223,-0.0266531208704971,-0.0264295990152019,-0.0261336354661045,-0.0257660414387215,-0.0253278244827305,-0.0248201857203479,-0.024244516554136,-0.0236023948532643,-0.0228955806286825,-0.0221260112090497,-0.0212957959306529,-0.0204072103558634,-0.0194626900359758,-0.0184648238355346,-0.0174163468364345,-0.0163201328412512,-0.0151791864963484,-0.0139966350563515,-0.0127757198125593,-0.0115197872087903,-0.0102322796690125,-0.0089167261618991,-0.00757673252816999,-0.00621597159723326,-0.00483817312021551,-0.00344711354697244,-0.0020466056751031,-0.000640488199336146,0.000767384810065521,0.00217315447104292,0.00357296766666937,0.00496298760627549,0.00633940434182561,0.00769844521072165,0.00903638517640725,0.0103495570384359,0.0116343614840111,0.012887276953453,0.0141048692925492,0.015283801165332,0.0164208412014846,0.0175128728533027,0.0185569029379347,0.0195500698414884,0.020489651362515,0.0213730721733755,0.0221979108790325,0.0229619066539283,0.0236629654387479,0.0242991656800922,0.0248687635973223,0.0253701979621387,0.0258020943778014,0.0261632690462562,0.0264527320128417,0.0266696898796871,0.0268135479803593,0.0268839120098044,0.0268805891051085,0.0268035883741221,0.0266531208704972,0.0264295990152018,0.0261336354661047,0.0257660414387215,0.0253278244827302,0.0248201857203476,0.0242445165541356,0.0236023948532643,0.0228955806286824,0.0221260112090498,0.0212957959306528,0.020407210355863,0.0194626900359757,0.0184648238355345,0.0174163468364346,0.0163201328412512,0.0151791864963484,0.0139966350563515,0.0127757198125593,0.0115197872087903,0.0102322796690125,0.00891672616189896,0.00757673252816984,0.00621597159723321,0.00483817312021543,0.00344711354697245,0.00204660567510313,0.000640488199336121,-0.000767384810065416,-0.00217315447104284,-0.00357296766666927,-0.00496298760627538,-0.00633940434182562,-0.00769844521072153,-0.00903638517640718,-0.0103495570384358,-0.0116343614840107,-0.0128872769534528,-0.0141048692925491,-0.015283801165332,-0.0164208412014846,-0.0175128728533027,-0.0185569029379346,-0.0195500698414882,-0.0204896513625148,-0.0213730721733755,-0.0221979108790325,-0.022961906653928,-0.0236629654387479,-0.0242991656800925,-0.0248687635973224,-0.0253701979621387,-0.0258020943778014,-0.0261632690462561,-0.0264527320128416,-0.0266696898796867
-0.0317048797803079,-0.0319296154077831,-0.0320668341788263,-0.0321161599863234,-0.0320774576316653,-0.0319508331953153,-0.0317366337460521,-0.0314354463896773,-0.0310480966597992,-0.0305756462551038,-0.0300193901293101,-0.0293808529417941,-0.0286617848786031,-0.0278641568553157,-0.0269901551149017,-0.0260421752353805,-0.0250228155637087,-0.0239348700938913,-0.0227813208088386,-0.0215653295069595,-0.0202902291358892,-0.0189595146571142,-0.0175768334665235,-0.016145975397152,-0.0146708623315098,-0.013155537451976,-0.0116041541587166,-0.0100209646855032,-0.00841030844463531,-0.00677660013291413,-0.00512431763126422,-0.00345798973117415,-0.00178218372159288,-0.000101492870308577,0.00157947616587845,0.00325611596768289,0.00492383098194966,0.00657805011774637,0.00821423927540473,0.0098279137741741,0.0114146506444184,0.012970100750669,0.0144900007123026,0.0159701845891716,0.0174065953001553,0.0187952957433389,0.0201324795873351,0.0214144817041741,0.0226377882151641,0.02379904612219,0.0248950724980461,0.0259228632106202,0.0268796011570104,0.027762663985007,0.0285696312807803,0.0292982912030634,0.0299466465456584,0.0305129202116376,0.0309955600842437,0.0313932432811336,0.0317048797803078,0.0319296154077832,0.0320668341788263,0.0321161599863238,0.0320774576316653,0.0319508331953155,0.031736633746052,0.0314354463896776,0.0310480966597992,0.0305756462551038,0.03001939012931,0.0293808529417943,0.028661784878603,0.0278641568553157,0.0269901551149017,0.0260421752353808,0.0250228155637087,0.0239348700938911,0.0227813208088388,0.0215653295069593,0.0202902291358891,0.0189595146571141,0.0175768334665236,0.0161459753971521,0.0146708623315098,0.0131555374519762,0.0116041541587166,0.010020964685503,0.00841030844463524,0.00677660013291409,0.0051243176312643,0.00345798973117415,0.00178218372159275,0.000101492870308593,-0.00157947616587841,-0.00325611596768294,-0.00492383098194965,-0.00657805011774627,-0.00821423927540474,-0.00982791377417415,-0.0114146506444185,-0.0129701007506691,-0.0144900007123028,-0.0159701845891717,-0.0174065953001553,-0.0187952957433389,-0.0201324795873351,-0.0214144817041741,-0.0226377882151639,-0.0237990461221897,-0.0248950724980462,-0.0259228632106202,-0.0268796011570103,-0.0277626639850072,-0.0285696312807805,-0.0292982912030634,-0.0299466465456585,-0.0305129202116375,-0.0309955600842435,-0.031393243281134
-0.0367941134238482,-0.0372010594905813,-0.0375060400390649,-0.037708219138814,-0.03780704263097,-0.0378022396472098,-0.0376938233521783,-0.037482090907404,-0.0371676226568004,-0.0367512805359845,-0.0362342057097695,-0.0356178154443128,-0.034903799222487,-0.0340941141131262,-0.0331909794068339,-0.0321968705330644,-0.0311145122751403,-0.0299468713018135,-0.02869714803583,-0.0273687678817945,-0.025965371837375,-0.0244908065135798,-0.022949113591466,-0.0213445187441714,-0.0196814200546386,-0.0179643759607743,-0.0161980927610904,-0.0143874117150637,-0.0125372957735827,-0.0106528159758431,-0.00873913754998186,-0.00680150575554627,-0.00484523150660147,-0.00287567681488505,-0.000898240092904853,0.00108165864273414,0.00305859262721848,0.00502714322191178,0.00698191476646629,0.00891754936795286,0.0108287415864731,0.0127102529770015,0.0145569264475988,0.0163637003946426,0.0181256225763316,0.0198378636864358,0.0214957305910883,0.0230946791923402,0.0246303268832176,0.0260984645601413,0.0274950681597874,0.0288163096887664,0.030058567715886,0.031218437298241,0.0322927393139292,0.0332785291757981,0.0341731049023589,0.0349740145237254,0.0356790628022964,0.0362863172497475,0.0367941134238483,0.037201059490581,0.037506040039065,0.0377082191388141,0.0378070426309704,0.0378022396472102,0.0376938233521782,0.0374820909074037,0.0371676226568003,0.0367512805359845,0.0362342057097697,0.0356178154443128,0.0349037992224874,0.0340941141131263,0.0331909794068341,0.0321968705330641,0.0311145122751402,0.0299468713018136,0.02869714803583,0.0273687678817946,0.025965371837375,0.0244908065135797,0.0229491135914663,0.0213445187441715,0.0196814200546385,0.0179643759607743,0.0161980927610902,0.0143874117150635,0.0125372957735826,0.010652815975843,0.00873913754998189,0.00680150575554616,0.00484523150660135,0.00287567681488504,0.000898240092904799,-0.00108165864273407,-0.00305859262721852,-0.00502714322191194,-0.0069819147664664,-0.00891754936795302,-0.0108287415864734,-0.0127102529770015,-0.0145569264475989,-0.0163637003946428,-0.0181256225763321,-0.0198378636864357,-0.0214957305910881,-0.0230946791923404,-0.0246303268832179,-0.0260984645601411,-0.0274950681597874,-0.0288163096887668,-0.0300585677158859,-0.031218437298241,-0.0322927393139291,-0.0332785291757985,-0.034173104902359,-0.0349740145237256,-0.0356790628022961,-0.0362863172497473
-0.0419847274124816,-0.0425990961776678,-0.0430967037812581,-0.0434761863153987,-0.0437365036448417,-0.0438769422578815,-0.0438971172220407,-0.0437969732391459,-0.0435767847968925,-0.0432371554164962,-0.0427790159984815,-0.0422036222711474,-0.0415125513487062,-0.0407076974085204,-0.0397912664992944,-0.0387657704944516,-0.0376340202072589,-0.036399117686587,-0.0350644477144075,-0.0336336685283429,-0.0321107017946898,-0.030499721859405,-0.028805144306513,-0.0270316138552981,-0.02518399162945,-0.0232673418330637,-0.0212869178700059,-0.0192481479447018,-0.0171566201838039,-0.0150180673195241,-0.0128383509766145,-0.0106234456060609,-0.00837942210952767,-0.00611243119943888,-0.00382868654030223,-0.00153444771748732,0.000763996919863167,0.00306034749476099,0.00534830986989776,0.00762161289943758,0.00987402561779206,0.0120993743182632,0.014291559474745,0.0164445724601008,0.0185525120153917,0.0206096004248177,0.0226101993520349,0.024548825294444,0.0264201646130888,0.0282190880969725,0.0299406650218671,0.0315801766650865,0.0331331292391783,0.0345952662090811,0.0359625799589924,0.0372313227769647,0.0383980171271221,0.039459465181348,0.0404127575843053,0.0412552814277811,0.0419847274124819,0.0425990961776679,0.0430967037812583,0.0434761863153987,0.0437365036448414,0.0438769422578811,0.0438971172220409,0.0437969732391459,0.043576784796893,0.0432371554164964,0.0427790159984817,0.0422036222711475,0.0415125513487063,0.0407076974085204,0.0397912664992946,0.0387657704944519,0.0376340202072593,0.0363991176865871,0.0350644477144074,0.0336336685283426,0.0321107017946897,0.030499721859405,0.028805144306513,0.0270316138552981,0.0251839916294498,0.0232673418330636,0.0212869178700058,0.0192481479447017,0.0171566201838038,0.0150180673195242,0.0128383509766142,0.0106234456060608,0.0083794221095275,0.00611243119943867,0.0038286865403021,0.00153444771748716,-0.000763996919863208,-0.00306034749476103,-0.00534830986989784,-0.00762161289943778,-0.00987402561779208,-0.0120993743182631,-0.0142915594747451,-0.0164445724601009,-0.0185525120153916,-0.0206096004248176,-0.0226101993520349,-0.0245488252944438,-0.0264201646130887,-0.0282190880969725,-0.0299406650218669,-0.0315801766650863,-0.0331331292391785,-0.0345952662090815,-0.0359625799589926,-0.0372313227769642,-0.0383980171271225,-0.039459465181348,-0.0404127575843053,-0.0412552814277807
-0.047175025250165,-0.0480180142613071,-0.0487293892330504,-0.0493072003360439,-0.0497498638302184,-0.0500561664057047,-0.0502252685084343,-0.0502567066412975,-0.0501503946345584,-0.0499066238820373,-0.0495260625424219,-0.0490097537078921,-0.0483591125450759,-0.047575922416173,-0.0466623299908905,-0.0456208393625609,-0.0444543051846048,-0.0431659248461183,-0.0417592297080555,-0.0402380754240108,-0.0386066313721435,-0.0368693692271994,-0.0350310507039616,-0.0330967145057231,-0.0310716625135488,-0.0289614452541893,-0.0267718466864739,-0.0245088683478787,-0.0221787129047328,-0.0197877671511384,-0.0173425845032135,-0.0148498670366336,-0.0123164471167079,-0.009749268671341,-0.00715536815820931,-0.00454185527831952,-0.00191589348881239,0.000715319631575501,0.00334457211057453,0.00596465734989673,0.00856839387802124,0.0111486450341079,0.0136983385290887,0.0162104858303212,0.0186782013166698,0.0210947211515153,0.0234534218219603,0.0257478382934192,0.0279716817298257,0.0301188567308988,0.0321834780392083,0.0341598866712588,0.0360426654283676,0.0378266537448325,0.0395069618326809,0.0410789840842418,0.0425384116957924,0.043881244477694,0.0451038018186297,0.0462027327739076,0.0471750252501647,0.0480180142613071,0.0487293892330503,0.0493072003360443,0.0497498638302187,0.0500561664057047,0.0502252685084346,0.0502567066412979,0.050150394634559,0.0499066238820376,0.049526062542422,0.0490097537078921,0.0483591125450754,0.0475759224161731,0.0466623299908905,0.0456208393625609,0.0444543051846048,0.0431659248461186,0.0417592297080552,0.0402380754240107,0.0386066313721431,0.036869369227199,0.0350310507039617,0.033096714505723,0.0310716625135485,0.0289614452541896,0.0267718466864738,0.0245088683478787,0.0221787129047327,0.0197877671511382,0.0173425845032133,0.0148498670366334,0.0123164471167079,0.00974926867134097,0.00715536815820916,0.00454185527831944,0.00191589348881233,-0.000715319631575559,-0.00334457211057456,-0.00596465734989682,-0.00856839387802124,-0.0111486450341079,-0.0136983385290888,-0.0162104858303212,-0.0186782013166698,-0.0210947211515155,-0.0234534218219607,-0.025747838293419,-0.0279716817298255,-0.0301188567308989,-0.032183478039208,-0.0341598866712587,-0.0360426654283676,-0.0378266537448325,-0.0395069618326811,-0.0410789840842416,-0.0425384116957922,-0.0438812444776936,-0.0451038018186299,-0.0462027327739076
-0.0522631746924909,-0.0533507246149175,-0.0542920439095377,-0.0550845524855956,-0.0557260781321708,-0.0562148624720581,-0.0565495657813565,-0.0567292706615605,-0.056753484554084,-0.056622141090331,-0.0563356002736067,-0.0558946474923717,-0.0553004913675497,-0.0545547604397793,-0.0536594987056983,-0.0526171600154906,-0.0514306013470546,-0.0501030749752239,-0.0486382195575079,-0.0470400501607854,-0.0453129472562868,-0.0434616447130231,-0.0414912168225825,-0.0394070643908504,-0.0372148999347747,-0.0349207320247536,-0.0325308488155628,-0.0300518008109603,-0.0274903829092098,-0.0248536157787385,-0.0221487266149712,-0.0193831293310912,-0.0165644042370197,-0.0137002772623123,-0.0107985987799233,-0.00786732208887992,-0.00491448161484179,-0.00194817088829887,0.00102347963923334,0.00399232488021547,0.00695022743620405,0.0098890799018943,0.0128008270869552,0.0156774880947451,0.0185111781973963,0.0212941304473047,0.0240187169657934,0.0266774698506002,0.029263101644874,0.0317685253115929,0.0341868736586355,0.0365115181612808,0.0387360871305301,0.0408544831774671,0.042860899925775,0.0447498379266109,0.0465161197322131,0.0481549040869249,0.0496616991967411,0.0510323750410016,0.0522631746924914,0.0533507246149175,0.0542920439095377,0.0550845524855953,0.0557260781321712,0.0562148624720578,0.0565495657813568,0.0567292706615604,0.0567534845540841,0.0566221410903315,0.0563356002736067,0.0558946474923721,0.05530049136755,0.0545547604397794,0.0536594987056979,0.052617160015491,0.0514306013470548,0.0501030749752242,0.0486382195575078,0.0470400501607859,0.0453129472562867,0.0434616447130233,0.0414912168225826,0.0394070643908505,0.0372148999347744,0.0349207320247534,0.0325308488155628,0.0300518008109601,0.0274903829092097,0.0248536157787383,0.0221487266149711,0.0193831293310914,0.0165644042370198,0.0137002772623123,0.0107985987799232,0.00786732208887989,0.00491448161484173,0.00194817088829881,-0.00102347963923334,-0.00399232488021544,-0.00695022743620406,-0.00988907990189442,-0.0128008270869552,-0.0156774880947452,-0.0185111781973962,-0.0212941304473047,-0.0240187169657938,-0.0266774698506002,-0.0292631016448744,-0.031768525311593,-0.0341868736586358,-0.0365115181612807,-0.0387360871305305,-0.0408544831774671,-0.042860899925775,-0.0447498379266106,-0.0465161197322129,-0.0481549040869249,-0.0496616991967412,-0.0510323750410009
-0.0571519555213708,-0.0584937384343457,-0.0596751940761219,-0.0606930841589068,-0.0615446187167369,-0.062227463752579,-0.0627397476356533,-0.0630800662314441,-0.0632474867503361,-0.0632415503043246,-0.0630622731647956,-0.0627101467179264,-0.0621861361178316,-0.061491677641144,-0.0606286747502761,-0.059599492876165,-0.0584069529347902,-0.0570543235952383,-0.0555453123205099,-0.0538840552056179,-0.0520751056408424,-0.0501234218312012,-0.0480343532063571,-0.0458136257582015,-0.043467326346309,-0.0410018860142776,-0.0384240623626873,-0.0357409210269847,-0.0329598163110681,-0.0300883710296518,-0.0271344556146602,-0.0241061665429213,-0.0210118041442877,-0.0178598498510072,-0.0146589429507081,-0.0114178569067116,-0.00814547531057944,-0.00485076753280584,-0.00154276413839763,0.00176946786527782,0.00507684988052857,0.00837031660314438,0.0116408408697645,0.0148794584007055,0.0180772923704287,0.021225577738302,0.0243156852729659,0.0273391452044598,0.0302876704392682,0.0331531792746732,0.0359278175501354,0.038603980175005,0.0411743319735441,0.0436318277901368,0.0459697317995676,0.0481816359694531,0.0502614776242107,0.0522035560624325,0.054002548182112,0.0556535230708955,0.0571519555213708,0.0584937384343454,0.0596751940761211,0.0606930841589079,0.0615446187167374,0.0622274637525792,0.0627397476356531,0.0630800662314439,0.0632474867503365,0.0632415503043249,0.063062273164795,0.0627101467179264,0.0621861361178312,0.0614916776411439,0.0606286747502753,0.0595994928761648,0.0584069529347903,0.0570543235952383,0.0555453123205091,0.0538840552056181,0.0520751056408424,0.0501234218312012,0.0480343532063574,0.0458136257582014,0.0434673263463084,0.0410018860142775,0.0384240623626873,0.0357409210269848,0.0329598163110681,0.0300883710296518,0.0271344556146599,0.0241061665429213,0.0210118041442878,0.0178598498510073,0.014658942950708,0.0114178569067116,0.00814547531057934,0.00485076753280585,0.00154276413839764,-0.00176946786527771,-0.00507684988052855,-0.0083703166031443,-0.0116408408697645,-0.0148794584007055,-0.0180772923704288,-0.0212255777383017,-0.024315685272966,-0.0273391452044595,-0.0302876704392684,-0.0331531792746734,-0.0359278175501353,-0.038603980175005,-0.0411743319735445,-0.0436318277901369,-0.0459697317995676,-0.0481816359694533,-0.0502614776242105,-0.0522035560624329,-0.0540025481821122,-0.0556535230708953
-0.0617527792129577,-0.0633514805786816,-0.0647765399396466,-0.0660240513071993,-0.0670905953393945,-0.0679732487131745,-0.0686695921369939,-0.0691777169819316,-0.0694962305131051,-0.0696242597070664,-0.069561453644693,-0.069307984473037,-0.0688645469334795,-0.0682323564574938,-0.0674131458352303,-0.0664091604660638,-0.0652231522041023,-0.0638583718155563,-0.0623185600686043,-0.060607937480215,-0.0587311927479979,-0.0566934698988137,-0.0545003541893519,-0.0521578567973301,-0.049672398345275,-0.0470507913020412,-0.04430022131031,-0.041428227491237,-0.0384426817802513,-0.035351767350624,-0.0321639561839601,-0.0288879858490849,-0.0255328355529767,-0.0221077015293838,-0.018621971832586,-0.0150852006053924,-0.0115070818918992,-0.0078974230667877,-0.00426611795399313,-0.000623119708420671,0.00302158646495975,0.0066580106798677,0.0102761857502948,0.013866194509869,0.0174181969941193,0.0209224574111328,0.0243693708266844,0.0277494894906943,0.0310535487328535,0.0342724923564419,0.0373974974607328,0.0404199986239517,0.0433317113805027,0.04612465492811,0.0487911740026447,0.0513239598606702,0.0537160703122032,0.0559609487487688,0.0580524421146116,0.0599848177717941,0.0617527792129578,0.0633514805786814,0.0647765399396462,0.0660240513071993,0.0670905953393944,0.0679732487131749,0.0686695921369938,0.0691777169819316,0.0694962305131048,0.0696242597070662,0.069561453644693,0.0693079844730374,0.0688645469334803,0.0682323564574931,0.0674131458352305,0.0664091604660633,0.0652231522041029,0.0638583718155567,0.0623185600686039,0.0606079374802147,0.0587311927479978,0.0566934698988137,0.0545003541893523,0.0521578567973301,0.0496723983452747,0.0470507913020417,0.0443002213103095,0.0414282274912369,0.0384426817802516,0.0353517673506242,0.0321639561839603,0.0288879858490851,0.0255328355529771,0.0221077015293839,0.0186219718325862,0.0150852006053927,0.0115070818918993,0.00789742306678767,0.00426611795399305,0.00062311970842089,-0.00302158646495968,-0.00665801067986757,-0.0102761857502947,-0.0138661945098691,-0.0174181969941194,-0.0209224574111329,-0.0243693708266843,-0.0277494894906944,-0.0310535487328538,-0.0342724923564417,-0.0373974974607328,-0.0404199986239522,-0.0433317113805028,-0.0461246549281095,-0.0487911740026444,-0.0513239598606709,-0.0537160703122031,-0.0559609487487691,-0.0580524421146113,-0.0599848177717943
-0.0659886483353452,-0.0678395791195426,-0.0695045663328444,-0.0709790463610313,-0.0722589777568347,-0.0733408523172677,-0.0742217046993575,-0.0748991205479554,-0.0753712431133058,-0.0756367783402721,-0.0756949984152556,-0.0755457437610792,-0.0751894234743734,-0.0746270142042769,-0.073860057475506,-0.0728906554631455,-0.0717214652307274,-0.0703556914474091,-0.0687970776041988,-0.0670498957533009,-0.0651189347987241,-0.0630094873702258,-0.0607273353165823,-0.0582787338579405,-0.0556703944406995,-0.052909466341898,-0.0500035170735456,-0.0469605116405961,-0.0437887907094254,-0.0404970477466417,-0.0370943051908988,-0.033589889723022,-0.0299934067022187,-0.0263147138384608,-0.0225638941731851,-0.0187512284423776,-0.0148871668977916,-0.010982300663533,-0.0070473327065261,-0.00309304850042456,0.000869713536621363,0.00483009174931657,0.00877723101626241,0.0127003125030904,0.0165885833161354,0.0204313859753693,0.0242181876258128,0.0279386089073596,0.0315824524038803,0.035139730593631,0.0386006932243574,0.0419558540380572,0.0451960167721543,0.0483123003658159,0.0512961633023212,0.0541394270207677,0.0568342983329351,0.0593733907838766,0.0617497448976726,0.0639568472528761,0.0659886483353457,0.0678395791195423,0.0695045663328446,0.0709790463610314,0.0722589777568354,0.0733408523172672,0.0742217046993589,0.0748991205479557,0.075371243113305,0.0756367783402723,0.0756949984152566,0.0755457437610793,0.0751894234743734,0.0746270142042764,0.0738600574755064,0.072890655463145,0.0717214652307271,0.0703556914474096,0.0687970776041992,0.0670498957533008,0.0651189347987243,0.0630094873702263,0.0607273353165822,0.0582787338579406,0.0556703944406995,0.0529094663418981,0.0500035170735456,0.0469605116405965,0.0437887907094254,0.0404970477466414,0.0370943051908987,0.0335898897230218,0.0299934067022186,0.0263147138384611,0.0225638941731852,0.0187512284423779,0.0148871668977918,0.0109823006635332,0.00704733270652611,0.00309304850042461,-0.000869713536621406,-0.00483009174931644,-0.00877723101626236,-0.0127003125030904,-0.0165885833161353,-0.0204313859753693,-0.0242181876258129,-0.0279386089073597,-0.0315824524038802,-0.0351397305936311,-0.0386006932243574,-0.0419558540380573,-0.0451960167721543,-0.0483123003658155,-0.0512961633023213,-0.0541394270207675,-0.0568342983329356,-0.0593733907838761,-0.0617497448976722,-0.0639568472528763
-0.0697958651065448,-0.0718869127115811,-0.0737809232856736,-0.0754727054774885,-0.0769576222296332,-0.0782316034885047,-0.0792911573600272,-0.0801333796806869,-0.0807559619776436,-0.0811571977960986,-0.0813359873765615,-0.0812918406692206,-0.081024878677132,-0.0805358331245596,-0.0798260444513694,-0.0788974581389801,-0.0777526193779258,-0.076394666091674,-0.074827320335795,-0.0730548780960564,-0.0710821975134406,-0.0689146855683037,-0.0665582832602244,-0.0640194493241379,-0.0613051425273918,-0.058422802596246,-0.0553803298241035,-0.0521860634173526,-0.0488487586381836,-0.0453775628070228,-0.0417819902303638,-0.0380718961227138,-0.0342574495941368,-0.0303491057774277,-0.0263575771713237,-0.0222938042782857,-0.0181689256173442,-0.0139942471941921,-0.00978121151220889,-0.00554136620935453,-0.00128633240689594,0.00297222714327814,0.00722264002544954,0.0114532561533506,0.0156524797022415,0.0198088008922588,0.0239108275359237,0.027947316263334,0.03190720333946,0.0357796349890754,0.0395539971461981,0.0432199445465072,0.0467674290829957,0.050186727347132,0.0534684672800462,0.0566036538606937,0.0595836937605811,0.0624004188974821,0.0650461088235855,0.0675135118867028,0.0697958651065446,0.0718869127115817,0.073780923285673,0.0754727054774884,0.0769576222296331,0.0782316034885055,0.079291157360027,0.0801333796806868,0.080755961977644,0.0811571977960984,0.0813359873765619,0.0812918406692209,0.0810248786771332,0.0805358331245598,0.0798260444513704,0.0788974581389806,0.0777526193779251,0.0763946660916747,0.0748273203357936,0.0730548780960568,0.0710821975134405,0.0689146855683031,0.0665582832602236,0.0640194493241385,0.0613051425273915,0.0584228025962461,0.0553803298241036,0.052186063417353,0.048848758638184,0.0453775628070232,0.0417819902303645,0.038071896122714,0.0342574495941366,0.0303491057774281,0.0263575771713237,0.0222938042782859,0.0181689256173444,0.0139942471941923,0.00978121151220904,0.00554136620935463,0.00128633240689596,-0.00297222714327813,-0.00722264002544928,-0.0114532561533505,-0.0156524797022413,-0.019808800892259,-0.0239108275359236,-0.0279473162633338,-0.0319072033394599,-0.0357796349890753,-0.0395539971461977,-0.0432199445465071,-0.0467674290829954,-0.050186727347132,-0.0534684672800467,-0.0566036538606941,-0.0595836937605807,-0.0624004188974817,-0.0650461088235855,-0.0675135118867027
-0.0731244584038216,-0.0754363595181654,-0.0775414948145864,-0.0794340942635638,-0.0811089703815609,-0.0825615324495584,-0.083787799095893,-0.0847844092089241,-0.0855486311496041,-0.0860783702387175,-0.0863721744982397,-0.0864292386311193,-0.086249406228533,-0.0858331701985973,-0.0851816714153382,-0.0842966955916341,-0.0831806683847057,-0.0818366487475513,-0.0802683205445757,-0.0784799824543711,-0.0764765361873345,-0.0742634730504281,-0.0718468588958807,-0.0692333174951133,-0.0664300123834419,-0.0634446272253201,-0.0602853447539554,-0.0569608243430042,-0.0534801782718265,-0.0498529467493668,-0.0460890717651035,-0.0421988698387442,-0.0381930037433643,-0.0340824532794868,-0.029878485180213,-0.0255926222298877,-0.0212366116809519,-0.0168223930555373,-0.0123620654200678,-0.0078678542225584,-0.00335207778351293,0.00117288646773724,0.00569463591870554,0.01020077676845,0.0146789579981196,0.0191169052242378,0.0235024543419363,0.0278235848659192,0.0320684528777784,0.0362254234893506,0.0402831027331366,0.0442303687923749,0.0480564024851689,0.0517507169191103,0.0553031862351251,0.0587040733617469,0.0619440567037537,0.0650142556920142,0.0679062551245083,0.0706121282318131,0.0731244584038225,0.0754363595181653,0.0775414948145855,0.0794340942635636,0.0811089703815613,0.0825615324495587,0.0837877990958921,0.0847844092089232,0.0855486311496044,0.0860783702387178,0.0863721744982409,0.0864292386311195,0.0862494062285331,0.0858331701985975,0.0851816714153375,0.0842966955916343,0.0831806683847055,0.081836648747551,0.0802683205445763,0.0784799824543707,0.0764765361873353,0.0742634730504282,0.0718468588958802,0.0692333174951135,0.0664300123834418,0.0634446272253201,0.0602853447539558,0.0569608243430037,0.0534801782718258,0.0498529467493671,0.0460890717651039,0.0421988698387439,0.0381930037433643,0.0340824532794868,0.0298784851802128,0.0255926222298876,0.021236611680952,0.0168223930555374,0.0123620654200678,0.0078678542225585,0.003352077783513,-0.00117288646773711,-0.0056946359187055,-0.0102007767684499,-0.0146789579981194,-0.0191169052242379,-0.0235024543419365,-0.0278235848659194,-0.0320684528777786,-0.0362254234893503,-0.0402831027331361,-0.0442303687923751,-0.0480564024851688,-0.0517507169191104,-0.0553031862351251,-0.0587040733617466,-0.0619440567037543,-0.0650142556920145,-0.0679062551245086,-0.0706121282318127
-0.0759374533876877,-0.07844435213668,-0.0807362403690661,-0.0828068361785079,-0.0846504642058171,-0.0862620711947198,-0.0876372398424808,-0.0887722009074242,-0.0896638435401591,-0.0903097238102084,-0.090708071404645,-0.0908577944804035,-0.0907584826569383,-0.090410408141055,-0.0898145249808084,-0.0889724664505196,-0.0878865405740903,-0.0865597237988663,-0.0849956528374027,-0.0831986146994868,-0.081173534941744,-0.0789259641670298,-0.0764620628106094,-0.0737885842548381,-0.0709128563186062,-0.0678427611722973,-0.0645867137333079,-0.0611536386013421,-0.057552945596708,-0.0537945039686492,-0.0498886153444226,-0.0458459854932529,-0.0416776949825597,-0.0373951688069017,-0.0330101450728496,-0.0285346428256606,-0.023980929105905,-0.0193614853263637,-0.0146889730613435,-0.00997619934218005,-0.00523608155405665,-0.000481612030349292,0.00427417755845684,0.00901825192366964,0.0137376078872109,0.0184193100224222,0.0230505261091732,0.0276185623060808,0.0321108979434507,0.0365152198415585,0.0408194560602221,0.0450118089871509,0.0490807876743784,0.0530152393341533,0.0568043799079583,0.060437823624859,0.0639056114681858,0.0671982384725028,0.0703066797760583,0.0732224153573055,0.0759374533876872,0.0784443521366803,0.0807362403690663,0.0828068361785086,0.0846504642058174,0.0862620711947199,0.0876372398424807,0.0887722009074245,0.089663843540159,0.090309723810208,0.0907080714046451,0.0908577944804028,0.090758482656938,0.0904104081410555,0.089814524980808,0.0889724664505203,0.0878865405740906,0.0865597237988672,0.084995652837403,0.0831986146994876,0.0811735349417441,0.0789259641670297,0.0764620628106095,0.0737885842548384,0.0709128563186072,0.0678427611722972,0.0645867137333083,0.0611536386013425,0.0575529455967088,0.053794503968649,0.0498886153444228,0.0458459854932527,0.0416776949825601,0.0373951688069021,0.0330101450728502,0.0285346428256608,0.0239809291059051,0.0193614853263639,0.0146889730613436,0.00997619934218009,0.00523608155405677,0.000481612030349441,-0.0042741775584567,-0.00901825192366965,-0.0137376078872108,-0.0184193100224224,-0.0230505261091731,-0.0276185623060812,-0.032110897943451,-0.0365152198415585,-0.0408194560602225,-0.0450118089871505,-0.049080787674378,-0.0530152393341532,-0.0568043799079578,-0.0604378236248589,-0.0639056114681854,-0.0671982384725023,-0.0703066797760596,-0.073222415357307
-0.0782092364647153,-0.080879478772066,-0.0833280360499665,-0.0855481969731152,-0.087533876234743,-0.0892796312260155,-0.090780676953849,-0.0920328991562409,-0.0930328655791728,-0.0937778353841857,-0.0942657666608305,-0.0944953220233897,-0.0944658722765723,-0.0941774981400873,-0.0936309900273982,-0.0928278458792536,-0.0917702670579392,-0.090461152313491,-0.0889040898384301,-0.0871033474327705,-0.0850638608062749,-0.0827912200500266,-0.0802916543143691,-0.0775720147352394,-0.0746397556556854,-0.0715029141940258,-0.0681700882146654,-0.0646504127619542,-0.0609535350216572,-0.0570895878786948,-0.053069162143605,-0.0489032775238718,-0.0446033524196711,-0.0401811726268291,-0.0356488590327757,-0.0310188343940355,-0.0263037892863135,-0.0215166473205122,-0.0166705297200092,-0.011778719356298,-0.00685462434155979,-0.00191174127796048,0.00303638173559822,0.00797618223787592,0.0128941205790573,0.0177767170319907,0.0226105887391838,0.0273824863942859,0.0320793305575144,0.0366882475054915,0.0411966045172246,0.0455920444995171,0.0498625198569013,0.0539963255132583,0.0579821309946223,0.0618090114852183,0.0654664777716247,0.0689445049929793,0.072233560118421,0.0753246280764722,0.0782092364647156,0.080879478772066,0.0833280360499672,0.0855481969731152,0.0875338762347428,0.0892796312260154,0.0907806769538499,0.0920328991562399,0.0930328655791713,0.0937778353841855,0.0942657666608303,0.0944953220233887,0.0944658722765719,0.0941774981400878,0.0936309900273983,0.0928278458792534,0.091770267057939,0.0904611523134912,0.0889040898384306,0.0871033474327695,0.0850638608062749,0.0827912200500266,0.0802916543143684,0.0775720147352394,0.074639755655685,0.0715029141940249,0.0681700882146653,0.0646504127619542,0.0609535350216569,0.0570895878786953,0.053069162143605,0.0489032775238719,0.0446033524196713,0.0401811726268289,0.0356488590327759,0.0310188343940351,0.0263037892863139,0.0215166473205125,0.0166705297200094,0.0117787193562982,0.00685462434155985,0.00191174127796056,-0.00303638173559815,-0.00797618223787595,-0.0128941205790571,-0.0177767170319908,-0.0226105887391839,-0.0273824863942855,-0.0320793305575143,-0.0366882475054913,-0.0411966045172248,-0.0455920444995172,-0.0498625198569013,-0.0539963255132588,-0.0579821309946221,-0.0618090114852182,-0.0654664777716245,-0.068944504992979,-0.0722335601184215,-0.0753246280764711
-0.0799233587300153,-0.0827204693830104,-0.0852908489792553,-0.0876274522869429,-0.089723874838821,-0.0915743704863966,-0.0931738671497254,-0.0945179807196335,-0.0956030270742515,-0.0964260321769446,-0.0969847402279328,-0.0972776198472827,-0.0973038682723145,-0.0970634135579222,-0.096556914773762,-0.0957857601977967,-0.0947520635111153,-0.0934586580044848,-0.0919090888124955,-0.0901076031965946,-0.0880591389036334,-0.0857693106318541,-0.0832443946413834,-0.0804913115514488,-0.0775176073714324,-0.0743314328177947,-0.0709415209735196,-0.0673571633513389,-0.0635881844263513,-0.059644914707812,-0.0555381624239255,-0.0512791838972454,-0.0468796526918756,-0.0423516276170415,-0.0377075196747354,-0.0329600580420175,-0.0281222551812328,-0.0232073711737501,-0.0182288773750048,-0.0132004194904481,-0.00813578017361809,-0.00304884124884352,0.00204645433787206,0.00713614073549466,0.0122062674673884,0.0172429376686014,0.0222323461762065,0.0271608173682938,0.0320148426479003,0.036781117469133,0.0414465778040073,0.045998435950037,0.0504242155804396,0.0547117859408804,0.0588493950990275,0.062825702155779,0.0666298083298816,0.0702512868307348,0.0736802114374907,0.0769071837061457,0.0799233587300153,0.0827204693830099,0.0852908489792558,0.0876274522869428,0.0897238748388216,0.0915743704863969,0.0931738671497248,0.0945179807196325,0.0956030270742509,0.096426032176944,0.0969847402279325,0.0972776198472835,0.097303868272315,0.097063413557922,0.0965569147737623,0.0957857601977963,0.0947520635111152,0.093458658004484,0.0919090888124956,0.0901076031965945,0.0880591389036331,0.0857693106318533,0.0832443946413841,0.0804913115514488,0.0775176073714328,0.0743314328177949,0.0709415209735188,0.0673571633513385,0.0635881844263514,0.0596449147078116,0.0555381624239253,0.0512791838972457,0.0468796526918754,0.0423516276170418,0.0377075196747355,0.0329600580420182,0.0281222551812329,0.0232073711737502,0.0182288773750049,0.0132004194904484,0.00813578017361823,0.00304884124884347,-0.00204645433787202,-0.00713614073549457,-0.0122062674673883,-0.0172429376686013,-0.0222323461762062,-0.0271608173682939,-0.0320148426479004,-0.0367811174691332,-0.0414465778040072,-0.0459984359500368,-0.0504242155804395,-0.0547117859408804,-0.0588493950990272,-0.0628257021557781,-0.0666298083298821,-0.0702512868307344,-0.0736802114374908,-0.076907183706146
-0.0810701615470358,-0.0839539526530304,-0.0866076318103693,-0.0890239254689393,-0.0911962107357768,-0.0931185335279574,-0.0947856248923287,-0.096192915447338,-0.0973365479073919,-0.0982133876554137,-0.0988210313346008,-0.0991578134358666,-0.0992228108628777,-0.0990158454622079,-0.0985374845116321,-0.0977890391652673,-0.0967725608597832,-0.0954908356915609,-0.0939473767801944,-0.0921464146392759,-0.0900928855808489,-0.0877924181853248,-0.0852513178739315,-0.082476549625992,-0.0794757188884024,-0.0762570507296287,-0.072829367295368,-0.0692020636276579,-0.0653850819137211,-0.0613888842351195,-0.0572244238919192,-0.0529031153804516,-0.0484368031069764,-0.0438377289229865,-0.0391184985711419,-0.0342920471338072,-0.0293716035788893,-0.0243706545001568,-0.0193029071514232,-0.0141822518759158,-0.00902272403381296,-0.00383846553229512,0.00135631393643805,0.00654737584294764,0.0117204918473744,0.0168614827983288,0.02195625759696,0.0269908518196791,0.0319514659936713,0.0368245034202946,0.0415966074426819,0.0462546980554144,0.0507860077559013,0.0551781165392211,0.0594189859404907,0.0634969920314607,0.0674009572808947,0.0711201811914039,0.0746444696287718,0.0779641627633591,0.081070161547036,0.0839539526530302,0.0866076318103694,0.089023925468939,0.0911962107357762,0.093118533527958,0.0947856248923287,0.0961929154473375,0.0973365479073926,0.0982133876554143,0.098821031334601,0.0991578134358652,0.0992228108628777,0.0990158454622079,0.0985374845116324,0.0977890391652669,0.0967725608597828,0.0954908356915605,0.0939473767801947,0.0921464146392755,0.0900928855808494,0.0877924181853248,0.0852513178739314,0.0824765496259915,0.0794757188884019,0.0762570507296287,0.0728293672953683,0.0692020636276578,0.0653850819137208,0.0613888842351198,0.0572244238919188,0.0529031153804515,0.0484368031069769,0.0438377289229868,0.0391184985711413,0.0342920471338069,0.029371603578889,0.0243706545001568,0.0193029071514232,0.0141822518759159,0.00902272403381303,0.00383846553229531,-0.00135631393643794,-0.00654737584294754,-0.0117204918473741,-0.0168614827983288,-0.0219562575969602,-0.0269908518196786,-0.0319514659936714,-0.0368245034202943,-0.0415966074426821,-0.0462546980554144,-0.0507860077559008,-0.0551781165392212,-0.0594189859404901,-0.0634969920314608,-0.0674009572808938,-0.0711201811914048,-0.0746444696287712,-0.0779641627633595
-0.0816446018258764,-0.0845723683144875,-0.0872683278201025,-0.0897250909051098,-0.0919359237526607,-0.0938947666235922,-0.0955962504657544,-0.0970357116302045,-0.0982092046539455,-0.0991135130741674,-0.099746158244349,-0.100105406128054,-0.100190272051803,-0.100000523403999,-0.0995366802724947,-0.0988000140190741,-0.0977925437947317,-0.0965170310053257,-0.0949769717427489,-0.0931765872023942,-0.091120812113142,-0.0888152812116191,-0.0862663137977693,-0.0834808964140967,-0.0804666636960404,-0.077231877445962,-0.0737854039881261,-0.0701366898667193,-0.0662957359535292,-0.062273070036251,-0.058079717962551,-0.0537271734189878,-0.0492273664276128,-0.0445926306466122,-0.0398356695646048,-0.0349695216812646,-0.0300075247696975,-0.0249632793185342,-0.0198506112539349,-0.0146835340436877,-0.00947621028726662,-0.00424291289713165,0.00100201402233335,0.00624419449101211,0.0114692600566195,0.0166628891776305,0.0218108464776285,0.026899021763485,0.0319134687004156,0.0368404430379167,0.0416664402817982,0.0463782327090662,0.0509629056241906,0.0554078927573868,0.0597010107078902,0.0638304923378098,0.0677850190250347,0.0715537516867909,0.0751263604888137,0.0784930531587059,0.0816446018258754,0.0845723683144879,0.0872683278201019,0.0897250909051092,0.0919359237526603,0.0938947666235926,0.0955962504657548,0.0970357116302042,0.0982092046539451,0.0991135130741671,0.0997461582443498,0.100105406128054,0.100190272051803,0.100000523404,0.0995366802724947,0.0988000140190747,0.097792543794732,0.0965170310053252,0.094976971742748,0.0931765872023944,0.0911208121131425,0.0888152812116193,0.0862663137977698,0.0834808964140976,0.0804666636960403,0.0772318774459613,0.0737854039881266,0.0701366898667195,0.0662957359535297,0.0622730700362508,0.0580797179625516,0.0537271734189872,0.0492273664276126,0.0445926306466121,0.0398356695646051,0.0349695216812646,0.0300075247696975,0.024963279318534,0.0198506112539347,0.0146835340436877,0.00947621028726675,0.00424291289713158,-0.00100201402233321,-0.00624419449101206,-0.0114692600566197,-0.0166628891776304,-0.0218108464776287,-0.0268990217634851,-0.0319134687004157,-0.0368404430379163,-0.0416664402817984,-0.0463782327090667,-0.0509629056241905,-0.0554078927573866,-0.0597010107078904,-0.0638304923378104,-0.0677850190250349,-0.0715537516867913,-0.0751263604888132,-0.0784930531587067
-0.0816446018258765,-0.0845723683144876,-0.0872683278201022,-0.089725090905109,-0.0919359237526598,-0.0938947666235923,-0.0955962504657553,-0.097035711630204,-0.0982092046539454,-0.0991135130741678,-0.0997461582443501,-0.100105406128054,-0.100190272051804,-0.100000523403998,-0.0995366802724944,-0.0988000140190745,-0.0977925437947321,-0.0965170310053257,-0.094976971742749,-0.0931765872023939,-0.0911208121131423,-0.0888152812116191,-0.0862663137977696,-0.0834808964140973,-0.0804666636960402,-0.077231877445962,-0.0737854039881256,-0.0701366898667193,-0.0662957359535293,-0.0622730700362507,-0.0580797179625512,-0.0537271734189874,-0.0492273664276128,-0.0445926306466118,-0.039835669564605,-0.0349695216812649,-0.0300075247696973,-0.0249632793185341,-0.0198506112539348,-0.0146835340436876,-0.00947621028726669,-0.00424291289713157,0.00100201402233326,0.00624419449101193,0.0114692600566196,0.0166628891776304,0.0218108464776285,0.0268990217634848,0.0319134687004159,0.0368404430379165,0.0416664402817984,0.0463782327090664,0.0509629056241905,0.0554078927573862,0.0597010107078902,0.0638304923378099,0.0677850190250344,0.071553751686791,0.0751263604888139,0.0784930531587059,0.0816446018258753,0.0845723683144876,0.0872683278201014,0.089725090905109,0.0919359237526599,0.0938947666235924,0.0955962504657552,0.0970357116302037,0.098209204653945,0.0991135130741683,0.0997461582443494,0.100105406128054,0.100190272051803,0.100000523403999,0.0995366802724963,0.0988000140190748,0.0977925437947327,0.0965170310053248,0.0949769717427482,0.0931765872023944,0.0911208121131426,0.0888152812116194,0.0862663137977694,0.0834808964140974,0.0804666636960406,0.0772318774459621,0.0737854039881259,0.0701366898667188,0.0662957359535298,0.0622730700362509,0.058079717962551,0.0537271734189878,0.0492273664276131,0.0445926306466121,0.0398356695646047,0.0349695216812644,0.0300075247696975,0.0249632793185341,0.0198506112539349,0.0146835340436876,0.00947621028726671,0.00424291289713164,-0.00100201402233311,-0.00624419449101203,-0.0114692600566196,-0.0166628891776303,-0.0218108464776286,-0.0268990217634848,-0.0319134687004155,-0.0368404430379167,-0.0416664402817983,-0.0463782327090664,-0.05096290562419,-0.0554078927573868,-0.05970101070789,-0.0638304923378104,-0.0677850190250347,-0.0715537516867906,-0.0751263604888144,-0.0784930531587068
-0.0810701615470364,-0.08395395265303,-0.0866076318103699,-0.0890239254689389,-0.0911962107357763,-0.0931185335279577,-0.0947856248923279,-0.0961929154473365,-0.0973365479073928,-0.0982133876554137,-0.0988210313346012,-0.0991578134358658,-0.0992228108628774,-0.0990158454622074,-0.0985374845116322,-0.0977890391652669,-0.0967725608597825,-0.095490835691561,-0.0939473767801949,-0.0921464146392752,-0.0900928855808496,-0.0877924181853244,-0.0852513178739314,-0.0824765496259919,-0.0794757188884026,-0.0762570507296288,-0.0728293672953683,-0.0692020636276577,-0.0653850819137207,-0.0613888842351198,-0.0572244238919191,-0.0529031153804518,-0.0484368031069768,-0.0438377289229864,-0.0391184985711417,-0.0342920471338065,-0.0293716035788888,-0.0243706545001566,-0.019302907151423,-0.0141822518759158,-0.00902272403381316,-0.00383846553229543,0.0013563139364379,0.00654737584294763,0.0117204918473741,0.0168614827983286,0.0219562575969604,0.0269908518196793,0.0319514659936714,0.0368245034202941,0.0415966074426818,0.0462546980554139,0.0507860077559007,0.0551781165392204,0.0594189859404907,0.0634969920314606,0.0674009572808946,0.0711201811914039,0.0746444696287707,0.0779641627633602,0.0810701615470361,0.0839539526530298,0.0866076318103694,0.0890239254689395,0.0911962107357763,0.0931185335279582,0.0947856248923279,0.0961929154473372,0.0973365479073924,0.0982133876554132,0.0988210313346023,0.0991578134358659,0.0992228108628776,0.099015845462207,0.0985374845116324,0.097789039165268,0.0967725608597838,0.0954908356915612,0.0939473767801945,0.0921464146392751,0.0900928855808485,0.0877924181853247,0.0852513178739314,0.0824765496259917,0.0794757188884019,0.0762570507296285,0.0728293672953678,0.0692020636276584,0.0653850819137209,0.0613888842351194,0.0572244238919192,0.0529031153804515,0.0484368031069767,0.0438377289229866,0.0391184985711416,0.0342920471338066,0.0293716035788892,0.024370654500157,0.0193029071514233,0.0141822518759159,0.00902272403381305,0.00383846553229541,-0.00135631393643782,-0.00654737584294741,-0.0117204918473741,-0.0168614827983285,-0.0219562575969601,-0.0269908518196794,-0.0319514659936713,-0.0368245034202944,-0.0415966074426821,-0.0462546980554145,-0.050786007755901,-0.0551781165392207,-0.0594189859404912,-0.0634969920314605,-0.0674009572808943,-0.071120181191404,-0.0746444696287706,-0.0779641627633595
-0.0799233587300148,-0.0827204693830097,-0.0852908489792555,-0.0876274522869426,-0.0897238748388216,-0.091574370486397,-0.0931738671497255,-0.0945179807196324,-0.0956030270742513,-0.0964260321769452,-0.0969847402279332,-0.097277619847282,-0.0973038682723146,-0.0970634135579217,-0.0965569147737632,-0.0957857601977969,-0.0947520635111151,-0.0934586580044848,-0.0919090888124963,-0.0901076031965945,-0.0880591389036329,-0.0857693106318535,-0.0832443946413833,-0.0804913115514487,-0.0775176073714334,-0.0743314328177955,-0.0709415209735197,-0.0673571633513388,-0.0635881844263512,-0.0596449147078118,-0.0555381624239247,-0.0512791838972455,-0.0468796526918756,-0.0423516276170419,-0.0377075196747352,-0.032960058042018,-0.028122255181233,-0.0232073711737502,-0.0182288773750048,-0.0132004194904482,-0.00813578017361831,-0.00304884124884367,0.00204645433787205,0.00713614073549457,0.0122062674673883,0.0172429376686011,0.0222323461762062,0.0271608173682939,0.0320148426479002,0.0367811174691332,0.0414465778040072,0.0459984359500369,0.0504242155804399,0.05471178594088,0.0588493950990274,0.0628257021557789,0.066629808329882,0.0702512868307346,0.0736802114374908,0.0769071837061458,0.0799233587300149,0.0827204693830097,0.0852908489792555,0.0876274522869431,0.0897238748388215,0.0915743704863958,0.0931738671497246,0.0945179807196313,0.0956030270742513,0.0964260321769446,0.0969847402279325,0.0972776198472819,0.0973038682723146,0.0970634135579222,0.096556914773763,0.0957857601977963,0.0947520635111145,0.0934586580044842,0.0919090888124957,0.0901076031965937,0.0880591389036344,0.0857693106318533,0.0832443946413836,0.0804913115514479,0.0775176073714329,0.0743314328177951,0.0709415209735192,0.0673571633513388,0.0635881844263513,0.0596449147078119,0.0555381624239254,0.0512791838972455,0.0468796526918757,0.0423516276170421,0.0377075196747353,0.032960058042018,0.0281222551812332,0.0232073711737502,0.0182288773750047,0.0132004194904482,0.00813578017361834,0.00304884124884357,-0.00204645433787191,-0.00713614073549434,-0.0122062674673883,-0.0172429376686012,-0.0222323461762064,-0.0271608173682935,-0.0320148426478999,-0.0367811174691328,-0.0414465778040072,-0.0459984359500368,-0.050424215580439,-0.0547117859408801,-0.0588493950990272,-0.0628257021557786,-0.0666298083298816,-0.0702512868307347,-0.0736802114374906,-0.0769071837061456
-0.0782092364647153,-0.0808794787720657,-0.0833280360499666,-0.0855481969731154,-0.0875338762347426,-0.0892796312260157,-0.0907806769538491,-0.0920328991562405,-0.0930328655791716,-0.0937778353841852,-0.094265766660829,-0.0944953220233895,-0.0944658722765721,-0.0941774981400871,-0.0936309900273978,-0.0928278458792539,-0.0917702670579395,-0.0904611523134911,-0.0889040898384305,-0.0871033474327692,-0.0850638608062752,-0.0827912200500269,-0.0802916543143685,-0.0775720147352395,-0.074639755655686,-0.0715029141940259,-0.0681700882146652,-0.0646504127619542,-0.060953535021657,-0.0570895878786946,-0.0530691621436051,-0.0489032775238723,-0.0446033524196711,-0.0401811726268287,-0.0356488590327757,-0.0310188343940355,-0.026303789286314,-0.0215166473205126,-0.0166705297200094,-0.0117787193562981,-0.0068546243415599,-0.00191174127796047,0.00303638173559809,0.00797618223787584,0.0128941205790572,0.0177767170319907,0.0226105887391841,0.0273824863942858,0.0320793305575144,0.0366882475054919,0.0411966045172253,0.0455920444995178,0.0498625198569013,0.0539963255132586,0.0579821309946224,0.0618090114852186,0.0654664777716246,0.0689445049929785,0.0722335601184207,0.0753246280764716,0.078209236464716,0.0808794787720666,0.0833280360499672,0.0855481969731151,0.0875338762347432,0.0892796312260153,0.090780676953849,0.09203289915624,0.0930328655791717,0.0937778353841861,0.0942657666608301,0.0944953220233889,0.0944658722765722,0.094177498140087,0.0936309900273979,0.0928278458792535,0.0917702670579391,0.0904611523134923,0.0889040898384301,0.0871033474327692,0.0850638608062743,0.0827912200500273,0.0802916543143689,0.0775720147352393,0.0746397556556854,0.0715029141940249,0.0681700882146653,0.0646504127619538,0.0609535350216572,0.0570895878786949,0.0530691621436047,0.0489032775238716,0.0446033524196713,0.0401811726268289,0.0356488590327755,0.0310188343940355,0.026303789286314,0.0215166473205125,0.0166705297200094,0.011778719356298,0.00685462434155986,0.00191174127796057,-0.00303638173559812,-0.00797618223787585,-0.0128941205790572,-0.0177767170319907,-0.0226105887391842,-0.0273824863942858,-0.0320793305575138,-0.0366882475054913,-0.0411966045172245,-0.0455920444995174,-0.0498625198569012,-0.0539963255132583,-0.057982130994622,-0.0618090114852182,-0.0654664777716251,-0.0689445049929791,-0.0722335601184207,-0.0753246280764713
-0.0759374533876877,-0.0784443521366806,-0.0807362403690661,-0.0828068361785078,-0.0846504642058178,-0.0862620711947206,-0.0876372398424806,-0.0887722009074229,-0.0896638435401588,-0.0903097238102083,-0.0907080714046453,-0.0908577944804031,-0.090758482656938,-0.0904104081410548,-0.0898145249808084,-0.0889724664505198,-0.0878865405740908,-0.0865597237988667,-0.0849956528374027,-0.0831986146994867,-0.0811735349417439,-0.0789259641670298,-0.0764620628106098,-0.0737885842548386,-0.0709128563186065,-0.0678427611722981,-0.0645867137333083,-0.0611536386013429,-0.0575529455967084,-0.0537945039686499,-0.0498886153444228,-0.0458459854932525,-0.0416776949825607,-0.037395168806902,-0.0330101450728503,-0.028534642825661,-0.0239809291059052,-0.019361485326364,-0.0146889730613437,-0.00997619934218016,-0.0052360815540569,-0.000481612030349586,0.00427417755845671,0.00901825192366948,0.0137376078872107,0.0184193100224222,0.0230505261091731,0.0276185623060809,0.0321108979434506,0.0365152198415584,0.0408194560602226,0.0450118089871509,0.0490807876743784,0.0530152393341534,0.056804379907958,0.0604378236248588,0.0639056114681857,0.0671982384725025,0.070306679776059,0.0732224153573058,0.0759374533876869,0.0784443521366808,0.080736240369067,0.0828068361785086,0.084650464205817,0.0862620711947203,0.0876372398424809,0.0887722009074242,0.0896638435401583,0.0903097238102087,0.0907080714046452,0.0908577944804035,0.0907584826569383,0.0904104081410554,0.0898145249808076,0.0889724664505196,0.0878865405740908,0.0865597237988661,0.0849956528374028,0.0831986146994865,0.0811735349417437,0.0789259641670295,0.0764620628106097,0.0737885842548384,0.0709128563186058,0.0678427611722973,0.0645867137333081,0.0611536386013424,0.0575529455967089,0.0537945039686492,0.0498886153444231,0.0458459854932523,0.0416776949825602,0.037395168806902,0.0330101450728501,0.0285346428256609,0.0239809291059051,0.0193614853263639,0.0146889730613434,0.00997619934218009,0.00523608155405681,0.000481612030349425,-0.00427417755845662,-0.00901825192366954,-0.0137376078872107,-0.0184193100224222,-0.0230505261091729,-0.027618562306081,-0.0321108979434507,-0.0365152198415584,-0.0408194560602223,-0.0450118089871505,-0.0490807876743778,-0.0530152393341535,-0.0568043799079581,-0.060437823624859,-0.0639056114681864,-0.067198238472503,-0.0703066797760592,-0.0732224153573061
-0.0731244584038219,-0.0754363595181649,-0.077541494814586,-0.079434094263563,-0.0811089703815607,-0.0825615324495576,-0.0837877990958927,-0.0847844092089232,-0.0855486311496042,-0.0860783702387173,-0.0863721744982399,-0.086429238631118,-0.0862494062285336,-0.085833170198597,-0.085181671415338,-0.0842966955916345,-0.083180668384705,-0.081836648747551,-0.0802683205445765,-0.0784799824543704,-0.076476536187335,-0.0742634730504276,-0.0718468588958805,-0.0692333174951136,-0.0664300123834417,-0.0634446272253205,-0.0602853447539557,-0.0569608243430043,-0.0534801782718262,-0.0498529467493671,-0.0460890717651036,-0.0421988698387444,-0.0381930037433646,-0.0340824532794871,-0.0298784851802132,-0.025592622229888,-0.021236611680952,-0.0168223930555375,-0.0123620654200679,-0.00786785422255855,-0.00335207778351307,0.00117288646773706,0.00569463591870541,0.0102007767684499,0.0146789579981193,0.0191169052242378,0.0235024543419364,0.0278235848659193,0.0320684528777782,0.0362254234893502,0.0402831027331362,0.0442303687923752,0.0480564024851685,0.0517507169191103,0.0553031862351254,0.0587040733617457,0.0619440567037533,0.065014255692014,0.0679062551245088,0.070612128231812,0.0731244584038218,0.0754363595181647,0.0775414948145862,0.0794340942635632,0.0811089703815613,0.0825615324495571,0.0837877990958921,0.0847844092089229,0.0855486311496045,0.0860783702387172,0.0863721744982409,0.0864292386311194,0.0862494062285335,0.085833170198597,0.085181671415338,0.0842966955916343,0.0831806683847053,0.0818366487475511,0.0802683205445763,0.0784799824543711,0.0764765361873349,0.0742634730504275,0.0718468588958806,0.0692333174951143,0.0664300123834419,0.0634446272253203,0.0602853447539558,0.0569608243430039,0.0534801782718263,0.0498529467493666,0.0460890717651034,0.0421988698387443,0.0381930037433643,0.0340824532794869,0.0298784851802129,0.0255926222298879,0.0212366116809518,0.0168223930555374,0.0123620654200678,0.00786785422255849,0.003352077783513,-0.00117288646773698,-0.00569463591870532,-0.0102007767684498,-0.0146789579981193,-0.0191169052242377,-0.0235024543419359,-0.0278235848659191,-0.0320684528777784,-0.0362254234893502,-0.0402831027331363,-0.0442303687923747,-0.0480564024851685,-0.0517507169191109,-0.055303186235125,-0.0587040733617465,-0.0619440567037531,-0.0650142556920141,-0.0679062551245084,-0.0706121282318128
-0.0697958651065453,-0.0718869127115808,-0.0737809232856735,-0.0754727054774883,-0.0769576222296332,-0.0782316034885055,-0.0792911573600275,-0.0801333796806852,-0.080755961977644,-0.0811571977960986,-0.0813359873765613,-0.0812918406692204,-0.0810248786771315,-0.0805358331245603,-0.0798260444513711,-0.0788974581389803,-0.0777526193779246,-0.0763946660916749,-0.074827320335794,-0.0730548780960572,-0.0710821975134401,-0.0689146855683036,-0.0665582832602245,-0.0640194493241378,-0.0613051425273914,-0.0584228025962467,-0.0553803298241034,-0.0521860634173528,-0.0488487586381839,-0.0453775628070231,-0.0417819902303641,-0.0380718961227138,-0.0342574495941368,-0.0303491057774283,-0.0263575771713238,-0.0222938042782859,-0.0181689256173444,-0.0139942471941923,-0.00978121151220896,-0.00554136620935468,-0.00128633240689606,0.00297222714327807,0.00722264002544938,0.0114532561533505,0.0156524797022414,0.0198088008922589,0.0239108275359237,0.0279473162633339,0.0319072033394603,0.0357796349890749,0.0395539971461976,0.0432199445465068,0.0467674290829958,0.0501867273471316,0.0534684672800467,0.056603653860694,0.0595836937605808,0.0624004188974821,0.0650461088235852,0.0675135118867026,0.0697958651065443,0.0718869127115822,0.0737809232856733,0.0754727054774877,0.0769576222296334,0.0782316034885051,0.0792911573600269,0.0801333796806865,0.0807559619776439,0.0811571977960987,0.0813359873765618,0.081291840669221,0.0810248786771323,0.0805358331245599,0.0798260444513701,0.0788974581389791,0.0777526193779254,0.0763946660916742,0.0748273203357939,0.0730548780960571,0.0710821975134405,0.0689146855683033,0.0665582832602241,0.0640194493241378,0.0613051425273922,0.0584228025962467,0.0553803298241032,0.0521860634173532,0.0488487586381836,0.0453775628070233,0.0417819902303639,0.0380718961227143,0.0342574495941369,0.030349105777428,0.0263575771713238,0.0222938042782856,0.0181689256173443,0.0139942471941924,0.00978121151220922,0.00554136620935477,0.00128633240689618,-0.00297222714327789,-0.00722264002544932,-0.0114532561533503,-0.0156524797022412,-0.0198088008922589,-0.0239108275359236,-0.0279473162633338,-0.0319072033394595,-0.0357796349890753,-0.0395539971461977,-0.0432199445465064,-0.0467674290829952,-0.0501867273471318,-0.0534684672800464,-0.0566036538606944,-0.0595836937605811,-0.0624004188974822,-0.0650461088235859,-0.0675135118867019
-0.0659886483353456,-0.0678395791195425,-0.0695045663328442,-0.0709790463610308,-0.0722589777568351,-0.0733408523172673,-0.0742217046993582,-0.074899120547956,-0.0753712431133052,-0.0756367783402722,-0.0756949984152565,-0.075545743761079,-0.0751894234743728,-0.0746270142042765,-0.0738600574755067,-0.0728906554631449,-0.0717214652307268,-0.0703556914474095,-0.0687970776041981,-0.0670498957533013,-0.0651189347987242,-0.0630094873702264,-0.0607273353165821,-0.0582787338579405,-0.0556703944406994,-0.0529094663418984,-0.0500035170735453,-0.0469605116405965,-0.0437887907094252,-0.0404970477466411,-0.0370943051908989,-0.0335898897230221,-0.0299934067022186,-0.0263147138384609,-0.0225638941731852,-0.0187512284423779,-0.0148871668977919,-0.0109823006635332,-0.00704733270652637,-0.00309304850042475,0.000869713536621228,0.00483009174931629,0.00877723101626216,0.0127003125030904,0.0165885833161353,0.0204313859753692,0.0242181876258127,0.0279386089073594,0.0315824524038799,0.0351397305936307,0.0386006932243574,0.0419558540380576,0.0451960167721543,0.0483123003658157,0.0512961633023212,0.0541394270207674,0.0568342983329353,0.0593733907838759,0.0617497448976719,0.0639568472528758,0.0659886483353452,0.0678395791195428,0.0695045663328439,0.0709790463610307,0.0722589777568345,0.0733408523172673,0.0742217046993586,0.0748991205479558,0.0753712431133048,0.0756367783402717,0.0756949984152565,0.075545743761079,0.075189423474373,0.0746270142042762,0.0738600574755061,0.0728906554631446,0.0717214652307265,0.0703556914474093,0.0687970776041985,0.067049895753301,0.0651189347987244,0.0630094873702262,0.0607273353165822,0.0582787338579406,0.0556703944406995,0.0529094663418981,0.0500035170735455,0.0469605116405965,0.0437887907094252,0.0404970477466414,0.0370943051908992,0.0335898897230219,0.0299934067022186,0.0263147138384611,0.0225638941731852,0.0187512284423779,0.0148871668977918,0.0109823006635332,0.00704733270652631,0.00309304850042483,-0.000869713536621161,-0.00483009174931635,-0.00877723101626207,-0.0127003125030903,-0.0165885833161352,-0.0204313859753692,-0.0242181876258125,-0.0279386089073595,-0.0315824524038799,-0.0351397305936308,-0.0386006932243573,-0.0419558540380567,-0.0451960167721544,-0.0483123003658155,-0.0512961633023217,-0.0541394270207674,-0.0568342983329349,-0.0593733907838765,-0.0617497448976726,-0.0639568472528766
-0.0617527792129571,-0.0633514805786814,-0.0647765399396466,-0.0660240513071993,-0.0670905953393945,-0.0679732487131743,-0.0686695921369942,-0.0691777169819315,-0.0694962305131046,-0.069624259707066,-0.0695614536446929,-0.0693079844730375,-0.0688645469334801,-0.0682323564574941,-0.0674131458352307,-0.0664091604660625,-0.0652231522041024,-0.063858371815556,-0.0623185600686048,-0.0606079374802148,-0.0587311927479979,-0.0566934698988141,-0.0545003541893519,-0.0521578567973304,-0.0496723983452756,-0.0470507913020412,-0.04430022131031,-0.0414282274912368,-0.0384426817802518,-0.0353517673506243,-0.0321639561839604,-0.0288879858490853,-0.025532835552977,-0.0221077015293839,-0.0186219718325862,-0.0150852006053927,-0.0115070818918993,-0.0078974230667878,-0.0042661179539932,-0.000623119708421015,0.00302158646495953,0.00665801067986747,0.0102761857502946,0.013866194509869,0.0174181969941192,0.0209224574111326,0.0243693708266844,0.0277494894906941,0.0310535487328535,0.0342724923564417,0.0373974974607321,0.0404199986239519,0.0433317113805026,0.0461246549281098,0.0487911740026438,0.0513239598606706,0.0537160703122031,0.0559609487487684,0.0580524421146113,0.0599848177717943,0.061752779212957,0.063351480578681,0.0647765399396469,0.0660240513071982,0.0670905953393941,0.0679732487131742,0.0686695921369936,0.069177716981931,0.0694962305131048,0.0696242597070654,0.0695614536446931,0.0693079844730368,0.0688645469334798,0.0682323564574936,0.0674131458352301,0.0664091604660634,0.0652231522041025,0.0638583718155562,0.0623185600686047,0.0606079374802154,0.0587311927479977,0.0566934698988136,0.0545003541893525,0.0521578567973301,0.049672398345275,0.0470507913020414,0.0443002213103097,0.0414282274912368,0.0384426817802516,0.0353517673506243,0.0321639561839602,0.0288879858490851,0.0255328355529772,0.0221077015293839,0.0186219718325862,0.0150852006053928,0.0115070818918994,0.00789742306678778,0.00426611795399329,0.000623119708421034,-0.00302158646495945,-0.0066580106798675,-0.0102761857502946,-0.0138661945098691,-0.0174181969941192,-0.0209224574111324,-0.0243693708266841,-0.0277494894906939,-0.0310535487328535,-0.0342724923564418,-0.0373974974607325,-0.0404199986239518,-0.0433317113805026,-0.0461246549281096,-0.0487911740026439,-0.0513239598606703,-0.0537160703122032,-0.0559609487487689,-0.0580524421146115,-0.0599848177717937
-0.0571519555213707,-0.0584937384343454,-0.0596751940761213,-0.0606930841589067,-0.0615446187167375,-0.0622274637525792,-0.0627397476356528,-0.0630800662314448,-0.0632474867503363,-0.0632415503043249,-0.0630622731647955,-0.0627101467179259,-0.0621861361178322,-0.0614916776411435,-0.0606286747502761,-0.0595994928761648,-0.0584069529347904,-0.0570543235952386,-0.05554531232051,-0.0538840552056181,-0.0520751056408427,-0.0501234218312013,-0.0480343532063576,-0.0458136257582017,-0.0434673263463089,-0.0410018860142771,-0.0384240623626872,-0.0357409210269847,-0.032959816311068,-0.0300883710296519,-0.02713445561466,-0.0241061665429214,-0.0210118041442879,-0.0178598498510074,-0.014658942950708,-0.0114178569067117,-0.00814547531057951,-0.00485076753280592,-0.00154276413839767,0.00176946786527763,0.00507684988052841,0.00837031660314421,0.0116408408697643,0.0148794584007054,0.0180772923704285,0.0212255777383015,0.0243156852729659,0.0273391452044592,0.030287670439268,0.0331531792746731,0.0359278175501352,0.0386039801750048,0.0411743319735438,0.0436318277901363,0.0459697317995679,0.0481816359694529,0.0502614776242102,0.0522035560624325,0.0540025481821119,0.0556535230708958,0.0571519555213708,0.0584937384343457,0.0596751940761218,0.0606930841589069,0.0615446187167371,0.062227463752579,0.0627397476356533,0.0630800662314439,0.0632474867503364,0.0632415503043239,0.0630622731647946,0.0627101467179265,0.0621861361178323,0.0614916776411437,0.0606286747502751,0.0595994928761643,0.0584069529347898,0.057054323595238,0.0555453123205096,0.0538840552056182,0.0520751056408424,0.0501234218312017,0.048034353206357,0.0458136257582015,0.0434673263463088,0.0410018860142776,0.0384240623626874,0.0357409210269852,0.032959816311068,0.0300883710296518,0.0271344556146603,0.0241061665429216,0.021011804144288,0.0178598498510075,0.0146589429507082,0.0114178569067116,0.00814547531057952,0.00485076753280601,0.00154276413839777,-0.00176946786527764,-0.00507684988052828,-0.00837031660314411,-0.0116408408697643,-0.0148794584007053,-0.0180772923704287,-0.0212255777383015,-0.0243156852729657,-0.0273391452044592,-0.0302876704392681,-0.0331531792746729,-0.035927817550135,-0.0386039801750044,-0.0411743319735438,-0.0436318277901369,-0.0459697317995674,-0.0481816359694534,-0.0502614776242104,-0.0522035560624325,-0.0540025481821119,-0.055653523070895
-0.0522631746924908,-0.0533507246149175,-0.0542920439095377,-0.0550845524855956,-0.0557260781321711,-0.0562148624720581,-0.0565495657813564,-0.05672927066156,-0.0567534845540835,-0.0566221410903309,-0.0563356002736067,-0.0558946474923718,-0.0553004913675494,-0.0545547604397792,-0.0536594987056982,-0.0526171600154909,-0.0514306013470551,-0.0501030749752238,-0.0486382195575079,-0.0470400501607859,-0.0453129472562869,-0.0434616447130229,-0.0414912168225824,-0.0394070643908506,-0.0372148999347749,-0.0349207320247533,-0.032530848815563,-0.0300518008109606,-0.0274903829092101,-0.0248536157787384,-0.0221487266149713,-0.0193831293310915,-0.0165644042370199,-0.0137002772623124,-0.0107985987799233,-0.00786732208887997,-0.00491448161484186,-0.00194817088829898,0.00102347963923306,0.00399232488021526,0.00695022743620393,0.00988907990189416,0.0128008270869549,0.0156774880947449,0.0185111781973961,0.0212941304473042,0.0240187169657931,0.0266774698505998,0.029263101644874,0.0317685253115926,0.0341868736586353,0.0365115181612803,0.0387360871305298,0.0408544831774666,0.0428608999257744,0.0447498379266105,0.0465161197322124,0.0481549040869247,0.049661699196741,0.0510323750410014,0.0522631746924907,0.0533507246149172,0.0542920439095376,0.0550845524855958,0.0557260781321706,0.0562148624720578,0.0565495657813563,0.0567292706615601,0.0567534845540842,0.0566221410903311,0.0563356002736066,0.0558946474923715,0.0553004913675501,0.0545547604397792,0.0536594987056985,0.0526171600154909,0.0514306013470546,0.0501030749752235,0.0486382195575076,0.0470400501607858,0.0453129472562872,0.0434616447130231,0.0414912168225827,0.0394070643908507,0.0372148999347746,0.0349207320247539,0.032530848815563,0.0300518008109608,0.0274903829092099,0.0248536157787386,0.0221487266149712,0.0193831293310914,0.0165644042370201,0.0137002772623124,0.0107985987799234,0.0078673220888801,0.00491448161484193,0.00194817088829898,-0.00102347963923311,-0.00399232488021529,-0.00695022743620388,-0.00988907990189414,-0.0128008270869549,-0.0156774880947449,-0.0185111781973959,-0.0212941304473042,-0.0240187169657933,-0.0266774698505999,-0.0292631016448739,-0.031768525311593,-0.0341868736586353,-0.0365115181612802,-0.0387360871305299,-0.0408544831774668,-0.0428608999257747,-0.044749837926611,-0.0465161197322128,-0.0481549040869251,-0.0496616991967407,-0.0510323750410013
-0.0471750252501645,-0.0480180142613067,-0.04872938923305,-0.0493072003360441,-0.0497498638302182,-0.0500561664057041,-0.050225268508434,-0.0502567066412975,-0.0501503946345585,-0.0499066238820368,-0.0495260625424219,-0.0490097537078918,-0.0483591125450752,-0.0475759224161733,-0.0466623299908902,-0.0456208393625612,-0.0444543051846048,-0.0431659248461183,-0.0417592297080555,-0.0402380754240109,-0.0386066313721434,-0.0368693692271994,-0.0350310507039615,-0.033096714505723,-0.0310716625135489,-0.0289614452541896,-0.0267718466864738,-0.0245088683478789,-0.0221787129047328,-0.0197877671511383,-0.0173425845032135,-0.0148498670366336,-0.0123164471167078,-0.00974926867134109,-0.00715536815820943,-0.00454185527831976,-0.00191589348881254,0.00071531963157545,0.00334457211057431,0.00596465734989658,0.00856839387802103,0.0111486450341075,0.0136983385290883,0.0162104858303208,0.0186782013166693,0.0210947211515148,0.0234534218219602,0.0257478382934189,0.0279716817298255,0.0301188567308981,0.0321834780392082,0.034159886671258,0.0360426654283672,0.0378266537448321,0.0395069618326807,0.0410789840842414,0.0425384116957918,0.0438812444776936,0.0451038018186293,0.046202732773907,0.0471750252501641,0.0480180142613066,0.04872938923305,0.0493072003360438,0.0497498638302183,0.0500561664057044,0.0502252685084341,0.0502567066412977,0.0501503946345584,0.0499066238820368,0.0495260625424216,0.0490097537078919,0.0483591125450751,0.0475759224161734,0.0466623299908901,0.0456208393625606,0.0444543051846049,0.0431659248461179,0.0417592297080552,0.0402380754240107,0.0386066313721436,0.0368693692271995,0.035031050703962,0.0330967145057228,0.0310716625135487,0.0289614452541897,0.026771846686474,0.0245088683478787,0.022178712904733,0.0197877671511386,0.0173425845032137,0.0148498670366338,0.0123164471167082,0.00974926867134122,0.00715536815820959,0.00454185527831977,0.00191589348881264,-0.000715319631575265,-0.00334457211057424,-0.00596465734989656,-0.0085683938780209,-0.0111486450341074,-0.0136983385290882,-0.0162104858303207,-0.0186782013166694,-0.0210947211515149,-0.0234534218219599,-0.0257478382934186,-0.0279716817298257,-0.0301188567308983,-0.0321834780392084,-0.0341598866712581,-0.036042665428367,-0.037826653744832,-0.0395069618326812,-0.0410789840842413,-0.0425384116957925,-0.0438812444776933,-0.0451038018186295,-0.0462027327739073
-0.0419847274124817,-0.0425990961776682,-0.0430967037812579,-0.0434761863153988,-0.0437365036448417,-0.0438769422578809,-0.0438971172220406,-0.0437969732391455,-0.0435767847968927,-0.0432371554164956,-0.0427790159984812,-0.0422036222711477,-0.041512551348706,-0.04070769740852,-0.0397912664992946,-0.0387657704944517,-0.0376340202072589,-0.0363991176865869,-0.0350644477144075,-0.0336336685283431,-0.0321107017946897,-0.0304997218594048,-0.0288051443065129,-0.027031613855298,-0.0251839916294502,-0.0232673418330639,-0.0212869178700059,-0.0192481479447021,-0.0171566201838039,-0.0150180673195241,-0.0128383509766146,-0.010623445606061,-0.00837942210952782,-0.00611243119943899,-0.00382868654030227,-0.00153444771748738,0.000763996919862896,0.00306034749476069,0.00534830986989746,0.0076216128994374,0.00987402561779178,0.012099374318263,0.0142915594747448,0.0164445724601005,0.0185525120153913,0.0206096004248172,0.0226101993520344,0.0245488252944438,0.0264201646130883,0.0282190880969719,0.0299406650218666,0.0315801766650864,0.0331331292391783,0.0345952662090809,0.0359625799589924,0.0372313227769641,0.0383980171271219,0.0394594651813473,0.0404127575843051,0.0412552814277804,0.0419847274124816,0.0425990961776682,0.0430967037812578,0.0434761863153986,0.0437365036448414,0.0438769422578811,0.0438971172220404,0.0437969732391456,0.0435767847968925,0.043237155416496,0.042779015998481,0.0422036222711477,0.0415125513487059,0.0407076974085198,0.0397912664992945,0.0387657704944517,0.0376340202072591,0.0363991176865871,0.0350644477144079,0.033633668528343,0.03211070179469,0.0304997218594048,0.028805144306513,0.027031613855298,0.0251839916294502,0.0232673418330638,0.0212869178700059,0.0192481479447018,0.017156620183804,0.0150180673195243,0.0128383509766146,0.0106234456060611,0.00837942210952791,0.00611243119943901,0.00382868654030237,0.00153444771748748,-0.000763996919862874,-0.00306034749476062,-0.00534830986989738,-0.00762161289943726,-0.0098740256177917,-0.0120993743182628,-0.0142915594747447,-0.0164445724601004,-0.0185525120153913,-0.0206096004248172,-0.0226101993520346,-0.0245488252944436,-0.0264201646130888,-0.0282190880969722,-0.0299406650218666,-0.0315801766650864,-0.0331331292391784,-0.0345952662090811,-0.0359625799589921,-0.0372313227769645,-0.0383980171271221,-0.0394594651813477,-0.0404127575843051,-0.0412552814277802
-0.036794113423848,-0.0372010594905811,-0.0375060400390647,-0.0377082191388139,-0.03780704263097,-0.0378022396472099,-0.037693823352178,-0.0374820909074033,-0.0371676226568004,-0.0367512805359844,-0.0362342057097692,-0.0356178154443125,-0.034903799222487,-0.0340941141131259,-0.0331909794068339,-0.0321968705330641,-0.0311145122751401,-0.0299468713018137,-0.0286971480358302,-0.0273687678817946,-0.025965371837375,-0.0244908065135798,-0.0229491135914662,-0.0213445187441715,-0.0196814200546386,-0.0179643759607745,-0.0161980927610901,-0.0143874117150636,-0.0125372957735829,-0.0106528159758433,-0.00873913754998213,-0.00680150575554649,-0.00484523150660172,-0.00287567681488519,-0.000898240092905072,0.00108165864273381,0.00305859262721824,0.0050271432219115,0.00698191476646614,0.00891754936795248,0.0108287415864728,0.0127102529770012,0.0145569264475985,0.0163637003946425,0.0181256225763314,0.0198378636864353,0.0214957305910877,0.0230946791923398,0.0246303268832174,0.0260984645601409,0.0274950681597871,0.0288163096887661,0.0300585677158852,0.0312184372982409,0.0322927393139287,0.0332785291757979,0.0341731049023583,0.0349740145237252,0.0356790628022959,0.0362863172497468,0.0367941134238476,0.0372010594905806,0.0375060400390645,0.0377082191388138,0.0378070426309702,0.0378022396472098,0.0376938233521781,0.0374820909074034,0.0371676226568002,0.0367512805359842,0.0362342057097692,0.0356178154443127,0.0349037992224872,0.0340941141131261,0.0331909794068339,0.0321968705330642,0.0311145122751404,0.0299468713018138,0.0286971480358302,0.0273687678817946,0.025965371837375,0.0244908065135801,0.0229491135914664,0.0213445187441717,0.0196814200546385,0.0179643759607747,0.0161980927610904,0.0143874117150639,0.012537295773583,0.0106528159758433,0.00873913754998221,0.00680150575554645,0.00484523150660169,0.00287567681488528,0.000898240092905149,-0.00108165864273374,-0.00305859262721811,-0.00502714322191149,-0.006981914766466,-0.00891754936795255,-0.0108287415864728,-0.0127102529770012,-0.0145569264475985,-0.0163637003946424,-0.0181256225763314,-0.0198378636864354,-0.0214957305910878,-0.0230946791923399,-0.0246303268832173,-0.0260984645601409,-0.027495068159787,-0.0288163096887661,-0.0300585677158854,-0.0312184372982407,-0.0322927393139286,-0.033278529175798,-0.0341731049023583,-0.0349740145237253,-0.0356790628022958,-0.0362863172497474
-0.0317048797803074,-0.031929615407783,-0.0320668341788259,-0.0321161599863232,-0.0320774576316648,-0.0319508331953147,-0.0317366337460515,-0.0314354463896771,-0.0310480966597992,-0.0305756462551037,-0.0300193901293104,-0.0293808529417941,-0.0286617848786029,-0.0278641568553156,-0.0269901551149018,-0.0260421752353806,-0.0250228155637085,-0.0239348700938911,-0.0227813208088388,-0.0215653295069594,-0.0202902291358892,-0.0189595146571142,-0.0175768334665238,-0.0161459753971522,-0.0146708623315098,-0.013155537451976,-0.0116041541587169,-0.0100209646855033,-0.00841030844463546,-0.0067766001329143,-0.00512431763126451,-0.00345798973117435,-0.00178218372159307,-0.000101492870308901,0.00157947616587814,0.0032561159676825,0.00492383098194933,0.00657805011774583,0.00821423927540439,0.00982791377417376,0.0114146506444181,0.0129701007506686,0.0144900007123024,0.0159701845891712,0.0174065953001551,0.0187952957433387,0.0201324795873348,0.0214144817041738,0.0226377882151636,0.0237990461221893,0.0248950724980456,0.0259228632106198,0.0268796011570099,0.0277626639850068,0.0285696312807801,0.0292982912030631,0.029946646545658,0.0305129202116369,0.0309955600842433,0.0313932432811333,0.0317048797803074,0.0319296154077826,0.0320668341788262,0.0321161599863233,0.0320774576316651,0.0319508331953149,0.0317366337460517,0.031435446389677,0.0310480966597992,0.0305756462551037,0.03001939012931,0.0293808529417942,0.0286617848786029,0.0278641568553158,0.0269901551149016,0.0260421752353805,0.0250228155637088,0.0239348700938912,0.0227813208088386,0.0215653295069595,0.0202902291358893,0.0189595146571142,0.0175768334665238,0.016145975397152,0.0146708623315099,0.0131555374519763,0.0116041541587168,0.0100209646855033,0.00841030844463554,0.00677660013291435,0.00512431763126458,0.00345798973117436,0.00178218372159304,0.00010149287030885,-0.00157947616587816,-0.00325611596768254,-0.00492383098194933,-0.00657805011774595,-0.00821423927540443,-0.00982791377417381,-0.0114146506444182,-0.0129701007506687,-0.0144900007123025,-0.0159701845891714,-0.0174065953001549,-0.0187952957433386,-0.0201324795873349,-0.0214144817041737,-0.0226377882151638,-0.0237990461221894,-0.0248950724980454,-0.02592286321062,-0.0268796011570098,-0.0277626639850068,-0.0285696312807798,-0.029298291203063,-0.0299466465456579,-0.0305129202116371,-0.0309955600842429,-0.0313932432811332
-0.026813547980359,-0.0268839120098043,-0.0268805891051081,-0.0268035883741221,-0.026653120870497,-0.0264295990152016,-0.0261336354661043,-0.0257660414387214,-0.0253278244827304,-0.0248201857203476,-0.0242445165541355,-0.0236023948532642,-0.0228955806286824,-0.0221260112090496,-0.0212957959306532,-0.0204072103558632,-0.0194626900359756,-0.0184648238355345,-0.0174163468364345,-0.016320132841251,-0.0151791864963486,-0.0139966350563515,-0.0127757198125594,-0.0115197872087903,-0.0102322796690127,-0.00891672616189929,-0.00757673252817016,-0.00621597159723355,-0.00483817312021573,-0.0034471135469727,-0.00204660567510335,-0.000640488199336398,0.000767384810065177,0.00217315447104262,0.00357296766666902,0.00496298760627505,0.00633940434182526,0.0076984452107212,0.00903638517640689,0.0103495570384354,0.0116343614840107,0.0128872769534527,0.0141048692925489,0.0152838011653317,0.0164208412014843,0.0175128728533022,0.0185569029379343,0.019550069841488,0.0204896513625146,0.0213730721733751,0.0221979108790322,0.0229619066539278,0.0236629654387475,0.0242991656800922,0.0248687635973221,0.0253701979621381,0.0258020943778009,0.0261632690462556,0.0264527320128413,0.0266696898796866,0.0268135479803589,0.0268839120098041,0.0268805891051081,0.026803588374122,0.0266531208704968,0.0264295990152015,0.0261336354661045,0.0257660414387213,0.0253278244827302,0.0248201857203477,0.0242445165541356,0.0236023948532642,0.0228955806286824,0.0221260112090497,0.0212957959306533,0.0204072103558633,0.0194626900359758,0.0184648238355347,0.0174163468364345,0.0163201328412512,0.0151791864963485,0.0139966350563516,0.0127757198125594,0.0115197872087904,0.0102322796690128,0.00891672616189927,0.0075767325281701,0.00621597159723348,0.00483817312021568,0.00344711354697273,0.00204660567510342,0.000640488199336413,-0.000767384810065136,-0.00217315447104263,-0.00357296766666907,-0.00496298760627506,-0.00633940434182532,-0.00769844521072121,-0.00903638517640691,-0.0103495570384355,-0.0116343614840107,-0.0128872769534525,-0.0141048692925489,-0.0152838011653316,-0.0164208412014842,-0.0175128728533022,-0.0185569029379343,-0.0195500698414879,-0.0204896513625146,-0.0213730721733749,-0.0221979108790321,-0.0229619066539277,-0.0236629654387472,-0.0242991656800922,-0.0248687635973221,-0.0253701979621382,-0.0258020943778012,-0.0261632690462558,-0.0264527320128415,-0.0266696898796866
-0.0222066164281527,-0.0221516377825077,-0.022035943037442,-0.0218598493042106,-0.0216238392434955,-0.0213285597424689,-0.0209748201417181,-0.020563590016901,-0.0200959965212047,-0.0195733212958995,-0.0189969969574473,-0.0183686031707996,-0.0176898623196469,-0.0169626347854832,-0.0161889138484308,-0.0153708202237976,-0.0145105962493436,-0.0136105997391887,-0.0126732975212105,-0.0117012586756367,-0.0106971474933774,-0.0096637161733883,-0.0086037972790846,-0.00752029597448181,-0.00641618206134211,-0.00529448183915567,-0.004158269810263,-0.00301066025285823,-0.00185479868496878,-0.000693853242809327,0.000468994002859599,0.00163055576856597,0.00278764829424931,0.0039371000697252,0.00507576052757422,0.00620050867862919,0.00730826166638799,0.00839598321691042,0.00946069196103264,0.0104994696060946,0.0115094689347755,0.0124879216091192,0.0134321457583573,0.0143395533297289,0.0152076571821535,0.0160340779033133,0.016816550331455,0.0175529297640427,0.0182411978362359,0.0188794680530903,0.0194659909603071,0.0199991589393658,0.0204775106138962,0.0208997348552084,0.0212646743760053,0.0215713289024267,0.0218188579157315,0.0220065829560993,0.0221339894822433,0.0222007282817314,0.0222066164281528,0.0221516377825076,0.0220359430374419,0.0218598493042104,0.0216238392434958,0.0213285597424689,0.0209748201417182,0.0205635900169008,0.0200959965212047,0.0195733212958997,0.0189969969574475,0.0183686031707998,0.017689862319647,0.0169626347854833,0.016188913848431,0.0153708202237975,0.0145105962493434,0.013610599739189,0.0126732975212105,0.0117012586756367,0.0106971474933774,0.00966371617338841,0.00860379727908476,0.00752029597448178,0.00641618206134214,0.00529448183915573,0.00415826981026302,0.00301066025285821,0.00185479868496879,0.000693853242809316,-0.000468994002859621,-0.00163055576856602,-0.00278764829424934,-0.00393710006972516,-0.00507576052757444,-0.00620050867862931,-0.00730826166638816,-0.00839598321691044,-0.00946069196103287,-0.0104994696060947,-0.0115094689347754,-0.0124879216091193,-0.0134321457583574,-0.0143395533297287,-0.0152076571821534,-0.0160340779033133,-0.0168165503314551,-0.0175529297640426,-0.0182411978362359,-0.0188794680530903,-0.0194659909603068,-0.0199991589393656,-0.0204775106138964,-0.0208997348552085,-0.0212646743760054,-0.0215713289024268,-0.0218188579157314,-0.0220065829560992,-0.0221339894822433,-0.0222007282817315
-0.0179563726806718,-0.0178048855893293,-0.0176045965441889,-0.0173560545236013,-0.0170599407639693,-0.0167170668925248,-0.0163283727027172,-0.0158949235783026,-0.0154179075732027,-0.01489863215513,-0.0143385206219113,-0.0137391082003267,-0.0131020378381584,-0.0124290557009872,-0.0117220063860725,-0.0109828278664405,-0.0102135461790336,-0.0094162698714848,-0.00859318422273517,-0.00774654525333584,-0.00687867354185301,-0.00599194786432259,-0.00508879867419126,-0.00417170144061206,-0.00324316986335561,-0.00230574898293364,-0.00136200820482005,-0.000414534256889107,0.000534075900626139,0.0014812221932208,0.0024243085587423,0.00336075006301602,0.00428797998496993,0.00520345685183871,0.0061046714051645,0.00698915347849915,0.00785447876795958,0.0086982754770749,0.00951823081771751,0.0103120973492926,0.0110776991388187,0.0118129377250064,0.0125157978699975,0.013184353082989,0.0138167709006134,0.014411317909591,0.0149663644978971,0.0154803893214135,0.0159519834738286,0.0163798543483508,0.0167628291806538,0.0170998582633426,0.0173900178231282,0.017632512552826,0.0178266777912372,0.0179719813449399,0.0180680249469932,0.0181145453485599,0.0181114150404527,0.0180586426026287,0.0179563726806719,0.0178048855893293,0.0176045965441888,0.0173560545236014,0.0170599407639691,0.0167170668925248,0.0163283727027171,0.0158949235783026,0.0154179075732025,0.01489863215513,0.0143385206219115,0.0137391082003266,0.0131020378381583,0.0124290557009872,0.0117220063860727,0.0109828278664407,0.0102135461790336,0.0094162698714848,0.00859318422273516,0.00774654525333594,0.006878673541853,0.00599194786432266,0.00508879867419134,0.00417170144061214,0.00324316986335562,0.00230574898293365,0.00136200820482008,0.000414534256889113,-0.000534075900626024,-0.00148122219322073,-0.00242430855874236,-0.00336075006301603,-0.00428797998496985,-0.00520345685183876,-0.00610467140516453,-0.00698915347849931,-0.00785447876795962,-0.00869827547707507,-0.00951823081771759,-0.0103120973492928,-0.0110776991388189,-0.0118129377250067,-0.0125157978699975,-0.0131843530829892,-0.0138167709006134,-0.0144113179095912,-0.0149663644978971,-0.0154803893214136,-0.0159519834738287,-0.0163798543483508,-0.0167628291806538,-0.0170998582633425,-0.0173900178231282,-0.0176325125528258,-0.0178266777912372,-0.01797198134494,-0.0180680249469932,-0.01811454534856,-0.0181114150404528,-0.018058642602629
-0.0141177555379476,-0.0138971584646827,-0.0136384702460457,-0.013342399928463,-0.013009759020095,-0.0126414592665499,-0.0122385101518527,-0.0118020161315177,-0.0113331736053141,-0.0108332676380176,-0.0103036684371365,-0.00974582759726837,-0.00916127412138026,-0.00855161022991806,-0.0079185069692306,-0.00726369963134915,-0.00658898299767177,-0.00589620641959239,-0.00518726874955711,-0.00446411313644213,-0.00372872169951663,-0.00298311009559321,-0.0022293219942511,-0.00146942347628106,-0.000705497370700866,6.03624541338911e-05,0.000826056829677587,0.00158948704086968,0.00234856057856668,0.00310119687496411,0.00384533300628904,0.00457892934712932,0.00529997516090673,0.00600649411116484,0.00669654967857046,0.00736825046877882,0.0080197553966127,0.00864927873235105,0.00925509499628803,0.0098355436881538,0.0103890338384308,0.0109140483690894,0.0114091482517945,0.0118729764521816,0.0123042616493942,0.0127018217206839,0.0130645669815303,0.0133915031723873,0.0136817341838805,0.0139344645129816,0.0141490014434254,0.0143247569443978,0.0144612492822872,0.0145581043410829,0.0146150566478012,0.0146319501001279,0.0146087383942847,0.0145454851519435,0.0144423637458453,0.014299656824596,0.0141177555379476,0.0138971584646826,0.0136384702460458,0.0133423999284628,0.0130097590200949,0.0126414592665501,0.0122385101518527,0.0118020161315176,0.0113331736053141,0.0108332676380176,0.0103036684371366,0.00974582759726843,0.00916127412138052,0.00855161022991817,0.00791850696923067,0.00726369963134921,0.00658898299767195,0.0058962064195925,0.00518726874955726,0.00446411313644214,0.00372872169951677,0.0029831100955932,0.00222932199425114,0.00146942347628103,0.000705497370700902,-6.03624541338947e-05,-0.000826056829677603,-0.00158948704086965,-0.00234856057856661,-0.00310119687496419,-0.00384533300628887,-0.00457892934712945,-0.00529997516090679,-0.00600649411116497,-0.00669654967857049,-0.00736825046877867,-0.00801975539661279,-0.00864927873235103,-0.00925509499628807,-0.0098355436881539,-0.0103890338384309,-0.0109140483690894,-0.0114091482517946,-0.0118729764521819,-0.012304261649394,-0.012701821720684,-0.0130645669815304,-0.0133915031723874,-0.0136817341838807,-0.0139344645129818,-0.0141490014434255,-0.0143247569443979,-0.0144612492822872,-0.0145581043410828,-0.0146150566478013,-0.014631950100128,-0.0146087383942847,-0.0145454851519437,-0.0144423637458454,-0.014299656824596
-0.0107265333737556,-0.0104617659013468,-0.010168323455791,-0.00984701034243428,-0.00949870725818588,-0.00912436887759011,-0.0087250212361282,-0.0083017589179266,-0.00785574205557892,-0.00738819315030322,-0.00690039372114922,-0.00639368079244625,-0.00586944322911053,-0.00532911792986365,-0.00477418588879372,-0.00420616813605196,-0.00362662156881655,-0.00303713468394437,-0.0024393232240121,-0.00183482574867817,-0.00122529914350423,-0.000612414078547492,2.14957083022686e-06,0.000616707328383666,0.00122957473401685,0.00183907196077084,0.00244352841911259,0.00304128733590515,0.00363071029550733,0.00421018173055694,0.0047781133501294,0.00533294849313171,0.00587316639500296,0.0063972863560244,0.00690387179981383,0.00739153421088227,0.00785893694045803,0.00830479887014749,0.0087278979233941,0.00912707441510099,0.0095012342302513,0.00984935182279928,0.0101704730266211,0.0104637176708178,0.0107282819922028,0.0109634408383608,0.0111685496552405,0.0113430462538314,0.0114864523510862,0.0115983748808601,0.0116785070712787,0.011726629285578,0.0117426096241136,0.0117264042858883,0.0116780576886076,0.0115977023469344,0.0114855585092747,0.0113419335540922,0.0111672211474063,0.0109619001637794,0.0107265333737558,0.010461765901347,0.0101683234557911,0.00984701034243412,0.009498707258186,0.00912436887759035,0.00872502123612811,0.00830175891792654,0.00785574205557902,0.00738819315030322,0.00690039372114944,0.00639368079244653,0.00586944322911059,0.00532911792986386,0.00477418588879366,0.0042061681360521,0.00362662156881674,0.00303713468394443,0.00243932322401219,0.0018348257486782,0.00122529914350429,0.000612414078547496,-2.14957083020218e-06,-0.000616707328383678,-0.00122957473401689,-0.00183907196077078,-0.00244352841911255,-0.0030412873359052,-0.00363071029550737,-0.00421018173055705,-0.00477811335012951,-0.00533294849313181,-0.00587316639500325,-0.00639728635602445,-0.00690387179981398,-0.00739153421088244,-0.00785893694045797,-0.00830479887014785,-0.00872789792339424,-0.00912707441510127,-0.00950123423025167,-0.00984935182279972,-0.0101704730266213,-0.0104637176708179,-0.0107282819922028,-0.0109634408383611,-0.0111685496552407,-0.0113430462538317,-0.0114864523510863,-0.0115983748808603,-0.0116785070712788,-0.0117266292855781,-0.0117426096241138,-0.0117264042858883,-0.0116780576886077,-0.0115977023469346,-0.0114855585092746,-0.0113419335540924,-0.0111672211474064,-0.0109619001637794
-0.00779890665641981,-0.0075116940746489,-0.00720389246155084,-0.00687634547995198,-0.00652995091336152,-0.00616565820520907,-0.00578446585648571,-0.005387418688923,-0.00497560498120892,-0.00455015348609116,-0.00411223033654555,-0.00366303584948509,-0.0032038012357757,-0.00273578522557252,-0.00226027061822788,-0.00177856076622841,-0.00129197600279494,-0.000801850022941937,-0.000309526227911969,0.000183645956993787,0.000676314781096551,0.00116712987339433,0.00165474594383534,0.00213782647066435,0.0026150473637357,0.00308510059375286,0.0035466977774851,0.0039985737091374,0.00443948982819023,0.00486823761420896,0.00528364189931477,0.00568456408923538,0.00606990528411694,0.00643860929052855,0.00678966551641722,0.00712211174106912,0.00743503675249077,0.00772758284497677,0.00799894817002235,0.00824838893413406,0.00847522143751589,0.00867882394804302,0.00885863840538604,0.00901417195061641,0.00914499827709733,0.00925075879896201,0.00933116363397076,0.00938599239806041,0.00941509480939914,0.00941839110030048,0.00939587223586032,0.00934759993872061,0.0092737065198927,0.00917439451610117,0.00904993613464538,0.00890067250729782,0.00872701275528585,0.00852943286791894,0.00830847439793474,0.0080647429771408,0.00779890665641987,0.00751169407464909,0.00720389246155097,0.00687634547995217,0.00652995091336175,0.00616565820520933,0.00578446585648595,0.00538741868892321,0.00497560498120912,0.00455015348609146,0.00411223033654576,0.00366303584948525,0.00320380123577586,0.00273578522557246,0.00226027061822809,0.00177856076622854,0.00129197600279506,0.00080185002294205,0.000309526227912102,-0.00018364595699369,-0.000676314781096429,-0.00116712987339424,-0.0016547459438353,-0.0021378264706643,-0.00261504736373561,-0.0030851005937528,-0.00354669777748523,-0.0039985737091373,-0.00443948982819017,-0.00486823761420928,-0.00528364189931461,-0.00568456408923566,-0.00606990528411725,-0.00643860929052887,-0.00678966551641723,-0.00712211174106946,-0.00743503675249085,-0.00772758284497724,-0.00799894817002289,-0.00824838893413461,-0.00847522143751629,-0.00867882394804322,-0.00885863840538624,-0.00901417195061639,-0.00914499827709742,-0.00925075879896204,-0.00933116363397096,-0.0093859923980605,-0.0094150948093992,-0.00941839110030065,-0.00939587223586043,-0.0093475999387208,-0.00927370651989287,-0.00917439451610124,-0.00904993613464546,-0.00890067250729801,-0.00872701275528602,-0.00852943286791912,-0.00830847439793474,-0.00806474297714076
-0.00533248521491417,-0.00504087267790403,-0.00473544345927084,-0.00441703471927253,-0.00408651919413243,-0.00374480280393237,-0.00339282216954429,-0.00303154204542178,-0.00266195267527281,-0.00228506707787082,-0.00190191827044163,-0.00151355643723387,-0.00112104605103759,-0.000725462955538374,-0.000327891416504447,7.05788501108744e-05,0.000468855665003801,0.00086584737910867,0.00126046586573183,0.0016516295030309,0.00203826613866542,0.00241931602849214,0.00279373474124921,0.00316049602127057,0.00351859460138125,0.0038670489582637,0.00420490400274743,0.00453123369763841,0.00484514359592663,0.00514577329239996,0.00543229878195748,0.00570393471814754,0.00595993656575155,0.00619960264149828,0.00642227603733431,0.00662734642095882,0.00681425170870424,0.00698247960616889,0.00713156901237999,0.00726111128363687,0.0073707513535793,0.0074601887063961,0.00752917820052001,0.00757753074054312,0.0076051137955138,0.00761185176219617,0.00759772617229193,0.00756277574306038,0.00750709627119951,0.00743084037027105,0.00733421705239914,0.0072174911553818,0.00708098261678922,0.0069250655970371,0.00675016745383872,0.00655676757084796,0.00634539604370071,0.00611663222706084,0.00587110314664849,0.00560948178060636,0.00533248521491405,0.00504087267790406,0.00473544345927094,0.00441703471927254,0.00408651919413277,0.00374480280393236,0.00339282216954456,0.00303154204542226,0.00266195267527286,0.0022850670778712,0.00190191827044201,0.0015135564372339,0.00112104605103787,0.000725462955538465,0.000327891416504547,-7.05788501106777e-05,-0.000468855665003684,-0.000865847379108583,-0.00126046586573166,-0.00165162950303073,-0.00203826613866532,-0.00241931602849199,-0.00279373474124912,-0.00316049602127068,-0.00351859460138127,-0.00386704895826407,-0.00420490400274737,-0.00453123369763848,-0.00484514359592676,-0.00514577329239997,-0.00543229878195758,-0.00570393471814812,-0.00595993656575159,-0.0061996026414984,-0.00642227603733455,-0.00662734642095889,-0.00681425170870464,-0.0069824796061694,-0.00713156901238026,-0.00726111128363738,-0.00737075135357935,-0.00746018870639638,-0.00752917820052007,-0.00757753074054293,-0.0076051137955139,-0.00761185176219631,-0.00759772617229178,-0.00756277574306056,-0.00750709627119964,-0.00743084037027125,-0.00733421705239935,-0.00721749115538187,-0.0070809826167893,-0.00692506559703726,-0.0067501674538388,-0.00655676757084783,-0.00634539604370077,-0.00611663222706081,-0.00587110314664842,-0.00560948178060633
-0.00330844506815258,-0.00302661569383419,-0.00273649057627574,-0.00243886492825968,-0.00213455452099819,-0.00182439344816565,-0.0015092318397035,-0.00118993353167487,-0.000867373698546481,-0.000542436454401183,-0.000216012429638516,0.000111003670178618,0.000437715516651944,0.000763227615319144,0.00108664776014421,0.00140708947899068,0.00172367446338075,0.0020355349758779,0.00234181622849449,0.00264167872560634,0.00293430056495215,0.00321887969041016,0.00349463609037852,0.00376081393573209,0.00401668365149882,0.00426154391657305,0.00449472358598825,0.00471558353047837,0.00492351838828855,0.00511795822442531,0.0052983700928139,0.00546425949706301,0.00561517174584751,0.00575069319918152,0.00587045240218294,0.0059741211031998,0.00606141515352907,0.00613209528624655,0.00618596777202051,0.00622288495011296,0.00624274563310502,0.00624549538424443,0.00623112666665443,0.00619967886399133,0.00615123817249689,0.00608593736473889,0.00600395542569216,0.00590551706215369,0.00579089208683519,0.00566039467882669,0.00551438252245266,0.00535325582688475,0.00517745622919552,0.00498746558386269,0.00478380464203892,0.00456703162420943,0.00433774069014842,0.0040965603103687,0.00384415154352644,0.00358120622450739,0.0033084450681531,0.0030266156938341,0.00273649057627649,0.0024388649282595,0.00213455452099837,0.00182439344816602,0.00150923183970407,0.00118993353167503,0.00086737369854688,0.00054243645440149,0.000216012429638938,-0.000111003670178449,-0.000437715516651827,-0.000763227615319097,-0.00108664776014404,-0.00140708947899054,-0.00172367446338068,-0.00203553497587777,-0.00234181622849433,-0.00264167872560622,-0.00293430056495208,-0.00321887969041009,-0.00349463609037838,-0.00376081393573205,-0.00401668365149871,-0.00426154391657329,-0.00449472358598845,-0.00471558353047889,-0.00492351838828845,-0.00511795822442546,-0.00529837009281429,-0.00546425949706345,-0.00561517174584761,-0.00575069319918191,-0.00587045240218331,-0.00597412110320032,-0.00606141515352965,-0.00613209528624692,-0.00618596777202063,-0.00622288495011343,-0.0062427456331052,-0.00624549538424451,-0.00623112666665467,-0.0061996788639917,-0.0061512381724972,-0.00608593736473905,-0.00600395542569238,-0.00590551706215387,-0.00579089208683531,-0.00566039467882679,-0.00551438252245278,-0.00535325582688474,-0.00517745622919543,-0.00498746558386274,-0.0047838046420387,-0.00456703162420947,-0.00433774069014851,-0.00409656031036865,-0.00384415154352653,-0.00358120622450707
-0.00169456654541809,-0.00143291410276195,-0.00116733414215107,-0.000898554599797541,-0.000627312181743125,-0.000354350344602388,-8.04172577982376e-05,0.000193736247120421,0.000467358734451523,0.00073970022397731,0.00101001424660539,0.00127755989038887,0.00154160383131461,0.00180142234329451,0.00205630328184642,0.00230554803603483,0.00254847344331321,0.00278441366202574,0.00301272199643282,0.00323277266925932,0.00344396253690677,0.00364571274262736,0.00383747030313093,0.00401870962427306,0.00418893394167147,0.00434767668230584,0.00449450274335681,0.00462900968479694,0.00475082883244995,0.00485962628849949,0.00495510384668078,0.00503699980964326,0.0051050897062444,0.00515918690681208,0.00519914313467847,0.00522484887260111,0.00523623366293785,0.00523326630077162,0.00521595491943462,0.00518434696821988,0.00513852908232446,0.00507862684538929,0.00500480444528217,0.00491726422407004,0.00481624612341467,0.00470202702690842,0.00457492000115495,0.00443527343767716,0.00428347009799897,0.00411992606452237,0.00394508960007552,0.00375943991925465,0.00356348587493057,0.00335776456351825,0.00314283985283279,0.00291930083656643,0.0026877602196252,0.00244885263874641,0.00220323292300191,0.00195157429896064,0.00169456654541784,0.00143291410276239,0.00116733414215217,0.000898554599797653,0.000627312181743608,0.000354350344602533,8.04172577986499e-05,-0.000193736247120326,-0.000467358734451598,-0.000739700223977364,-0.00101001424660539,-0.00127755989038853,-0.00154160383131429,-0.00180142234329409,-0.00205630328184623,-0.00230554803603479,-0.00254847344331327,-0.00278441366202564,-0.00301272199643269,-0.00323277266925932,-0.0034439625369067,-0.00364571274262737,-0.00383747030313094,-0.00401870962427296,-0.00418893394167196,-0.00434767668230563,-0.00449450274335686,-0.00462900968479716,-0.00475082883245033,-0.00485962628850033,-0.00495510384668102,-0.00503699980964349,-0.00510508970624576,-0.00515918690681276,-0.00519914313467882,-0.00522484887260115,-0.00523623366293865,-0.00523326630077182,-0.00521595491943464,-0.00518434696822,-0.00513852908232459,-0.00507862684538973,-0.0050048044452823,-0.00491726422407042,-0.00481624612341501,-0.00470202702690863,-0.00457492000115521,-0.0044352734376775,-0.00428347009799905,-0.00411992606452241,-0.00394508960007551,-0.00375943991925457,-0.00356348587493036,-0.00335776456351807,-0.0031428398528325,-0.00291930083656631,-0.00268776021962478,-0.00244885263874606,-0.00220323292300155,-0.00195157429896034
-0.000448794593931942,-0.000214203796754686,2.09741181397718e-05,0.000256094544434443,0.000490513033384142,0.000723587060204582,0.000954677785187935,0.00118315180472223,0.00140838288739905,0.0016297536904771,0.00184665745197191,0.00205849965375106,0.00226469965106358,0.00246469226404979,0.00265792932685896,0.00284388119013356,0.00302203817274191,0.00319191195877796,0.00335303693600202,0.00350497147205141,0.00364729912492328,0.00377962978441456,0.00390160074138556,0.0040128776819214,0.00411315560366282,0.00420215965179661,0.00427964587241295,0.00434540188116776,0.00439924744541155,0.00444103497819537,0.00447064994279706,0.00448801116665605,0.00449307106386509,0.00448581576559731,0.00446626515812132,0.00443447282829368,0.0043905259166798,0.00433454487871,0.00426668315451868,0.0041871267483739,0.00409609371885578,0.0039938335811694,0.0038806266232461,0.00375678313748683,0.00362264257027853,0.00347857259159217,0.00332496808722481,0.00316225007644594,0.00299086455801296,0.00281128128771888,0.00262399249082483,0.00242951151290517,0.00222837141280177,0.00202112350154783,0.00180833583126329,0.00159059163816037,0.00136848774393853,0.00114263291993285,0.000913646218517226,0.000682155276323064,0.000448794593932453,0.000214203796755226,-2.0974118139927e-05,-0.000256094544434443,-0.000490513033384058,-0.000723587060203771,-0.000954677785188083,-0.00118315180472164,-0.00140838288739844,-0.0016297536904768,-0.00184665745197177,-0.00205849965375042,-0.00226469965106316,-0.00246469226404945,-0.00265792932685869,-0.00284388119013351,-0.00302203817274164,-0.00319191195877788,-0.00335303693600199,-0.00350497147205133,-0.00364729912492324,-0.00377962978441447,-0.00390160074138574,-0.00401287768192147,-0.00411315560366283,-0.0042021596517966,-0.00427964587241323,-0.00434540188116806,-0.00439924744541186,-0.00444103497819573,-0.00447064994279694,-0.00448801116665591,-0.00449307106386513,-0.00448581576559756,-0.00446626515812191,-0.0044344728282943,-0.0043905259166806,-0.00433454487871087,-0.00426668315451905,-0.00418712674837464,-0.00409609371885575,-0.00399383358117004,-0.00388062662324603,-0.00375678313748715,-0.00362264257027899,-0.00347857259159245,-0.00332496808722497,-0.00316225007644608,-0.00299086455801297,-0.00281128128771887,-0.00262399249082489,-0.00242951151290495,-0.00222837141280137,-0.00202112350154777,-0.00180833583126286,-0.00159059163816012,-0.00136848774393824,-0.00114263291993257,-0.00091364621851673,-0.000682155276322552
0.000477043807526177,0.0006807664801125,0.000882623219097223,0.00108206074918843,0.00127853242597911,0.00147149973426021,0.00166043376405217,0.00184481666031163,0.00202414304233797,0.002197921388981,0.0023656753858728,0.0025269452309678,0.00268128889483049,0.00282828333220656,0.00296752564156066,0.00309863416940141,0.00322124955636727,0.00333503572220549,0.00343968078694462,0.00353489792573605,0.00362042615502073,0.00369603104786714,0.00376150537651931,0.00381666968039347,0.00386137275796722,0.00389549208121278,0.00391893413143481,0.00393163465560474,0.00393355884246856,0.00392470141796344,0.00390508665967447,0.00387476833029009,0.00383382953024413,0.00378238246994285,0.0037205681622008,0.00364855603574018,0.00356654347079344,0.0034747552581005,0.003373442982773,0.00326288433471394,0.00314338234749465,0.00301526456775436,0.00287888215742231,0.00273460893120522,0.0025828403319879,0.00242399234695213,0.00225850036738292,0.00208681799529304,0.00190941580013094,0.00172678002898263,0.00153941127380171,0.00134782309932299,0.00115254063541439,0.000954099137736511,0.000753042520640872,0.000549921866339226,0.000345293914426967,0.000139719535896202,-6.62378041711048e-05,-0.000272013591021281,-0.000477043807525372,-0.000680766480112839,-0.000882623219096785,-0.00108206074918787,-0.00127853242597836,-0.00147149973425933,-0.00166043376405127,-0.00184481666031174,-0.00202414304233774,-0.0021979213889804,-0.00236567538587224,-0.00252694523096726,-0.00268128889483003,-0.00282828333220637,-0.00296752564156046,-0.00309863416940128,-0.00322124955636712,-0.00333503572220531,-0.00343968078694445,-0.00353489792573579,-0.00362042615502058,-0.00369603104786707,-0.00376150537651937,-0.00381666968039357,-0.00386137275796747,-0.00389549208121243,-0.00391893413143491,-0.00393163465560531,-0.00393355884246876,-0.00392470141796408,-0.00390508665967428,-0.00387476833029087,-0.00383382953024493,-0.0037823824699431,-0.00372056816220151,-0.00364855603574102,-0.00356654347079376,-0.0034747552581009,-0.00337344298277284,-0.00326288433471462,-0.0031433823474947,-0.00301526456775467,-0.0028788821574227,-0.00273460893120571,-0.00258284033198858,-0.00242399234695256,-0.00225850036738296,-0.0020868179952931,-0.001909415800131,-0.00172678002898259,-0.00153941127380178,-0.00134782309932269,-0.00115254063541448,-0.000954099137736381,-0.000753042520640416,-0.00054992186633876,-0.0003452939144268,-0.000139719535895391,6.62378041713726e-05,0.00027201359102152
0.00113369567136664,0.00130530041156389,0.0014733274140625,0.00163731612852959,0.00179681707329711,0.00195139306736119,0.00210062042866784,0.00224409013539145,0.00238140894703923,0.002512200482292,0.00263610625064407,0.00275278663499724,0.00286192182252704,0.00296321268127146,0.00305638158002666,0.0031411731493175,0.00321735498134654,0.00328471826700709,0.0033430783682158,0.00339227532399175,0.00343217428889872,0.00346266590264754,0.00348366658984386,0.00349511878906477,0.00349699111062706,0.00348927842262788,0.00347200186500938,0.00344520879161448,0.0034089726403954,0.00336339273212349,0.00330859399815989,0.00324472663802458,0.00317196570771269,0.00309051063987689,0.00300058469719591,0.00290243436042742,0.00279632865282336,0.0026825584027517,0.00256143544656083,0.00243329177385444,0.00229847861753164,0.00215736549108343,0.00201033917578122,0.00185780266053442,0.00170017403732993,0.00153788535526669,0.00137138143634164,0.00120111865622314,0.00102756369335669,0.000851192249831849,0.000672487747515862,0.000491940003027656,0.000310043885185885,0.00012729795860553,-5.57968828303332e-05,-0.000238738788889905,-0.000421026328522364,-0.000602159864254754,-0.000781642921654198,-0.000958983550136606,-0.00113369567136678,-0.00130530041156368,-0.00147332741406317,-0.00163731612852959,-0.00179681707329658,-0.00195139306736126,-0.00210062042866764,-0.00224409013539122,-0.00238140894703841,-0.00251220048229155,-0.00263610625064397,-0.00275278663499702,-0.00286192182252685,-0.00296321268127135,-0.00305638158002637,-0.00314117314931738,-0.00321735498134634,-0.00328471826700695,-0.00334307836821568,-0.00339227532399161,-0.00343217428889868,-0.00346266590264751,-0.003483666589844,-0.00349511878906476,-0.00349699111062689,-0.00348927842262771,-0.00347200186500972,-0.00344520879161489,-0.00340897264039552,-0.0033633927321242,-0.00330859399816,-0.00324472663802486,-0.00317196570771333,-0.00309051063987738,-0.0030005846971961,-0.00290243436042806,-0.00279632865282337,-0.00268255840275279,-0.00256143544656159,-0.00243329177385474,-0.00229847861753207,-0.00215736549108387,-0.00201033917578081,-0.00185780266053482,-0.00170017403733001,-0.00153788535526683,-0.00137138143634168,-0.00120111865622314,-0.00102756369335666,-0.000851192249831719,-0.000672487747515737,-0.000491940003027681,-0.000310043885186005,-0.000127297958605695,5.57968828309164e-05,0.00023873878888947,0.000421026328523092,0.000602159864254521,0.000781642921654702,0.00095898355013724
0.00157137172273821,0.00171160892117648,0.00184715471853357,0.00197763759320158,0.00210269990069131,0.00222199885390918,0.00233520746271804,0.00244201543018955,0.00254213000310975,0.00263527677439256,0.00272120043521263,0.00279966547478833,0.00287045682589967,0.00293338045437442,0.00298826389092029,0.00303495670385308,0.00307333091141769,0.00310328133257868,0.00312472587531358,0.00313760576162123,0.00314188568862861,0.00313755392535347,0.00312462234485722,0.00310312639170395,0.0030731249848066,0.00303470035593578,0.00298795782432927,0.00293302550801656,0.00287005397265817,0.00279921581885581,0.00272070520906502,0.00263473733541079,0.00254154782985879,0.00244139211836474,0.00233454472077352,0.00222129849837594,0.00210196385119372,0.00197686786720124,0.00184635342579556,0.00171077825798831,0.00157051396589023,0.00142594500417747,0.00127746762632391,0.00112548879850213,0.000970425084115844,0.000812701502027079,0.000652750361611709,0.000491010077827151,0.000327923969549013,0.000163939044463963,-4.95226146430522e-07,-0.000164928139376895,-0.00032890899604106,-0.000491988336008922,-0.000653719170145984,-0.00081365820547693,-0.000971367060223174,-0.00112641346537652,-0.00127837244951693,-0.00142682750363216,-0.0015713717227378,-0.00171160892117591,-0.00184715471853342,-0.00197763759320136,-0.00210269990069033,-0.00222199885390866,-0.00233520746271777,-0.00244201543018923,-0.00254213000310925,-0.00263527677439262,-0.00272120043521197,-0.00279966547478793,-0.00287045682589948,-0.00293338045437408,-0.00298826389092034,-0.00303495670385287,-0.00307333091141747,-0.0031032813325786,-0.0031247258753135,-0.00313760576162122,-0.00314188568862868,-0.00313755392535317,-0.00312462234485753,-0.00310312639170418,-0.00307312498480627,-0.00303470035593619,-0.00298795782432948,-0.00293302550801672,-0.00287005397265867,-0.00279921581885681,-0.00272070520906611,-0.00263473733541091,-0.0025415478298589,-0.00244139211836493,-0.00233454472077437,-0.00222129849837663,-0.00210196385119413,-0.00197686786720211,-0.0018463534257965,-0.00171077825798877,-0.00157051396589108,-0.00142594500417736,-0.00127746762632394,-0.00112548879850241,-0.000970425084115751,-0.00081270150202724,-0.000652750361611695,-0.000491010077827066,-0.000327923969548848,-0.000163939044463749,4.95226146659787e-07,0.000164928139376825,0.00032890899604113,0.000491988336009329,0.000653719170146593,0.00081365820547717,0.000971367060223537,0.0011264134653773,0.0012783724495177,0.00142682750363331
0.00183724377824591,0.00194831977947461,0.00205405557161403,0.00215416134020657,0.00224836270230018,0.00233640145850845,0.00241803630071961,0.00249304347350641,0.00256121738742249,0.00262237118250673,0.00267633724045876,0.00272296764406447,0.00276213458262937,0.00279373070229672,0.00281766940029892,0.00283388506232861,0.00284233324238336,0.0028429907845889,0.00283585588666777,0.00282094810487925,0.00279830830041705,0.00276799852741119,0.00273010186284305,0.00268472217883631,0.00263198385794941,0.002572031452255,0.00250502928713031,0.00243116101085148,0.00235062909122937,0.00226365426065958,0.00217047491110567,0.00207134644068788,0.00196654055365394,0.0018563445156547,0.00174106036637129,0.0016210040916429,0.00149650475737443,0.00136790360758619,0.00123555312909149,0.00109981608535269,0.000961064522170715,0.000819678747936771,0.000676046291229378,0.000530560838629466,0.000383621155649827,0.000235629993747496,8.69929864106684e-05,-6.18824626550303e-05,-0.000210588296191887,-0.000358716921846878,-0.000505862329353087,-0.000651621203376635,-0.000795594028975546,-0.000937386186641828,-0.00107660903392715,-0.00121288097068523,-0.00134582848500875,-0.00147508717700238,-0.00160030275757565,-0.00172113201952631,-0.00183724377824531,-0.00194831977947438,-0.00205405557161307,-0.00215416134020661,-0.0022483627022998,-0.00233640145850803,-0.00241803630071925,-0.00249304347350657,-0.00256121738742173,-0.00262237118250621,-0.00267633724045836,-0.00272296764406423,-0.00276213458262906,-0.00279373070229662,-0.00281766940029859,-0.00283388506232828,-0.00284233324238322,-0.00284299078458886,-0.00283585588666775,-0.00282094810487935,-0.002798308300417,-0.0027679985274115,-0.00273010186284323,-0.00268472217883587,-0.00263198385794947,-0.00257203145225532,-0.00250502928713053,-0.00243116101085172,-0.0023506290912299,-0.00226365426065967,-0.00217047491110562,-0.00207134644068831,-0.00196654055365386,-0.00185634451565498,-0.00174106036637149,-0.00162100409164328,-0.0014965047573747,-0.00136790360758616,-0.00123555312909217,-0.00109981608535282,-0.000961064522170841,-0.000819678747936945,-0.000676046291229848,-0.000530560838629723,-0.000383621155649753,-0.000235629993747357,-8.69929864106512e-05,6.18824626551124e-05,0.00021058829619203,0.000358716921846951,0.000505862329353066,0.000651621203376811,0.000795594028975487,0.000937386186641841,0.00107660903392758,0.00121288097068537,0.00134582848500917,0.00147508717700277,0.00160030275757626,0.00172113201952648
0.0019736329937449,0.00205871353187802,0.00213815127931852,0.00221172850272447,0.0022792435320394,0.0023405113132617,0.00239536391566098,0.00244365099206711,0.00248524019095967,0.00252001751923634,0.00254788765465677,0.0025687742071176,0.00258261992802971,0.00258938686723508,0.00258905647702324,0.00258162966297098,0.0025671267814594,0.0025455875838786,0.0025170711076721,0.00248165551451888,0.00243943787609814,0.00239053390802228,0.00233507765266871,0.00227322111177813,0.00220513382982972,0.00213100242933091,0.00205103009929819,0.00196543603832729,0.00187445485379171,0.00177833591879388,0.00167734268865321,0.00157175197879339,0.00146185320601115,0.00134794759520271,0.00123034735373137,0.00110937481568297,0.000985361558377342,0.000858647493531333,0.000729579935589301,0.000598512649757642,0.00046580488235362,0.000331820376144717,0.00019692637335002,6.14926090539671e-05,-7.41097022093667e-05,-0.000209508883930108,-0.000344333816362724,-0.00047821495373913,-0.000610785337167524,-0.000741681600442143,-0.000870544966003237,-0.000997022228323829,-0.00112076672201853,-0.00124143927203189,-0.00135870912329186,-0.00147225484728734,-0.00158176522308202,-0.00168694009034647,-0.00178749117208201,-0.00188314286476179,-0.00197363299374469,-0.0020587135318771,-0.00213815127931843,-0.00221172850272407,-0.00227924353203917,-0.00234051131326123,-0.00239536391566065,-0.00244365099206678,-0.00248524019095976,-0.00252001751923603,-0.00254788765465711,-0.00256877420711715,-0.00258261992802933,-0.00258938686723484,-0.00258905647702288,-0.00258162966297086,-0.0025671267814593,-0.00254558758387862,-0.00251707110767218,-0.002481655514519,-0.0024394378760984,-0.00239053390802239,-0.00233507765266865,-0.00227322111177794,-0.00220513382983044,-0.00213100242933142,-0.00205103009929821,-0.0019654360383279,-0.00187445485379244,-0.00177833591879447,-0.00167734268865376,-0.00157175197879389,-0.00146185320601097,-0.00134794759520313,-0.00123034735373197,-0.00110937481568397,-0.000985361558377293,-0.000858647493531844,-0.000729579935589562,-0.000598512649756758,-0.000465804882353445,-0.000331820376145171,-0.000196926373349812,-6.14926090540065e-05,7.41097022092377e-05,0.000209508883929983,0.000344333816362757,0.000478214953739218,0.000610785337167714,0.000741681600442236,0.000870544966003392,0.000997022228323732,0.00112076672201843,0.00124143927203181,0.00135870912329209,0.00147225484728765,0.00158176522308209,0.00168694009034685,0.00178749117208259,0.00188314286476184
0.00201689078053844,0.00207967506331925,0.00213675910130787,0.00218798643112474,0.00223321664221754,0.00227232576172363,0.00230520659426452,0.00233176901576316,0.00235194022046942,0.00236566492051268,0.00237290549744331,0.00237364210534471,0.00236787272522525,0.00235561317055438,0.00233689704392014,0.002311775644924,0.00228031782957469,0.00224260982155743,0.0021987549759012,0.00214887349568973,0.00209310210259299,0.00203159366212275,0.00196451676463867,0.00189205526325452,0.00181440776990957,0.00173178711098507,0.00164441974396435,0.00155254513672724,0.00145641511118667,0.00135629315306058,0.00125245368967677,0.00114518133778647,0.00103477012344982,0.000921522676130949,0.000805749399210967,0.000687767619195095,0.000567900715940178,0.000446477236297716,0.000323829993584896,0.000200295155368944,7.62113220545079e-05,-4.80814011965873e-05,-0.000172242336669055,-0.000295931167869075,-0.000418808872307795,-0.000540538650738718,-0.000660786850300275,-0.000779223879035922,-0.000895525109282395,-0.00100937176745132,-0.00112045180776627,-0.00122846076755801,-0.00133310260177513,-0.00143409049442321,-0.00153114764470849,-0.00162400802572935,-0.00171241711363394,-0.0017961325852591,-0.00187492498231613,-0.00194857834032058,-0.00201689078053804,-0.00207967506331882,-0.00213675910130708,-0.00218798643112345,-0.00223321664221708,-0.00227232576172324,-0.00230520659426405,-0.0023317690157634,-0.0023519402204689,-0.00236566492051137,-0.00237290549744281,-0.00237364210534432,-0.00236787272522489,-0.00235561317055428,-0.0023368970439199,-0.002311775644924,-0.00228031782957469,-0.00224260982155757,-0.00219875497590135,-0.00214887349568987,-0.00209310210259321,-0.00203159366212285,-0.00196451676463884,-0.00189205526325504,-0.00181440776991023,-0.00173178711098562,-0.00164441974396449,-0.00155254513672763,-0.00145641511118703,-0.00135629315306067,-0.00125245368967693,-0.00114518133778703,-0.00103477012345017,-0.000921522676131149,-0.000805749399211134,-0.000687767619194858,-0.000567900715940783,-0.000446477236298465,-0.000323829993585469,-0.000200295155369425,-7.62113220544421e-05,4.80814011966446e-05,0.000172242336668813,0.000295931167869035,0.000418808872307805,0.000540538650738757,0.000660786850300375,0.000779223879036037,0.00089552510928243,0.0010093717674515,0.00112045180776656,0.00122846076755831,0.00133310260177502,0.00143409049442368,0.00153114764470931,0.00162400802572923,0.00171241711363448,0.00179613258525952,0.00187492498231636,0.00194857834032127
0.00199691064928975,0.00204128720813471,0.0020800687406309,0.00211314894929185,0.00214043716356663,0.00216185858835615,0.00217735450902292,0.00218688245232811,0.00219041630283905,0.00218794637451727,0.0021794794372663,0.00216503869837089,0.0021446637388933,0.00211841040518109,0.00208635065579729,0.00204857236428651,0.00200517907831956,0.00195628973587731,0.00190203833924904,0.00184257358774196,0.00177805847010671,0.00170866981779603,0.00163459782028307,0.00155604550376391,0.00147322817467917,0.00138637282956957,0.00129571753289983,0.00120151076453749,0.00110401073868507,0.00100348469613624,0.000900208171787132,0.000794464239411897,0.00068654273577819,0.00057673946622777,0.000465355393888228,0.000352695814761366,0.000239069520920838,0.000124787954141823,1.01643522542317e-05,-0.000104487109416708,-0.000218852179182939,-0.000332617390338566,-0.000445470920347462,-0.000557103445527753,-0.00066720898888747,-0.000775485758786047,-0.000881636976123112,-0.000985371687790412,-0.00108640556415387,-0.00118446167838109,-0.00127927126547888,-0.00137057445895897,-0.00145812100311439,-0.00154167093895307,-0.00162099526190816,-0.00169587654952458,-0.00176610955739794,-0.00183150178173504,-0.00189187398699432,-0.00194706069715828,-0.0019969106492892,-0.00204128720813414,-0.00208006874062992,-0.00211314894929166,-0.00214043716356633,-0.00216185858835553,-0.00217735450902284,-0.00218688245232795,-0.00219041630283848,-0.00218794637451716,-0.00217947943726596,-0.00216503869837057,-0.00214466373889287,-0.00211841040518101,-0.00208635065579724,-0.00204857236428631,-0.0020051790783196,-0.00195628973587744,-0.00190203833924917,-0.00184257358774213,-0.00177805847010694,-0.00170866981779633,-0.00163459782028321,-0.00155604550376461,-0.00147322817467991,-0.00138637282956986,-0.00129571753290036,-0.00120151076453746,-0.00110401073868439,-0.0010034846961369,-0.000900208171786978,-0.00079446423941165,-0.000686542735779215,-0.000576739466227842,-0.000465355393888972,-0.000352695814761819,-0.000239069520921578,-0.00012478795414209,-1.01643522544049e-05,0.00010448710941632,0.000218852179182855,0.000332617390338434,0.000445470920347077,0.000557103445527693,0.000667208988887569,0.000775485758786082,0.000881636976123153,0.000985371687790516,0.001086405564154,0.00118446167838111,0.00127927126547915,0.00137057445895898,0.00145812100311465,0.00154167093895297,0.00162099526190836,0.00169587654952552,0.00176610955739827,0.00183150178173522,0.0018918739869947,0.00194706069715843
0.00193716607401835,0.0019669516450007,0.00199134593824525,0.00201028209069015,0.0020237081996574,0.00203158746511539,0.00203389829054514,0.00203063434213585,0.00202180456614191,0.00200743316436586,0.00198755952782198,0.00196223812876534,0.00193153837139123,0.00189554440160089,0.00185435487636351,0.00180808269330468,0.00175685468126151,0.00170081125265463,0.00164010601862613,0.00157490536800303,0.00150538801123638,0.00143174449056927,0.00135417665777299,0.00127289712088542,0.00118812866146758,0.00110010362397406,0.00100906327891477,0.000915257161547137,0.000818942387918233,0.00072038295012805,0.000619848992745027,0.000517616072357752,0.000413964402295832,0.000309178084580407,0.000203544331226916,9.7352677009751e-05,-9.10581412930279e-06,-0.000115539346864032,-0.000221656194279716,-0.000327165497474582,-0.000431778062781213,-0.000535207154431178,-0.000637169280472362,-0.000737384969804396,-0.000835579538189694,-0.000931483841140885,-0.00102483501163037,-0.00111537718058837,-0.00120286217822322,-0.0012870502142376,-0.00136771053507643,-0.00144462205640694,-0.00151757396909543,-0.00158636631701996,-0.00165081054513608,-0.00171073001629467,-0.00176596049539017,-0.00181635059951821,-0.00186176221290632,-0.00190207086547751,-0.00193716607401784,-0.00196695164500005,-0.00199134593824501,-0.00201028209068978,-0.00202370819965704,-0.00203158746511507,-0.00203389829054509,-0.00203063434213516,-0.0020218045661417,-0.00200743316436588,-0.00198755952782144,-0.00196223812876491,-0.00193153837139104,-0.00189554440160052,-0.00185435487636332,-0.00180808269330448,-0.00175685468126155,-0.00170081125265474,-0.00164010601862631,-0.00157490536800333,-0.00150538801123679,-0.00143174449056966,-0.00135417665777341,-0.00127289712088577,-0.0011881286614681,-0.00110010362397443,-0.00100906327891506,-0.000915257161546997,-0.000818942387918241,-0.000720382950128098,-0.000619848992745342,-0.000517616072358827,-0.000413964402296031,-0.000309178084581523,-0.000203544331226993,-9.73526770092946e-05,9.10581412882879e-06,0.000115539346863252,0.000221656194279721,0.000327165497474384,0.000431778062781561,0.000535207154430783,0.000637169280471977,0.000737384969804629,0.000835579538189492,0.000931483841140861,0.00102483501163043,0.00111537718058836,0.00120286217822331,0.00128705021423768,0.00136771053507647,0.00144462205640701,0.00151757396909587,0.00158636631702022,0.00165081054513619,0.00171073001629558,0.00176596049539048,0.00181635059951848,0.00186176221290647,0.00190207086547785
0.00185514917539482,0.00187390449405321,0.00188752357074605,0.00189596907653183,0.00189921786286626,0.00189726102505137,0.0018901039266442,0.00187776618475356,0.00186028161627196,0.00183769814518687,0.00181007767122312,0.00177749590017915,0.00174004213642486,0.00169781903812356,0.00165094233585292,0.00159954051539505,0.00154375446556737,0.00148373709205461,0.00141965289830582,0.00135167753464156,0.00127999731680885,0.00120480871530234,0.00112631781685241,0.00104473975955583,0.000960298143197438,0.000873224416377557,0.000783757242129659,0.000692141843759852,0.000598629332705884,0.000503476020261951,0.000406942715042099,0.000309294008126565,0.000210797547833388,0.000111723306114192,1.23428385792733e-05,-8.70714598192528e-05,-0.000186247101398238,-0.000284912252618237,-0.000382796479157831,-0.000479631487155913,-0.000575151858586437,-0.000669095778750775,-0.000761205753893723,-0.000851229316976307,-0.00093891971966901,-0.00102403660867379,-0.00110634668451405,-0.00118562434099331,-0.00126165228356558,-0.00133422212492499,-0.00140313495618081,-0.00146820189205196,-0.00152924458859095,-0.00158609573200901,-0.00163859949727367,-0.00168661197521392,-0.00173000156696558,-0.00176864934467261,-0.00180244937746322,-0.00183130902179655,-0.00185514917539487,-0.00187390449405298,-0.00188752357074629,-0.00189596907653124,-0.00189921786286658,-0.00189726102505091,-0.00189010392664429,-0.00187776618475271,-0.00186028161627227,-0.00183769814518643,-0.00181007767122273,-0.00177749590017875,-0.00174004213642457,-0.00169781903812343,-0.00165094233585289,-0.00159954051539518,-0.00154375446556749,-0.00148373709205477,-0.00141965289830599,-0.00135167753464177,-0.00127999731680905,-0.00120480871530254,-0.00112631781685262,-0.00104473975955615,-0.000960298143197535,-0.000873224416377851,-0.000783757242129759,-0.000692141843760159,-0.000598629332706798,-0.000503476020261764,-0.000406942715042253,-0.000309294008127343,-0.000210797547834403,-0.000111723306114841,-1.23428385792221e-05,8.70714598193552e-05,0.000186247101397884,0.000284912252618272,0.000382796479157448,0.000479631487155579,0.000575151858585976,0.000669095778750486,0.000761205753893632,0.000851229316976017,0.000938919719669004,0.00102403660867371,0.00110634668451403,0.00118562434099332,0.00126165228356559,0.00133422212492515,0.0014031349561808,0.00146820189205221,0.00152924458859123,0.0015860957320093,0.00163859949727425,0.00168661197521436,0.00173000156696553,0.00176864934467293,0.00180244937746381,0.00183130902179726
0.00176308116229525,0.00177399294228298,0.00178004233092488,0.00178121274726648,0.00177750098327914,0.00176891721264808,0.00175548496289405,0.00173724105087857,0.00171423548189707,0.00168653131261424,0.00165420447823333,0.00161734358435959,0.00157604966414172,0.00153043590134377,0.00148062732012,0.00142676044232883,0.00136898291333814,0.00130745309733867,0.00124233964327944,0.00117382102261192,0.00110208504011272,0.00102732831912362,0.000949755762620439,0.000869579991588717,0.000787020762243828,0.0007023043636948,0.000615662997700887,0.000527334142225515,0.000437559900520242,0.000346586337542077,0.000254662805503931,0.000162041260417265,6.89755714983401e-05,-2.427917466668e-05,-0.000117467373302452,-0.000210333602032199,-0.000302623320979867,-0.000394083570438834,-0.000484463664224012,-0.000573515876779954,-0.000660996122182588,-0.000746664623159307,-0.000830286568304104,-0.000911632755677446,-0.000990480221034689,-0.00106661284895337,-0.00113982196519245,-0.00120990690865298,-0.00127667558137647,-0.00133994497507207,-0.00139954167272939,-0.00145530232394242,-0.00150707409264304,-0.00155471507601047,-0.00159809469342169,-0.00163709404436091,-0.00167160623431677,-0.00170153666777701,-0.00172680330750276,-0.00174733689939144,-0.00176308116229488,-0.00177399294228287,-0.0017800423309243,-0.00178121274726626,-0.00177750098327829,-0.00176891721264812,-0.00175548496289329,-0.00173724105087857,-0.00171423548189683,-0.00168653131261419,-0.00165420447823271,-0.00161734358435929,-0.00157604966414132,-0.00153043590134376,-0.00148062732011985,-0.00142676044232875,-0.00136898291333806,-0.00130745309733875,-0.00124233964327962,-0.0011738210226122,-0.0011020850401129,-0.00102732831912395,-0.000949755762620837,-0.000869579991588862,-0.000787020762244044,-0.00070230436369467,-0.000615662997701492,-0.000527334142225361,-0.000437559900520171,-0.00034658633754221,-0.00025466280550394,-0.000162041260416986,-6.89755714987236e-05,2.4279174666586e-05,0.000117467373302151,0.00021033360203169,0.000302623320979055,0.000394083570438279,0.000484463664222895,0.000573515876779923,0.000660996122182294,0.000746664623159149,0.000830286568303958,0.000911632755677693,0.000990480221034709,0.00106661284895338,0.00113982196519244,0.00120990690865295,0.00127667558137646,0.00133994497507209,0.00139954167272937,0.0014553023239428,0.00150707409264301,0.00155471507601108,0.0015980946934224,0.00163709404436113,0.00167160623431736,0.0017015366677774,0.00172680330750317,0.0017473368993918
0.0016687772151206,0.00167459340096404,0.00167581964269456,0.0016724525792692,0.00166450143957458,0.0016519880171327,0.00163494661036379,0.00161342392857982,0.00158747896395482,0.0015571828298345,0.00152261856581615,0.00148388091014425,0.00144107604004137,0.00139432128068055,0.00134374478360738,0.00128948517548495,0.00123169117812763,0.00117052120086485,0.00110614290635248,0.00103873275102069,0.000968475501419798,0.000895563727787548,0.000820197276227423,0.000742582720943738,0.000662932798039026,0.000581465822414472,0.000498405089387716,0.000413978262654987,0.00032841675027934,0.000241955070418896,0.000154830208529216,6.72809677998072e-05,-2.04526853857606e-05,-0.000108130279182081,-0.000195511495399987,-0.000282356828198488,-0.000368428240557352,-0.000453489816717734,-0.000537308408811727,-0.000619654275905892,-0.000700301713701124,-0.000779029673176389,-0.000855622366466947,-0.000929869858325135,-0.00100156864153547,-0.00107052219471791,-0.0011365415209757,-0.0011994456659245,-0.00125906221367552,-0.00131522775941508,-0.00136778835728657,-0.00141659994234448,-0.00146152872542723,-0.00150245155986296,-0.00153925627900742,-0.00157184200368332,-0.00160011941868439,-0.00162401101758201,-0.00164345131516406,-0.00165838702692637,-0.00166877721512042,-0.00167459340096336,-0.00167581964269407,-0.0016724525792687,-0.00166450143957414,-0.00165198801713185,-0.00163494661036378,-0.00161342392857924,-0.001587478963955,-0.00155718282983409,-0.00152261856581559,-0.00148388091014407,-0.0014410760400413,-0.00139432128068027,-0.00134374478360745,-0.00128948517548509,-0.00123169117812769,-0.00117052120086496,-0.00110614290635256,-0.00103873275102093,-0.000968475501419905,-0.000895563727787822,-0.000820197276227445,-0.000742582720944258,-0.000662932798039068,-0.000581465822414573,-0.000498405089387957,-0.000413978262654685,-0.000328416750279575,-0.00024195507041921,-0.000154830208529804,-6.7280967799825e-05,2.04526853858631e-05,0.000108130279182225,0.000195511495399968,0.000282356828198462,0.000368428240556918,0.000453489816717388,0.000537308408811633,0.000619654275905699,0.000700301713700721,0.000779029673175808,0.000855622366467034,0.000929869858324617,0.00100156864153541,0.00107052219471788,0.00113654152097567,0.00119944566592453,0.00125906221367555,0.00131522775941524,0.00136778835728664,0.0014165999423446,0.00146152872542718,0.00150245155986311,0.00153925627900731,0.0015718420036835,0.00160011941868484,0.00162401101758262,0.00164345131516462,0.00165838702692669
0.00157656628683146,0.00157957153965305,0.00157824729667915,0.00157259718756767,0.00156263669887527,0.00154839313160828,0.00152990552639537,0.00150722455647682,0.00148041238881523,0.00144954251369775,0.00141469954330706,0.00137597897980233,0.00133348695355727,0.00128733993226164,0.00123766440169442,0.00118459651903068,0.00112828173964842,0.00106887441844401,0.00100653738675505,0.000941441506052491,0.000873765199620641,0.000803693963511335,0.000731419858112172,0.000657140981722444,0.000581060927578957,0.000503388225821958,0.000424335771928248,0.000344120243178573,0.000262961504761909,0.000181082007139331,9.8706176321531e-05,1.60597987360558e-05,-6.66305976418893e-05,-0.000149138364183498,-0.00023123735283485,-0.000312702535975009,-0.000393310623199963,-0.000472840673345253,-0.000551074700072202,-0.000627798269350682,-0.000702801087210213,-0.000775877576141351,-0.000846827438566525,-0.000915456205845113,-0.000981575771295855,-0.00104500490578625,-0.00110556975446701,-0.00116310431329811,-0.00121745088405273,-0.0012684605065582,-0.00131599336698489,-0.00135991918106623,-0.001400117551199,-0.00143647829644518,-0.00146890175452861,-0.00149729905500545,-0.00152159236284831,-0.00154171509178935,-0.00155761208682687,-0.00156923977540317,-0.00157656628683102,-0.0015795715396526,-0.00157824729667935,-0.00157259718756748,-0.00156263669887492,-0.00154839313160753,-0.00152990552639518,-0.00150722455647646,-0.0014804123888147,-0.0014495425136975,-0.00141469954330688,-0.00137597897980238,-0.00133348695355724,-0.00128733993226212,-0.00123766440169434,-0.0011845965190306,-0.00112828173964865,-0.00106887441844407,-0.00100653738675515,-0.000941441506052651,-0.000873765199620834,-0.000803693963511478,-0.000731419858112511,-0.000657140981722602,-0.000581060927578971,-0.000503388225821916,-0.000424335771928399,-0.000344120243178674,-0.000262961504762394,-0.000181082007139499,-9.87061763219255e-05,-1.60597987360024e-05,6.66305976418163e-05,0.000149138364183404,0.000231237352834461,0.000312702535975361,0.000393310623199775,0.00047284067334506,0.000551074700071934,0.000627798269350472,0.000702801087210268,0.000775877576141324,0.000846827438566427,0.000915456205844789,0.00098157577129581,0.00104500490578614,0.00110556975446682,0.00116310431329802,0.00121745088405279,0.00126846050655834,0.00131599336698495,0.00135991918106633,0.00140011755119914,0.00143647829644502,0.00146890175452895,0.00149729905500554,0.00152159236284868,0.00154171509178953,0.00155761208682721,0.0015692397754033
0.00148818981376358,0.00149020945683204,0.00148814453936286,0.00148200072115056,0.00147179484197461,0.00145755487543988,0.0014393198523049,0.00141713975350081,0.00139107537313663,0.00136119815186673,0.00132758998107853,0.00129034297843171,0.00124955923537188,0.0012053505373036,0.00115783805719538,0.00110715202345295,0.00105343136297109,0.000996823320346761,0.000937483054289454,0.000875573212344083,0.000811263485084008,0.000744730141001582,0.000676155543368217,0.000605727650389427,0.000533639500024672,0.000460088680883172,0.000385276790647424,0.000309408883509193,0.000232692908128035,0.00015533913765954,7.75595934124586e-05,-4.32536289281046e-07,-7.84234804387401e-05,-0.00015619947127961,-0.000233547330226524,-0.000310255052175567,-0.000386112386592308,-0.000460911413795394,-0.000534447114850792,-0.000606517933513533,-0.000676926328678854,-0.000745479315830091,-0.000811988995994021,-0.000876273070761011,-0.000938155341949589,-0.000997466194556689,-0.0010540430616571,-0.00110773086999141,-0.00115838246500829,-0.0012058590142069,-0.0012500303876658,-0.00129077551472073,-0.00132798271581036,-0.00136155000858297,-0.00139138538742228,-0.00141740707562856,-0.00143954374956333,-0.001457734734142,-0.00147193016914046,-0.00148209114585775,-0.00148818981376332,-0.00149020945683127,-0.00148814453936256,-0.0014820007211507,-0.00147179484197401,-0.00145755487543947,-0.00143931985230443,-0.00141713975350065,-0.00139107537313619,-0.00136119815186648,-0.00132758998107825,-0.00129034297843168,-0.00124955923537188,-0.00120535053730366,-0.00115783805719547,-0.00110715202345284,-0.0010534313629711,-0.000996823320346619,-0.000937483054289548,-0.0008755732123442,-0.000811263485084155,-0.000744730141001721,-0.000676155543368297,-0.000605727650389604,-0.000533639500024793,-0.000460088680882919,-0.00038527679064782,-0.000309408883509668,-0.000232692908128012,-0.000155339137659953,-7.75595934130247e-05,4.32536288572744e-07,7.84234804386717e-05,0.00015619947127962,0.000233547330226703,0.000310255052175848,0.000386112386592251,0.000460911413795426,0.000534447114850957,0.000606517933513465,0.000676926328679096,0.000745479315830039,0.000811988995994156,0.000876273070761093,0.000938155341949603,0.00099746619455635,0.0010540430616571,0.00110773086999125,0.0011583824650083,0.00120585901420694,0.00125003038766585,0.00129077551472064,0.00132798271581043,0.00136155000858305,0.0013913853874222,0.00141740707562877,0.00143954374956324,0.00145773473414219,0.00147193016914062,0.00148209114585805
0.00140362448229184,0.00140604724252543,0.00140461612499974,0.00139933505230959,0.0013902184995076,0.00137729145443118,0.00136058934921256,0.0013401579631614,0.00131605329728611,0.00128834142080084,0.00125709829003271,0.00122240954023154,0.00118437025084879,0.00114308468493342,0.00109866600335136,0.00105123595462149,0.00100092454121059,0.000947869663205301,0.000892216740339166,0.000834118313404897,0.000773733626152388,0.000711228188812189,0.000646773324443339,0.000580545699348665,0.000512726838845569,0.000443502629716365,0.000373062810706305,0.000301600452463799,0.000229311428344909,0.000156393877540351,8.30476619878753e-05,9.47381856660327e-06,-6.41259919327822e-05,-0.000137550037545604,-0.000210597068066487,-0.000283066866662212,-0.000354760798652145,-0.000425482355951909,-0.000495037695689383,-0.000563236171512364,-0.000629890856139366,-0.000694819053713194,-0.000757842800556574,-0.000818789352960565,-0.000877491660661697,-0.000933788824714735,-0.000987526538506038,-0.00103855751069721,-0.00108674186894098,-0.00113194754326044,-0.00117405062804454,-0.00121293572166447,-0.00124849624278145,-0.00128063472247875,-0.00130926307141767,-0.00133430282128372,-0.00135568533986257,-0.00137335201915791,-0.00138725443602862,-0.00139735448491749,-0.00140362448229176,-0.00140604724252483,-0.00140461612499962,-0.00139933505230929,-0.00139021849950749,-0.00137729145443119,-0.00136058934921242,-0.00134015796316095,-0.00131605329728611,-0.0012883414208006,-0.00125709829003275,-0.00122240954023121,-0.00118437025084872,-0.00114308468493363,-0.00109866600335126,-0.00105123595462155,-0.00100092454121037,-0.000947869663205415,-0.000892216740339291,-0.000834118313404917,-0.000773733626152445,-0.000711228188812239,-0.000646773324443419,-0.000580545699348756,-0.00051272683884572,-0.000443502629716423,-0.00037306281070679,-0.000301600452463985,-0.000229311428345226,-0.000156393877540358,-8.3047661988013e-05,-9.4738185669822e-06,6.41259919326006e-05,0.000137550037545377,0.000210597068066289,0.000283066866662294,0.000354760798651793,0.000425482355951964,0.000495037695689483,0.000563236171512156,0.000629890856139158,0.000694819053712726,0.000757842800556447,0.000818789352960357,0.000877491660661347,0.000933788824714533,0.000987526538505757,0.00103855751069704,0.00108674186894081,0.00113194754326036,0.00117405062804454,0.00121293572166448,0.00124849624278146,0.00128063472247876,0.00130926307141773,0.00133430282128375,0.00135568533986266,0.0013733520191578,0.00138725443602877,0.00139735448491764
0.00132179492683054,0.00132560721390129,0.00132578610374045,0.0013223311060243,0.00131525169065999,0.00130456726183356,0.00129030710482198,0.00127251030572427,0.00125122564432944,0.00122651146041546,0.00119843549384222,0.00116707469888247,0.00113251503329545,0.00109485122272222,0.00105418650104998,0.00101063232745377,0.00096430808089617,0.000915340732917097,0.00086386449961378,0.00081002047376319,0.000753956238098159,0.000695825460791236,0.000635787474262584,0.000574006838459866,0.000510652889811833,0.00044589927708773,0.000379923485439221,0.000312906349925381,0.000245031559856374,0.000176485155313647,0.000107455017227453,3.813035240788e-05,-3.12988250567108e-05,-0.000100642214617761,-0.000169709750863819,-0.00023831212447963,-0.000306261301126217,-0.000373371036835066,-0.0004394573884844,-0.000504339217978491,-0.00056783868873207,-0.000629781753109941,-0.000689998629478092,-0.000748324267563914,-0.000804598800848015,-0.000858667984745861,-0.000910383619382815,-0.000959603955798758,-0.00100619408447322,-0.00105002630510193,-0.00109098047661477,-0.00112894434647435,-0.00116381385835221,-0.00119549343733998,-0.00122389625191377,-0.00124894445193287,-0.00127056938202268,-0.00128871176975228,-0.00130332188809825,-0.00131435969174176,-0.00132179492683024,-0.00132560721390101,-0.00132578610374037,-0.00132233110602371,-0.00131525169065981,-0.0013045672618335,-0.00129030710482212,-0.00127251030572427,-0.00125122564432967,-0.00122651146041528,-0.00119843549384218,-0.00116707469888207,-0.00113251503329561,-0.00109485122272243,-0.00105418650104987,-0.00101063232745368,-0.000964308080896047,-0.000915340732917117,-0.000863864499613715,-0.000810020473763392,-0.000753956238098198,-0.000695825460791252,-0.000635787474262576,-0.00057400683846,-0.000510652889811966,-0.000445899277087897,-0.000379923485439566,-0.000312906349925548,-0.000245031559856628,-0.000176485155313815,-0.000107455017227624,-3.81303524082276e-05,3.12988250565491e-05,0.000100642214617698,0.000169709750863461,0.000238312124479421,0.000306261301126467,0.000373371036834538,0.0004394573884845,0.000504339217978339,0.000567838688732058,0.000629781753109635,0.000689998629478023,0.000748324267563982,0.000804598800847611,0.000858667984745529,0.000910383619382417,0.000959603955798607,0.00100619408447309,0.00105002630510183,0.00109098047661467,0.00112894434647433,0.00116381385835215,0.00119549343733988,0.00122389625191364,0.00124894445193298,0.0012705693820225,0.00128871176975217,0.0013033218880982,0.00131435969174191
0.00124115741858858,0.00124698417930703,0.00124939304306733,0.00124837740734046,0.00124394005591344,0.00123609315125902,0.00122485820119652,0.00121026599994337,0.00119235654370884,0.00117117892106755,0.00114679117841155,0.00111926016084781,0.00108866132898245,0.00105507855208547,0.0010186038782157,0.000979337281917463,0.000937386390202673,0.000892866187549203,0.000845898700737902,0.000796612664385585,0.000745143168092147,0.000691631286169209,0.000636223690965564,0.00057907225084833,0.000520333613942329,0.00046016877876853,0.000398742652958014,0.000336223601252098,0.000272782984025701,0.000208594687600936,0.000143834647636887,7.86803669012499e-05,1.33104287493321e-05,-5.20959923631115e-05,-0.000117359621981409,-0.000182301577033184,-0.000246743856134304,-0.000310509827476623,-0.000373424712964958,-0.000435316067271428,-0.000496014250496238,-0.000555352893137804,-0.000613169352101578,-0.000669305156492069,-0.000723606441971261,-0.00077592437249033,-0.000826115548238154,-0.000874042398691203,-0.000919573559683027,-0.000962584233466633,-0.00100295653077472,-0.00104057979394665,-0.00107535090023313,-0.00110717454444887,-0.00113596350019703,-0.0011616388589509,-0.00118413024633695,-0.00120337601502558,-0.00121932341370275,-0.00123192873165702,-0.00124115741858825,-0.00124698417930715,-0.00124939304306672,-0.00124837740734005,-0.00124394005591329,-0.00123609315125882,-0.00122485820119655,-0.00121026599994301,-0.00119235654370866,-0.00117117892106766,-0.00114679117841176,-0.0011192601608479,-0.00108866132898225,-0.00105507855208566,-0.00101860387821542,-0.000979337281917458,-0.000937386390202486,-0.000892866187548886,-0.000845898700737784,-0.000796612664385492,-0.000745143168092093,-0.000691631286169203,-0.000636223690965613,-0.000579072250848446,-0.000520333613942514,-0.000460168778768691,-0.000398742652958182,-0.000336223601252127,-0.000272782984025835,-0.000208594687601068,-0.000143834647636974,-7.86803669013594e-05,-1.33104287492119e-05,5.20959923628872e-05,0.000117359621981202,0.000182301577033475,0.000246743856134306,0.000310509827476547,0.000373424712964979,0.000435316067271487,0.000496014250496369,0.000555352893137716,0.000613169352101145,0.000669305156491471,0.000723606441970832,0.000775924372490132,0.000826115548238042,0.000874042398690936,0.00091957355968294,0.000962584233466562,0.00100295653077461,0.00104057979394661,0.001075350900233,0.00110717454444864,0.0011359635001968,0.00116163885895069,0.00118413024633684,0.00120337601502581,0.00121932341370288,0.0012319287316573
0.00116014885551284,0.00116829796327688,0.00117324484753092,0.00117497594920921,0.00117348652348225,0.00116878065276277,0.00116087123551439,0.00114977995090113,0.00113553719936257,0.00111818201929066,0.00109776198002757,0.0010743330514821,0.00104795945071841,0.00101871346594332,0.000986675258367442,0.000951932642491708,0.000914580845410891,0.000874722245804459,0.000832466093323466,0.000787928209144668,0.000741230668512788,0.000692501466140999,0.000641874165385558,0.000589487532159038,0.000535485154581461,0.000480015049416407,0.00042322925636631,0.00036528342134277,0.000306336369851968,0.00024654967166464,0.000186087197964663,0.000125114672189837,6.37992157953045e-05,2.30889018444092e-06,-5.91877639334774e-05,-0.000120522188504548,-0.000181526270134492,-0.000242032800875831,-0.000301875936532983,-0.000360891651231958,-0.000418918186999829,-0.000475796497135878,-0.000531370682145176,-0.000585488417050343,-0.000638001368900571,-0.000688765603346002,-0.000737641979148066,-0.000784496529558135,-0.000829200829510422,-0.000871632347625967,-0.000911674782063052,-0.00094921837929239,-0.000984160234923364,-0.00101640457575857,-0.00104586302230105,-0.00107245483099631,-0.00109610711554537,-0.00111675504668005,-0.00113434202985655,-0.00114881986037648,-0.00116014885551254,-0.00116829796327646,-0.00117324484753086,-0.00117497594920886,-0.001173486523482,-0.0011687806527627,-0.00116087123551446,-0.00114977995090101,-0.00113553719936229,-0.00111818201929078,-0.00109776198002797,-0.00107433305148216,-0.00104795945071849,-0.00101871346594325,-0.000986675258367362,-0.000951932642491566,-0.000914580845410693,-0.000874722245804253,-0.000832466093323321,-0.000787928209144506,-0.000741230668512748,-0.00069250146614096,-0.000641874165385627,-0.000589487532159126,-0.000535485154581654,-0.000480015049416638,-0.00042322925636656,-0.000365283421343003,-0.000306336369852224,-0.000246549671664718,-0.000186087197964866,-0.000125114672190162,-6.37992157954438e-05,-2.30889018470281e-06,5.91877639329658e-05,0.000120522188504472,0.000181526270134535,0.000242032800875809,0.000301875936532943,0.000360891651231873,0.000418918186999798,0.000475796497135786,0.000531370682144935,0.000585488417049854,0.000638001368900175,0.000688765603345755,0.000737641979147795,0.000784496529557957,0.000829200829510213,0.000871632347625694,0.000911674782062998,0.000949218379292188,0.000984160234923146,0.00101640457575837,0.00104586302230085,0.00107245483099628,0.00109610711554527,0.00111675504668025,0.00113434202985677,0.00114881986037682
0.00107750377065286,0.00108801229802639,0.00109553865931774,0.00110006222529391,0.0011015705971751,0.00110005964061815,0.00109553349705077,0.00108800457231816,0.00107749350267796,0.00106402909824322,0.0010476482640102,0.00102839589870614,0.00100632477172673,0.000981495378497196,0.000953975774657656,0.000923841389530098,0.000891174819369153,0.000856065600973328,0.000818609966269281,0.000778910578548828,0.000737076251073886,0.000693221648828306,0.000647466974228647,0.000599937637657368,0.00055076391372226,0.000500080584182986,0.000448026568522593,0.000394744543179805,0.000340380550482669,0.000285083598355996,0.00022900525190239,0.000172299217971213,0.000115120923859845,5.76270912980569e-05,-2.46931148670406e-08,-5.76764098462216e-05,-0.000115170039547045,-0.0001723479961751,-0.000229053558924994,-0.000285131301791895,-0.000340427519579069,-0.000394790649197751,-0.00044807168508913,-0.000500124587636512,-0.000550806683452573,-0.000599979056435329,-0.000647506928528342,-0.000693260029137874,-0.000737112952195545,-0.000778945499887379,-0.000818643012107793,-0.000856096680735092,-0.000891203847867284,-0.000923868287199133,-0.000954000467773032,-0.000981517799376543,-0.00100634485891646,-0.00102841359714842,-0.00104766352519448,-0.00106404188034018,-0.00107750377065272,-0.00108801229802611,-0.00109553865931769,-0.00110006222529376,-0.00110157059717489,-0.00110005964061806,-0.00109553349705066,-0.00108800457231768,-0.00107749350267819,-0.00106402909824361,-0.00104764826401008,-0.00102839589870611,-0.00100632477172661,-0.000981495378497205,-0.000953975774657854,-0.000923841389530013,-0.000891174819369191,-0.000856065600973176,-0.000818609966269212,-0.000778910578548678,-0.000737076251073763,-0.000693221648828146,-0.000647466974228536,-0.000599937637657398,-0.000550763913722438,-0.00050008058418313,-0.000448026568522754,-0.000394744543180033,-0.000340380550482799,-0.000285083598356195,-0.000229005251902443,-0.000172299217971296,-0.000115120923859946,-5.76270912981659e-05,2.46931150531697e-08,5.76764098464206e-05,0.000115170039547384,0.000172347996175123,0.000229053558925122,0.00028513130179144,0.000340427519579003,0.000394790649197838,0.000448071685088686,0.000500124587636028,0.000550806683452211,0.000599979056435006,0.000647506928527978,0.00069326002913767,0.000737112952195329,0.000778945499887136,0.000818643012107395,0.000856096680734893,0.000891203847866964,0.000923868287198902,0.000954000467772901,0.000981517799376478,0.00100634485891652,0.00102841359714838,0.00104766352519452,0.00106404188034032
0.000992449403500229,0.00100513097823297,0.00101505755882024,0.00102220193719449,0.00102654453111142,0.00102807343782252,0.0010267844667013,0.00102268115072756,0.00101577473680564,0.00100608415493553,0.000993635966328964,0.000978464290605317,0.000960610712273413,0.000940124166750276,0.000917060806233672,0.000891483845790921,0.000863463390093402,0.000833076241262089,0.000800405688359991,0.000765541279101484,0.000728578574409131,0.0006896188864871,0.000648769001132218,0.000606140885040613,0.000561851378915243,0.000516021877214262,0.000468777995416042,0.000420249225716724,0.000370568582100914,0.000319872235759312,0.000268299141853783,0.000215990658649431,0.000163090160063429,0.000109742642684736,5.60943283505606e-05,2.29226336147051e-06,-5.15160845625387e-05,-0.000105183230479164,-0.000158562076472314,-0.000211506314835489,-0.000263870829091193,-0.000315512091745629,-0.000366288557688112,-0.00041606105215392,-0.000464693152196101,-0.000512051560608308,-0.000558006471285218,-0.000602431925010954,-0.000645206154704853,-0.000686211919176137,-0.000725336824475125,-0.000762473631955769,-0.00079752055221022,-0.000830381524065818,-0.000860966477883126,-0.00088919158242965,-0.000914979474655728,-0.000938259471741129,-0.000958967764832102,-0.000977047593936855,-0.000992449403500295,-0.00100513097823303,-0.00101505755882022,-0.00102220193719451,-0.00102654453111113,-0.00102807343782219,-0.00102678446670106,-0.00102268115072755,-0.00101577473680554,-0.0010060841549356,-0.00099363596632914,-0.000978464290605007,-0.000960610712273102,-0.00094012416675011,-0.000917060806233312,-0.000891483845790646,-0.000863463390093337,-0.000833076241262025,-0.000800405688359817,-0.000765541279101163,-0.000728578574408915,-0.000689618886487051,-0.000648769001132342,-0.000606140885040677,-0.000561851378915379,-0.000516021877214392,-0.000468777995416137,-0.000420249225716809,-0.000370568582100953,-0.000319872235759495,-0.000268299141853931,-0.000215990658649665,-0.000163090160063458,-0.00010974264268468,-5.60943283504754e-05,-2.29226336136325e-06,5.15160845622883e-05,0.000105183230479093,0.000158562076471876,0.000211506314835272,0.000263870829090764,0.000315512091745347,0.000366288557687737,0.000416061052153591,0.000464693152195557,0.000512051560607976,0.000558006471284983,0.000602431925010648,0.000645206154704398,0.000686211919175988,0.000725336824474969,0.000762473631955464,0.000797520552209845,0.00083038152406566,0.000860966477883096,0.00088919158242966,0.000914979474655784,0.000938259471741251,0.000958967764832248,0.000977047593936688
0.000904793122373278,0.000919285914961973,0.000931259008756551,0.000940679586339257,0.000947521826561618,0.000951766975318459,0.000953403396952805,0.000952426606146046,0.000948839280214668,0.000942651251768906,0.000933879481765089,0.000922548013014843,0.000908687904286277,0.000892337145174369,0.000873540551973237,0.000852349644838143,0.000828822506572562,0.00080302362342702,0.000775023708347619,0.000744899507154458,0.000712733588189845,0.000678614116001351,0.000642634609690783,0.000604893686583937,0.000565494791927953,0.000524545915354313,0.000482159294887461,0.000438451109307706,0.000393541159713806,0.00034755254115578,0.000300611305240564,0.000252846114632994,0.000204387890400236,0.000155369453166874,0.000105925159061911,5.61905314585857e-05,6.3018895140286e-06,-4.36040254710276e-05,-9.339042485354e-05,-0.000142920847572853,-0.000192059534183453,-0.000240671798960722,-0.000288624399065946,-0.000335785899754969,-0.000382027034633484,-0.000427221059964324,-0.000471244102065412,-0.000513975496838442,-0.000555298120501035,-0.000595098710613306,-0.000633268176524499,-0.000669701898381947,-0.000704300013886285,-0.000736967692007868,-0.000767615392911613,-0.000796159113379695,-0.000822520617058386,-0.000846627648898499,-0.000868414133201213,-0.000887820354727493,-0.000904793122373307,-0.000919285914962042,-0.000931259008756638,-0.000940679586339101,-0.000947521826561443,-0.000951766975318628,-0.000953403396952503,-0.00095242660614605,-0.000948839280214285,-0.000942651251768759,-0.000933879481765173,-0.000922548013014948,-0.000908687904286532,-0.000892337145174253,-0.00087354055197322,-0.000852349644838052,-0.000828822506572442,-0.000803023623427069,-0.000775023708347578,-0.000744899507154365,-0.000712733588189672,-0.000678614116001404,-0.00064263460969075,-0.000604893686584062,-0.000565494791928048,-0.000524545915354454,-0.000482159294887485,-0.000438451109307823,-0.000393541159713791,-0.000347552541155868,-0.000300611305240599,-0.00025284611463294,-0.000204387890400302,-0.000155369453166883,-0.000105925159061488,-5.61905314584198e-05,-6.30188951411365e-06,4.36040254711831e-05,9.33904248531675e-05,0.000142920847572876,0.000192059534183214,0.000240671798960503,0.000288624399065607,0.000335785899754776,0.000382027034633317,0.000427221059963898,0.000471244102065159,0.000513975496838198,0.000555298120500754,0.000595098710612888,0.000633268176524237,0.000669701898381792,0.000704300013886016,0.000736967692007681,0.00076761539291157,0.000796159113379764,0.000822520617058435,0.00084662764889851,0.00086841413320122,0.000887820354727578
0.000814920475729219,0.000830735358810142,0.000844273254016183,0.000855497054917694,0.000864375997856438,0.000870885746267344,0.000875008457382015,0.000876732831136105,0.000876054141140953,0.000872974247638983,0.000867501592403735,0.000859651175603149,0.000849444514683651,0.000836909585393778,0.000822080745102939,0.000804998638632108,0.000785710086847453,0.000764267958328917,0.000740731024460229,0.000715163798341024,0.000687636357961071,0.000658224154120667,0.000627007803626589,0.000594072868325576,0.00055950962058598,0.000523412795867396,0.00048588133305732,0.00044701810328652,0.000406929627966382,0.000365725786821419,0.000323519516716071,0.000280426502103009,0.000236564857939872,0.000192054805944477,0.000147018345075624,0.000101578917141907,5.58610684570585e-05,9.99010846649081e-06,-3.5908233717167e-05,-8.17081539280917e-05,-0.000127284117768159,-0.000172511204689499,-0.000217265450389541,-0.000261424186591923,-0.000304866377270597,-0.000347472950399736,-0.000389127124324802,-0.000429714727849662,-0.00046912451317466,-0.000507248460817668,-0.000543982075687813,-0.000579224673500089,-0.000612879656743899,-0.000644854779449258,-0.000675062400027468,-0.000703419721490171,-0.000729849018390458,-0.000754277849862546,-0.000776639258177296,-0.000796871952268931,-0.000814920475729377,-0.000830735358810229,-0.000844273254016327,-0.00085549705491759,-0.00086437599785648,-0.000870885746267148,-0.000875008457381921,-0.00087673283113599,-0.000876054141141125,-0.000872974247638881,-0.000867501592403759,-0.000859651175603067,-0.000849444514683654,-0.000836909585393565,-0.000822080745102844,-0.000804998638631888,-0.000785710086847297,-0.00076426795832869,-0.000740731024459966,-0.00071516379834077,-0.000687636357960812,-0.000658224154120724,-0.000627007803626605,-0.000594072868325556,-0.000559509620586123,-0.000523412795867492,-0.000485881333057372,-0.000447018103286602,-0.00040692962796652,-0.000365725786821568,-0.000323519516716114,-0.000280426502102918,-0.000236564857939813,-0.000192054805944554,-0.000147018345075503,-0.000101578917141999,-5.58610684571427e-05,-9.99010846650621e-06,3.59082337169134e-05,8.17081539276995e-05,0.000127284117768264,0.0001725112046891,0.000217265450389213,0.000261424186591782,0.000304866377270264,0.000347472950399618,0.000389127124324349,0.00042971472784932,0.000469124513174266,0.000507248460817248,0.000543982075687418,0.000579224673499888,0.000612879656743695,0.00064485477944907,0.00067506240002748,0.000703419721490269,0.000729849018390455,0.00075427784986257,0.000776639258177266,0.00079687195226889
0.000723724070628479,0.000740292241154594,0.000754831322104756,0.000767301462868656,0.000777668483657419,0.000785903969187494,0.0007919853465655,0.000795895947158738,0.000797625052282935,0.000797167922581052,0.000794525811013915,0.000789705959425445,0.000782721578694195,0.000773591812521813,0.000762341684963256,0.000749002031835696,0.000733609416201457,0.000716206028150288,0.000696839569158595,0.000675563121344293,0.000652435001972484,0.000627518603610599,0.000600882220374215,0.000572598860738563,0.000542746047426641,0.000511405604924503,0.000478663435206738,0.000444609282284331,0.00040933648622375,0.00037294172730703,0.000335524761038673,0.000297188144722378,0.00025803695635861,0.000218178506633388,0.000177722044786739,0.000136778459168955,9.54599733018803e-05,5.3879838283173e-05,1.21520223728795e-05,-2.96091013860212e-05,-7.12890686559156e-05,-0.000112773637544114,-0.000153949101730643,-0.000194702602130337,-0.000234922436230787,-0.000274498364263031,-0.000313321911358636,-0.000351286664874485,-0.00038828856605936,-0.000424226195274182,-0.000459001049975433,-0.000492517814703322,-0.000524684622335745,-0.000555413305888542,-0.000584619640176434,-0.000612223572666891,-0.000638149442899803,-0.000662326189866993,-0.000684687546785498,-0.000705172222730342,-0.000723724070628579,-0.00074029224115468,-0.000754831322104885,-0.000767301462868555,-0.00077766848365739,-0.0007859039691874,-0.000791985346565435,-0.000795895947158616,-0.000797625052282863,-0.000797167922581116,-0.000794525811013955,-0.000789705959425416,-0.000782721578694099,-0.000773591812521618,-0.000762341684963129,-0.000749002031835795,-0.000733609416201382,-0.000716206028149943,-0.000696839569158487,-0.000675563121344208,-0.000652435001972332,-0.000627518603610429,-0.000600882220374104,-0.00057259886073865,-0.000542746047426681,-0.0005114056049246,-0.000478663435206738,-0.000444609282284487,-0.000409336486223858,-0.000372941727307101,-0.00033552476103869,-0.000297188144722313,-0.000258036956358524,-0.00021817850663344,-0.000177722044786998,-0.000136778459169031,-9.54599733019812e-05,-5.38798382833928e-05,-1.21520223731674e-05,2.96091013859047e-05,7.12890686557105e-05,0.000112773637543983,0.000153949101730278,0.000194702602129849,0.000234922436230498,0.000274498364262804,0.000313321911358584,0.00035128666487421,0.000388288566058978,0.000424226195273674,0.000459001049975054,0.000492517814703015,0.000524684622335435,0.000555413305888508,0.000584619640176368,0.000612223572666915,0.000638149442899833,0.000662326189867036,0.000684687546785459,0.000705172222730254
0.000632485070761495,0.00064920411021737,0.000664143726332686,0.000677262970658138,0.000688525884256977,0.000697901596266095,0.000705364408510216,0.000710893865939793,0.000714474812696701,0.000716097433654236,0.000715757281322112,0.000713455288032847,0.000709197763391063,0.000702996376975478,0.00069486812635543,0.000684835290500421,0.000672925368716766,0.000659171005272042,0.000643609899919962,0.000626284704569096,0.000607242906375531,0.000586536697584536,0.000564222832475047,0.000540362471800382,0.00051502101515076,0.000488267921697139,0.000460176519809357,0.000430823806067159,0.000400290234218772,0.000368659494662221,0.00033601828505609,0.000302456072686946,0.000268064849246031,0.000232938878686232,0.000197174438851319,0.000160869557584914,0.000124123744043175,8.70377159468892e-05,4.9713123520815e-05,1.22522708786966e-05,-2.52421643861237e-05,-6.26674126329017e-05,-9.99208938576943e-05,-0.000136900498857788,-0.00017350486910646,-0.00020963367456893,-0.000245187888700923,-0.000280070059872919,-0.000314184578477981,-0.000347437938992308,-0.000379738996265932,-0.000410999215345964,-0.000441132914145275,-0.000470057498289445,-0.000497693687504171,-0.00052396573291569,-0.000548801624673636,-0.000572133289325128,-0.00059389677639914,-0.000614032433690316,-0.000632485070761584,-0.000649204110217486,-0.000664143726332675,-0.000677262970658303,-0.000688525884257115,-0.000697901596266061,-0.000705364408510124,-0.00071089386593993,-0.000714474812696716,-0.000716097433654462,-0.000715757281321891,-0.000713455288032907,-0.0007091977633911,-0.000702996376975392,-0.000694868126355283,-0.000684835290500356,-0.000672925368716733,-0.000659171005271701,-0.00064360989991966,-0.000626284704569118,-0.000607242906375426,-0.000586536697584391,-0.000564222832475055,-0.0005403624718004,-0.000515021015150717,-0.0004882679216972,-0.000460176519809386,-0.000430823806067335,-0.000400290234218892,-0.000368659494662271,-0.000336018285055989,-0.000302456072686833,-0.000268064849245974,-0.00023293887868622,-0.000197174438851452,-0.000160869557585031,-0.000124123744043194,-8.70377159468099e-05,-4.97131235210633e-05,-1.22522708790663e-05,2.52421643858827e-05,6.2667412632729e-05,9.99208938575692e-05,0.000136900498857515,0.000173504869106068,0.000209633674568921,0.000245187888700883,0.000280070059872564,0.000314184578477549,0.000347437938991966,0.000379738996265601,0.000410999215345817,0.000441132914144956,0.000470057498289286,0.000497693687504049,0.000523965732915683,0.000548801624673687,0.000572133289325211,0.000593896776399081,0.000614032433690229
0.000542728784951228,0.000559005846427015,0.000573750711733705,0.000586922966220406,0.000598486505653178,0.000608409635174444,0.00061666515617566,0.000623230440847512,0.000628087494201363,0.000631223003391372,0.000632628374204852,0.000632299754618062,0.000630238045354402,0.000626448897415952,0.000620942696593588,0.000613734535001125,0.00060484416970827,0.00059429596858847,0.000582118843527788,0.00056834617117953,0.000553015701481248,0.000536169454184944,0.000517853603683357,0.000498118352449783,0.000477017793435867,0.000454609761807162,0.000430955676420901,0.000406120371480927,0.000380171918831778,0.000353181441378539,0.000325222918143973,0.000296372981496684,0.000266710707107709,0.00023631739720946,0.000205276357751535,0.000173672670065818,0.000141592957663108,0.000109125148805405,7.63582355001649e-05,4.33820295789687e-05,1.02869165300085e-05,-2.2836392242002e-05,-5.58971080501797e-05,-8.88046137706204e-05,-0.000121468712217433,-0.000153799873367214,-0.000185709479754573,-0.000217110069366486,-0.000247915575369613,-0.000278041562012762,-0.00030740545606089,-0.000335926773121458,-0.000363527338246951,-0.000390131500206705,-0.000415666338842265,-0.000440061864935521,-0.000463251212045267,-0.000485170819782998,-0.000505760608027651,-0.000524964141600708,-0.000542728784951314,-0.000559005846427143,-0.000573750711733791,-0.000586922966220528,-0.000598486505653281,-0.000608409635174518,-0.000616665156175537,-0.000623230440847483,-0.000628087494201216,-0.00063122300339129,-0.000632628374204982,-0.000632299754618086,-0.000630238045354527,-0.000626448897415972,-0.000620942696593413,-0.000613734535000988,-0.000604844169708104,-0.000594295968588399,-0.000582118843527562,-0.00056834617117942,-0.000553015701481282,-0.000536169454185044,-0.000517853603683449,-0.000498118352449807,-0.000477017793435826,-0.000454609761807132,-0.000430955676420965,-0.000406120371481028,-0.000380171918831898,-0.000353181441378611,-0.000325222918143927,-0.000296372981496581,-0.000266710707107733,-0.000236317397209438,-0.000205276357751684,-0.000173672670065767,-0.000141592957663084,-0.000109125148805437,-7.63582355001794e-05,-4.33820295791508e-05,-1.02869165303031e-05,2.28363922418323e-05,5.58971080498996e-05,8.88046137706218e-05,0.000121468712217295,0.000153799873367065,0.000185709479754501,0.000217110069366307,0.000247915575369336,0.000278041562012564,0.000307405456060658,0.000335926773121293,0.000363527338246808,0.000390131500206668,0.000415666338842183,0.000440061864935424,0.00046325121204527,0.000485170819783086,0.000505760608027591,0.000524964141600566
0.000456074707449023,0.000471365373472166,0.000485364059770859,0.000498032396918923,0.00050933566188484,0.000519242873204961,0.000527726875901814,0.000534764415913674,0.000540336203832491,0.000544426967774943,0.000547025495241352,0.000548124663848491,0.000547721460851824,0.000545816991402632,0.000542416475519287,0.000537529233779468,0.000531168661773079,0.000523352193385833,0.000514101253014139,0.000503441196842854,0.000491401243344639,0.000478014393195456,0.000463317338820715,0.000447350363825087,0.00043015723257727,0.000411785070254691,0.000392284233677447,0.000371708173283039,0.000350113286622693,0.000327558763779863,0.000304106425133869,0.000279820551914804,0.000254767710013064,0.000229016567526749,0.00020263770654759,0.000175703429700003,0.000148287561964586,0.000120465248329152,9.23127478214561e-05,6.3907224488668e-05,3.53265358955261e-05,6.64901972303706e-06,-2.20467209501778e-05,-5.06820330938053e-05,-7.91784293075003e-05,-0.000107457802950268,-0.00013544264222436,-0.000163056242630572,-0.000190222917209844,-0.000216868203995062,-0.000242919070107474,-0.000268304111933931,-0.000292953750838997,-0.000316800423876062,-0.000339778768971841,-0.000361825804079602,-0.000382881099808472,-0.0004028869450566,-0.000421788505192732,-0.000439533972354254,-0.000456074707449143,-0.000471365373472312,-0.000485364059770971,-0.000498032396919007,-0.000509335661884837,-0.000519242873205049,-0.000527726875901829,-0.000534764415913624,-0.000540336203832411,-0.000544426967774948,-0.00054702549524143,-0.000548124663848683,-0.000547721460851971,-0.00054581699140263,-0.000542416475519358,-0.000537529233779475,-0.000531168661772955,-0.000523352193385723,-0.000514101253014085,-0.000503441196842768,-0.000491401243344621,-0.000478014393195422,-0.000463317338820681,-0.00044735036382512,-0.000430157232577214,-0.000411785070254742,-0.000392284233677484,-0.000371708173283084,-0.000350113286622808,-0.000327558763779883,-0.000304106425133875,-0.000279820551914766,-0.000254767710012946,-0.000229016567526718,-0.000202637706547675,-0.000175703429700025,-0.000148287561964636,-0.000120465248329297,-9.23127478216121e-05,-6.39072244888323e-05,-3.53265358956418e-05,-6.64901972338286e-06,2.20467209499511e-05,5.06820330935706e-05,7.91784293074583e-05,0.000107457802950239,0.00013544264222404,0.000163056242630416,0.000190222917209514,0.000216868203994822,0.000242919070107303,0.000268304111933696,0.000292953750838896,0.000316800423875972,0.00033977876897178,0.000361825804079558,0.000382881099808581,0.000402886945056644,0.000421788505192678,0.000439533972354118
0.000374098448775372,0.000387939822526731,0.000400717880189872,0.000412397597997003,0.000422946962653446,0.000432337059083909,0.000440542149686726,0.000447539744879147,0.000453310664738759,0.0004578390915757,0.00046111261328652,0.000463122257376008,0.000463862515549145,0.000463331358809972,0.000461530243021898,0.00045846410491859,0.000454141348570922,0.000448573822353836,0.00044177678646951,0.000433768871121148,0.000424572025447965,0.000414211457364628,0.000402715564468157,0.000390115856201797,0.000376446867490247,0.000361746064081486,0.000346053739855684,0.000329412906382867,0.00031186917503077,0.000293470631947797,0.000274267706261491,0.000254313031856487,0.000233661303108292,0.000212369124969861,0.000190494857821371,0.000168098457508831,0.000145241311008586,0.000121986068170456,9.83964699986861e-05,7.45371739420023e-05,5.0473576672501e-05,2.62716348378113e-05,1.99768427827279e-06,-2.22817417951591e-05,-4.65000951629542e-05,-7.05909950022394e-05,-9.44884098311198e-05,-0.000118126838496234,-0.00014144148970803,-0.00016436845962795,-0.00018684490702516,-0.000208809225519449,-0.000230201212441018,-0.000250962233840142,-0.000271035385200715,-0.00029036564740977,-0.000308900037562253,-0.000326587754183239,-0.000343380316470972,-0.000359231697179263,-0.000374098448775479,-0.000387939822526789,-0.000400717880189951,-0.000412397597997089,-0.000422946962653458,-0.000432337059083923,-0.000440542149686753,-0.000447539744879006,-0.000453310664738831,-0.000457839091575668,-0.00046111261328661,-0.000463122257376111,-0.000463862515549182,-0.000463331358809801,-0.000461530243021923,-0.00045846410491834,-0.000454141348570663,-0.000448573822353604,-0.0004417767864694,-0.000433768871121163,-0.000424572025447904,-0.000414211457364496,-0.00040271556446814,-0.000390115856201872,-0.000376446867490313,-0.000361746064081513,-0.000346053739855789,-0.000329412906382919,-0.000311869175030852,-0.000293470631947818,-0.000274267706261532,-0.000254313031856516,-0.000233661303108269,-0.000212369124969763,-0.000190494857821471,-0.000168098457508852,-0.000145241311008583,-0.000121986068170629,-9.83964699987493e-05,-7.45371739421103e-05,-5.04735766727027e-05,-2.62716348380861e-05,-1.99768427832135e-06,2.22817417951435e-05,4.65000951631322e-05,7.05909950022536e-05,9.44884098308931e-05,0.000118126838496022,0.000141441489707719,0.00016436845962773,0.000186844907024983,0.000208809225519411,0.000230201212440912,0.000250962233840146,0.000271035385200656,0.000290365647409689,0.000308900037562327,0.00032658775418334,0.000343380316470949,0.000359231697179189
0.000298219259606326,0.000310256055357919,0.000321442460827477,0.000331747814855075,0.00034114387118168,0.000349604875870009,0.000357107637894216,0.000363631592705337,0.000369158858596345,0.000373674285716115,0.00037716549759239,0.000379622925056223,0.00038103983246983,0.000381412336188285,0.000380739415205033,0.000379022913949468,0.000376267537232371,0.000372480837349733,0.000367673193382711,0.000361857782749326,0.000355050545085794,0.000347270138557568,0.000338537888717902,0.000328877730056753,0.00031831614039747,0.000306882068323322,0.000294606853830977,0.000281524142430212,0.000267669792923435,0.000253081779119823,0.000237800085751126,0.000221866598876716,0.000205324991076558,0.000188220601747857,0.000170600312832695,0.000152512420318359,0.000134006501861039,0.000115133280896706,9.59444876122833e-05,7.64927171562722e-05,5.68312854794906e-05,3.70140831995112e-05,1.70954278903183e-05,-2.87008479837076e-06,-2.28277307841324e-05,-4.27228075466376e-05,-6.25007840632122e-05,-8.21074502750912e-05,-0.000101489065673117,-0.000120592506596279,-0.00013936541184137,-0.000157756326179653,-0.000175714841393259,-0.000193191734440506,-0.000210139102372351,-0.000226510493631112,-0.000242261035371325,-0.000257347556452961,-0.000271728705770513,-0.00028536506559309,-0.000298219259606379,-0.000310256055358001,-0.000321442460827545,-0.000331747814855164,-0.000341143871181663,-0.000349604875869976,-0.000357107637894213,-0.000363631592705333,-0.000369158858596381,-0.000373674285716089,-0.000377165497592458,-0.000379622925056281,-0.000381039832469712,-0.000381412336188281,-0.000380739415204923,-0.00037902291394928,-0.000376267537232206,-0.000372480837349658,-0.000367673193382633,-0.000361857782749314,-0.000355050545085902,-0.00034727013855756,-0.000338537888717895,-0.000328877730056756,-0.000318316140397517,-0.000306882068323258,-0.000294606853831025,-0.000281524142430185,-0.000267669792923468,-0.000253081779119827,-0.000237800085751155,-0.000221866598876742,-0.000205324991076543,-0.000188220601747791,-0.000170600312832679,-0.000152512420318387,-0.000134006501861082,-0.000115133280896747,-9.5944487612333e-05,-7.6492717156278e-05,-5.68312854796456e-05,-3.70140831997058e-05,-1.70954278905516e-05,2.87008479817525e-06,2.28277307840875e-05,4.27228075466156e-05,6.25007840631367e-05,8.21074502748125e-05,0.000101489065672807,0.000120592506596158,0.0001393654118412,0.000157756326179528,0.000175714841393234,0.000193191734440547,0.000210139102372361,0.000226510493631095,0.000242261035371386,0.000257347556453086,0.000271728705770505,0.000285365065593031
0.000229621969815463,0.000239624708762595,0.000248970653039157,0.000257634186061456,0.000265591561687754,0.000272820969304449,0.000279302593607866,0.000285018668916234,0.000289953527864538,0.000294093644347354,0.000297427670593209,0.000299946468267985,0.000301643133522231,0.000302513015914455,0.000302553731157492,0.000301765167653611,0.000300149486800725,0.000297711117067679,0.000294456741856315,0.000290395281182904,0.000285537867229001,0.000279897813828462,0.000273490579975712,0.000266333727453282,0.000258446872696612,0.000249851633026262,0.000240571567396732,0.000230632111822969,0.000220060509661676,0.000208885736939654,0.00019713842293209,0.000184850766210273,0.000172056446387118,0.000158790531803875,0.000145089383410328,0.000130990555101878,0.000116532690787,0.000101755418466713,8.66992416173977e-05,7.14054281730573e-05,5.59158974135636e-05,4.02731050658462e-05,2.45199269365259e-05,8.69954139185487e-06,-7.14468899107215e-06,-2.29693362780667e-05,-3.87310262110662e-05,-5.43865570933156e-05,-6.989301820293e-05,-8.52079074077313e-05,-0.000100289247661144,-0.000115095702057742,-0.000129586687135133,-0.000143722484110579,-0.000157464347747196,-0.000170774612551792,-0.000183616796013746,-0.000195955698600829,-0.000207757500238965,-0.000218989853009875,-0.000229621969815503,-0.000239624708762669,-0.000248970653039233,-0.000257634186061546,-0.000265591561687701,-0.000272820969304423,-0.000279302593607771,-0.000285018668916288,-0.000289953527864503,-0.000294093644347357,-0.000297427670593248,-0.000299946468268077,-0.000301643133522224,-0.00030251301591427,-0.000302553731157364,-0.000301765167653567,-0.00030014948680069,-0.000297711117067499,-0.000294456741856268,-0.00029039528118293,-0.000285537867229022,-0.000279897813828422,-0.00027349057997571,-0.000266333727453329,-0.00025844687269663,-0.000249851633026223,-0.000240571567396771,-0.000230632111822978,-0.000220060509661685,-0.000208885736939625,-0.000197138422932118,-0.000184850766210312,-0.000172056446387105,-0.000158790531803823,-0.000145089383410366,-0.000130990555101908,-0.000116532690787028,-0.000101755418466804,-8.66992416173616e-05,-7.14054281731347e-05,-5.59158974136327e-05,-4.02731050659771e-05,-2.45199269366518e-05,-8.69954139192956e-06,7.14468899107678e-06,2.29693362781024e-05,3.87310262109022e-05,5.43865570931079e-05,6.98930182027371e-05,8.52079074075887e-05,0.000100289247661118,0.00011509570205763,0.000129586687135081,0.000143722484110648,0.000157464347747201,0.000170774612551685,0.000183616796013786,0.000195955698600927,0.000207757500238955,0.000218989853009831
0.000169217135017641,0.000177091988423951,0.000184481444999563,0.000191365250757551,0.000197724537664866,0.000203541875358113,0.00020880131891898,0.000213488452578332,0.000217590429228499,0.000221096005636746,0.000223995573261727,0.000226281184590093,0.000227946574920198,0.000228987179532843,0.000229400146202975,0.000229184343017811,0.000228340361478827,0.000226870514880915,0.000224778831971093,0.000222071045907163,0.000218754578542219,0.000214838520083087,0.000210333604173607,0.000205252178475144,0.000199608170822387,0.000193417051048069,0.000186695788581024,0.00017946280593461,0.000171737928211345,0.000163542328764273,0.000154898471161691,0.000145830047616593,0.000136361914047498,0.000126520021950385,0.000116331347267357,0.000105823816447559,9.50262299026916e-05,8.39681830667663e-05,7.267998527767e-05,6.11925767008218e-05,4.95374435246046e-05,3.77465316590492e-05,2.58521591740285e-05,1.38869277176186e-05,1.88363315759664e-06,-1.01248243100015e-05,-2.21055303378954e-05,-3.40256466437334e-05,-4.58525010171796e-05,-5.75536768725729e-05,-6.90971020999936e-05,-8.04511369736249e-05,-9.15846608726595e-05,-0.000102467157582425,-0.000113068798935629,-0.00012336052657022,-0.000133314131576165,-0.000142902331813991,-0.000152098846693473,-0.000160878469206335,-0.000169217135017657,-0.000177091988424029,-0.000184481444999625,-0.000191365250757598,-0.000197724537664848,-0.000203541875358106,-0.000208801318918948,-0.000213488452578327,-0.000217590429228584,-0.000221096005636754,-0.00022399557326175,-0.000226281184590237,-0.000227946574920179,-0.000228987179532693,-0.000229400146202924,-0.000229184343017779,-0.000228340361478864,-0.000226870514880774,-0.000224778831971104,-0.000222071045907146,-0.000218754578542256,-0.000214838520083047,-0.000210333604173629,-0.000205252178475132,-0.000199608170822426,-0.000193417051048054,-0.000186695788581022,-0.000179462805934596,-0.000171737928211347,-0.000163542328764247,-0.000154898471161705,-0.000145830047616607,-0.000136361914047477,-0.000126520021950306,-0.000116331347267379,-0.000105823816447609,-9.50262299026937e-05,-8.39681830668337e-05,-7.26799852777246e-05,-6.11925767008665e-05,-4.953744352469e-05,-3.77465316592588e-05,-2.58521591740853e-05,-1.38869277177199e-05,-1.88363315757498e-06,1.01248243099789e-05,2.21055303378481e-05,3.40256466435686e-05,4.58525010170711e-05,5.75536768723462e-05,6.9097102100031e-05,8.04511369734923e-05,9.15846608727004e-05,0.000102467157582433,0.000113068798935618,0.00012336052657018,0.000133314131576246,0.000142902331814088,0.000152098846693474,0.000160878469206311
0.000117638133077217,0.000123428414409685,0.000128880387037701,0.000133979107483187,0.000138710600507844,0.000143061897418172,0.000147021071611757,0.000150577271267403,0.000153720749088952,0.000156442889022256,0.000158736229871008,0.00016059448574724,0.000162012563300899,0.000162986575679922,0.000163513853184047,0.000163592950582228,0.000163223651074116,0.000162406966883985,0.000161145136486352,0.000159441618470616,0.000157301082061434,0.000154729394320065,0.000151733604064008,0.000148321922546087,0.000144503700948176,0.000140289404750363,0.000135690585045479,0.00013071984687875,0.000125390814697918,0.000119718095009829,0.000113717236344784,0.000107404686639358,0.000100797748153474,9.3914530046235e-05,8.67738987400407e-05,7.93954262089869e-05,7.17993363334312e-05,6.40064494676907e-05,5.60381253730016e-05,4.7916204671769e-05,3.9662948984132e-05,3.13009799103448e-05,2.28532170262817e-05,1.43428150629213e-05,5.79310044034852e-06,-2.77249266776753e-06,-1.13304865662476e-05,-1.98574243886896e-05,-2.83299343910583e-05,-3.67247940125475e-05,-4.50189935262599e-05,-5.31897991079224e-05,-6.12148151474215e-05,-6.90720456336871e-05,-7.67399544439835e-05,-8.41975243732207e-05,-9.1424314740656e-05,-9.8400517416215e-05,-0.000105107011113372,-0.00011152541379887,-0.000117638133077234,-0.000123428414409745,-0.00012888038703774,-0.000133979107483229,-0.000138710600507828,-0.000143061897418164,-0.000147021071611742,-0.000150577271267452,-0.000153720749088998,-0.000156442889022272,-0.000158736229871046,-0.00016059448574733,-0.000162012563300921,-0.000162986575679867,-0.000163513853183979,-0.000163592950582186,-0.000163223651074059,-0.00016240696688395,-0.000161145136486288,-0.000159441618470647,-0.000157301082061374,-0.000154729394320072,-0.00015173360406401,-0.000148321922546072,-0.00014450370094821,-0.000140289404750336,-0.000135690585045501,-0.000130719846878735,-0.00012539081469791,-0.000119718095009812,-0.000113717236344788,-0.000107404686639368,-0.000100797748153457,-9.39145300461957e-05,-8.67738987400529e-05,-7.93954262090287e-05,-7.17993363334567e-05,-6.4006449467734e-05,-5.60381253730066e-05,-4.79162046717548e-05,-3.96629489842185e-05,-3.13009799104284e-05,-2.28532170263515e-05,-1.4342815062945e-05,-5.79310044036031e-06,2.77249266780248e-06,1.13304865662014e-05,1.98574243885799e-05,2.83299343910198e-05,3.67247940124235e-05,4.50189935262276e-05,5.31897991079083e-05,6.1214815147475e-05,6.90720456336726e-05,7.67399544439604e-05,8.41975243731874e-05,9.14243147407126e-05,9.84005174162878e-05,0.000105107011113382,0.000111525413798869
7.52696841596014e-05,7.91494257560301e-05,8.28122242781144e-05,8.62480402496373e-05,8.944745633786e-05,9.24017031657056e-05,9.51026833478818e-05,9.75429936855636e-05,9.97159454576294e-05,0.000101615582754411,0.000103236698802056,0.000104574850234186,0.000105626369270759,0.000106388373771124,0.000106858775133976,0.000107036284021806,0.000106920413895158,0.000106511482345983,0.000105810610227212,0.000104819718580607,0.000103541523371327,0.000101979528043495,0.000100138013917859,9.80220284565874e-05,9.56373714287046e-05,9.29905790134647e-05,9.00889058847988e-05,8.69403053271441e-05,8.35534074357006e-05,7.99374954622276e-05,7.61024803700435e-05,7.20588736690243e-05,6.78177586040271e-05,6.33907597766595e-05,5.87900112829438e-05,5.40281234547612e-05,4.91181482956476e-05,4.40735437061597e-05,3.89081365969982e-05,3.3636084989815e-05,2.82718392117019e-05,2.28301022874092e-05,1.73257896397421e-05,1.17739882069574e-05,6.18991509088883e-06,5.88875847800636e-07,-5.01377746306365e-06,-1.06026883584466e-05,-1.61625380219403e-05,-2.1678087292238e-05,-2.71342184320011e-05,-3.25159765651905e-05,-3.78086106666871e-05,-4.29976139944616e-05,-4.80687638510474e-05,-5.30081605670452e-05,-5.78022655995182e-05,-6.24379386397405e-05,-6.69024736302391e-05,-7.11836335907854e-05,-7.52696841596137e-05,-7.91494257560898e-05,-8.28122242781448e-05,-8.62480402496554e-05,-8.94474563378579e-05,-9.24017031656723e-05,-9.51026833478794e-05,-9.7542993685571e-05,-9.97159454576808e-05,-0.0001016155827544,-0.000103236698802054,-0.00010457485023423,-0.000105626369270728,-0.000106388373771101,-0.000106858775133888,-0.000107036284021761,-0.000106920413895128,-0.000106511482346,-0.000105810610227178,-0.000104819718580599,-0.000103541523371289,-0.000101979528043507,-0.000100138013917869,-9.80220284565684e-05,-9.56373714287253e-05,-9.29905790134303e-05,-9.00889058848237e-05,-8.69403053271294e-05,-8.35534074356989e-05,-7.99374954622069e-05,-7.61024803700435e-05,-7.20588736690331e-05,-6.78177586040338e-05,-6.33907597766096e-05,-5.87900112829406e-05,-5.40281234547823e-05,-4.91181482956471e-05,-4.40735437062443e-05,-3.890813659698e-05,-3.36360849897943e-05,-2.82718392117384e-05,-2.28301022875085e-05,-1.73257896397818e-05,-1.17739882069628e-05,-6.18991509085309e-06,-5.8887584781292e-07,5.01377746305497e-06,1.06026883583719e-05,1.61625380218925e-05,2.16780872921331e-05,2.71342184320079e-05,3.25159765651221e-05,3.78086106667094e-05,4.29976139944781e-05,4.80687638510345e-05,5.30081605670138e-05,5.78022655995619e-05,6.24379386397858e-05,6.69024736302466e-05,7.11836335907878e-05
4.22989802272557e-05,4.45593911564486e-05,4.66976678917974e-05,4.87079495653484e-05,5.0584726134801e-05,5.23228534860293e-05,5.39175675327297e-05,5.53644972746258e-05,5.66596767777944e-05,5.77995560453117e-05,5.87810107473085e-05,5.96013507846477e-05,6.02583276623435e-05,6.07501406524063e-05,6.10754417296532e-05,6.12333392663939e-05,6.12234004764999e-05,6.10456526014798e-05,6.07005828359091e-05,6.01891369920299e-05,5.95127169073636e-05,5.8673176602303e-05,5.7672817198525e-05,5.65143806115759e-05,5.52010420356327e-05,5.37364012404922e-05,5.21244727046624e-05,5.03696746123194e-05,4.84768167430085e-05,4.64510872885817e-05,4.42980386326638e-05,4.20235721319851e-05,3.96339219411244e-05,3.71356379251439e-05,3.45355677068543e-05,3.18408378980191e-05,2.90588345657612e-05,2.61971829877776e-05,2.32637267522115e-05,2.02665062586398e-05,1.72137366800832e-05,1.4113785445834e-05,1.0975149306718e-05,7.8064310462417e-06,4.61631590085683e-06,1.41354775448633e-06,-1.7930948280464e-06,-4.9948226623086e-06,-8.18286003480826e-06,-1.13484687567477e-05,-1.44829721146463e-05,-1.75777786526682e-05,-2.06244057211875e-05,-2.36145027272598e-05,-2.65398740227795e-05,-2.93925013683596e-05,-3.21645659107284e-05,-3.48484696136594e-05,-3.74368560837095e-05,-3.99226307334e-05,-4.22989802272594e-05,-4.45593911564867e-05,-4.66976678918174e-05,-4.87079495653592e-05,-5.0584726134796e-05,-5.23228534860237e-05,-5.39175675327395e-05,-5.53644972746313e-05,-5.66596767778329e-05,-5.77995560453257e-05,-5.87810107473016e-05,-5.96013507846654e-05,-6.02583276623367e-05,-6.07501406523935e-05,-6.10754417296086e-05,-6.12333392663588e-05,-6.12234004764626e-05,-6.10456526014618e-05,-6.07005828358889e-05,-6.01891369920324e-05,-5.95127169073494e-05,-5.8673176602309e-05,-5.76728171985235e-05,-5.65143806115773e-05,-5.52010420356455e-05,-5.37364012404714e-05,-5.21244727046762e-05,-5.03696746123162e-05,-4.84768167429981e-05,-4.64510872885748e-05,-4.42980386326581e-05,-4.20235721319909e-05,-3.96339219411254e-05,-3.7135637925118e-05,-3.45355677068529e-05,-3.18408378980295e-05,-2.90588345657551e-05,-2.61971829878061e-05,-2.32637267522041e-05,-2.026650625862e-05,-1.7213736680115e-05,-1.41137854458699e-05,-1.09751493067422e-05,-7.80643104624204e-06,-4.61631590083565e-06,-1.41354775447559e-06,1.79309482803386e-06,4.99482266226482e-06,8.18286003476877e-06,1.13484687567158e-05,1.44829721146415e-05,1.75777786526399e-05,2.06244057212076e-05,2.36145027272699e-05,2.65398740227915e-05,2.93925013683467e-05,3.21645659107512e-05,3.48484696136833e-05,3.74368560837092e-05,3.99226307333986e-05
1.87787041734372e-05,1.98085758056216e-05,2.07841535084142e-05,2.170276329112e-05,2.25618873081901e-05,2.33591707604112e-05,2.4092428349243e-05,2.47596502666213e-05,2.53590077036279e-05,2.5888857863216e-05,2.63477484629067e-05,2.67344217154766e-05,2.70478177764135e-05,2.72870776488838e-05,2.74515455382312e-05,2.75407706493875e-05,2.75545084225288e-05,2.74927212033792e-05,2.73555783464092e-05,2.71434557506324e-05,2.6856934829395e-05,2.64968009165539e-05,2.60640411141995e-05,2.55598415868281e-05,2.49855843103053e-05,2.43428432839312e-05,2.36333802161595e-05,2.28591396959486e-05,2.20222438627534e-05,2.1124986589876e-05,2.01698271971334e-05,1.91593837100321e-05,1.80964256839424e-05,1.69838666129168e-05,1.58247559440322e-05,1.46222707190722e-05,1.33797068664553e-05,1.21004701673227e-05,1.07880669205745e-05,9.44609433224821e-06,8.0782306559493e-06,6.6882251109273e-06,5.2798876057731e-06,3.85707829571018e-06,2.42369700212706e-06,9.83672523529541e-07,-4.59048133082864e-07,-1.90051057066799e-06,-3.33676384088117e-06,-4.76387127334679e-06,-6.177921265781e-06,-7.57503800544968e-06,-8.95139209245782e-06,-1.03032110359698e-05,-1.16267895941987e-05,-1.29184999303045e-05,-1.41748015560698e-05,-1.53922510360346e-05,-1.65675114258345e-05,-1.76973614183911e-05,-1.87787041734371e-05,-1.9808575805639e-05,-2.07841535084241e-05,-2.17027632911251e-05,-2.25618873081906e-05,-2.33591707604047e-05,-2.40924283492406e-05,-2.47596502666261e-05,-2.53590077036421e-05,-2.5888857863222e-05,-2.63477484629142e-05,-2.67344217154909e-05,-2.70478177764018e-05,-2.72870776488806e-05,-2.74515455382201e-05,-2.75407706493743e-05,-2.75545084225164e-05,-2.74927212033745e-05,-2.73555783463893e-05,-2.71434557506396e-05,-2.68569348293813e-05,-2.64968009165586e-05,-2.60640411141942e-05,-2.55598415868265e-05,-2.49855843103114e-05,-2.43428432839318e-05,-2.36333802161564e-05,-2.28591396959479e-05,-2.20222438627517e-05,-2.11249865898711e-05,-2.01698271971297e-05,-1.91593837100351e-05,-1.80964256839417e-05,-1.69838666129055e-05,-1.58247559440326e-05,-1.46222707190748e-05,-1.33797068664571e-05,-1.21004701673401e-05,-1.07880669205722e-05,-9.4460943322447e-06,-8.07823065595587e-06,-6.68822511094178e-06,-5.27988760578914e-06,-3.85707829571575e-06,-2.42369700211538e-06,-9.83672523527476e-07,4.5904813307222e-07,1.90051057065956e-06,3.33676384086584e-06,4.76387127333168e-06,6.17792126578053e-06,7.5750380054359e-06,8.95139209246413e-06,1.03032110359684e-05,1.16267895942025e-05,1.29184999303048e-05,1.41748015560796e-05,1.53922510360473e-05,1.65675114258353e-05,1.76973614183886e-05
4.69070913005881e-06,4.95201023472517e-06,5.19973822355239e-06,5.43321409133599e-06,5.65179789695413e-06,5.85489051738997e-06,6.04193528988218e-06,6.21241953771835e-06,6.36587597541696e-06,6.50188398955641e-06,6.6200707916225e-06,6.72011243980239e-06,6.80173472689704e-06,6.86471393188514e-06,6.90887743314723e-06,6.9341041815928e-06,6.94032503246341e-06,6.92752293483546e-06,6.89573297837094e-06,6.84504229712575e-06,6.77558983074111e-06,6.68756594358953e-06,6.58121190303871e-06,6.4568192181121e-06,6.31472884051804e-06,6.15533023010744e-06,5.97906028738452e-06,5.78640215601399e-06,5.57788389854322e-06,5.35407704901836e-06,5.11559504645941e-06,4.86309155345914e-06,4.5972586645426e-06,4.31882500917734e-06,4.02855375465712e-06,3.72724051431763e-06,3.4157111668058e-06,3.09481959240865e-06,2.76544533262983e-06,2.42849117941577e-06,2.08488070067908e-06,1.73555570886156e-06,1.38147367948512e-06,1.02360512677761e-06,6.62930943568071e-07,3.004397127229e-07,-6.28750024970905e-08,-4.26017381700465e-07,-7.87992076877392e-07,-1.14780694054316e-06,-1.50447574516204e-06,-1.85702088634384e-06,-2.20447606235028e-06,-2.5458889227074e-06,-2.88032367848962e-06,-3.20686366727458e-06,-3.52461386565722e-06,-3.83270334242285e-06,-4.13028764574027e-06,-4.41655111771013e-06,-4.69070913005852e-06,-4.95201023472969e-06,-5.19973822355516e-06,-5.43321409133761e-06,-5.65179789695365e-06,-5.85489051738867e-06,-6.04193528988154e-06,-6.21241953771972e-06,-6.36587597542078e-06,-6.50188398955778e-06,-6.62007079162313e-06,-6.72011243980654e-06,-6.8017347268946e-06,-6.86471393188092e-06,-6.90887743314489e-06,-6.93410418159227e-06,-6.94032503246081e-06,-6.92752293483506e-06,-6.89573297836755e-06,-6.84504229712494e-06,-6.77558983073628e-06,-6.68756594359007e-06,-6.58121190303956e-06,-6.45681921811227e-06,-6.31472884052106e-06,-6.15533023010604e-06,-5.97906028738461e-06,-5.7864021560136e-06,-5.57788389854275e-06,-5.35407704901717e-06,-5.11559504645868e-06,-4.86309155346044e-06,-4.59725866454211e-06,-4.31882500917366e-06,-4.02855375465759e-06,-3.72724051431832e-06,-3.41571116680665e-06,-3.09481959241127e-06,-2.76544533263112e-06,-2.4284911794133e-06,-2.0848807006819e-06,-1.73555570886587e-06,-1.38147367948707e-06,-1.02360512677907e-06,-6.62930943564841e-07,-3.00439712717858e-07,6.2875002495124e-08,4.26017381701182e-07,7.87992076874973e-07,1.14780694053881e-06,1.50447574516393e-06,1.85702088634231e-06,2.20447606235281e-06,2.54588892270829e-06,2.88032367849095e-06,3.20686366727313e-06,3.52461386565859e-06,3.83270334242556e-06,4.130287645741e-06,4.41655111770879e-06
0,0,0,0,0,0,0,0,0,0,0,0,0,0,0,0,0,0,0,0,0,0,0,0,0,0,0,0,0,0,0,0,0,0,0,0,0,0,0,0,0,0,0,0,0,0,0,0,0,0,0,0,0,0,0,0,0,0,0,0,0,0,0,0,0,0,0,0,0,0,0,0,0,0,0,0,0,0,0,0,0,0,0,0,0,0,0,0,0,0,0,0,0,0,0,0,0,0,0,0,0,0,0,0,0,0,0,0,0,0,0,0,0,0,0,0,0,0,0,0
